/*******************************************************************************
 * Size: 26 px
 * Bpp: 4
 * Opts: --size 26 --bpp 4 --format lvgl --font C:\Temp\opencode\Montserrat-Bold.ttf -r 0x20-0x7F -r 0xA0-0xFF -r 0x100-0x17F -r 0x400-0x45F -r 0x2010-0x2027 -r 0x20AC --no-compress --no-prefilter --lv-include lvgl.h --lv-font-name lv_font_md_h2_26 -o E:\android\omni-chat-myvu-voice\esp32-p4-firmware\main\fonts\lv_font_md_h2_26.c
 ******************************************************************************/

#ifdef LV_LVGL_H_INCLUDE_SIMPLE
#include "lvgl.h"
#else
#include "lvgl.h"
#endif

#ifndef LV_FONT_MD_H2_26
#define LV_FONT_MD_H2_26 1
#endif

#if LV_FONT_MD_H2_26

/*-----------------
 *    BITMAPS
 *----------------*/

/*Store the image of the glyphs*/
static LV_ATTRIBUTE_LARGE_CONST const uint8_t glyph_bitmap[] = {
    /* U+0020 " " */

    /* U+0021 "!" */
    0x9f, 0xff, 0xf2, 0x8f, 0xff, 0xf1, 0x7f, 0xff,
    0xf0, 0x6f, 0xff, 0xf0, 0x5f, 0xff, 0xd0, 0x4f,
    0xff, 0xc0, 0x3f, 0xff, 0xb0, 0x2f, 0xff, 0xa0,
    0x1f, 0xff, 0x90, 0xf, 0xff, 0x80, 0xe, 0xff,
    0x70, 0x9, 0xbb, 0x40, 0x0, 0x0, 0x0, 0x4,
    0x87, 0x10, 0x5f, 0xff, 0xd0, 0xaf, 0xff, 0xf3,
    0x8f, 0xff, 0xf1, 0xa, 0xfd, 0x40,

    /* U+0022 "\"" */
    0xbf, 0xfb, 0x5, 0xff, 0xf1, 0xaf, 0xfa, 0x5,
    0xff, 0xf0, 0xaf, 0xfa, 0x4, 0xff, 0xf0, 0x9f,
    0xf9, 0x3, 0xff, 0xf0, 0x9f, 0xf8, 0x3, 0xff,
    0xe0, 0x8f, 0xf8, 0x2, 0xff, 0xd0, 0x7f, 0xf7,
    0x2, 0xff, 0xd0, 0x24, 0x42, 0x0, 0x44, 0x30,

    /* U+0023 "#" */
    0x0, 0x0, 0x6, 0xff, 0x80, 0x0, 0xaf, 0xf3,
    0x0, 0x0, 0x0, 0x0, 0x8f, 0xf6, 0x0, 0xc,
    0xff, 0x10, 0x0, 0x0, 0x0, 0xa, 0xff, 0x40,
    0x0, 0xef, 0xf0, 0x0, 0x0, 0x0, 0x0, 0xcf,
    0xf2, 0x0, 0xf, 0xfd, 0x0, 0x0, 0x9, 0xff,
    0xff, 0xff, 0xff, 0xff, 0xff, 0xff, 0xff, 0x20,
    0x9f, 0xff, 0xff, 0xff, 0xff, 0xff, 0xff, 0xff,
    0xf2, 0x7, 0xcc, 0xdf, 0xff, 0xcc, 0xce, 0xff,
    0xec, 0xcc, 0x20, 0x0, 0x4, 0xff, 0xa0, 0x0,
    0x8f, 0xf5, 0x0, 0x0, 0x0, 0x0, 0x6f, 0xf8,
    0x0, 0xa, 0xff, 0x40, 0x0, 0x0, 0x0, 0x8,
    0xff, 0x60, 0x0, 0xcf, 0xf2, 0x0, 0x0, 0x0,
    0x0, 0xaf, 0xf4, 0x0, 0xe, 0xff, 0x0, 0x0,
    0x6, 0xcc, 0xcf, 0xff, 0xdc, 0xcc, 0xff, 0xfc,
    0xcc, 0x30, 0x7f, 0xff, 0xff, 0xff, 0xff, 0xff,
    0xff, 0xff, 0xf5, 0x7, 0xff, 0xff, 0xff, 0xff,
    0xff, 0xff, 0xff, 0xff, 0x50, 0x0, 0x2, 0xff,
    0xc0, 0x0, 0x6f, 0xf8, 0x0, 0x0, 0x0, 0x0,
    0x4f, 0xfa, 0x0, 0x8, 0xff, 0x60, 0x0, 0x0,
    0x0, 0x6, 0xff, 0x80, 0x0, 0xaf, 0xf4, 0x0,
    0x0, 0x0, 0x0, 0x8f, 0xf6, 0x0, 0xc, 0xff,
    0x20, 0x0, 0x0,

    /* U+0024 "$" */
    0x0, 0x0, 0x0, 0x1, 0x11, 0x0, 0x0, 0x0,
    0x0, 0x0, 0x0, 0xd, 0xfc, 0x0, 0x0, 0x0,
    0x0, 0x0, 0x0, 0xd, 0xfc, 0x0, 0x0, 0x0,
    0x0, 0x0, 0x0, 0xd, 0xfc, 0x0, 0x0, 0x0,
    0x0, 0x0, 0x4a, 0xdf, 0xff, 0xfd, 0x94, 0x0,
    0x0, 0x2c, 0xff, 0xff, 0xff, 0xff, 0xff, 0xc0,
    0x1, 0xdf, 0xff, 0xff, 0xff, 0xff, 0xff, 0xa0,
    0x7, 0xff, 0xff, 0x8e, 0xfc, 0x69, 0xff, 0x30,
    0xc, 0xff, 0xf7, 0xd, 0xfc, 0x0, 0x5, 0x0,
    0xe, 0xff, 0xf6, 0xd, 0xfc, 0x0, 0x0, 0x0,
    0xc, 0xff, 0xfe, 0x6d, 0xfc, 0x0, 0x0, 0x0,
    0x6, 0xff, 0xff, 0xff, 0xfd, 0x40, 0x0, 0x0,
    0x0, 0x9f, 0xff, 0xff, 0xff, 0xff, 0xa3, 0x0,
    0x0, 0x4, 0xbf, 0xff, 0xff, 0xff, 0xff, 0x80,
    0x0, 0x0, 0x1, 0x5e, 0xff, 0xff, 0xff, 0xf5,
    0x0, 0x0, 0x0, 0xd, 0xfc, 0x7f, 0xff, 0xfb,
    0x0, 0x0, 0x0, 0xd, 0xfc, 0x7, 0xff, 0xfd,
    0x1, 0xc4, 0x0, 0xd, 0xfc, 0x8, 0xff, 0xfb,
    0x8, 0xff, 0xd8, 0x5e, 0xfd, 0x9f, 0xff, 0xf6,
    0x1f, 0xff, 0xff, 0xff, 0xff, 0xff, 0xff, 0xc0,
    0x8, 0xff, 0xff, 0xff, 0xff, 0xff, 0xfb, 0x10,
    0x0, 0x16, 0xad, 0xff, 0xff, 0xd9, 0x30, 0x0,
    0x0, 0x0, 0x0, 0xd, 0xfc, 0x0, 0x0, 0x0,
    0x0, 0x0, 0x0, 0xd, 0xfc, 0x0, 0x0, 0x0,
    0x0, 0x0, 0x0, 0xd, 0xfc, 0x0, 0x0, 0x0,

    /* U+0025 "%" */
    0x0, 0x3b, 0xef, 0xd7, 0x0, 0x0, 0x0, 0x4,
    0xff, 0xc0, 0x0, 0x0, 0x4f, 0xff, 0xff, 0xfa,
    0x0, 0x0, 0x1, 0xef, 0xf2, 0x0, 0x0, 0xd,
    0xfe, 0x42, 0xaf, 0xf4, 0x0, 0x0, 0xaf, 0xf6,
    0x0, 0x0, 0x2, 0xff, 0x70, 0x0, 0xff, 0x90,
    0x0, 0x5f, 0xfb, 0x0, 0x0, 0x0, 0x4f, 0xf5,
    0x0, 0xe, 0xfb, 0x0, 0x1e, 0xfe, 0x10, 0x0,
    0x0, 0x3, 0xff, 0x70, 0x0, 0xff, 0x90, 0xb,
    0xff, 0x50, 0x0, 0x0, 0x0, 0xe, 0xfe, 0x31,
    0x9f, 0xf5, 0x6, 0xff, 0xa0, 0x0, 0x0, 0x0,
    0x0, 0x5f, 0xff, 0xff, 0xfc, 0x2, 0xff, 0xe1,
    0x0, 0x0, 0x0, 0x0, 0x0, 0x4d, 0xff, 0xe8,
    0x0, 0xcf, 0xf4, 0x8, 0xdf, 0xe9, 0x10, 0x0,
    0x0, 0x0, 0x10, 0x0, 0x7f, 0xf9, 0xb, 0xff,
    0xff, 0xfd, 0x0, 0x0, 0x0, 0x0, 0x0, 0x3f,
    0xfd, 0x6, 0xff, 0x92, 0x7f, 0xf9, 0x0, 0x0,
    0x0, 0x0, 0xd, 0xff, 0x30, 0xbf, 0xe0, 0x0,
    0xcf, 0xe0, 0x0, 0x0, 0x0, 0x9, 0xff, 0x80,
    0xe, 0xfb, 0x0, 0x9, 0xff, 0x0, 0x0, 0x0,
    0x4, 0xff, 0xd0, 0x0, 0xef, 0xb0, 0x0, 0x9f,
    0xf0, 0x0, 0x0, 0x0, 0xef, 0xf2, 0x0, 0xb,
    0xfe, 0x0, 0xc, 0xfe, 0x0, 0x0, 0x0, 0xaf,
    0xf7, 0x0, 0x0, 0x6f, 0xf9, 0x27, 0xff, 0x90,
    0x0, 0x0, 0x5f, 0xfc, 0x0, 0x0, 0x0, 0xbf,
    0xff, 0xff, 0xd1, 0x0, 0x0, 0x1e, 0xff, 0x20,
    0x0, 0x0, 0x0, 0x8d, 0xfe, 0x91, 0x0,

    /* U+0026 "&" */
    0x0, 0x0, 0x4, 0xae, 0xff, 0xc7, 0x0, 0x0,
    0x0, 0x0, 0x0, 0xa, 0xff, 0xff, 0xff, 0xfd,
    0x10, 0x0, 0x0, 0x0, 0x7, 0xff, 0xff, 0xcd,
    0xff, 0xfa, 0x0, 0x0, 0x0, 0x0, 0xdf, 0xff,
    0x20, 0xb, 0xff, 0xe0, 0x0, 0x0, 0x0, 0xe,
    0xff, 0xc0, 0x0, 0x8f, 0xfe, 0x0, 0x0, 0x0,
    0x0, 0xbf, 0xff, 0x30, 0x3f, 0xff, 0x90, 0x0,
    0x0, 0x0, 0x4, 0xff, 0xfe, 0x9f, 0xff, 0xe1,
    0x0, 0x0, 0x0, 0x0, 0x7, 0xff, 0xff, 0xff,
    0xc2, 0x0, 0x0, 0x0, 0x0, 0x2, 0xbf, 0xff,
    0xff, 0xb0, 0x0, 0x11, 0x0, 0x0, 0x4, 0xff,
    0xff, 0xff, 0xff, 0x80, 0x9, 0xfc, 0x60, 0x3,
    0xff, 0xff, 0x64, 0xff, 0xff, 0xa0, 0xef, 0xfa,
    0x0, 0xbf, 0xff, 0x50, 0x3, 0xef, 0xff, 0xef,
    0xff, 0x40, 0xf, 0xff, 0xf0, 0x0, 0x2, 0xdf,
    0xff, 0xff, 0xd0, 0x0, 0xff, 0xff, 0x20, 0x0,
    0x1, 0xcf, 0xff, 0xf6, 0x0, 0xc, 0xff, 0xfe,
    0x63, 0x24, 0x9f, 0xff, 0xff, 0xf4, 0x0, 0x4f,
    0xff, 0xff, 0xff, 0xff, 0xff, 0xff, 0xff, 0xf2,
    0x0, 0x4e, 0xff, 0xff, 0xff, 0xff, 0xe4, 0x7f,
    0xf7, 0x0, 0x0, 0x6, 0xbe, 0xff, 0xda, 0x50,
    0x0, 0x69, 0x0,

    /* U+0027 "'" */
    0xbf, 0xfb, 0xaf, 0xfa, 0xaf, 0xfa, 0x9f, 0xf9,
    0x9f, 0xf8, 0x8f, 0xf8, 0x7f, 0xf7, 0x24, 0x42,

    /* U+0028 "(" */
    0x0, 0x2, 0xff, 0xfc, 0x0, 0x0, 0xaf, 0xff,
    0x40, 0x0, 0x3f, 0xff, 0xc0, 0x0, 0x9, 0xff,
    0xf6, 0x0, 0x0, 0xef, 0xff, 0x10, 0x0, 0x4f,
    0xff, 0xb0, 0x0, 0x7, 0xff, 0xf7, 0x0, 0x0,
    0xaf, 0xff, 0x40, 0x0, 0xd, 0xff, 0xf1, 0x0,
    0x0, 0xff, 0xff, 0x0, 0x0, 0xf, 0xff, 0xf0,
    0x0, 0x1, 0xff, 0xfe, 0x0, 0x0, 0x1f, 0xff,
    0xe0, 0x0, 0x0, 0xff, 0xff, 0x0, 0x0, 0xf,
    0xff, 0xf0, 0x0, 0x0, 0xdf, 0xff, 0x10, 0x0,
    0xb, 0xff, 0xf4, 0x0, 0x0, 0x7f, 0xff, 0x70,
    0x0, 0x4, 0xff, 0xfb, 0x0, 0x0, 0xe, 0xff,
    0xf1, 0x0, 0x0, 0x9f, 0xff, 0x60, 0x0, 0x3,
    0xff, 0xfc, 0x0, 0x0, 0xb, 0xff, 0xf4, 0x0,
    0x0, 0x2f, 0xff, 0xc0,

    /* U+0029 ")" */
    0x7f, 0xff, 0x60, 0x0, 0x1f, 0xff, 0xe0, 0x0,
    0x8, 0xff, 0xf7, 0x0, 0x1, 0xff, 0xfe, 0x0,
    0x0, 0xcf, 0xff, 0x30, 0x0, 0x7f, 0xff, 0x90,
    0x0, 0x3f, 0xff, 0xc0, 0x0, 0xf, 0xff, 0xf0,
    0x0, 0xd, 0xff, 0xf2, 0x0, 0xb, 0xff, 0xf4,
    0x0, 0xa, 0xff, 0xf4, 0x0, 0x9, 0xff, 0xf5,
    0x0, 0x9, 0xff, 0xf6, 0x0, 0xa, 0xff, 0xf5,
    0x0, 0xb, 0xff, 0xf4, 0x0, 0xd, 0xff, 0xf2,
    0x0, 0xf, 0xff, 0xf0, 0x0, 0x3f, 0xff, 0xc0,
    0x0, 0x7f, 0xff, 0x90, 0x0, 0xcf, 0xff, 0x30,
    0x1, 0xff, 0xfe, 0x0, 0x8, 0xff, 0xf8, 0x0,
    0xe, 0xff, 0xe0, 0x0, 0x7f, 0xff, 0x60, 0x0,

    /* U+002A "*" */
    0x0, 0x0, 0x12, 0x10, 0x0, 0x0, 0x0, 0x9,
    0xfd, 0x0, 0x0, 0x5, 0x20, 0x9f, 0xd0, 0x17,
    0x2, 0xff, 0x89, 0xfd, 0x6e, 0xf6, 0x5f, 0xff,
    0xff, 0xff, 0xff, 0x90, 0x19, 0xff, 0xff, 0xfb,
    0x30, 0x2, 0xaf, 0xff, 0xff, 0xd4, 0x6, 0xff,
    0xff, 0xff, 0xff, 0xfa, 0x1f, 0xf7, 0x9f, 0xd4,
    0xdf, 0x50, 0x41, 0x9, 0xfd, 0x0, 0x50, 0x0,
    0x0, 0x9f, 0xd0, 0x0, 0x0,

    /* U+002B "+" */
    0x0, 0x0, 0xc, 0xdd, 0x60, 0x0, 0x0, 0x0,
    0x0, 0xef, 0xf7, 0x0, 0x0, 0x0, 0x0, 0xe,
    0xff, 0x70, 0x0, 0x0, 0x0, 0x0, 0xef, 0xf7,
    0x0, 0x0, 0x2, 0x22, 0x2e, 0xff, 0x82, 0x22,
    0x16, 0xff, 0xff, 0xff, 0xff, 0xff, 0xff, 0x6f,
    0xff, 0xff, 0xff, 0xff, 0xff, 0xf6, 0xff, 0xff,
    0xff, 0xff, 0xff, 0xff, 0x0, 0x0, 0xe, 0xff,
    0x70, 0x0, 0x0, 0x0, 0x0, 0xef, 0xf7, 0x0,
    0x0, 0x0, 0x0, 0xe, 0xff, 0x70, 0x0, 0x0,
    0x0, 0x0, 0xef, 0xf7, 0x0, 0x0,

    /* U+002C "," */
    0x0, 0x8a, 0x70, 0xb, 0xff, 0xf8, 0xf, 0xff,
    0xfd, 0xf, 0xff, 0xfd, 0x5, 0xff, 0xf8, 0x0,
    0xdf, 0xf2, 0x2, 0xff, 0xb0, 0x6, 0xff, 0x50,
    0xb, 0xfe, 0x0,

    /* U+002D "-" */
    0x23, 0x33, 0x33, 0x32, 0xaf, 0xff, 0xff, 0xfb,
    0xaf, 0xff, 0xff, 0xfb, 0xaf, 0xff, 0xff, 0xfb,

    /* U+002E "." */
    0x2, 0xce, 0xa1, 0xd, 0xff, 0xfa, 0x1f, 0xff,
    0xfd, 0xd, 0xff, 0xfa, 0x3, 0xcf, 0xb1,

    /* U+002F "/" */
    0x0, 0x0, 0x0, 0x0, 0x7f, 0xff, 0x20, 0x0,
    0x0, 0x0, 0xd, 0xff, 0xc0, 0x0, 0x0, 0x0,
    0x2, 0xff, 0xf7, 0x0, 0x0, 0x0, 0x0, 0x8f,
    0xff, 0x10, 0x0, 0x0, 0x0, 0xe, 0xff, 0xb0,
    0x0, 0x0, 0x0, 0x4, 0xff, 0xf5, 0x0, 0x0,
    0x0, 0x0, 0x9f, 0xff, 0x0, 0x0, 0x0, 0x0,
    0xe, 0xff, 0xa0, 0x0, 0x0, 0x0, 0x5, 0xff,
    0xf4, 0x0, 0x0, 0x0, 0x0, 0xaf, 0xfe, 0x0,
    0x0, 0x0, 0x0, 0x1f, 0xff, 0x90, 0x0, 0x0,
    0x0, 0x6, 0xff, 0xf3, 0x0, 0x0, 0x0, 0x0,
    0xcf, 0xfd, 0x0, 0x0, 0x0, 0x0, 0x1f, 0xff,
    0x80, 0x0, 0x0, 0x0, 0x7, 0xff, 0xf2, 0x0,
    0x0, 0x0, 0x0, 0xdf, 0xfc, 0x0, 0x0, 0x0,
    0x0, 0x2f, 0xff, 0x60, 0x0, 0x0, 0x0, 0x8,
    0xff, 0xf1, 0x0, 0x0, 0x0, 0x0, 0xef, 0xfb,
    0x0, 0x0, 0x0, 0x0, 0x4f, 0xff, 0x50, 0x0,
    0x0, 0x0, 0x9, 0xff, 0xf0, 0x0, 0x0, 0x0,
    0x0, 0xef, 0xfa, 0x0, 0x0, 0x0, 0x0, 0x5f,
    0xff, 0x40, 0x0, 0x0, 0x0, 0xa, 0xff, 0xe0,
    0x0, 0x0, 0x0, 0x0,

    /* U+0030 "0" */
    0x0, 0x0, 0x4a, 0xef, 0xfd, 0x82, 0x0, 0x0,
    0x0, 0xa, 0xff, 0xff, 0xff, 0xff, 0x60, 0x0,
    0x0, 0xcf, 0xff, 0xff, 0xff, 0xff, 0xf7, 0x0,
    0x8, 0xff, 0xff, 0xd8, 0x9e, 0xff, 0xff, 0x20,
    0x2f, 0xff, 0xf9, 0x0, 0x1, 0xdf, 0xff, 0xb0,
    0x7f, 0xff, 0xd0, 0x0, 0x0, 0x3f, 0xff, 0xf1,
    0xbf, 0xff, 0x80, 0x0, 0x0, 0xe, 0xff, 0xf5,
    0xef, 0xff, 0x50, 0x0, 0x0, 0xb, 0xff, 0xf8,
    0xff, 0xff, 0x40, 0x0, 0x0, 0xa, 0xff, 0xf9,
    0xff, 0xff, 0x40, 0x0, 0x0, 0xa, 0xff, 0xf9,
    0xef, 0xff, 0x50, 0x0, 0x0, 0xb, 0xff, 0xf8,
    0xbf, 0xff, 0x80, 0x0, 0x0, 0xe, 0xff, 0xf5,
    0x7f, 0xff, 0xd0, 0x0, 0x0, 0x3f, 0xff, 0xf1,
    0x2f, 0xff, 0xf9, 0x0, 0x1, 0xdf, 0xff, 0xb0,
    0x8, 0xff, 0xff, 0xd8, 0x9e, 0xff, 0xff, 0x30,
    0x0, 0xcf, 0xff, 0xff, 0xff, 0xff, 0xf7, 0x0,
    0x0, 0xa, 0xff, 0xff, 0xff, 0xff, 0x60, 0x0,
    0x0, 0x0, 0x4a, 0xef, 0xfd, 0x82, 0x0, 0x0,

    /* U+0031 "1" */
    0xdf, 0xff, 0xff, 0xff, 0xd, 0xff, 0xff, 0xff,
    0xf0, 0xdf, 0xff, 0xff, 0xff, 0x4, 0x55, 0x7f,
    0xff, 0xf0, 0x0, 0x2, 0xff, 0xff, 0x0, 0x0,
    0x2f, 0xff, 0xf0, 0x0, 0x2, 0xff, 0xff, 0x0,
    0x0, 0x2f, 0xff, 0xf0, 0x0, 0x2, 0xff, 0xff,
    0x0, 0x0, 0x2f, 0xff, 0xf0, 0x0, 0x2, 0xff,
    0xff, 0x0, 0x0, 0x2f, 0xff, 0xf0, 0x0, 0x2,
    0xff, 0xff, 0x0, 0x0, 0x2f, 0xff, 0xf0, 0x0,
    0x2, 0xff, 0xff, 0x0, 0x0, 0x2f, 0xff, 0xf0,
    0x0, 0x2, 0xff, 0xff, 0x0, 0x0, 0x2f, 0xff,
    0xf0,

    /* U+0032 "2" */
    0x0, 0x4, 0x9d, 0xef, 0xeb, 0x60, 0x0, 0x0,
    0x3c, 0xff, 0xff, 0xff, 0xff, 0xe4, 0x0, 0x3f,
    0xff, 0xff, 0xff, 0xff, 0xff, 0xf2, 0x8, 0xff,
    0xff, 0xa8, 0x8c, 0xff, 0xff, 0xa0, 0x3, 0xdc,
    0x10, 0x0, 0xa, 0xff, 0xfe, 0x0, 0x0, 0x0,
    0x0, 0x0, 0x4f, 0xff, 0xf0, 0x0, 0x0, 0x0,
    0x0, 0x6, 0xff, 0xfd, 0x0, 0x0, 0x0, 0x0,
    0x0, 0xdf, 0xff, 0x80, 0x0, 0x0, 0x0, 0x0,
    0xbf, 0xff, 0xe1, 0x0, 0x0, 0x0, 0x0, 0xbf,
    0xff, 0xf4, 0x0, 0x0, 0x0, 0x1, 0xcf, 0xff,
    0xf4, 0x0, 0x0, 0x0, 0x1, 0xdf, 0xff, 0xf3,
    0x0, 0x0, 0x0, 0x2, 0xef, 0xff, 0xe2, 0x0,
    0x0, 0x0, 0x3, 0xef, 0xff, 0xd2, 0x0, 0x0,
    0x0, 0x4, 0xff, 0xff, 0xf7, 0x66, 0x66, 0x66,
    0x31, 0xff, 0xff, 0xff, 0xff, 0xff, 0xff, 0xf9,
    0x2f, 0xff, 0xff, 0xff, 0xff, 0xff, 0xff, 0x92,
    0xff, 0xff, 0xff, 0xff, 0xff, 0xff, 0xf9,

    /* U+0033 "3" */
    0x1, 0xff, 0xff, 0xff, 0xff, 0xff, 0xff, 0xa0,
    0x1, 0xff, 0xff, 0xff, 0xff, 0xff, 0xff, 0xa0,
    0x1, 0xff, 0xff, 0xff, 0xff, 0xff, 0xff, 0x90,
    0x0, 0x55, 0x55, 0x55, 0x5c, 0xff, 0xfd, 0x10,
    0x0, 0x0, 0x0, 0x0, 0x7f, 0xff, 0xd1, 0x0,
    0x0, 0x0, 0x0, 0x6, 0xff, 0xfe, 0x20, 0x0,
    0x0, 0x0, 0x0, 0x4f, 0xff, 0xf3, 0x0, 0x0,
    0x0, 0x0, 0x1, 0xff, 0xff, 0xe9, 0x30, 0x0,
    0x0, 0x0, 0x1, 0xff, 0xff, 0xff, 0xfa, 0x0,
    0x0, 0x0, 0x1, 0xff, 0xff, 0xff, 0xff, 0x90,
    0x0, 0x0, 0x0, 0x11, 0x25, 0xcf, 0xff, 0xf2,
    0x0, 0x0, 0x0, 0x0, 0x0, 0xf, 0xff, 0xf6,
    0x0, 0x0, 0x0, 0x0, 0x0, 0xd, 0xff, 0xf6,
    0x0, 0xa8, 0x10, 0x0, 0x0, 0x4f, 0xff, 0xf4,
    0x3, 0xff, 0xfc, 0x98, 0x8b, 0xff, 0xff, 0xe0,
    0xb, 0xff, 0xff, 0xff, 0xff, 0xff, 0xff, 0x40,
    0x6, 0xef, 0xff, 0xff, 0xff, 0xff, 0xe4, 0x0,
    0x0, 0x4, 0x9c, 0xef, 0xfd, 0xb6, 0x0, 0x0,

    /* U+0034 "4" */
    0x0, 0x0, 0x0, 0x0, 0x1e, 0xff, 0xf7, 0x0,
    0x0, 0x0, 0x0, 0x0, 0x0, 0xbf, 0xff, 0xb0,
    0x0, 0x0, 0x0, 0x0, 0x0, 0x7, 0xff, 0xfe,
    0x10, 0x0, 0x0, 0x0, 0x0, 0x0, 0x3f, 0xff,
    0xf4, 0x0, 0x0, 0x0, 0x0, 0x0, 0x1, 0xdf,
    0xff, 0x90, 0x0, 0x0, 0x0, 0x0, 0x0, 0xa,
    0xff, 0xfd, 0x0, 0x0, 0x0, 0x0, 0x0, 0x0,
    0x6f, 0xff, 0xf2, 0x0, 0x0, 0x0, 0x0, 0x0,
    0x3, 0xff, 0xff, 0x60, 0x16, 0x66, 0x40, 0x0,
    0x0, 0xd, 0xff, 0xfa, 0x0, 0x4f, 0xff, 0xb0,
    0x0, 0x0, 0xaf, 0xff, 0xe1, 0x0, 0x4f, 0xff,
    0xb0, 0x0, 0x6, 0xff, 0xff, 0x30, 0x0, 0x4f,
    0xff, 0xb0, 0x0, 0x1f, 0xff, 0xff, 0xff, 0xff,
    0xff, 0xff, 0xff, 0xfb, 0x3f, 0xff, 0xff, 0xff,
    0xff, 0xff, 0xff, 0xff, 0xfb, 0x3f, 0xff, 0xff,
    0xff, 0xff, 0xff, 0xff, 0xff, 0xfb, 0x16, 0x66,
    0x66, 0x66, 0x66, 0xaf, 0xff, 0xd6, 0x64, 0x0,
    0x0, 0x0, 0x0, 0x0, 0x6f, 0xff, 0xb0, 0x0,
    0x0, 0x0, 0x0, 0x0, 0x0, 0x6f, 0xff, 0xb0,
    0x0, 0x0, 0x0, 0x0, 0x0, 0x0, 0x6f, 0xff,
    0xb0, 0x0,

    /* U+0035 "5" */
    0x0, 0x8f, 0xff, 0xff, 0xff, 0xff, 0xfa, 0x0,
    0x9, 0xff, 0xff, 0xff, 0xff, 0xff, 0xa0, 0x0,
    0xbf, 0xff, 0xff, 0xff, 0xff, 0xfa, 0x0, 0xc,
    0xff, 0xf5, 0x55, 0x55, 0x55, 0x30, 0x0, 0xef,
    0xff, 0x0, 0x0, 0x0, 0x0, 0x0, 0xf, 0xff,
    0xd0, 0x0, 0x0, 0x0, 0x0, 0x1, 0xff, 0xfd,
    0x55, 0x43, 0x0, 0x0, 0x0, 0x2f, 0xff, 0xff,
    0xff, 0xff, 0xa2, 0x0, 0x4, 0xff, 0xff, 0xff,
    0xff, 0xff, 0xf4, 0x0, 0x5f, 0xff, 0xff, 0xff,
    0xff, 0xff, 0xf1, 0x0, 0x0, 0x0, 0x1, 0x39,
    0xff, 0xff, 0x70, 0x0, 0x0, 0x0, 0x0, 0xa,
    0xff, 0xfa, 0x0, 0x0, 0x0, 0x0, 0x0, 0x9f,
    0xff, 0xb0, 0x5b, 0x30, 0x0, 0x0, 0x2e, 0xff,
    0xf8, 0xd, 0xff, 0xda, 0x88, 0xaf, 0xff, 0xff,
    0x36, 0xff, 0xff, 0xff, 0xff, 0xff, 0xff, 0x90,
    0x3c, 0xff, 0xff, 0xff, 0xff, 0xff, 0x80, 0x0,
    0x2, 0x7b, 0xef, 0xfe, 0xc8, 0x20, 0x0,

    /* U+0036 "6" */
    0x0, 0x0, 0x5, 0xad, 0xff, 0xec, 0x83, 0x0,
    0x0, 0x3, 0xdf, 0xff, 0xff, 0xff, 0xff, 0x20,
    0x0, 0x6f, 0xff, 0xff, 0xff, 0xff, 0xfa, 0x0,
    0x3, 0xff, 0xff, 0xfa, 0x76, 0x7a, 0xe2, 0x0,
    0xe, 0xff, 0xfb, 0x10, 0x0, 0x0, 0x0, 0x0,
    0x5f, 0xff, 0xd0, 0x0, 0x0, 0x0, 0x0, 0x0,
    0xaf, 0xff, 0x74, 0xae, 0xfe, 0xc7, 0x0, 0x0,
    0xdf, 0xff, 0xcf, 0xff, 0xff, 0xff, 0xd2, 0x0,
    0xff, 0xff, 0xff, 0xff, 0xff, 0xff, 0xfe, 0x10,
    0xff, 0xff, 0xfe, 0x62, 0x38, 0xff, 0xff, 0x80,
    0xef, 0xff, 0xf3, 0x0, 0x0, 0x7f, 0xff, 0xe0,
    0xcf, 0xff, 0xd0, 0x0, 0x0, 0x2f, 0xff, 0xf0,
    0x9f, 0xff, 0xc0, 0x0, 0x0, 0x2f, 0xff, 0xf0,
    0x4f, 0xff, 0xf3, 0x0, 0x0, 0x7f, 0xff, 0xc0,
    0xc, 0xff, 0xfe, 0x62, 0x38, 0xff, 0xff, 0x60,
    0x1, 0xef, 0xff, 0xff, 0xff, 0xff, 0xfb, 0x0,
    0x0, 0x2c, 0xff, 0xff, 0xff, 0xff, 0xa0, 0x0,
    0x0, 0x0, 0x4a, 0xdf, 0xfd, 0xa4, 0x0, 0x0,

    /* U+0037 "7" */
    0x5f, 0xff, 0xff, 0xff, 0xff, 0xff, 0xff, 0xf4,
    0x5f, 0xff, 0xff, 0xff, 0xff, 0xff, 0xff, 0xf4,
    0x5f, 0xff, 0xff, 0xff, 0xff, 0xff, 0xff, 0xf3,
    0x5f, 0xff, 0xa6, 0x66, 0x66, 0xcf, 0xff, 0xe0,
    0x5f, 0xff, 0x60, 0x0, 0x1, 0xff, 0xff, 0x70,
    0x5f, 0xff, 0x60, 0x0, 0x7, 0xff, 0xff, 0x10,
    0x15, 0x55, 0x20, 0x0, 0xe, 0xff, 0xf9, 0x0,
    0x0, 0x0, 0x0, 0x0, 0x6f, 0xff, 0xf2, 0x0,
    0x0, 0x0, 0x0, 0x0, 0xdf, 0xff, 0xb0, 0x0,
    0x0, 0x0, 0x0, 0x4, 0xff, 0xff, 0x40, 0x0,
    0x0, 0x0, 0x0, 0xb, 0xff, 0xfc, 0x0, 0x0,
    0x0, 0x0, 0x0, 0x2f, 0xff, 0xf5, 0x0, 0x0,
    0x0, 0x0, 0x0, 0xaf, 0xff, 0xe0, 0x0, 0x0,
    0x0, 0x0, 0x1, 0xff, 0xff, 0x70, 0x0, 0x0,
    0x0, 0x0, 0x8, 0xff, 0xff, 0x10, 0x0, 0x0,
    0x0, 0x0, 0xe, 0xff, 0xf9, 0x0, 0x0, 0x0,
    0x0, 0x0, 0x6f, 0xff, 0xf2, 0x0, 0x0, 0x0,
    0x0, 0x0, 0xdf, 0xff, 0xb0, 0x0, 0x0, 0x0,

    /* U+0038 "8" */
    0x0, 0x0, 0x39, 0xce, 0xfe, 0xd9, 0x40, 0x0,
    0x0, 0x0, 0xaf, 0xff, 0xff, 0xff, 0xff, 0xb1,
    0x0, 0x0, 0xaf, 0xff, 0xff, 0xff, 0xff, 0xff,
    0xc0, 0x0, 0x3f, 0xff, 0xfa, 0x31, 0x29, 0xff,
    0xff, 0x50, 0x6, 0xff, 0xfe, 0x0, 0x0, 0xb,
    0xff, 0xf8, 0x0, 0x5f, 0xff, 0xd0, 0x0, 0x0,
    0xbf, 0xff, 0x80, 0x1, 0xff, 0xff, 0x92, 0x1,
    0x7f, 0xff, 0xf3, 0x0, 0x5, 0xff, 0xff, 0xff,
    0xff, 0xff, 0xf7, 0x0, 0x0, 0xb, 0xff, 0xff,
    0xff, 0xff, 0xfc, 0x10, 0x0, 0x1d, 0xff, 0xff,
    0xfd, 0xff, 0xff, 0xfe, 0x20, 0x9, 0xff, 0xfe,
    0x50, 0x0, 0x4d, 0xff, 0xfb, 0x0, 0xff, 0xff,
    0x60, 0x0, 0x0, 0x3f, 0xff, 0xf1, 0xf, 0xff,
    0xf3, 0x0, 0x0, 0x1, 0xff, 0xff, 0x30, 0xff,
    0xff, 0x80, 0x0, 0x0, 0x5f, 0xff, 0xf1, 0xa,
    0xff, 0xff, 0x83, 0x12, 0x7f, 0xff, 0xfc, 0x0,
    0x1e, 0xff, 0xff, 0xff, 0xff, 0xff, 0xff, 0x30,
    0x0, 0x2c, 0xff, 0xff, 0xff, 0xff, 0xfd, 0x30,
    0x0, 0x0, 0x4, 0x9d, 0xef, 0xed, 0x95, 0x0,
    0x0,

    /* U+0039 "9" */
    0x0, 0x1, 0x7c, 0xef, 0xec, 0x81, 0x0, 0x0,
    0x0, 0x6f, 0xff, 0xff, 0xff, 0xff, 0x70, 0x0,
    0x6, 0xff, 0xff, 0xff, 0xff, 0xff, 0xf9, 0x0,
    0xe, 0xff, 0xfc, 0x42, 0x38, 0xff, 0xff, 0x50,
    0x5f, 0xff, 0xd0, 0x0, 0x0, 0x7f, 0xff, 0xc0,
    0x7f, 0xff, 0xa0, 0x0, 0x0, 0x3f, 0xff, 0xf2,
    0x5f, 0xff, 0xe0, 0x0, 0x0, 0x7f, 0xff, 0xf5,
    0x2f, 0xff, 0xfc, 0x42, 0x38, 0xff, 0xff, 0xf7,
    0x9, 0xff, 0xff, 0xff, 0xff, 0xff, 0xff, 0xf8,
    0x0, 0x9f, 0xff, 0xff, 0xff, 0xed, 0xff, 0xf8,
    0x0, 0x3, 0xad, 0xff, 0xc8, 0x1d, 0xff, 0xf6,
    0x0, 0x0, 0x0, 0x0, 0x0, 0x1f, 0xff, 0xf3,
    0x0, 0x0, 0x0, 0x0, 0x0, 0x9f, 0xff, 0xe0,
    0x0, 0x10, 0x0, 0x0, 0x7, 0xff, 0xff, 0x70,
    0x0, 0x9e, 0x97, 0x68, 0xdf, 0xff, 0xfc, 0x0,
    0x2, 0xff, 0xff, 0xff, 0xff, 0xff, 0xd1, 0x0,
    0x9, 0xff, 0xff, 0xff, 0xff, 0xf9, 0x0, 0x0,
    0x0, 0x5a, 0xdf, 0xfe, 0xc8, 0x20, 0x0, 0x0,

    /* U+003A ":" */
    0x3, 0xcf, 0xb1, 0xd, 0xff, 0xfa, 0x1f, 0xff,
    0xfd, 0xd, 0xff, 0xfa, 0x2, 0xce, 0xa1, 0x0,
    0x0, 0x0, 0x0, 0x0, 0x0, 0x0, 0x0, 0x0,
    0x0, 0x0, 0x0, 0x2, 0xce, 0xa1, 0xd, 0xff,
    0xfa, 0x1f, 0xff, 0xfd, 0xd, 0xff, 0xfa, 0x3,
    0xcf, 0xb1,

    /* U+003B ";" */
    0x3, 0xcf, 0xb1, 0xd, 0xff, 0xfa, 0x1f, 0xff,
    0xfd, 0xd, 0xff, 0xfa, 0x2, 0xce, 0xa1, 0x0,
    0x0, 0x0, 0x0, 0x0, 0x0, 0x0, 0x0, 0x0,
    0x0, 0x0, 0x0, 0x0, 0x8a, 0x70, 0xb, 0xff,
    0xf8, 0xf, 0xff, 0xfd, 0xf, 0xff, 0xfd, 0x5,
    0xff, 0xf8, 0x0, 0xdf, 0xf2, 0x2, 0xff, 0xb0,
    0x6, 0xff, 0x50, 0xb, 0xfe, 0x0,

    /* U+003C "<" */
    0x0, 0x0, 0x0, 0x0, 0x0, 0x0, 0x10, 0x0,
    0x0, 0x0, 0x0, 0x5, 0xbf, 0x0, 0x0, 0x0,
    0x3, 0x9f, 0xff, 0xf0, 0x0, 0x1, 0x7d, 0xff,
    0xff, 0xff, 0x0, 0x5b, 0xff, 0xff, 0xff, 0xc7,
    0x14, 0xff, 0xff, 0xff, 0xe8, 0x20, 0x0, 0x6f,
    0xff, 0xf9, 0x40, 0x0, 0x0, 0x6, 0xff, 0xfe,
    0x83, 0x0, 0x0, 0x0, 0x4f, 0xff, 0xff, 0xfd,
    0x71, 0x0, 0x0, 0x16, 0xcf, 0xff, 0xff, 0xfc,
    0x61, 0x0, 0x0, 0x28, 0xef, 0xff, 0xff, 0xf0,
    0x0, 0x0, 0x0, 0x4a, 0xff, 0xff, 0x0, 0x0,
    0x0, 0x0, 0x0, 0x6c, 0xf0, 0x0, 0x0, 0x0,
    0x0, 0x0, 0x2,

    /* U+003D "=" */
    0x6f, 0xff, 0xff, 0xff, 0xff, 0xff, 0xf6, 0xff,
    0xff, 0xff, 0xff, 0xff, 0xff, 0x6f, 0xff, 0xff,
    0xff, 0xff, 0xff, 0xf0, 0x22, 0x22, 0x22, 0x22,
    0x22, 0x22, 0x0, 0x0, 0x0, 0x0, 0x0, 0x0,
    0x0, 0x0, 0x0, 0x0, 0x0, 0x0, 0x0, 0x6f,
    0xff, 0xff, 0xff, 0xff, 0xff, 0xf6, 0xff, 0xff,
    0xff, 0xff, 0xff, 0xff, 0x6f, 0xff, 0xff, 0xff,
    0xff, 0xff, 0xf0, 0x22, 0x22, 0x22, 0x22, 0x22,
    0x21,

    /* U+003E ">" */
    0x10, 0x0, 0x0, 0x0, 0x0, 0x0, 0x6, 0xe9,
    0x30, 0x0, 0x0, 0x0, 0x0, 0x6f, 0xff, 0xd7,
    0x10, 0x0, 0x0, 0x6, 0xff, 0xff, 0xff, 0xb5,
    0x0, 0x0, 0x3, 0x9e, 0xff, 0xff, 0xfe, 0x93,
    0x0, 0x0, 0x5, 0xaf, 0xff, 0xff, 0xfc, 0x0,
    0x0, 0x0, 0x16, 0xcf, 0xff, 0xf0, 0x0, 0x0,
    0x0, 0x5b, 0xff, 0xff, 0x0, 0x0, 0x49, 0xff,
    0xff, 0xff, 0xd0, 0x38, 0xef, 0xff, 0xff, 0xfa,
    0x40, 0x5f, 0xff, 0xff, 0xfc, 0x60, 0x0, 0x6,
    0xff, 0xfd, 0x82, 0x0, 0x0, 0x0, 0x6f, 0x94,
    0x0, 0x0, 0x0, 0x0, 0x1, 0x0, 0x0, 0x0,
    0x0, 0x0, 0x0,

    /* U+003F "?" */
    0x0, 0x0, 0x49, 0xde, 0xfe, 0xc8, 0x10, 0x0,
    0x2, 0xcf, 0xff, 0xff, 0xff, 0xff, 0x60, 0x3,
    0xff, 0xff, 0xff, 0xff, 0xff, 0xff, 0x40, 0xaf,
    0xff, 0xe9, 0x66, 0xbf, 0xff, 0xfc, 0x0, 0x4d,
    0xb1, 0x0, 0x0, 0x9f, 0xff, 0xe0, 0x0, 0x0,
    0x0, 0x0, 0x5, 0xff, 0xfd, 0x0, 0x0, 0x0,
    0x0, 0x0, 0xcf, 0xff, 0x70, 0x0, 0x0, 0x0,
    0x0, 0xbf, 0xff, 0xc0, 0x0, 0x0, 0x0, 0x0,
    0xcf, 0xff, 0xc1, 0x0, 0x0, 0x0, 0x0, 0xaf,
    0xff, 0xb0, 0x0, 0x0, 0x0, 0x0, 0x2f, 0xff,
    0xd0, 0x0, 0x0, 0x0, 0x0, 0x3, 0xaa, 0xa6,
    0x0, 0x0, 0x0, 0x0, 0x0, 0x0, 0x0, 0x0,
    0x0, 0x0, 0x0, 0x0, 0x0, 0x59, 0x60, 0x0,
    0x0, 0x0, 0x0, 0x0, 0x7f, 0xff, 0xb0, 0x0,
    0x0, 0x0, 0x0, 0xd, 0xff, 0xff, 0x0, 0x0,
    0x0, 0x0, 0x0, 0xaf, 0xff, 0xe0, 0x0, 0x0,
    0x0, 0x0, 0x1, 0xbf, 0xd3, 0x0, 0x0,

    /* U+0040 "@" */
    0x0, 0x0, 0x0, 0x2, 0x6a, 0xde, 0xfe, 0xdb,
    0x72, 0x0, 0x0, 0x0, 0x0, 0x0, 0x0, 0x3a,
    0xff, 0xff, 0xff, 0xff, 0xff, 0xfb, 0x40, 0x0,
    0x0, 0x0, 0x0, 0x7f, 0xff, 0xfd, 0xa7, 0x77,
    0x9c, 0xff, 0xff, 0x90, 0x0, 0x0, 0x0, 0xbf,
    0xff, 0xa2, 0x0, 0x0, 0x0, 0x1, 0x7f, 0xff,
    0xc0, 0x0, 0x0, 0x9f, 0xff, 0x50, 0x0, 0x0,
    0x0, 0x0, 0x0, 0x2c, 0xff, 0xb0, 0x0, 0x4f,
    0xff, 0x30, 0x2, 0x9d, 0xfe, 0xa3, 0x7f, 0xff,
    0x2c, 0xff, 0x50, 0xd, 0xff, 0x60, 0x5, 0xff,
    0xff, 0xff, 0xfc, 0xff, 0xf1, 0x1e, 0xfe, 0x4,
    0xff, 0xc0, 0x3, 0xff, 0xff, 0xff, 0xff, 0xff,
    0xff, 0x10, 0x7f, 0xf4, 0x9f, 0xf6, 0x0, 0xcf,
    0xff, 0x92, 0x3, 0xcf, 0xff, 0xf1, 0x1, 0xff,
    0x9c, 0xff, 0x20, 0x2f, 0xff, 0xb0, 0x0, 0x0,
    0xef, 0xff, 0x10, 0xd, 0xfb, 0xef, 0xf0, 0x5,
    0xff, 0xf4, 0x0, 0x0, 0x8, 0xff, 0xf1, 0x0,
    0xcf, 0xdf, 0xfe, 0x0, 0x6f, 0xff, 0x20, 0x0,
    0x0, 0x6f, 0xff, 0x10, 0xc, 0xfd, 0xef, 0xf0,
    0x5, 0xff, 0xf4, 0x0, 0x0, 0x8, 0xff, 0xf1,
    0x0, 0xdf, 0xcc, 0xff, 0x20, 0x2f, 0xff, 0xa0,
    0x0, 0x0, 0xdf, 0xff, 0x10, 0xf, 0xf9, 0x9f,
    0xf6, 0x0, 0xcf, 0xff, 0x70, 0x1, 0xaf, 0xff,
    0xf5, 0x7, 0xff, 0x44, 0xff, 0xc0, 0x3, 0xff,
    0xff, 0xfd, 0xff, 0xff, 0xff, 0xfd, 0xff, 0xd0,
    0xd, 0xff, 0x50, 0x5, 0xff, 0xff, 0xff, 0xf6,
    0x9f, 0xff, 0xff, 0xe2, 0x0, 0x4f, 0xff, 0x30,
    0x2, 0x9d, 0xfe, 0xa3, 0x0, 0x7d, 0xfe, 0x91,
    0x0, 0x0, 0x9f, 0xfe, 0x50, 0x0, 0x0, 0x0,
    0x0, 0x0, 0x0, 0x0, 0x0, 0x0, 0x0, 0xbf,
    0xff, 0xa2, 0x0, 0x0, 0x0, 0x1, 0x50, 0x0,
    0x0, 0x0, 0x0, 0x0, 0x8f, 0xff, 0xfd, 0xa8,
    0x79, 0xad, 0xff, 0x0, 0x0, 0x0, 0x0, 0x0,
    0x0, 0x3b, 0xff, 0xff, 0xff, 0xff, 0xff, 0xf4,
    0x0, 0x0, 0x0, 0x0, 0x0, 0x0, 0x2, 0x7b,
    0xde, 0xff, 0xdb, 0x72, 0x0, 0x0, 0x0, 0x0,

    /* U+0041 "A" */
    0x0, 0x0, 0x0, 0x0, 0x5f, 0xff, 0xf4, 0x0,
    0x0, 0x0, 0x0, 0x0, 0x0, 0x0, 0x0, 0xcf,
    0xff, 0xfb, 0x0, 0x0, 0x0, 0x0, 0x0, 0x0,
    0x0, 0x4, 0xff, 0xff, 0xff, 0x20, 0x0, 0x0,
    0x0, 0x0, 0x0, 0x0, 0xb, 0xff, 0xff, 0xff,
    0x90, 0x0, 0x0, 0x0, 0x0, 0x0, 0x0, 0x2f,
    0xff, 0xce, 0xff, 0xf1, 0x0, 0x0, 0x0, 0x0,
    0x0, 0x0, 0x9f, 0xff, 0x57, 0xff, 0xf8, 0x0,
    0x0, 0x0, 0x0, 0x0, 0x1, 0xff, 0xfe, 0x1,
    0xff, 0xfe, 0x0, 0x0, 0x0, 0x0, 0x0, 0x8,
    0xff, 0xf8, 0x0, 0xaf, 0xff, 0x60, 0x0, 0x0,
    0x0, 0x0, 0xe, 0xff, 0xf1, 0x0, 0x3f, 0xff,
    0xd0, 0x0, 0x0, 0x0, 0x0, 0x6f, 0xff, 0xa0,
    0x0, 0xd, 0xff, 0xf5, 0x0, 0x0, 0x0, 0x0,
    0xdf, 0xff, 0x30, 0x0, 0x6, 0xff, 0xfc, 0x0,
    0x0, 0x0, 0x4, 0xff, 0xff, 0xff, 0xff, 0xff,
    0xff, 0xff, 0x30, 0x0, 0x0, 0xc, 0xff, 0xff,
    0xff, 0xff, 0xff, 0xff, 0xff, 0xa0, 0x0, 0x0,
    0x3f, 0xff, 0xff, 0xff, 0xff, 0xff, 0xff, 0xff,
    0xf2, 0x0, 0x0, 0xaf, 0xff, 0x92, 0x22, 0x22,
    0x22, 0x2b, 0xff, 0xf9, 0x0, 0x1, 0xff, 0xff,
    0x20, 0x0, 0x0, 0x0, 0x4, 0xff, 0xff, 0x10,
    0x8, 0xff, 0xfb, 0x0, 0x0, 0x0, 0x0, 0x0,
    0xdf, 0xff, 0x70, 0xf, 0xff, 0xf4, 0x0, 0x0,
    0x0, 0x0, 0x0, 0x7f, 0xff, 0xe0,

    /* U+0042 "B" */
    0xdf, 0xff, 0xff, 0xff, 0xff, 0xec, 0x82, 0x0,
    0xd, 0xff, 0xff, 0xff, 0xff, 0xff, 0xff, 0xf7,
    0x0, 0xdf, 0xff, 0xff, 0xff, 0xff, 0xff, 0xff,
    0xf5, 0xd, 0xff, 0xf6, 0x22, 0x22, 0x37, 0xff,
    0xff, 0xc0, 0xdf, 0xff, 0x50, 0x0, 0x0, 0x7,
    0xff, 0xfe, 0xd, 0xff, 0xf5, 0x0, 0x0, 0x0,
    0x6f, 0xff, 0xc0, 0xdf, 0xff, 0x50, 0x0, 0x1,
    0x5e, 0xff, 0xf6, 0xd, 0xff, 0xff, 0xff, 0xff,
    0xff, 0xff, 0xf9, 0x0, 0xdf, 0xff, 0xff, 0xff,
    0xff, 0xff, 0xfe, 0x40, 0xd, 0xff, 0xff, 0xff,
    0xff, 0xff, 0xff, 0xff, 0x70, 0xdf, 0xff, 0x50,
    0x0, 0x0, 0x28, 0xff, 0xff, 0x3d, 0xff, 0xf5,
    0x0, 0x0, 0x0, 0xa, 0xff, 0xfa, 0xdf, 0xff,
    0x50, 0x0, 0x0, 0x0, 0x7f, 0xff, 0xcd, 0xff,
    0xf5, 0x0, 0x0, 0x0, 0xa, 0xff, 0xfc, 0xdf,
    0xff, 0x62, 0x22, 0x22, 0x49, 0xff, 0xff, 0x9d,
    0xff, 0xff, 0xff, 0xff, 0xff, 0xff, 0xff, 0xf1,
    0xdf, 0xff, 0xff, 0xff, 0xff, 0xff, 0xff, 0xe3,
    0xd, 0xff, 0xff, 0xff, 0xff, 0xff, 0xdb, 0x60,
    0x0,

    /* U+0043 "C" */
    0x0, 0x0, 0x1, 0x7b, 0xef, 0xfd, 0xa6, 0x10,
    0x0, 0x0, 0x1, 0x9f, 0xff, 0xff, 0xff, 0xff,
    0xe6, 0x0, 0x0, 0x2e, 0xff, 0xff, 0xff, 0xff,
    0xff, 0xff, 0xa0, 0x2, 0xef, 0xff, 0xff, 0xc9,
    0x9b, 0xff, 0xff, 0xd1, 0xb, 0xff, 0xff, 0xa1,
    0x0, 0x0, 0x19, 0xfc, 0x10, 0x4f, 0xff, 0xf8,
    0x0, 0x0, 0x0, 0x0, 0x40, 0x0, 0x9f, 0xff,
    0xd0, 0x0, 0x0, 0x0, 0x0, 0x0, 0x0, 0xdf,
    0xff, 0x70, 0x0, 0x0, 0x0, 0x0, 0x0, 0x0,
    0xff, 0xff, 0x50, 0x0, 0x0, 0x0, 0x0, 0x0,
    0x0, 0xff, 0xff, 0x50, 0x0, 0x0, 0x0, 0x0,
    0x0, 0x0, 0xdf, 0xff, 0x70, 0x0, 0x0, 0x0,
    0x0, 0x0, 0x0, 0x9f, 0xff, 0xd0, 0x0, 0x0,
    0x0, 0x0, 0x0, 0x0, 0x4f, 0xff, 0xf8, 0x0,
    0x0, 0x0, 0x0, 0x50, 0x0, 0xb, 0xff, 0xff,
    0xa1, 0x0, 0x0, 0x19, 0xfc, 0x10, 0x2, 0xef,
    0xff, 0xff, 0xb9, 0x9b, 0xff, 0xff, 0xe1, 0x0,
    0x3e, 0xff, 0xff, 0xff, 0xff, 0xff, 0xff, 0x90,
    0x0, 0x1, 0xaf, 0xff, 0xff, 0xff, 0xff, 0xe6,
    0x0, 0x0, 0x0, 0x2, 0x7b, 0xef, 0xfd, 0xa6,
    0x10, 0x0,

    /* U+0044 "D" */
    0xdf, 0xff, 0xff, 0xff, 0xff, 0xda, 0x50, 0x0,
    0x0, 0xd, 0xff, 0xff, 0xff, 0xff, 0xff, 0xff,
    0xe4, 0x0, 0x0, 0xdf, 0xff, 0xff, 0xff, 0xff,
    0xff, 0xff, 0xf9, 0x0, 0xd, 0xff, 0xfa, 0x66,
    0x67, 0x8c, 0xff, 0xff, 0xf8, 0x0, 0xdf, 0xff,
    0x60, 0x0, 0x0, 0x3, 0xdf, 0xff, 0xf4, 0xd,
    0xff, 0xf6, 0x0, 0x0, 0x0, 0x1, 0xef, 0xff,
    0xc0, 0xdf, 0xff, 0x60, 0x0, 0x0, 0x0, 0x5,
    0xff, 0xff, 0x2d, 0xff, 0xf6, 0x0, 0x0, 0x0,
    0x0, 0xf, 0xff, 0xf5, 0xdf, 0xff, 0x60, 0x0,
    0x0, 0x0, 0x0, 0xdf, 0xff, 0x7d, 0xff, 0xf6,
    0x0, 0x0, 0x0, 0x0, 0xd, 0xff, 0xf6, 0xdf,
    0xff, 0x60, 0x0, 0x0, 0x0, 0x0, 0xff, 0xff,
    0x5d, 0xff, 0xf6, 0x0, 0x0, 0x0, 0x0, 0x5f,
    0xff, 0xf2, 0xdf, 0xff, 0x60, 0x0, 0x0, 0x0,
    0x1e, 0xff, 0xfc, 0xd, 0xff, 0xf6, 0x0, 0x0,
    0x0, 0x3d, 0xff, 0xff, 0x40, 0xdf, 0xff, 0xa6,
    0x66, 0x68, 0xcf, 0xff, 0xff, 0x80, 0xd, 0xff,
    0xff, 0xff, 0xff, 0xff, 0xff, 0xff, 0x90, 0x0,
    0xdf, 0xff, 0xff, 0xff, 0xff, 0xff, 0xfe, 0x50,
    0x0, 0xd, 0xff, 0xff, 0xff, 0xff, 0xfd, 0xa5,
    0x0, 0x0, 0x0,

    /* U+0045 "E" */
    0xdf, 0xff, 0xff, 0xff, 0xff, 0xff, 0xfe, 0xd,
    0xff, 0xff, 0xff, 0xff, 0xff, 0xff, 0xe0, 0xdf,
    0xff, 0xff, 0xff, 0xff, 0xff, 0xfe, 0xd, 0xff,
    0xf8, 0x55, 0x55, 0x55, 0x55, 0x40, 0xdf, 0xff,
    0x50, 0x0, 0x0, 0x0, 0x0, 0xd, 0xff, 0xf5,
    0x0, 0x0, 0x0, 0x0, 0x0, 0xdf, 0xff, 0x50,
    0x0, 0x0, 0x0, 0x0, 0xd, 0xff, 0xff, 0xff,
    0xff, 0xff, 0xfc, 0x0, 0xdf, 0xff, 0xff, 0xff,
    0xff, 0xff, 0xc0, 0xd, 0xff, 0xff, 0xff, 0xff,
    0xff, 0xfc, 0x0, 0xdf, 0xff, 0x73, 0x33, 0x33,
    0x33, 0x20, 0xd, 0xff, 0xf5, 0x0, 0x0, 0x0,
    0x0, 0x0, 0xdf, 0xff, 0x50, 0x0, 0x0, 0x0,
    0x0, 0xd, 0xff, 0xf5, 0x0, 0x0, 0x0, 0x0,
    0x0, 0xdf, 0xff, 0x85, 0x55, 0x55, 0x55, 0x55,
    0x1d, 0xff, 0xff, 0xff, 0xff, 0xff, 0xff, 0xf4,
    0xdf, 0xff, 0xff, 0xff, 0xff, 0xff, 0xff, 0x4d,
    0xff, 0xff, 0xff, 0xff, 0xff, 0xff, 0xf4,

    /* U+0046 "F" */
    0xdf, 0xff, 0xff, 0xff, 0xff, 0xff, 0xfe, 0xdf,
    0xff, 0xff, 0xff, 0xff, 0xff, 0xfe, 0xdf, 0xff,
    0xff, 0xff, 0xff, 0xff, 0xfe, 0xdf, 0xff, 0x95,
    0x55, 0x55, 0x55, 0x54, 0xdf, 0xff, 0x60, 0x0,
    0x0, 0x0, 0x0, 0xdf, 0xff, 0x60, 0x0, 0x0,
    0x0, 0x0, 0xdf, 0xff, 0x60, 0x0, 0x0, 0x0,
    0x0, 0xdf, 0xff, 0x60, 0x0, 0x0, 0x0, 0x0,
    0xdf, 0xff, 0xff, 0xff, 0xff, 0xff, 0xc0, 0xdf,
    0xff, 0xff, 0xff, 0xff, 0xff, 0xc0, 0xdf, 0xff,
    0xff, 0xff, 0xff, 0xff, 0xc0, 0xdf, 0xff, 0x95,
    0x55, 0x55, 0x55, 0x40, 0xdf, 0xff, 0x60, 0x0,
    0x0, 0x0, 0x0, 0xdf, 0xff, 0x60, 0x0, 0x0,
    0x0, 0x0, 0xdf, 0xff, 0x60, 0x0, 0x0, 0x0,
    0x0, 0xdf, 0xff, 0x60, 0x0, 0x0, 0x0, 0x0,
    0xdf, 0xff, 0x60, 0x0, 0x0, 0x0, 0x0, 0xdf,
    0xff, 0x60, 0x0, 0x0, 0x0, 0x0,

    /* U+0047 "G" */
    0x0, 0x0, 0x1, 0x7b, 0xef, 0xfd, 0xb7, 0x20,
    0x0, 0x0, 0x0, 0x9f, 0xff, 0xff, 0xff, 0xff,
    0xf9, 0x10, 0x0, 0x2d, 0xff, 0xff, 0xff, 0xff,
    0xff, 0xff, 0xd1, 0x1, 0xef, 0xff, 0xff, 0xca,
    0x9a, 0xef, 0xff, 0xe3, 0xb, 0xff, 0xff, 0xa1,
    0x0, 0x0, 0x6, 0xfe, 0x20, 0x4f, 0xff, 0xf8,
    0x0, 0x0, 0x0, 0x0, 0x21, 0x0, 0x9f, 0xff,
    0xd0, 0x0, 0x0, 0x0, 0x0, 0x0, 0x0, 0xdf,
    0xff, 0x70, 0x0, 0x0, 0x0, 0x0, 0x0, 0x0,
    0xff, 0xff, 0x50, 0x0, 0x0, 0x0, 0x2, 0x44,
    0x41, 0xff, 0xff, 0x50, 0x0, 0x0, 0x0, 0x8,
    0xff, 0xf4, 0xdf, 0xff, 0x80, 0x0, 0x0, 0x0,
    0x8, 0xff, 0xf4, 0x9f, 0xff, 0xd0, 0x0, 0x0,
    0x0, 0x8, 0xff, 0xf4, 0x4f, 0xff, 0xf9, 0x0,
    0x0, 0x0, 0x8, 0xff, 0xf4, 0xb, 0xff, 0xff,
    0xa1, 0x0, 0x0, 0x9, 0xff, 0xf4, 0x2, 0xef,
    0xff, 0xff, 0xc9, 0x9a, 0xef, 0xff, 0xf4, 0x0,
    0x2e, 0xff, 0xff, 0xff, 0xff, 0xff, 0xff, 0xf3,
    0x0, 0x1, 0x9f, 0xff, 0xff, 0xff, 0xff, 0xfc,
    0x30, 0x0, 0x0, 0x1, 0x7b, 0xef, 0xfe, 0xb7,
    0x20, 0x0,

    /* U+0048 "H" */
    0xdf, 0xff, 0x60, 0x0, 0x0, 0x0, 0x5f, 0xff,
    0xdd, 0xff, 0xf6, 0x0, 0x0, 0x0, 0x5, 0xff,
    0xfd, 0xdf, 0xff, 0x60, 0x0, 0x0, 0x0, 0x5f,
    0xff, 0xdd, 0xff, 0xf6, 0x0, 0x0, 0x0, 0x5,
    0xff, 0xfd, 0xdf, 0xff, 0x60, 0x0, 0x0, 0x0,
    0x5f, 0xff, 0xdd, 0xff, 0xf6, 0x0, 0x0, 0x0,
    0x5, 0xff, 0xfd, 0xdf, 0xff, 0x60, 0x0, 0x0,
    0x0, 0x5f, 0xff, 0xdd, 0xff, 0xff, 0xff, 0xff,
    0xff, 0xff, 0xff, 0xfd, 0xdf, 0xff, 0xff, 0xff,
    0xff, 0xff, 0xff, 0xff, 0xdd, 0xff, 0xff, 0xff,
    0xff, 0xff, 0xff, 0xff, 0xfd, 0xdf, 0xff, 0xb8,
    0x88, 0x88, 0x88, 0xaf, 0xff, 0xdd, 0xff, 0xf6,
    0x0, 0x0, 0x0, 0x5, 0xff, 0xfd, 0xdf, 0xff,
    0x60, 0x0, 0x0, 0x0, 0x5f, 0xff, 0xdd, 0xff,
    0xf6, 0x0, 0x0, 0x0, 0x5, 0xff, 0xfd, 0xdf,
    0xff, 0x60, 0x0, 0x0, 0x0, 0x5f, 0xff, 0xdd,
    0xff, 0xf6, 0x0, 0x0, 0x0, 0x5, 0xff, 0xfd,
    0xdf, 0xff, 0x60, 0x0, 0x0, 0x0, 0x5f, 0xff,
    0xdd, 0xff, 0xf6, 0x0, 0x0, 0x0, 0x5, 0xff,
    0xfd,

    /* U+0049 "I" */
    0xdf, 0xff, 0x6d, 0xff, 0xf6, 0xdf, 0xff, 0x6d,
    0xff, 0xf6, 0xdf, 0xff, 0x6d, 0xff, 0xf6, 0xdf,
    0xff, 0x6d, 0xff, 0xf6, 0xdf, 0xff, 0x6d, 0xff,
    0xf6, 0xdf, 0xff, 0x6d, 0xff, 0xf6, 0xdf, 0xff,
    0x6d, 0xff, 0xf6, 0xdf, 0xff, 0x6d, 0xff, 0xf6,
    0xdf, 0xff, 0x6d, 0xff, 0xf6,

    /* U+004A "J" */
    0x0, 0x8f, 0xff, 0xff, 0xff, 0xff, 0xf1, 0x0,
    0x8f, 0xff, 0xff, 0xff, 0xff, 0xf1, 0x0, 0x8f,
    0xff, 0xff, 0xff, 0xff, 0xf1, 0x0, 0x25, 0x55,
    0x55, 0x6f, 0xff, 0xf1, 0x0, 0x0, 0x0, 0x0,
    0x2f, 0xff, 0xf1, 0x0, 0x0, 0x0, 0x0, 0x2f,
    0xff, 0xf1, 0x0, 0x0, 0x0, 0x0, 0x2f, 0xff,
    0xf1, 0x0, 0x0, 0x0, 0x0, 0x2f, 0xff, 0xf1,
    0x0, 0x0, 0x0, 0x0, 0x2f, 0xff, 0xf1, 0x0,
    0x0, 0x0, 0x0, 0x2f, 0xff, 0xf1, 0x0, 0x0,
    0x0, 0x0, 0x2f, 0xff, 0xf1, 0x0, 0x0, 0x0,
    0x0, 0x2f, 0xff, 0xf0, 0x0, 0x10, 0x0, 0x0,
    0x3f, 0xff, 0xf0, 0x0, 0xcb, 0x0, 0x0, 0x9f,
    0xff, 0xd0, 0xa, 0xff, 0xe8, 0x7a, 0xff, 0xff,
    0x80, 0x3f, 0xff, 0xff, 0xff, 0xff, 0xff, 0x10,
    0x4, 0xef, 0xff, 0xff, 0xff, 0xe4, 0x0, 0x0,
    0x7, 0xbe, 0xff, 0xc8, 0x10, 0x0,

    /* U+004B "K" */
    0xdf, 0xff, 0x50, 0x0, 0x0, 0x2, 0xef, 0xff,
    0x90, 0xdf, 0xff, 0x50, 0x0, 0x0, 0x2e, 0xff,
    0xfa, 0x0, 0xdf, 0xff, 0x50, 0x0, 0x1, 0xef,
    0xff, 0xb0, 0x0, 0xdf, 0xff, 0x50, 0x0, 0x1d,
    0xff, 0xfc, 0x0, 0x0, 0xdf, 0xff, 0x50, 0x1,
    0xdf, 0xff, 0xc0, 0x0, 0x0, 0xdf, 0xff, 0x50,
    0x1c, 0xff, 0xfd, 0x10, 0x0, 0x0, 0xdf, 0xff,
    0x50, 0xcf, 0xff, 0xd1, 0x0, 0x0, 0x0, 0xdf,
    0xff, 0x6c, 0xff, 0xfe, 0x20, 0x0, 0x0, 0x0,
    0xdf, 0xff, 0xef, 0xff, 0xfd, 0x10, 0x0, 0x0,
    0x0, 0xdf, 0xff, 0xff, 0xff, 0xff, 0xb0, 0x0,
    0x0, 0x0, 0xdf, 0xff, 0xff, 0xff, 0xff, 0xf8,
    0x0, 0x0, 0x0, 0xdf, 0xff, 0xff, 0x4b, 0xff,
    0xff, 0x50, 0x0, 0x0, 0xdf, 0xff, 0xf4, 0x1,
    0xdf, 0xff, 0xf2, 0x0, 0x0, 0xdf, 0xff, 0x70,
    0x0, 0x2f, 0xff, 0xfd, 0x10, 0x0, 0xdf, 0xff,
    0x50, 0x0, 0x4, 0xff, 0xff, 0xb0, 0x0, 0xdf,
    0xff, 0x50, 0x0, 0x0, 0x7f, 0xff, 0xf8, 0x0,
    0xdf, 0xff, 0x50, 0x0, 0x0, 0xa, 0xff, 0xff,
    0x50, 0xdf, 0xff, 0x50, 0x0, 0x0, 0x0, 0xcf,
    0xff, 0xf2,

    /* U+004C "L" */
    0xdf, 0xff, 0x60, 0x0, 0x0, 0x0, 0x0, 0xdf,
    0xff, 0x60, 0x0, 0x0, 0x0, 0x0, 0xdf, 0xff,
    0x60, 0x0, 0x0, 0x0, 0x0, 0xdf, 0xff, 0x60,
    0x0, 0x0, 0x0, 0x0, 0xdf, 0xff, 0x60, 0x0,
    0x0, 0x0, 0x0, 0xdf, 0xff, 0x60, 0x0, 0x0,
    0x0, 0x0, 0xdf, 0xff, 0x60, 0x0, 0x0, 0x0,
    0x0, 0xdf, 0xff, 0x60, 0x0, 0x0, 0x0, 0x0,
    0xdf, 0xff, 0x60, 0x0, 0x0, 0x0, 0x0, 0xdf,
    0xff, 0x60, 0x0, 0x0, 0x0, 0x0, 0xdf, 0xff,
    0x60, 0x0, 0x0, 0x0, 0x0, 0xdf, 0xff, 0x60,
    0x0, 0x0, 0x0, 0x0, 0xdf, 0xff, 0x60, 0x0,
    0x0, 0x0, 0x0, 0xdf, 0xff, 0x60, 0x0, 0x0,
    0x0, 0x0, 0xdf, 0xff, 0x96, 0x66, 0x66, 0x66,
    0x63, 0xdf, 0xff, 0xff, 0xff, 0xff, 0xff, 0xf8,
    0xdf, 0xff, 0xff, 0xff, 0xff, 0xff, 0xf8, 0xdf,
    0xff, 0xff, 0xff, 0xff, 0xff, 0xf8,

    /* U+004D "M" */
    0xdf, 0xfe, 0x0, 0x0, 0x0, 0x0, 0x0, 0x0,
    0x2f, 0xff, 0x9d, 0xff, 0xf8, 0x0, 0x0, 0x0,
    0x0, 0x0, 0xb, 0xff, 0xfa, 0xdf, 0xff, 0xf2,
    0x0, 0x0, 0x0, 0x0, 0x5, 0xff, 0xff, 0xad,
    0xff, 0xff, 0xc0, 0x0, 0x0, 0x0, 0x0, 0xef,
    0xff, 0xfa, 0xdf, 0xff, 0xff, 0x60, 0x0, 0x0,
    0x0, 0x8f, 0xff, 0xff, 0xad, 0xff, 0xff, 0xfe,
    0x10, 0x0, 0x0, 0x2f, 0xff, 0xff, 0xfa, 0xdf,
    0xff, 0xff, 0xf9, 0x0, 0x0, 0xb, 0xff, 0xff,
    0xff, 0xad, 0xff, 0xfe, 0xff, 0xf3, 0x0, 0x5,
    0xff, 0xfd, 0xff, 0xfa, 0xdf, 0xff, 0x5f, 0xff,
    0xc0, 0x0, 0xef, 0xfe, 0x5f, 0xff, 0xad, 0xff,
    0xf1, 0x9f, 0xff, 0x60, 0x8f, 0xff, 0x54, 0xff,
    0xfa, 0xdf, 0xff, 0x11, 0xef, 0xff, 0x4f, 0xff,
    0xb0, 0x4f, 0xff, 0xad, 0xff, 0xf1, 0x6, 0xff,
    0xff, 0xff, 0xf2, 0x4, 0xff, 0xfa, 0xdf, 0xff,
    0x10, 0xc, 0xff, 0xff, 0xf8, 0x0, 0x4f, 0xff,
    0xad, 0xff, 0xf1, 0x0, 0x2f, 0xff, 0xfe, 0x0,
    0x4, 0xff, 0xfa, 0xdf, 0xff, 0x10, 0x0, 0x8f,
    0xff, 0x40, 0x0, 0x4f, 0xff, 0xad, 0xff, 0xf1,
    0x0, 0x0, 0xef, 0xb0, 0x0, 0x4, 0xff, 0xfa,
    0xdf, 0xff, 0x10, 0x0, 0x1, 0x10, 0x0, 0x0,
    0x4f, 0xff, 0xad, 0xff, 0xf1, 0x0, 0x0, 0x0,
    0x0, 0x0, 0x4, 0xff, 0xfa,

    /* U+004E "N" */
    0xdf, 0xfe, 0x20, 0x0, 0x0, 0x0, 0x5f, 0xff,
    0xdd, 0xff, 0xfd, 0x0, 0x0, 0x0, 0x5, 0xff,
    0xfd, 0xdf, 0xff, 0xfb, 0x0, 0x0, 0x0, 0x5f,
    0xff, 0xdd, 0xff, 0xff, 0xf8, 0x0, 0x0, 0x5,
    0xff, 0xfd, 0xdf, 0xff, 0xff, 0xf5, 0x0, 0x0,
    0x5f, 0xff, 0xdd, 0xff, 0xff, 0xff, 0xf3, 0x0,
    0x5, 0xff, 0xfd, 0xdf, 0xff, 0xff, 0xff, 0xe1,
    0x0, 0x5f, 0xff, 0xdd, 0xff, 0xfa, 0xff, 0xff,
    0xc0, 0x5, 0xff, 0xfd, 0xdf, 0xff, 0x57, 0xff,
    0xff, 0xa0, 0x5f, 0xff, 0xdd, 0xff, 0xf5, 0xa,
    0xff, 0xff, 0x75, 0xff, 0xfd, 0xdf, 0xff, 0x50,
    0xc, 0xff, 0xff, 0xaf, 0xff, 0xdd, 0xff, 0xf5,
    0x0, 0x1e, 0xff, 0xff, 0xff, 0xfd, 0xdf, 0xff,
    0x50, 0x0, 0x3f, 0xff, 0xff, 0xff, 0xdd, 0xff,
    0xf5, 0x0, 0x0, 0x5f, 0xff, 0xff, 0xfd, 0xdf,
    0xff, 0x50, 0x0, 0x0, 0x8f, 0xff, 0xff, 0xdd,
    0xff, 0xf5, 0x0, 0x0, 0x0, 0xaf, 0xff, 0xfd,
    0xdf, 0xff, 0x50, 0x0, 0x0, 0x0, 0xcf, 0xff,
    0xdd, 0xff, 0xf5, 0x0, 0x0, 0x0, 0x1, 0xef,
    0xfd,

    /* U+004F "O" */
    0x0, 0x0, 0x1, 0x7b, 0xef, 0xfd, 0xb7, 0x10,
    0x0, 0x0, 0x0, 0x0, 0x9f, 0xff, 0xff, 0xff,
    0xff, 0xf9, 0x0, 0x0, 0x0, 0x2d, 0xff, 0xff,
    0xff, 0xff, 0xff, 0xff, 0xd2, 0x0, 0x1, 0xef,
    0xff, 0xff, 0xb9, 0x9c, 0xff, 0xff, 0xfd, 0x10,
    0xb, 0xff, 0xff, 0xa1, 0x0, 0x0, 0x1b, 0xff,
    0xff, 0xa0, 0x4f, 0xff, 0xf8, 0x0, 0x0, 0x0,
    0x0, 0x9f, 0xff, 0xf3, 0x9f, 0xff, 0xd0, 0x0,
    0x0, 0x0, 0x0, 0xe, 0xff, 0xf8, 0xdf, 0xff,
    0x80, 0x0, 0x0, 0x0, 0x0, 0x8, 0xff, 0xfc,
    0xef, 0xff, 0x50, 0x0, 0x0, 0x0, 0x0, 0x6,
    0xff, 0xfe, 0xff, 0xff, 0x50, 0x0, 0x0, 0x0,
    0x0, 0x6, 0xff, 0xfe, 0xdf, 0xff, 0x80, 0x0,
    0x0, 0x0, 0x0, 0x8, 0xff, 0xfc, 0x9f, 0xff,
    0xd0, 0x0, 0x0, 0x0, 0x0, 0xe, 0xff, 0xf8,
    0x4f, 0xff, 0xf8, 0x0, 0x0, 0x0, 0x0, 0x9f,
    0xff, 0xf3, 0xb, 0xff, 0xff, 0xa1, 0x0, 0x0,
    0x1b, 0xff, 0xff, 0xa0, 0x1, 0xef, 0xff, 0xff,
    0xb9, 0x9c, 0xff, 0xff, 0xfd, 0x10, 0x0, 0x2d,
    0xff, 0xff, 0xff, 0xff, 0xff, 0xff, 0xd2, 0x0,
    0x0, 0x0, 0x9f, 0xff, 0xff, 0xff, 0xff, 0xf9,
    0x0, 0x0, 0x0, 0x0, 0x1, 0x7b, 0xef, 0xfe,
    0xb7, 0x10, 0x0, 0x0,

    /* U+0050 "P" */
    0xdf, 0xff, 0xff, 0xff, 0xfd, 0xb7, 0x10, 0x0,
    0xdf, 0xff, 0xff, 0xff, 0xff, 0xff, 0xf7, 0x0,
    0xdf, 0xff, 0xff, 0xff, 0xff, 0xff, 0xff, 0x70,
    0xdf, 0xff, 0x96, 0x66, 0x7a, 0xff, 0xff, 0xf2,
    0xdf, 0xff, 0x60, 0x0, 0x0, 0x2f, 0xff, 0xf9,
    0xdf, 0xff, 0x60, 0x0, 0x0, 0x8, 0xff, 0xfc,
    0xdf, 0xff, 0x60, 0x0, 0x0, 0x6, 0xff, 0xfe,
    0xdf, 0xff, 0x60, 0x0, 0x0, 0x8, 0xff, 0xfc,
    0xdf, 0xff, 0x60, 0x0, 0x0, 0x2f, 0xff, 0xf9,
    0xdf, 0xff, 0x96, 0x66, 0x7a, 0xff, 0xff, 0xf3,
    0xdf, 0xff, 0xff, 0xff, 0xff, 0xff, 0xff, 0x80,
    0xdf, 0xff, 0xff, 0xff, 0xff, 0xff, 0xf7, 0x0,
    0xdf, 0xff, 0xff, 0xff, 0xfe, 0xb7, 0x10, 0x0,
    0xdf, 0xff, 0x60, 0x0, 0x0, 0x0, 0x0, 0x0,
    0xdf, 0xff, 0x60, 0x0, 0x0, 0x0, 0x0, 0x0,
    0xdf, 0xff, 0x60, 0x0, 0x0, 0x0, 0x0, 0x0,
    0xdf, 0xff, 0x60, 0x0, 0x0, 0x0, 0x0, 0x0,
    0xdf, 0xff, 0x60, 0x0, 0x0, 0x0, 0x0, 0x0,

    /* U+0051 "Q" */
    0x0, 0x0, 0x1, 0x7b, 0xef, 0xfd, 0xb6, 0x10,
    0x0, 0x0, 0x0, 0x0, 0x9, 0xff, 0xff, 0xff,
    0xff, 0xff, 0x80, 0x0, 0x0, 0x0, 0x2d, 0xff,
    0xff, 0xff, 0xff, 0xff, 0xff, 0xd1, 0x0, 0x0,
    0x1d, 0xff, 0xff, 0xfb, 0x99, 0xcf, 0xff, 0xff,
    0xd1, 0x0, 0xa, 0xff, 0xff, 0xa1, 0x0, 0x0,
    0x2b, 0xff, 0xff, 0x90, 0x3, 0xff, 0xff, 0x90,
    0x0, 0x0, 0x0, 0xa, 0xff, 0xff, 0x20, 0x9f,
    0xff, 0xe0, 0x0, 0x0, 0x0, 0x0, 0xf, 0xff,
    0xf8, 0xd, 0xff, 0xf8, 0x0, 0x0, 0x0, 0x0,
    0x0, 0x9f, 0xff, 0xc0, 0xef, 0xff, 0x50, 0x0,
    0x0, 0x0, 0x0, 0x6, 0xff, 0xfd, 0xf, 0xff,
    0xf5, 0x0, 0x0, 0x0, 0x0, 0x0, 0x5f, 0xff,
    0xe0, 0xef, 0xff, 0x70, 0x0, 0x0, 0x0, 0x0,
    0x8, 0xff, 0xfc, 0xa, 0xff, 0xfc, 0x0, 0x0,
    0x0, 0x0, 0x0, 0xdf, 0xff, 0x90, 0x5f, 0xff,
    0xf5, 0x0, 0x0, 0x0, 0x0, 0x6f, 0xff, 0xf4,
    0x0, 0xdf, 0xff, 0xf5, 0x0, 0x0, 0x0, 0x6f,
    0xff, 0xfc, 0x0, 0x3, 0xff, 0xff, 0xfb, 0x64,
    0x46, 0xcf, 0xff, 0xff, 0x20, 0x0, 0x5, 0xff,
    0xff, 0xff, 0xff, 0xff, 0xff, 0xff, 0x40, 0x0,
    0x0, 0x3, 0xdf, 0xff, 0xff, 0xff, 0xff, 0xfc,
    0x20, 0x0, 0x0, 0x0, 0x0, 0x5c, 0xff, 0xff,
    0xff, 0xd5, 0x0, 0x1, 0x0, 0x0, 0x0, 0x0,
    0x0, 0x4f, 0xff, 0xff, 0x61, 0x5, 0xda, 0x0,
    0x0, 0x0, 0x0, 0x0, 0x3e, 0xff, 0xff, 0xff,
    0xff, 0xf8, 0x0, 0x0, 0x0, 0x0, 0x0, 0x2c,
    0xff, 0xff, 0xff, 0xff, 0x30, 0x0, 0x0, 0x0,
    0x0, 0x0, 0x5, 0xbf, 0xff, 0xe9, 0x10, 0x0,
    0x0, 0x0, 0x0, 0x0, 0x0, 0x0, 0x0, 0x0,
    0x0, 0x0,

    /* U+0052 "R" */
    0xdf, 0xff, 0xff, 0xff, 0xfe, 0xb7, 0x10, 0x0,
    0xd, 0xff, 0xff, 0xff, 0xff, 0xff, 0xff, 0x70,
    0x0, 0xdf, 0xff, 0xff, 0xff, 0xff, 0xff, 0xff,
    0x80, 0xd, 0xff, 0xf9, 0x66, 0x67, 0xaf, 0xff,
    0xff, 0x30, 0xdf, 0xff, 0x60, 0x0, 0x0, 0x2f,
    0xff, 0xf9, 0xd, 0xff, 0xf6, 0x0, 0x0, 0x0,
    0x8f, 0xff, 0xd0, 0xdf, 0xff, 0x60, 0x0, 0x0,
    0x6, 0xff, 0xfe, 0xd, 0xff, 0xf6, 0x0, 0x0,
    0x0, 0x8f, 0xff, 0xc0, 0xdf, 0xff, 0x60, 0x0,
    0x0, 0x2e, 0xff, 0xf9, 0xd, 0xff, 0xf8, 0x44,
    0x46, 0x9f, 0xff, 0xff, 0x30, 0xdf, 0xff, 0xff,
    0xff, 0xff, 0xff, 0xff, 0x80, 0xd, 0xff, 0xff,
    0xff, 0xff, 0xff, 0xff, 0x70, 0x0, 0xdf, 0xff,
    0xff, 0xff, 0xff, 0xff, 0x70, 0x0, 0xd, 0xff,
    0xf6, 0x0, 0x6, 0xff, 0xff, 0x20, 0x0, 0xdf,
    0xff, 0x60, 0x0, 0xb, 0xff, 0xfc, 0x0, 0xd,
    0xff, 0xf6, 0x0, 0x0, 0x1e, 0xff, 0xf8, 0x0,
    0xdf, 0xff, 0x60, 0x0, 0x0, 0x4f, 0xff, 0xf3,
    0xd, 0xff, 0xf6, 0x0, 0x0, 0x0, 0x9f, 0xff,
    0xd0,

    /* U+0053 "S" */
    0x0, 0x0, 0x38, 0xce, 0xff, 0xdb, 0x72, 0x0,
    0x0, 0x1b, 0xff, 0xff, 0xff, 0xff, 0xff, 0xa0,
    0x0, 0xdf, 0xff, 0xff, 0xff, 0xff, 0xff, 0xb0,
    0x7, 0xff, 0xff, 0xb6, 0x56, 0x8c, 0xff, 0x40,
    0xc, 0xff, 0xf9, 0x0, 0x0, 0x0, 0x17, 0x0,
    0xe, 0xff, 0xf5, 0x0, 0x0, 0x0, 0x0, 0x0,
    0xc, 0xff, 0xfd, 0x40, 0x0, 0x0, 0x0, 0x0,
    0x6, 0xff, 0xff, 0xfe, 0xa7, 0x30, 0x0, 0x0,
    0x0, 0x8f, 0xff, 0xff, 0xff, 0xfe, 0x92, 0x0,
    0x0, 0x3, 0xaf, 0xff, 0xff, 0xff, 0xff, 0x70,
    0x0, 0x0, 0x0, 0x48, 0xcf, 0xff, 0xff, 0xf4,
    0x0, 0x0, 0x0, 0x0, 0x0, 0x6e, 0xff, 0xfb,
    0x0, 0x0, 0x0, 0x0, 0x0, 0x6, 0xff, 0xfd,
    0x2, 0xe6, 0x0, 0x0, 0x0, 0x9, 0xff, 0xfb,
    0x9, 0xff, 0xfb, 0x76, 0x57, 0xbf, 0xff, 0xf6,
    0x1f, 0xff, 0xff, 0xff, 0xff, 0xff, 0xff, 0xc0,
    0x6, 0xef, 0xff, 0xff, 0xff, 0xff, 0xfa, 0x0,
    0x0, 0x4, 0x8c, 0xef, 0xfe, 0xc8, 0x30, 0x0,

    /* U+0054 "T" */
    0xef, 0xff, 0xff, 0xff, 0xff, 0xff, 0xff, 0xff,
    0xef, 0xff, 0xff, 0xff, 0xff, 0xff, 0xff, 0xff,
    0xef, 0xff, 0xff, 0xff, 0xff, 0xff, 0xff, 0xff,
    0x56, 0x66, 0x66, 0xff, 0xff, 0x76, 0x66, 0x65,
    0x0, 0x0, 0x1, 0xff, 0xff, 0x20, 0x0, 0x0,
    0x0, 0x0, 0x1, 0xff, 0xff, 0x20, 0x0, 0x0,
    0x0, 0x0, 0x1, 0xff, 0xff, 0x20, 0x0, 0x0,
    0x0, 0x0, 0x1, 0xff, 0xff, 0x20, 0x0, 0x0,
    0x0, 0x0, 0x1, 0xff, 0xff, 0x20, 0x0, 0x0,
    0x0, 0x0, 0x1, 0xff, 0xff, 0x20, 0x0, 0x0,
    0x0, 0x0, 0x1, 0xff, 0xff, 0x20, 0x0, 0x0,
    0x0, 0x0, 0x1, 0xff, 0xff, 0x20, 0x0, 0x0,
    0x0, 0x0, 0x1, 0xff, 0xff, 0x20, 0x0, 0x0,
    0x0, 0x0, 0x1, 0xff, 0xff, 0x20, 0x0, 0x0,
    0x0, 0x0, 0x1, 0xff, 0xff, 0x20, 0x0, 0x0,
    0x0, 0x0, 0x1, 0xff, 0xff, 0x20, 0x0, 0x0,
    0x0, 0x0, 0x1, 0xff, 0xff, 0x20, 0x0, 0x0,
    0x0, 0x0, 0x1, 0xff, 0xff, 0x20, 0x0, 0x0,

    /* U+0055 "U" */
    0xff, 0xff, 0x30, 0x0, 0x0, 0x0, 0xaf, 0xff,
    0x7f, 0xff, 0xf3, 0x0, 0x0, 0x0, 0xa, 0xff,
    0xf7, 0xff, 0xff, 0x30, 0x0, 0x0, 0x0, 0xaf,
    0xff, 0x7f, 0xff, 0xf3, 0x0, 0x0, 0x0, 0xa,
    0xff, 0xf7, 0xff, 0xff, 0x30, 0x0, 0x0, 0x0,
    0xaf, 0xff, 0x7f, 0xff, 0xf3, 0x0, 0x0, 0x0,
    0xa, 0xff, 0xf7, 0xff, 0xff, 0x30, 0x0, 0x0,
    0x0, 0xaf, 0xff, 0x7f, 0xff, 0xf3, 0x0, 0x0,
    0x0, 0xa, 0xff, 0xf7, 0xff, 0xff, 0x30, 0x0,
    0x0, 0x0, 0xaf, 0xff, 0x7f, 0xff, 0xf3, 0x0,
    0x0, 0x0, 0xa, 0xff, 0xf7, 0xff, 0xff, 0x40,
    0x0, 0x0, 0x0, 0xbf, 0xff, 0x7e, 0xff, 0xf6,
    0x0, 0x0, 0x0, 0xd, 0xff, 0xf5, 0xaf, 0xff,
    0xb0, 0x0, 0x0, 0x3, 0xff, 0xff, 0x25, 0xff,
    0xff, 0x70, 0x0, 0x2, 0xdf, 0xff, 0xd0, 0xd,
    0xff, 0xff, 0xd9, 0x9b, 0xff, 0xff, 0xf5, 0x0,
    0x3f, 0xff, 0xff, 0xff, 0xff, 0xff, 0xfa, 0x0,
    0x0, 0x2d, 0xff, 0xff, 0xff, 0xff, 0xf8, 0x0,
    0x0, 0x0, 0x5, 0xad, 0xff, 0xec, 0x81, 0x0,
    0x0,

    /* U+0056 "V" */
    0x1f, 0xff, 0xf8, 0x0, 0x0, 0x0, 0x0, 0x0,
    0xcf, 0xff, 0x60, 0x9f, 0xff, 0xe0, 0x0, 0x0,
    0x0, 0x0, 0x2f, 0xff, 0xf0, 0x2, 0xff, 0xff,
    0x60, 0x0, 0x0, 0x0, 0xa, 0xff, 0xf8, 0x0,
    0xb, 0xff, 0xfd, 0x0, 0x0, 0x0, 0x1, 0xff,
    0xff, 0x20, 0x0, 0x4f, 0xff, 0xf4, 0x0, 0x0,
    0x0, 0x7f, 0xff, 0xa0, 0x0, 0x0, 0xdf, 0xff,
    0xa0, 0x0, 0x0, 0xe, 0xff, 0xf3, 0x0, 0x0,
    0x6, 0xff, 0xff, 0x20, 0x0, 0x5, 0xff, 0xfc,
    0x0, 0x0, 0x0, 0xe, 0xff, 0xf8, 0x0, 0x0,
    0xcf, 0xff, 0x50, 0x0, 0x0, 0x0, 0x8f, 0xff,
    0xe0, 0x0, 0x3f, 0xff, 0xe0, 0x0, 0x0, 0x0,
    0x1, 0xff, 0xff, 0x60, 0xa, 0xff, 0xf7, 0x0,
    0x0, 0x0, 0x0, 0xa, 0xff, 0xfd, 0x2, 0xff,
    0xff, 0x10, 0x0, 0x0, 0x0, 0x0, 0x3f, 0xff,
    0xf4, 0x8f, 0xff, 0x90, 0x0, 0x0, 0x0, 0x0,
    0x0, 0xcf, 0xff, 0xbf, 0xff, 0xf2, 0x0, 0x0,
    0x0, 0x0, 0x0, 0x5, 0xff, 0xff, 0xff, 0xfb,
    0x0, 0x0, 0x0, 0x0, 0x0, 0x0, 0xe, 0xff,
    0xff, 0xff, 0x40, 0x0, 0x0, 0x0, 0x0, 0x0,
    0x0, 0x7f, 0xff, 0xff, 0xd0, 0x0, 0x0, 0x0,
    0x0, 0x0, 0x0, 0x1, 0xff, 0xff, 0xf6, 0x0,
    0x0, 0x0, 0x0, 0x0, 0x0, 0x0, 0x9, 0xff,
    0xff, 0x0, 0x0, 0x0, 0x0,

    /* U+0057 "W" */
    0x4f, 0xff, 0xf1, 0x0, 0x0, 0x0, 0xd, 0xff,
    0xf6, 0x0, 0x0, 0x0, 0x8, 0xff, 0xf8, 0xe,
    0xff, 0xf6, 0x0, 0x0, 0x0, 0x2f, 0xff, 0xfb,
    0x0, 0x0, 0x0, 0xd, 0xff, 0xf2, 0x9, 0xff,
    0xfb, 0x0, 0x0, 0x0, 0x8f, 0xff, 0xff, 0x10,
    0x0, 0x0, 0x3f, 0xff, 0xd0, 0x4, 0xff, 0xff,
    0x10, 0x0, 0x0, 0xdf, 0xff, 0xff, 0x50, 0x0,
    0x0, 0x8f, 0xff, 0x80, 0x0, 0xef, 0xff, 0x60,
    0x0, 0x2, 0xff, 0xff, 0xff, 0xb0, 0x0, 0x0,
    0xdf, 0xff, 0x20, 0x0, 0x9f, 0xff, 0xb0, 0x0,
    0x8, 0xff, 0xff, 0xff, 0xf0, 0x0, 0x3, 0xff,
    0xfd, 0x0, 0x0, 0x4f, 0xff, 0xf1, 0x0, 0xd,
    0xff, 0xe9, 0xff, 0xf5, 0x0, 0x8, 0xff, 0xf8,
    0x0, 0x0, 0xe, 0xff, 0xf5, 0x0, 0x3f, 0xff,
    0x94, 0xff, 0xfa, 0x0, 0xd, 0xff, 0xf3, 0x0,
    0x0, 0x9, 0xff, 0xfb, 0x0, 0x8f, 0xff, 0x40,
    0xef, 0xff, 0x0, 0x3f, 0xff, 0xd0, 0x0, 0x0,
    0x4, 0xff, 0xff, 0x0, 0xef, 0xfe, 0x0, 0x9f,
    0xff, 0x50, 0x8f, 0xff, 0x80, 0x0, 0x0, 0x0,
    0xef, 0xff, 0x53, 0xff, 0xf9, 0x0, 0x4f, 0xff,
    0xa0, 0xdf, 0xff, 0x30, 0x0, 0x0, 0x0, 0x9f,
    0xff, 0xa9, 0xff, 0xf4, 0x0, 0xe, 0xff, 0xf3,
    0xff, 0xfd, 0x0, 0x0, 0x0, 0x0, 0x4f, 0xff,
    0xfe, 0xff, 0xe0, 0x0, 0x9, 0xff, 0xfd, 0xff,
    0xf8, 0x0, 0x0, 0x0, 0x0, 0xe, 0xff, 0xff,
    0xff, 0x90, 0x0, 0x4, 0xff, 0xff, 0xff, 0xf3,
    0x0, 0x0, 0x0, 0x0, 0x9, 0xff, 0xff, 0xff,
    0x30, 0x0, 0x0, 0xff, 0xff, 0xff, 0xd0, 0x0,
    0x0, 0x0, 0x0, 0x4, 0xff, 0xff, 0xfe, 0x0,
    0x0, 0x0, 0xaf, 0xff, 0xff, 0x80, 0x0, 0x0,
    0x0, 0x0, 0x0, 0xef, 0xff, 0xf8, 0x0, 0x0,
    0x0, 0x4f, 0xff, 0xff, 0x30, 0x0, 0x0, 0x0,
    0x0, 0x0, 0x9f, 0xff, 0xf3, 0x0, 0x0, 0x0,
    0xf, 0xff, 0xfe, 0x0, 0x0, 0x0,

    /* U+0058 "X" */
    0x3f, 0xff, 0xf8, 0x0, 0x0, 0x0, 0xd, 0xff,
    0xfa, 0x0, 0x8f, 0xff, 0xf4, 0x0, 0x0, 0x9,
    0xff, 0xfe, 0x10, 0x0, 0xcf, 0xff, 0xe1, 0x0,
    0x4, 0xff, 0xff, 0x30, 0x0, 0x1, 0xff, 0xff,
    0xb0, 0x1, 0xef, 0xff, 0x70, 0x0, 0x0, 0x5,
    0xff, 0xff, 0x60, 0xbf, 0xff, 0xc0, 0x0, 0x0,
    0x0, 0xa, 0xff, 0xff, 0x9f, 0xff, 0xe1, 0x0,
    0x0, 0x0, 0x0, 0xd, 0xff, 0xff, 0xff, 0xf4,
    0x0, 0x0, 0x0, 0x0, 0x0, 0x3f, 0xff, 0xff,
    0xf9, 0x0, 0x0, 0x0, 0x0, 0x0, 0x0, 0x7f,
    0xff, 0xfe, 0x0, 0x0, 0x0, 0x0, 0x0, 0x0,
    0xb, 0xff, 0xff, 0xf4, 0x0, 0x0, 0x0, 0x0,
    0x0, 0x6, 0xff, 0xff, 0xff, 0xe1, 0x0, 0x0,
    0x0, 0x0, 0x3, 0xff, 0xff, 0xff, 0xff, 0xb0,
    0x0, 0x0, 0x0, 0x0, 0xdf, 0xff, 0xb4, 0xff,
    0xff, 0x70, 0x0, 0x0, 0x0, 0xaf, 0xff, 0xe1,
    0x8, 0xff, 0xff, 0x30, 0x0, 0x0, 0x5f, 0xff,
    0xf5, 0x0, 0xc, 0xff, 0xfd, 0x0, 0x0, 0x2f,
    0xff, 0xfa, 0x0, 0x0, 0x2f, 0xff, 0xfa, 0x0,
    0xc, 0xff, 0xfe, 0x0, 0x0, 0x0, 0x6f, 0xff,
    0xf6, 0x8, 0xff, 0xff, 0x40, 0x0, 0x0, 0x0,
    0xbf, 0xff, 0xf2,

    /* U+0059 "Y" */
    0x1f, 0xff, 0xf6, 0x0, 0x0, 0x0, 0x0, 0x7f,
    0xff, 0xa0, 0x7f, 0xff, 0xe1, 0x0, 0x0, 0x0,
    0x2f, 0xff, 0xf1, 0x0, 0xdf, 0xff, 0x90, 0x0,
    0x0, 0xb, 0xff, 0xf7, 0x0, 0x3, 0xff, 0xff,
    0x30, 0x0, 0x5, 0xff, 0xfd, 0x0, 0x0, 0xa,
    0xff, 0xfc, 0x0, 0x0, 0xef, 0xff, 0x30, 0x0,
    0x0, 0x1e, 0xff, 0xf6, 0x0, 0x8f, 0xff, 0x90,
    0x0, 0x0, 0x0, 0x6f, 0xff, 0xf1, 0x2f, 0xff,
    0xe1, 0x0, 0x0, 0x0, 0x0, 0xcf, 0xff, 0xac,
    0xff, 0xf6, 0x0, 0x0, 0x0, 0x0, 0x3, 0xff,
    0xff, 0xff, 0xfc, 0x0, 0x0, 0x0, 0x0, 0x0,
    0x9, 0xff, 0xff, 0xff, 0x30, 0x0, 0x0, 0x0,
    0x0, 0x0, 0x1e, 0xff, 0xff, 0x90, 0x0, 0x0,
    0x0, 0x0, 0x0, 0x0, 0x6f, 0xff, 0xf0, 0x0,
    0x0, 0x0, 0x0, 0x0, 0x0, 0x5, 0xff, 0xfe,
    0x0, 0x0, 0x0, 0x0, 0x0, 0x0, 0x0, 0x5f,
    0xff, 0xe0, 0x0, 0x0, 0x0, 0x0, 0x0, 0x0,
    0x5, 0xff, 0xfe, 0x0, 0x0, 0x0, 0x0, 0x0,
    0x0, 0x0, 0x5f, 0xff, 0xe0, 0x0, 0x0, 0x0,
    0x0, 0x0, 0x0, 0x5, 0xff, 0xfe, 0x0, 0x0,
    0x0, 0x0, 0x0, 0x0, 0x0, 0x5f, 0xff, 0xe0,
    0x0, 0x0, 0x0,

    /* U+005A "Z" */
    0xc, 0xff, 0xff, 0xff, 0xff, 0xff, 0xff, 0xff,
    0x80, 0xcf, 0xff, 0xff, 0xff, 0xff, 0xff, 0xff,
    0xf8, 0xc, 0xff, 0xff, 0xff, 0xff, 0xff, 0xff,
    0xff, 0x70, 0x46, 0x66, 0x66, 0x66, 0x68, 0xff,
    0xff, 0xc0, 0x0, 0x0, 0x0, 0x0, 0x1, 0xef,
    0xff, 0xe1, 0x0, 0x0, 0x0, 0x0, 0x0, 0xcf,
    0xff, 0xf3, 0x0, 0x0, 0x0, 0x0, 0x0, 0xaf,
    0xff, 0xf5, 0x0, 0x0, 0x0, 0x0, 0x0, 0x7f,
    0xff, 0xf7, 0x0, 0x0, 0x0, 0x0, 0x0, 0x5f,
    0xff, 0xfa, 0x0, 0x0, 0x0, 0x0, 0x0, 0x3f,
    0xff, 0xfc, 0x0, 0x0, 0x0, 0x0, 0x0, 0x1e,
    0xff, 0xfe, 0x10, 0x0, 0x0, 0x0, 0x0, 0xc,
    0xff, 0xff, 0x30, 0x0, 0x0, 0x0, 0x0, 0xa,
    0xff, 0xff, 0x50, 0x0, 0x0, 0x0, 0x0, 0x8,
    0xff, 0xff, 0x70, 0x0, 0x0, 0x0, 0x0, 0x5,
    0xff, 0xff, 0xe6, 0x66, 0x66, 0x66, 0x66, 0x50,
    0xff, 0xff, 0xff, 0xff, 0xff, 0xff, 0xff, 0xfe,
    0xf, 0xff, 0xff, 0xff, 0xff, 0xff, 0xff, 0xff,
    0xe0, 0xff, 0xff, 0xff, 0xff, 0xff, 0xff, 0xff,
    0xfe,

    /* U+005B "[" */
    0xdf, 0xff, 0xff, 0xf3, 0xdf, 0xff, 0xff, 0xf3,
    0xdf, 0xff, 0xff, 0xf3, 0xdf, 0xff, 0x52, 0x20,
    0xdf, 0xff, 0x30, 0x0, 0xdf, 0xff, 0x30, 0x0,
    0xdf, 0xff, 0x30, 0x0, 0xdf, 0xff, 0x30, 0x0,
    0xdf, 0xff, 0x30, 0x0, 0xdf, 0xff, 0x30, 0x0,
    0xdf, 0xff, 0x30, 0x0, 0xdf, 0xff, 0x30, 0x0,
    0xdf, 0xff, 0x30, 0x0, 0xdf, 0xff, 0x30, 0x0,
    0xdf, 0xff, 0x30, 0x0, 0xdf, 0xff, 0x30, 0x0,
    0xdf, 0xff, 0x30, 0x0, 0xdf, 0xff, 0x30, 0x0,
    0xdf, 0xff, 0x30, 0x0, 0xdf, 0xff, 0x30, 0x0,
    0xdf, 0xff, 0x52, 0x20, 0xdf, 0xff, 0xff, 0xf3,
    0xdf, 0xff, 0xff, 0xf3, 0xdf, 0xff, 0xff, 0xf3,

    /* U+005C "\\" */
    0xe, 0xff, 0xa0, 0x0, 0x0, 0x0, 0x0, 0x9,
    0xff, 0xf1, 0x0, 0x0, 0x0, 0x0, 0x3, 0xff,
    0xf6, 0x0, 0x0, 0x0, 0x0, 0x0, 0xdf, 0xfb,
    0x0, 0x0, 0x0, 0x0, 0x0, 0x8f, 0xff, 0x10,
    0x0, 0x0, 0x0, 0x0, 0x2f, 0xff, 0x70, 0x0,
    0x0, 0x0, 0x0, 0xc, 0xff, 0xd0, 0x0, 0x0,
    0x0, 0x0, 0x7, 0xff, 0xf2, 0x0, 0x0, 0x0,
    0x0, 0x1, 0xff, 0xf8, 0x0, 0x0, 0x0, 0x0,
    0x0, 0xbf, 0xfe, 0x0, 0x0, 0x0, 0x0, 0x0,
    0x5f, 0xff, 0x40, 0x0, 0x0, 0x0, 0x0, 0xf,
    0xff, 0x90, 0x0, 0x0, 0x0, 0x0, 0xa, 0xff,
    0xe0, 0x0, 0x0, 0x0, 0x0, 0x4, 0xff, 0xf5,
    0x0, 0x0, 0x0, 0x0, 0x0, 0xef, 0xfa, 0x0,
    0x0, 0x0, 0x0, 0x0, 0x9f, 0xff, 0x10, 0x0,
    0x0, 0x0, 0x0, 0x3f, 0xff, 0x60, 0x0, 0x0,
    0x0, 0x0, 0xd, 0xff, 0xc0, 0x0, 0x0, 0x0,
    0x0, 0x8, 0xff, 0xf1, 0x0, 0x0, 0x0, 0x0,
    0x2, 0xff, 0xf7, 0x0, 0x0, 0x0, 0x0, 0x0,
    0xcf, 0xfd, 0x0, 0x0, 0x0, 0x0, 0x0, 0x6f,
    0xff, 0x20, 0x0, 0x0, 0x0, 0x0, 0x1f, 0xff,
    0x80, 0x0, 0x0, 0x0, 0x0, 0xb, 0xff, 0xe0,

    /* U+005D "]" */
    0x9f, 0xff, 0xff, 0xf6, 0x9f, 0xff, 0xff, 0xf6,
    0x9f, 0xff, 0xff, 0xf6, 0x12, 0x2a, 0xff, 0xf6,
    0x0, 0xa, 0xff, 0xf6, 0x0, 0xa, 0xff, 0xf6,
    0x0, 0xa, 0xff, 0xf6, 0x0, 0xa, 0xff, 0xf6,
    0x0, 0xa, 0xff, 0xf6, 0x0, 0xa, 0xff, 0xf6,
    0x0, 0xa, 0xff, 0xf6, 0x0, 0xa, 0xff, 0xf6,
    0x0, 0xa, 0xff, 0xf6, 0x0, 0xa, 0xff, 0xf6,
    0x0, 0xa, 0xff, 0xf6, 0x0, 0xa, 0xff, 0xf6,
    0x0, 0xa, 0xff, 0xf6, 0x0, 0xa, 0xff, 0xf6,
    0x0, 0xa, 0xff, 0xf6, 0x0, 0xa, 0xff, 0xf6,
    0x12, 0x2a, 0xff, 0xf6, 0x9f, 0xff, 0xff, 0xf6,
    0x9f, 0xff, 0xff, 0xf6, 0x9f, 0xff, 0xff, 0xf6,

    /* U+005E "^" */
    0x0, 0x0, 0x7, 0x88, 0x40, 0x0, 0x0, 0x0,
    0x0, 0x4f, 0xff, 0xd0, 0x0, 0x0, 0x0, 0x0,
    0xbf, 0xff, 0xf5, 0x0, 0x0, 0x0, 0x2, 0xff,
    0xef, 0xfc, 0x0, 0x0, 0x0, 0x9, 0xff, 0x6c,
    0xff, 0x30, 0x0, 0x0, 0x1f, 0xfe, 0x5, 0xff,
    0xa0, 0x0, 0x0, 0x8f, 0xf8, 0x0, 0xef, 0xf2,
    0x0, 0x0, 0xef, 0xf1, 0x0, 0x8f, 0xf8, 0x0,
    0x6, 0xff, 0xa0, 0x0, 0x1f, 0xff, 0x0, 0xd,
    0xff, 0x40, 0x0, 0xa, 0xff, 0x70, 0x4f, 0xfd,
    0x0, 0x0, 0x3, 0xff, 0xe0,

    /* U+005F "_" */
    0x55, 0x55, 0x55, 0x55, 0x55, 0x55, 0x5f, 0xff,
    0xff, 0xff, 0xff, 0xff, 0xff, 0xff, 0xff, 0xff,
    0xff, 0xff, 0xff, 0xf0,

    /* U+0060 "`" */
    0x38, 0x88, 0x70, 0x0, 0x0, 0x6f, 0xff, 0xa0,
    0x0, 0x0, 0x2d, 0xff, 0xa0, 0x0, 0x0, 0xa,
    0xff, 0xa0,

    /* U+0061 "a" */
    0x0, 0x4, 0x9d, 0xef, 0xfc, 0x82, 0x0, 0x0,
    0x3d, 0xff, 0xff, 0xff, 0xff, 0xf6, 0x0, 0x1,
    0xff, 0xff, 0xff, 0xff, 0xff, 0xf4, 0x0, 0x8,
    0xf9, 0x53, 0x46, 0xef, 0xff, 0xc0, 0x0, 0x1,
    0x0, 0x0, 0x2, 0xff, 0xff, 0x10, 0x0, 0x1,
    0x34, 0x55, 0x5e, 0xff, 0xf3, 0x0, 0x4c, 0xff,
    0xff, 0xff, 0xff, 0xff, 0x30, 0x4f, 0xff, 0xff,
    0xff, 0xff, 0xff, 0xf4, 0xc, 0xff, 0xf8, 0x10,
    0x0, 0xdf, 0xff, 0x40, 0xff, 0xff, 0x0, 0x0,
    0xe, 0xff, 0xf4, 0xf, 0xff, 0xf4, 0x0, 0x9,
    0xff, 0xff, 0x40, 0xaf, 0xff, 0xfc, 0xbe, 0xff,
    0xff, 0xf4, 0x1, 0xdf, 0xff, 0xff, 0xff, 0xbf,
    0xff, 0x40, 0x0, 0x7d, 0xff, 0xe9, 0x28, 0xff,
    0xf4,

    /* U+0062 "b" */
    0x3, 0x33, 0x30, 0x0, 0x0, 0x0, 0x0, 0x0,
    0x2, 0xff, 0xfe, 0x0, 0x0, 0x0, 0x0, 0x0,
    0x0, 0x2f, 0xff, 0xe0, 0x0, 0x0, 0x0, 0x0,
    0x0, 0x2, 0xff, 0xfe, 0x0, 0x0, 0x0, 0x0,
    0x0, 0x0, 0x2f, 0xff, 0xe0, 0x0, 0x0, 0x0,
    0x0, 0x0, 0x2, 0xff, 0xfe, 0x0, 0x0, 0x0,
    0x0, 0x0, 0x0, 0x2f, 0xff, 0xe0, 0x6c, 0xff,
    0xd9, 0x30, 0x0, 0x2, 0xff, 0xff, 0xcf, 0xff,
    0xff, 0xff, 0x80, 0x0, 0x2f, 0xff, 0xff, 0xff,
    0xff, 0xff, 0xff, 0x90, 0x2, 0xff, 0xff, 0xfd,
    0x75, 0x7e, 0xff, 0xff, 0x40, 0x2f, 0xff, 0xfb,
    0x0, 0x0, 0x1c, 0xff, 0xfa, 0x2, 0xff, 0xff,
    0x20, 0x0, 0x0, 0x4f, 0xff, 0xe0, 0x2f, 0xff,
    0xe0, 0x0, 0x0, 0x0, 0xff, 0xff, 0x2, 0xff,
    0xfe, 0x0, 0x0, 0x0, 0xf, 0xff, 0xf0, 0x2f,
    0xff, 0xf2, 0x0, 0x0, 0x4, 0xff, 0xfe, 0x2,
    0xff, 0xff, 0xb0, 0x0, 0x1, 0xdf, 0xff, 0xa0,
    0x2f, 0xff, 0xff, 0xd7, 0x57, 0xef, 0xff, 0xf4,
    0x2, 0xff, 0xff, 0xff, 0xff, 0xff, 0xff, 0xf9,
    0x0, 0x2f, 0xff, 0xdd, 0xff, 0xff, 0xff, 0xf8,
    0x0, 0x2, 0xff, 0xfc, 0x7, 0xcf, 0xfd, 0x93,
    0x0, 0x0,

    /* U+0063 "c" */
    0x0, 0x0, 0x16, 0xbe, 0xfe, 0xc7, 0x10, 0x0,
    0x0, 0x5e, 0xff, 0xff, 0xff, 0xff, 0x40, 0x0,
    0x6f, 0xff, 0xff, 0xff, 0xff, 0xff, 0x30, 0x3f,
    0xff, 0xfe, 0x75, 0x6d, 0xff, 0xf9, 0xa, 0xff,
    0xfc, 0x0, 0x0, 0xb, 0xb3, 0x0, 0xff, 0xff,
    0x30, 0x0, 0x0, 0x0, 0x0, 0x1f, 0xff, 0xf0,
    0x0, 0x0, 0x0, 0x0, 0x1, 0xff, 0xff, 0x0,
    0x0, 0x0, 0x0, 0x0, 0xf, 0xff, 0xf3, 0x0,
    0x0, 0x0, 0x0, 0x0, 0xaf, 0xff, 0xc0, 0x0,
    0x0, 0xbb, 0x30, 0x3, 0xff, 0xff, 0xe7, 0x56,
    0xdf, 0xff, 0x80, 0x7, 0xff, 0xff, 0xff, 0xff,
    0xff, 0xf3, 0x0, 0x5, 0xff, 0xff, 0xff, 0xff,
    0xe4, 0x0, 0x0, 0x1, 0x6b, 0xef, 0xec, 0x71,
    0x0,

    /* U+0064 "d" */
    0x0, 0x0, 0x0, 0x0, 0x0, 0x0, 0x33, 0x33,
    0x0, 0x0, 0x0, 0x0, 0x0, 0x0, 0xf, 0xff,
    0xf2, 0x0, 0x0, 0x0, 0x0, 0x0, 0x0, 0xff,
    0xff, 0x20, 0x0, 0x0, 0x0, 0x0, 0x0, 0xf,
    0xff, 0xf2, 0x0, 0x0, 0x0, 0x0, 0x0, 0x0,
    0xff, 0xff, 0x20, 0x0, 0x0, 0x0, 0x0, 0x0,
    0xf, 0xff, 0xf2, 0x0, 0x0, 0x39, 0xdf, 0xfc,
    0x60, 0xff, 0xff, 0x20, 0x0, 0x8f, 0xff, 0xff,
    0xff, 0xcf, 0xff, 0xf2, 0x0, 0x9f, 0xff, 0xff,
    0xff, 0xff, 0xff, 0xff, 0x20, 0x4f, 0xff, 0xfe,
    0x75, 0x7d, 0xff, 0xff, 0xf2, 0xa, 0xff, 0xfc,
    0x10, 0x0, 0xb, 0xff, 0xff, 0x20, 0xff, 0xff,
    0x40, 0x0, 0x0, 0x2f, 0xff, 0xf2, 0xf, 0xff,
    0xf0, 0x0, 0x0, 0x0, 0xef, 0xff, 0x20, 0xff,
    0xff, 0x0, 0x0, 0x0, 0xe, 0xff, 0xf2, 0xf,
    0xff, 0xf4, 0x0, 0x0, 0x2, 0xff, 0xff, 0x20,
    0xaf, 0xff, 0xc1, 0x0, 0x0, 0xbf, 0xff, 0xf2,
    0x4, 0xff, 0xff, 0xe7, 0x57, 0xdf, 0xff, 0xff,
    0x20, 0x9, 0xff, 0xff, 0xff, 0xff, 0xff, 0xff,
    0xf2, 0x0, 0x9, 0xff, 0xff, 0xff, 0xfd, 0xdf,
    0xff, 0x20, 0x0, 0x3, 0x9d, 0xff, 0xc7, 0xc,
    0xff, 0xf2,

    /* U+0065 "e" */
    0x0, 0x0, 0x17, 0xce, 0xfd, 0xa5, 0x0, 0x0,
    0x0, 0x6, 0xff, 0xff, 0xff, 0xff, 0xc2, 0x0,
    0x0, 0x7f, 0xff, 0xff, 0xff, 0xff, 0xfe, 0x10,
    0x3, 0xff, 0xff, 0x72, 0x13, 0xbf, 0xff, 0xb0,
    0xb, 0xff, 0xf6, 0x0, 0x0, 0xb, 0xff, 0xf2,
    0xf, 0xff, 0xf5, 0x55, 0x55, 0x59, 0xff, 0xf6,
    0x1f, 0xff, 0xff, 0xff, 0xff, 0xff, 0xff, 0xf8,
    0x1f, 0xff, 0xff, 0xff, 0xff, 0xff, 0xff, 0xf8,
    0xf, 0xff, 0xf2, 0x0, 0x0, 0x0, 0x0, 0x0,
    0xa, 0xff, 0xfb, 0x0, 0x0, 0x0, 0x40, 0x0,
    0x3, 0xff, 0xff, 0xd6, 0x43, 0x7d, 0xf6, 0x0,
    0x0, 0x6f, 0xff, 0xff, 0xff, 0xff, 0xff, 0x40,
    0x0, 0x5, 0xef, 0xff, 0xff, 0xff, 0xfb, 0x0,
    0x0, 0x0, 0x16, 0xbd, 0xff, 0xd9, 0x40, 0x0,

    /* U+0066 "f" */
    0x0, 0x0, 0x0, 0x2, 0x10, 0x0, 0x0, 0x6,
    0xdf, 0xff, 0xe8, 0x0, 0x9, 0xff, 0xff, 0xff,
    0x80, 0x3, 0xff, 0xff, 0xff, 0xf2, 0x0, 0x8f,
    0xff, 0xb1, 0x3, 0x0, 0xa, 0xff, 0xf5, 0x0,
    0x0, 0xcf, 0xff, 0xff, 0xff, 0xfe, 0xc, 0xff,
    0xff, 0xff, 0xff, 0xe0, 0xcf, 0xff, 0xff, 0xff,
    0xfe, 0x0, 0x1a, 0xff, 0xf7, 0x11, 0x10, 0x0,
    0xaf, 0xff, 0x60, 0x0, 0x0, 0xa, 0xff, 0xf6,
    0x0, 0x0, 0x0, 0xaf, 0xff, 0x60, 0x0, 0x0,
    0xa, 0xff, 0xf6, 0x0, 0x0, 0x0, 0xaf, 0xff,
    0x60, 0x0, 0x0, 0xa, 0xff, 0xf6, 0x0, 0x0,
    0x0, 0xaf, 0xff, 0x60, 0x0, 0x0, 0xa, 0xff,
    0xf6, 0x0, 0x0, 0x0, 0xaf, 0xff, 0x60, 0x0,
    0x0, 0xa, 0xff, 0xf6, 0x0, 0x0,

    /* U+0067 "g" */
    0x0, 0x0, 0x39, 0xdf, 0xfc, 0x70, 0x8f, 0xff,
    0x40, 0x0, 0x9f, 0xff, 0xff, 0xff, 0xda, 0xff,
    0xf4, 0x0, 0xaf, 0xff, 0xff, 0xff, 0xff, 0xff,
    0xff, 0x40, 0x5f, 0xff, 0xfd, 0x75, 0x6c, 0xff,
    0xff, 0xf4, 0xc, 0xff, 0xfb, 0x0, 0x0, 0x8,
    0xff, 0xff, 0x40, 0xff, 0xff, 0x20, 0x0, 0x0,
    0xe, 0xff, 0xf4, 0x2f, 0xff, 0xf0, 0x0, 0x0,
    0x0, 0xbf, 0xff, 0x41, 0xff, 0xff, 0x0, 0x0,
    0x0, 0xd, 0xff, 0xf4, 0xe, 0xff, 0xf8, 0x0,
    0x0, 0x4, 0xff, 0xff, 0x40, 0x8f, 0xff, 0xf9,
    0x20, 0x27, 0xff, 0xff, 0xf4, 0x1, 0xdf, 0xff,
    0xff, 0xff, 0xff, 0xff, 0xff, 0x40, 0x2, 0xdf,
    0xff, 0xff, 0xff, 0xfe, 0xff, 0xf4, 0x0, 0x0,
    0x8e, 0xff, 0xff, 0xc3, 0xcf, 0xff, 0x30, 0x0,
    0x0, 0x2, 0x33, 0x10, 0xf, 0xff, 0xf1, 0x0,
    0x7, 0x0, 0x0, 0x0, 0x7, 0xff, 0xfd, 0x0,
    0x7, 0xfe, 0x95, 0x33, 0x5a, 0xff, 0xff, 0x70,
    0x1, 0xff, 0xff, 0xff, 0xff, 0xff, 0xff, 0xc0,
    0x0, 0x1a, 0xff, 0xff, 0xff, 0xff, 0xff, 0xb1,
    0x0, 0x0, 0x2, 0x7b, 0xdf, 0xfe, 0xd9, 0x30,
    0x0, 0x0,

    /* U+0068 "h" */
    0x0, 0x0, 0x0, 0x0, 0x0, 0x0, 0x0, 0x0,
    0x2f, 0xff, 0xe0, 0x0, 0x0, 0x0, 0x0, 0x0,
    0x2f, 0xff, 0xe0, 0x0, 0x0, 0x0, 0x0, 0x0,
    0x2f, 0xff, 0xe0, 0x0, 0x0, 0x0, 0x0, 0x0,
    0x2f, 0xff, 0xe0, 0x0, 0x0, 0x0, 0x0, 0x0,
    0x2f, 0xff, 0xe0, 0x0, 0x0, 0x0, 0x0, 0x0,
    0x2f, 0xff, 0xe0, 0x5b, 0xef, 0xea, 0x30, 0x0,
    0x2f, 0xff, 0xfc, 0xff, 0xff, 0xff, 0xf7, 0x0,
    0x2f, 0xff, 0xff, 0xff, 0xff, 0xff, 0xff, 0x40,
    0x2f, 0xff, 0xff, 0xe9, 0x8b, 0xff, 0xff, 0xb0,
    0x2f, 0xff, 0xfc, 0x10, 0x0, 0x8f, 0xff, 0xf0,
    0x2f, 0xff, 0xf3, 0x0, 0x0, 0x1f, 0xff, 0xf1,
    0x2f, 0xff, 0xf0, 0x0, 0x0, 0xe, 0xff, 0xf2,
    0x2f, 0xff, 0xe0, 0x0, 0x0, 0xe, 0xff, 0xf2,
    0x2f, 0xff, 0xe0, 0x0, 0x0, 0xe, 0xff, 0xf2,
    0x2f, 0xff, 0xe0, 0x0, 0x0, 0xe, 0xff, 0xf2,
    0x2f, 0xff, 0xe0, 0x0, 0x0, 0xe, 0xff, 0xf2,
    0x2f, 0xff, 0xe0, 0x0, 0x0, 0xe, 0xff, 0xf2,
    0x2f, 0xff, 0xe0, 0x0, 0x0, 0xe, 0xff, 0xf2,
    0x2f, 0xff, 0xe0, 0x0, 0x0, 0xe, 0xff, 0xf2,

    /* U+0069 "i" */
    0x9, 0xee, 0x70, 0x6f, 0xff, 0xf4, 0x8f, 0xff,
    0xf5, 0x3f, 0xff, 0xd1, 0x1, 0x65, 0x0, 0x0,
    0x0, 0x0, 0x2f, 0xff, 0xe0, 0x2f, 0xff, 0xe0,
    0x2f, 0xff, 0xe0, 0x2f, 0xff, 0xe0, 0x2f, 0xff,
    0xe0, 0x2f, 0xff, 0xe0, 0x2f, 0xff, 0xe0, 0x2f,
    0xff, 0xe0, 0x2f, 0xff, 0xe0, 0x2f, 0xff, 0xe0,
    0x2f, 0xff, 0xe0, 0x2f, 0xff, 0xe0, 0x2f, 0xff,
    0xe0, 0x2f, 0xff, 0xe0,

    /* U+006A "j" */
    0x0, 0x0, 0x0, 0x56, 0x10, 0x0, 0x0, 0x1d,
    0xff, 0xf3, 0x0, 0x0, 0x5f, 0xff, 0xf8, 0x0,
    0x0, 0x4f, 0xff, 0xf6, 0x0, 0x0, 0x7, 0xee,
    0x90, 0x0, 0x0, 0x0, 0x0, 0x0, 0x0, 0x0,
    0x0, 0x0, 0x0, 0x0, 0x0, 0xf, 0xff, 0xf1,
    0x0, 0x0, 0xf, 0xff, 0xf1, 0x0, 0x0, 0xf,
    0xff, 0xf1, 0x0, 0x0, 0xf, 0xff, 0xf1, 0x0,
    0x0, 0xf, 0xff, 0xf1, 0x0, 0x0, 0xf, 0xff,
    0xf1, 0x0, 0x0, 0xf, 0xff, 0xf1, 0x0, 0x0,
    0xf, 0xff, 0xf1, 0x0, 0x0, 0xf, 0xff, 0xf1,
    0x0, 0x0, 0xf, 0xff, 0xf1, 0x0, 0x0, 0xf,
    0xff, 0xf1, 0x0, 0x0, 0xf, 0xff, 0xf1, 0x0,
    0x0, 0xf, 0xff, 0xf1, 0x0, 0x0, 0xf, 0xff,
    0xf1, 0x0, 0x0, 0xf, 0xff, 0xf0, 0x4, 0x53,
    0xaf, 0xff, 0xe0, 0xc, 0xff, 0xff, 0xff, 0x70,
    0x2f, 0xff, 0xff, 0xfb, 0x0, 0x19, 0xdf, 0xfc,
    0x70, 0x0,

    /* U+006B "k" */
    0x0, 0x0, 0x0, 0x0, 0x0, 0x0, 0x0, 0x0,
    0x2, 0xff, 0xfe, 0x0, 0x0, 0x0, 0x0, 0x0,
    0x0, 0x2f, 0xff, 0xe0, 0x0, 0x0, 0x0, 0x0,
    0x0, 0x2, 0xff, 0xfe, 0x0, 0x0, 0x0, 0x0,
    0x0, 0x0, 0x2f, 0xff, 0xe0, 0x0, 0x0, 0x0,
    0x0, 0x0, 0x2, 0xff, 0xfe, 0x0, 0x0, 0x0,
    0x0, 0x0, 0x0, 0x2f, 0xff, 0xe0, 0x0, 0x0,
    0xaf, 0xff, 0xf3, 0x2, 0xff, 0xfe, 0x0, 0x0,
    0xbf, 0xff, 0xf4, 0x0, 0x2f, 0xff, 0xe0, 0x0,
    0xbf, 0xff, 0xf4, 0x0, 0x2, 0xff, 0xfe, 0x1,
    0xcf, 0xff, 0xf4, 0x0, 0x0, 0x2f, 0xff, 0xe1,
    0xdf, 0xff, 0xf4, 0x0, 0x0, 0x2, 0xff, 0xff,
    0xdf, 0xff, 0xf5, 0x0, 0x0, 0x0, 0x2f, 0xff,
    0xff, 0xff, 0xff, 0x50, 0x0, 0x0, 0x2, 0xff,
    0xff, 0xff, 0xff, 0xff, 0x20, 0x0, 0x0, 0x2f,
    0xff, 0xff, 0xdf, 0xff, 0xfd, 0x0, 0x0, 0x2,
    0xff, 0xff, 0xd1, 0x5f, 0xff, 0xfa, 0x0, 0x0,
    0x2f, 0xff, 0xf1, 0x0, 0x8f, 0xff, 0xf7, 0x0,
    0x2, 0xff, 0xfe, 0x0, 0x0, 0xbf, 0xff, 0xf4,
    0x0, 0x2f, 0xff, 0xe0, 0x0, 0x0, 0xdf, 0xff,
    0xe1, 0x2, 0xff, 0xfe, 0x0, 0x0, 0x2, 0xff,
    0xff, 0xc0,

    /* U+006C "l" */
    0x0, 0x0, 0x2, 0xff, 0xfe, 0x2f, 0xff, 0xe2,
    0xff, 0xfe, 0x2f, 0xff, 0xe2, 0xff, 0xfe, 0x2f,
    0xff, 0xe2, 0xff, 0xfe, 0x2f, 0xff, 0xe2, 0xff,
    0xfe, 0x2f, 0xff, 0xe2, 0xff, 0xfe, 0x2f, 0xff,
    0xe2, 0xff, 0xfe, 0x2f, 0xff, 0xe2, 0xff, 0xfe,
    0x2f, 0xff, 0xe2, 0xff, 0xfe, 0x2f, 0xff, 0xe2,
    0xff, 0xfe,

    /* U+006D "m" */
    0x2f, 0xff, 0xc1, 0x8c, 0xff, 0xd9, 0x10, 0x3,
    0xae, 0xfe, 0xc6, 0x0, 0x2, 0xff, 0xfe, 0xef,
    0xff, 0xff, 0xff, 0x49, 0xff, 0xff, 0xff, 0xfc,
    0x0, 0x2f, 0xff, 0xff, 0xff, 0xff, 0xff, 0xff,
    0xff, 0xff, 0xff, 0xff, 0xf9, 0x2, 0xff, 0xff,
    0xfa, 0x55, 0xbf, 0xff, 0xff, 0xf9, 0x56, 0xdf,
    0xff, 0xf1, 0x2f, 0xff, 0xf9, 0x0, 0x0, 0xdf,
    0xff, 0xf6, 0x0, 0x1, 0xff, 0xff, 0x52, 0xff,
    0xff, 0x20, 0x0, 0x7, 0xff, 0xfe, 0x0, 0x0,
    0xa, 0xff, 0xf7, 0x2f, 0xff, 0xf0, 0x0, 0x0,
    0x6f, 0xff, 0xc0, 0x0, 0x0, 0x9f, 0xff, 0x72,
    0xff, 0xfe, 0x0, 0x0, 0x5, 0xff, 0xfb, 0x0,
    0x0, 0x8, 0xff, 0xf8, 0x2f, 0xff, 0xe0, 0x0,
    0x0, 0x5f, 0xff, 0xb0, 0x0, 0x0, 0x8f, 0xff,
    0x82, 0xff, 0xfe, 0x0, 0x0, 0x5, 0xff, 0xfb,
    0x0, 0x0, 0x8, 0xff, 0xf8, 0x2f, 0xff, 0xe0,
    0x0, 0x0, 0x5f, 0xff, 0xb0, 0x0, 0x0, 0x8f,
    0xff, 0x82, 0xff, 0xfe, 0x0, 0x0, 0x5, 0xff,
    0xfb, 0x0, 0x0, 0x8, 0xff, 0xf8, 0x2f, 0xff,
    0xe0, 0x0, 0x0, 0x5f, 0xff, 0xb0, 0x0, 0x0,
    0x8f, 0xff, 0x82, 0xff, 0xfe, 0x0, 0x0, 0x5,
    0xff, 0xfb, 0x0, 0x0, 0x8, 0xff, 0xf8,

    /* U+006E "n" */
    0x2f, 0xff, 0xc0, 0x7c, 0xef, 0xea, 0x30, 0x0,
    0x2f, 0xff, 0xdd, 0xff, 0xff, 0xff, 0xf7, 0x0,
    0x2f, 0xff, 0xff, 0xff, 0xff, 0xff, 0xff, 0x40,
    0x2f, 0xff, 0xff, 0xc6, 0x48, 0xff, 0xff, 0xb0,
    0x2f, 0xff, 0xfa, 0x0, 0x0, 0x6f, 0xff, 0xf0,
    0x2f, 0xff, 0xf2, 0x0, 0x0, 0xf, 0xff, 0xf1,
    0x2f, 0xff, 0xf0, 0x0, 0x0, 0xe, 0xff, 0xf2,
    0x2f, 0xff, 0xe0, 0x0, 0x0, 0xe, 0xff, 0xf2,
    0x2f, 0xff, 0xe0, 0x0, 0x0, 0xe, 0xff, 0xf2,
    0x2f, 0xff, 0xe0, 0x0, 0x0, 0xe, 0xff, 0xf2,
    0x2f, 0xff, 0xe0, 0x0, 0x0, 0xe, 0xff, 0xf2,
    0x2f, 0xff, 0xe0, 0x0, 0x0, 0xe, 0xff, 0xf2,
    0x2f, 0xff, 0xe0, 0x0, 0x0, 0xe, 0xff, 0xf2,
    0x2f, 0xff, 0xe0, 0x0, 0x0, 0xe, 0xff, 0xf2,

    /* U+006F "o" */
    0x0, 0x0, 0x16, 0xce, 0xfe, 0xc7, 0x10, 0x0,
    0x0, 0x0, 0x5f, 0xff, 0xff, 0xff, 0xff, 0x60,
    0x0, 0x0, 0x7f, 0xff, 0xff, 0xff, 0xff, 0xff,
    0x70, 0x0, 0x3f, 0xff, 0xfe, 0x75, 0x7d, 0xff,
    0xff, 0x30, 0xa, 0xff, 0xfc, 0x0, 0x0, 0xb,
    0xff, 0xfb, 0x0, 0xff, 0xff, 0x30, 0x0, 0x0,
    0x2f, 0xff, 0xf0, 0x1f, 0xff, 0xf0, 0x0, 0x0,
    0x0, 0xff, 0xff, 0x21, 0xff, 0xff, 0x0, 0x0,
    0x0, 0xf, 0xff, 0xf2, 0xf, 0xff, 0xf3, 0x0,
    0x0, 0x2, 0xff, 0xff, 0x0, 0xaf, 0xff, 0xc0,
    0x0, 0x0, 0xbf, 0xff, 0xb0, 0x3, 0xff, 0xff,
    0xe7, 0x57, 0xdf, 0xff, 0xf3, 0x0, 0x7, 0xff,
    0xff, 0xff, 0xff, 0xff, 0xf7, 0x0, 0x0, 0x6,
    0xff, 0xff, 0xff, 0xff, 0xf6, 0x0, 0x0, 0x0,
    0x1, 0x7c, 0xef, 0xec, 0x71, 0x0, 0x0,

    /* U+0070 "p" */
    0x2f, 0xff, 0xc1, 0x8d, 0xff, 0xd9, 0x20, 0x0,
    0x2, 0xff, 0xfe, 0xef, 0xff, 0xff, 0xff, 0x80,
    0x0, 0x2f, 0xff, 0xff, 0xff, 0xff, 0xff, 0xff,
    0x80, 0x2, 0xff, 0xff, 0xfa, 0x31, 0x3b, 0xff,
    0xff, 0x30, 0x2f, 0xff, 0xf9, 0x0, 0x0, 0xb,
    0xff, 0xfa, 0x2, 0xff, 0xff, 0x10, 0x0, 0x0,
    0x3f, 0xff, 0xe0, 0x2f, 0xff, 0xe0, 0x0, 0x0,
    0x0, 0xff, 0xff, 0x2, 0xff, 0xfe, 0x0, 0x0,
    0x0, 0xf, 0xff, 0xf0, 0x2f, 0xff, 0xf2, 0x0,
    0x0, 0x4, 0xff, 0xfe, 0x2, 0xff, 0xff, 0xb0,
    0x0, 0x1, 0xdf, 0xff, 0xa0, 0x2f, 0xff, 0xff,
    0xd7, 0x57, 0xef, 0xff, 0xf4, 0x2, 0xff, 0xff,
    0xff, 0xff, 0xff, 0xff, 0xf9, 0x0, 0x2f, 0xff,
    0xfc, 0xff, 0xff, 0xff, 0xf8, 0x0, 0x2, 0xff,
    0xfe, 0x7, 0xcf, 0xfd, 0x93, 0x0, 0x0, 0x2f,
    0xff, 0xe0, 0x0, 0x0, 0x0, 0x0, 0x0, 0x2,
    0xff, 0xfe, 0x0, 0x0, 0x0, 0x0, 0x0, 0x0,
    0x2f, 0xff, 0xe0, 0x0, 0x0, 0x0, 0x0, 0x0,
    0x2, 0xff, 0xfe, 0x0, 0x0, 0x0, 0x0, 0x0,
    0x0, 0x2f, 0xff, 0xe0, 0x0, 0x0, 0x0, 0x0,
    0x0, 0x0,

    /* U+0071 "q" */
    0x0, 0x0, 0x39, 0xdf, 0xfc, 0x70, 0xdf, 0xff,
    0x10, 0x0, 0x9f, 0xff, 0xff, 0xff, 0xcd, 0xff,
    0xf1, 0x0, 0x9f, 0xff, 0xff, 0xff, 0xff, 0xff,
    0xff, 0x10, 0x4f, 0xff, 0xfe, 0x75, 0x7d, 0xff,
    0xff, 0xf1, 0xb, 0xff, 0xfc, 0x0, 0x0, 0xb,
    0xff, 0xff, 0x10, 0xff, 0xff, 0x30, 0x0, 0x0,
    0x2f, 0xff, 0xf1, 0x1f, 0xff, 0xf0, 0x0, 0x0,
    0x0, 0xff, 0xff, 0x11, 0xff, 0xff, 0x0, 0x0,
    0x0, 0xf, 0xff, 0xf1, 0xf, 0xff, 0xf3, 0x0,
    0x0, 0x2, 0xff, 0xff, 0x10, 0xbf, 0xff, 0xc0,
    0x0, 0x0, 0xbf, 0xff, 0xf1, 0x5, 0xff, 0xff,
    0xe7, 0x57, 0xdf, 0xff, 0xff, 0x10, 0xa, 0xff,
    0xff, 0xff, 0xff, 0xff, 0xff, 0xf1, 0x0, 0x9,
    0xff, 0xff, 0xff, 0xfc, 0xff, 0xff, 0x10, 0x0,
    0x3, 0x9d, 0xff, 0xc6, 0xf, 0xff, 0xf1, 0x0,
    0x0, 0x0, 0x0, 0x0, 0x0, 0xff, 0xff, 0x10,
    0x0, 0x0, 0x0, 0x0, 0x0, 0xf, 0xff, 0xf1,
    0x0, 0x0, 0x0, 0x0, 0x0, 0x0, 0xff, 0xff,
    0x10, 0x0, 0x0, 0x0, 0x0, 0x0, 0xf, 0xff,
    0xf1, 0x0, 0x0, 0x0, 0x0, 0x0, 0x0, 0xff,
    0xff, 0x10,

    /* U+0072 "r" */
    0x2f, 0xff, 0xc0, 0x6c, 0xe8, 0x2f, 0xff, 0xdd,
    0xff, 0xf9, 0x2f, 0xff, 0xff, 0xff, 0xf9, 0x2f,
    0xff, 0xff, 0xf9, 0x74, 0x2f, 0xff, 0xfc, 0x10,
    0x0, 0x2f, 0xff, 0xf3, 0x0, 0x0, 0x2f, 0xff,
    0xf0, 0x0, 0x0, 0x2f, 0xff, 0xe0, 0x0, 0x0,
    0x2f, 0xff, 0xe0, 0x0, 0x0, 0x2f, 0xff, 0xe0,
    0x0, 0x0, 0x2f, 0xff, 0xe0, 0x0, 0x0, 0x2f,
    0xff, 0xe0, 0x0, 0x0, 0x2f, 0xff, 0xe0, 0x0,
    0x0, 0x2f, 0xff, 0xe0, 0x0, 0x0,

    /* U+0073 "s" */
    0x0, 0x4, 0xad, 0xff, 0xec, 0x95, 0x0, 0x0,
    0xaf, 0xff, 0xff, 0xff, 0xff, 0x80, 0x9, 0xff,
    0xff, 0xff, 0xff, 0xff, 0x10, 0xf, 0xff, 0xf6,
    0x10, 0x25, 0xa9, 0x0, 0x1f, 0xff, 0xd0, 0x0,
    0x0, 0x0, 0x0, 0xf, 0xff, 0xfd, 0x85, 0x30,
    0x0, 0x0, 0x7, 0xff, 0xff, 0xff, 0xff, 0xb4,
    0x0, 0x0, 0x6c, 0xff, 0xff, 0xff, 0xff, 0x60,
    0x0, 0x0, 0x14, 0x7a, 0xef, 0xff, 0xf0, 0x0,
    0x0, 0x0, 0x0, 0xd, 0xff, 0xf2, 0x8, 0xe9,
    0x41, 0x1, 0x4e, 0xff, 0xf1, 0xf, 0xff, 0xff,
    0xff, 0xff, 0xff, 0xa0, 0x3f, 0xff, 0xff, 0xff,
    0xff, 0xfb, 0x0, 0x1, 0x6a, 0xdf, 0xff, 0xda,
    0x40, 0x0,

    /* U+0074 "t" */
    0x0, 0xaf, 0xff, 0x60, 0x0, 0x0, 0xa, 0xff,
    0xf6, 0x0, 0x0, 0x0, 0xaf, 0xff, 0x60, 0x0,
    0xc, 0xff, 0xff, 0xff, 0xff, 0xe0, 0xcf, 0xff,
    0xff, 0xff, 0xfe, 0xc, 0xff, 0xff, 0xff, 0xff,
    0xe0, 0x1, 0xaf, 0xff, 0x71, 0x10, 0x0, 0xa,
    0xff, 0xf6, 0x0, 0x0, 0x0, 0xaf, 0xff, 0x60,
    0x0, 0x0, 0xa, 0xff, 0xf6, 0x0, 0x0, 0x0,
    0xaf, 0xff, 0x60, 0x0, 0x0, 0xa, 0xff, 0xf6,
    0x0, 0x0, 0x0, 0x9f, 0xff, 0x80, 0x0, 0x0,
    0x7, 0xff, 0xfe, 0x53, 0x70, 0x0, 0x2f, 0xff,
    0xff, 0xff, 0x40, 0x0, 0x7f, 0xff, 0xff, 0xfa,
    0x0, 0x0, 0x4b, 0xef, 0xeb, 0x40,

    /* U+0075 "u" */
    0x3f, 0xff, 0xd0, 0x0, 0x0, 0x1f, 0xff, 0xf3,
    0xff, 0xfd, 0x0, 0x0, 0x1, 0xff, 0xff, 0x3f,
    0xff, 0xd0, 0x0, 0x0, 0x1f, 0xff, 0xf3, 0xff,
    0xfd, 0x0, 0x0, 0x1, 0xff, 0xff, 0x3f, 0xff,
    0xd0, 0x0, 0x0, 0x1f, 0xff, 0xf3, 0xff, 0xfd,
    0x0, 0x0, 0x1, 0xff, 0xff, 0x3f, 0xff, 0xd0,
    0x0, 0x0, 0x1f, 0xff, 0xf3, 0xff, 0xfe, 0x0,
    0x0, 0x3, 0xff, 0xff, 0x2f, 0xff, 0xf0, 0x0,
    0x0, 0x6f, 0xff, 0xf0, 0xff, 0xff, 0x70, 0x0,
    0x1e, 0xff, 0xff, 0xb, 0xff, 0xff, 0xb8, 0x9e,
    0xff, 0xff, 0xf0, 0x4f, 0xff, 0xff, 0xff, 0xff,
    0xff, 0xff, 0x0, 0x7f, 0xff, 0xff, 0xff, 0xbe,
    0xff, 0xf0, 0x0, 0x3a, 0xdf, 0xeb, 0x50, 0xef,
    0xff,

    /* U+0076 "v" */
    0xf, 0xff, 0xf3, 0x0, 0x0, 0x0, 0x5f, 0xff,
    0x80, 0x9f, 0xff, 0x90, 0x0, 0x0, 0xc, 0xff,
    0xf2, 0x2, 0xff, 0xff, 0x0, 0x0, 0x3, 0xff,
    0xfb, 0x0, 0xb, 0xff, 0xf6, 0x0, 0x0, 0x9f,
    0xff, 0x40, 0x0, 0x5f, 0xff, 0xc0, 0x0, 0x1f,
    0xff, 0xd0, 0x0, 0x0, 0xef, 0xff, 0x30, 0x7,
    0xff, 0xf6, 0x0, 0x0, 0x7, 0xff, 0xfa, 0x0,
    0xdf, 0xff, 0x0, 0x0, 0x0, 0x1f, 0xff, 0xf1,
    0x4f, 0xff, 0x90, 0x0, 0x0, 0x0, 0xaf, 0xff,
    0x7b, 0xff, 0xf2, 0x0, 0x0, 0x0, 0x3, 0xff,
    0xfe, 0xff, 0xfc, 0x0, 0x0, 0x0, 0x0, 0xc,
    0xff, 0xff, 0xff, 0x50, 0x0, 0x0, 0x0, 0x0,
    0x6f, 0xff, 0xff, 0xe0, 0x0, 0x0, 0x0, 0x0,
    0x0, 0xef, 0xff, 0xf7, 0x0, 0x0, 0x0, 0x0,
    0x0, 0x8, 0xff, 0xff, 0x10, 0x0, 0x0,

    /* U+0077 "w" */
    0xcf, 0xff, 0x0, 0x0, 0x0, 0x9f, 0xff, 0x30,
    0x0, 0x0, 0x6f, 0xff, 0x26, 0xff, 0xf5, 0x0,
    0x0, 0xe, 0xff, 0xf8, 0x0, 0x0, 0xc, 0xff,
    0xc0, 0x1f, 0xff, 0xb0, 0x0, 0x5, 0xff, 0xff,
    0xe0, 0x0, 0x2, 0xff, 0xf6, 0x0, 0xbf, 0xff,
    0x10, 0x0, 0xbf, 0xff, 0xff, 0x30, 0x0, 0x8f,
    0xff, 0x10, 0x5, 0xff, 0xf6, 0x0, 0x1f, 0xff,
    0xff, 0xf9, 0x0, 0xd, 0xff, 0xb0, 0x0, 0xf,
    0xff, 0xc0, 0x6, 0xff, 0xfd, 0xff, 0xe0, 0x3,
    0xff, 0xf5, 0x0, 0x0, 0xaf, 0xff, 0x10, 0xcf,
    0xfc, 0x5f, 0xff, 0x40, 0x9f, 0xff, 0x0, 0x0,
    0x4, 0xff, 0xf7, 0x2f, 0xff, 0x60, 0xff, 0xfa,
    0xe, 0xff, 0x90, 0x0, 0x0, 0xe, 0xff, 0xd7,
    0xff, 0xf0, 0xa, 0xff, 0xf5, 0xff, 0xf4, 0x0,
    0x0, 0x0, 0x8f, 0xff, 0xef, 0xfa, 0x0, 0x4f,
    0xff, 0xef, 0xfe, 0x0, 0x0, 0x0, 0x3, 0xff,
    0xff, 0xff, 0x40, 0x0, 0xef, 0xff, 0xff, 0x80,
    0x0, 0x0, 0x0, 0xd, 0xff, 0xff, 0xe0, 0x0,
    0x8, 0xff, 0xff, 0xf2, 0x0, 0x0, 0x0, 0x0,
    0x7f, 0xff, 0xf8, 0x0, 0x0, 0x2f, 0xff, 0xfc,
    0x0, 0x0, 0x0, 0x0, 0x1, 0xff, 0xff, 0x20,
    0x0, 0x0, 0xdf, 0xff, 0x70, 0x0, 0x0,

    /* U+0078 "x" */
    0x5f, 0xff, 0xf3, 0x0, 0x0, 0x8f, 0xff, 0xc0,
    0x9, 0xff, 0xfd, 0x0, 0x4, 0xff, 0xfe, 0x10,
    0x0, 0xdf, 0xff, 0xa0, 0x1e, 0xff, 0xf4, 0x0,
    0x0, 0x2f, 0xff, 0xf6, 0xcf, 0xff, 0x70, 0x0,
    0x0, 0x5, 0xff, 0xff, 0xff, 0xfb, 0x0, 0x0,
    0x0, 0x0, 0x9f, 0xff, 0xff, 0xe1, 0x0, 0x0,
    0x0, 0x0, 0xd, 0xff, 0xff, 0x30, 0x0, 0x0,
    0x0, 0x0, 0x1d, 0xff, 0xff, 0x70, 0x0, 0x0,
    0x0, 0x0, 0xbf, 0xff, 0xff, 0xf3, 0x0, 0x0,
    0x0, 0x7, 0xff, 0xff, 0xff, 0xfe, 0x10, 0x0,
    0x0, 0x3f, 0xff, 0xf2, 0xbf, 0xff, 0xb0, 0x0,
    0x1, 0xef, 0xff, 0x60, 0x1e, 0xff, 0xf7, 0x0,
    0xb, 0xff, 0xfa, 0x0, 0x5, 0xff, 0xff, 0x30,
    0x8f, 0xff, 0xd0, 0x0, 0x0, 0x9f, 0xff, 0xe1,

    /* U+0079 "y" */
    0xf, 0xff, 0xf3, 0x0, 0x0, 0x0, 0x5f, 0xff,
    0x80, 0x8f, 0xff, 0x90, 0x0, 0x0, 0xc, 0xff,
    0xf1, 0x2, 0xff, 0xff, 0x10, 0x0, 0x3, 0xff,
    0xfa, 0x0, 0xa, 0xff, 0xf7, 0x0, 0x0, 0x9f,
    0xff, 0x30, 0x0, 0x4f, 0xff, 0xd0, 0x0, 0x1f,
    0xff, 0xc0, 0x0, 0x0, 0xdf, 0xff, 0x40, 0x7,
    0xff, 0xf6, 0x0, 0x0, 0x6, 0xff, 0xfb, 0x0,
    0xdf, 0xfe, 0x0, 0x0, 0x0, 0xe, 0xff, 0xf1,
    0x4f, 0xff, 0x80, 0x0, 0x0, 0x0, 0x8f, 0xff,
    0x8b, 0xff, 0xf1, 0x0, 0x0, 0x0, 0x1, 0xff,
    0xfe, 0xff, 0xfa, 0x0, 0x0, 0x0, 0x0, 0xa,
    0xff, 0xff, 0xff, 0x30, 0x0, 0x0, 0x0, 0x0,
    0x3f, 0xff, 0xff, 0xc0, 0x0, 0x0, 0x0, 0x0,
    0x0, 0xcf, 0xff, 0xf5, 0x0, 0x0, 0x0, 0x0,
    0x0, 0x5, 0xff, 0xfe, 0x0, 0x0, 0x0, 0x0,
    0x0, 0x0, 0x7f, 0xff, 0x80, 0x0, 0x0, 0x0,
    0x1d, 0x64, 0x7f, 0xff, 0xf1, 0x0, 0x0, 0x0,
    0x9, 0xff, 0xff, 0xff, 0xf7, 0x0, 0x0, 0x0,
    0x1, 0xff, 0xff, 0xff, 0xfa, 0x0, 0x0, 0x0,
    0x0, 0x3, 0xae, 0xfe, 0xb4, 0x0, 0x0, 0x0,
    0x0, 0x0,

    /* U+007A "z" */
    0xe, 0xff, 0xff, 0xff, 0xff, 0xff, 0xf2, 0xe,
    0xff, 0xff, 0xff, 0xff, 0xff, 0xf2, 0xe, 0xff,
    0xff, 0xff, 0xff, 0xff, 0xe1, 0x0, 0x11, 0x11,
    0x16, 0xff, 0xff, 0x40, 0x0, 0x0, 0x0, 0x3f,
    0xff, 0xf6, 0x0, 0x0, 0x0, 0x1, 0xef, 0xff,
    0x90, 0x0, 0x0, 0x0, 0xc, 0xff, 0xfb, 0x0,
    0x0, 0x0, 0x0, 0xaf, 0xff, 0xd0, 0x0, 0x0,
    0x0, 0x8, 0xff, 0xfe, 0x20, 0x0, 0x0, 0x0,
    0x5f, 0xff, 0xf3, 0x0, 0x0, 0x0, 0x3, 0xff,
    0xff, 0x71, 0x11, 0x11, 0x10, 0xe, 0xff, 0xff,
    0xff, 0xff, 0xff, 0xf6, 0x1f, 0xff, 0xff, 0xff,
    0xff, 0xff, 0xf6, 0x1f, 0xff, 0xff, 0xff, 0xff,
    0xff, 0xf6,

    /* U+007B "{" */
    0x0, 0x0, 0x6c, 0xff, 0xc0, 0x0, 0x9f, 0xff,
    0xfc, 0x0, 0x3f, 0xff, 0xff, 0xc0, 0x8, 0xff,
    0xfe, 0x41, 0x0, 0x9f, 0xff, 0x80, 0x0, 0xa,
    0xff, 0xf6, 0x0, 0x0, 0xaf, 0xff, 0x60, 0x0,
    0xa, 0xff, 0xf6, 0x0, 0x0, 0xaf, 0xff, 0x60,
    0x0, 0xa, 0xff, 0xf6, 0x0, 0x13, 0xef, 0xff,
    0x40, 0xa, 0xff, 0xff, 0xd0, 0x0, 0xaf, 0xff,
    0xf3, 0x0, 0xa, 0xff, 0xff, 0xf1, 0x0, 0x1,
    0xdf, 0xff, 0x50, 0x0, 0xa, 0xff, 0xf6, 0x0,
    0x0, 0xaf, 0xff, 0x60, 0x0, 0xa, 0xff, 0xf6,
    0x0, 0x0, 0xaf, 0xff, 0x60, 0x0, 0xa, 0xff,
    0xf7, 0x0, 0x0, 0x8f, 0xff, 0xe4, 0x10, 0x4,
    0xff, 0xff, 0xfc, 0x0, 0xb, 0xff, 0xff, 0xc0,
    0x0, 0x7, 0xcf, 0xfc,

    /* U+007C "|" */
    0xdf, 0xfd, 0xdf, 0xfe, 0xdf, 0xfe, 0xdf, 0xfe,
    0xdf, 0xfe, 0xdf, 0xfe, 0xdf, 0xfe, 0xdf, 0xfe,
    0xdf, 0xfe, 0xdf, 0xfe, 0xdf, 0xfe, 0xdf, 0xfe,
    0xdf, 0xfe, 0xdf, 0xfe, 0xdf, 0xfe, 0xdf, 0xfe,
    0xdf, 0xfe, 0xdf, 0xfe, 0xdf, 0xfe, 0xdf, 0xfe,
    0xdf, 0xfe, 0xdf, 0xfe, 0xdf, 0xfe, 0xdf, 0xfe,

    /* U+007D "}" */
    0x9f, 0xfd, 0x70, 0x0, 0x9, 0xff, 0xff, 0xc0,
    0x0, 0x9f, 0xff, 0xff, 0x60, 0x1, 0x3d, 0xff,
    0xfa, 0x0, 0x0, 0x5f, 0xff, 0xc0, 0x0, 0x4,
    0xff, 0xfd, 0x0, 0x0, 0x4f, 0xff, 0xd0, 0x0,
    0x4, 0xff, 0xfd, 0x0, 0x0, 0x4f, 0xff, 0xd0,
    0x0, 0x3, 0xff, 0xfd, 0x0, 0x0, 0x2f, 0xff,
    0xf4, 0x10, 0x0, 0xbf, 0xff, 0xfd, 0x0, 0x2,
    0xef, 0xff, 0xd0, 0x0, 0xdf, 0xff, 0xfd, 0x0,
    0x2f, 0xff, 0xf2, 0x0, 0x3, 0xff, 0xfd, 0x0,
    0x0, 0x4f, 0xff, 0xd0, 0x0, 0x4, 0xff, 0xfd,
    0x0, 0x0, 0x4f, 0xff, 0xd0, 0x0, 0x5, 0xff,
    0xfc, 0x0, 0x13, 0xcf, 0xff, 0xb0, 0x9, 0xff,
    0xff, 0xf7, 0x0, 0x9f, 0xff, 0xfd, 0x0, 0x9,
    0xff, 0xd8, 0x0, 0x0,

    /* U+007E "~" */
    0x0, 0x9e, 0xfc, 0x40, 0x0, 0x5f, 0xf4, 0xb,
    0xff, 0xff, 0xfa, 0x10, 0xbf, 0xf2, 0x4f, 0xff,
    0xff, 0xff, 0xff, 0xff, 0xd0, 0x8f, 0xf5, 0x4,
    0xef, 0xff, 0xff, 0x50, 0xaf, 0xe0, 0x0, 0x8,
    0xef, 0xd5, 0x0,

    /* U+00A0 " " */

    /* U+00A1 "¡" */
    0xa, 0xfd, 0x40, 0x8f, 0xff, 0xf1, 0xaf, 0xff,
    0xf3, 0x5f, 0xff, 0xd0, 0x4, 0x98, 0x10, 0x0,
    0x0, 0x0, 0x7, 0x88, 0x30, 0xe, 0xff, 0x70,
    0xf, 0xff, 0x80, 0xf, 0xff, 0x90, 0x1f, 0xff,
    0xa0, 0x3f, 0xff, 0xb0, 0x4f, 0xff, 0xc0, 0x5f,
    0xff, 0xd0, 0x6f, 0xff, 0xf0, 0x7f, 0xff, 0xf0,
    0x8f, 0xff, 0xf1, 0x9f, 0xff, 0xf2,

    /* U+00A2 "¢" */
    0x0, 0x0, 0x0, 0xd, 0xfa, 0x0, 0x0, 0x0,
    0x0, 0x0, 0x0, 0xef, 0xb0, 0x0, 0x0, 0x0,
    0x0, 0x0, 0xe, 0xfb, 0x0, 0x0, 0x0, 0x0,
    0x1, 0x8c, 0xff, 0xfc, 0x81, 0x0, 0x0, 0x6,
    0xff, 0xff, 0xff, 0xff, 0xf5, 0x0, 0x7, 0xff,
    0xff, 0xff, 0xff, 0xff, 0xf4, 0x3, 0xff, 0xff,
    0xdf, 0xfd, 0xcf, 0xff, 0x80, 0xaf, 0xff, 0xc0,
    0xef, 0xb0, 0xab, 0x20, 0xf, 0xff, 0xf3, 0xe,
    0xfb, 0x0, 0x0, 0x1, 0xff, 0xff, 0x0, 0xef,
    0xb0, 0x0, 0x0, 0x1f, 0xff, 0xf0, 0xe, 0xfb,
    0x0, 0x0, 0x0, 0xff, 0xff, 0x30, 0xef, 0xb0,
    0x0, 0x0, 0xb, 0xff, 0xfb, 0xe, 0xfb, 0xa,
    0xa2, 0x0, 0x3f, 0xff, 0xfc, 0xff, 0xcb, 0xff,
    0xf7, 0x0, 0x8f, 0xff, 0xff, 0xff, 0xff, 0xff,
    0x50, 0x0, 0x7f, 0xff, 0xff, 0xff, 0xff, 0x60,
    0x0, 0x0, 0x29, 0xdf, 0xff, 0xe9, 0x20, 0x0,
    0x0, 0x0, 0x0, 0xef, 0xb0, 0x0, 0x0, 0x0,
    0x0, 0x0, 0xe, 0xfb, 0x0, 0x0, 0x0, 0x0,
    0x0, 0x0, 0xef, 0xb0, 0x0, 0x0,

    /* U+00A3 "£" */
    0x0, 0x0, 0x0, 0x3, 0x8c, 0xef, 0xfe, 0xb7,
    0x10, 0x0, 0x0, 0x1, 0xaf, 0xff, 0xff, 0xff,
    0xff, 0xe0, 0x0, 0x0, 0x1d, 0xff, 0xff, 0xff,
    0xff, 0xff, 0x80, 0x0, 0x0, 0xaf, 0xff, 0xff,
    0xb9, 0x9b, 0xef, 0x20, 0x0, 0x2, 0xff, 0xff,
    0xb1, 0x0, 0x0, 0x4, 0x0, 0x0, 0x6, 0xff,
    0xfe, 0x0, 0x0, 0x0, 0x0, 0x0, 0x0, 0x8,
    0xff, 0xfb, 0x0, 0x0, 0x0, 0x0, 0x0, 0x0,
    0x9, 0xff, 0xfa, 0x0, 0x0, 0x0, 0x0, 0x0,
    0x3f, 0xff, 0xff, 0xff, 0xff, 0xff, 0xfd, 0x0,
    0x0, 0x3f, 0xff, 0xff, 0xff, 0xff, 0xff, 0xfd,
    0x0, 0x0, 0x17, 0x7c, 0xff, 0xfc, 0x77, 0x77,
    0x76, 0x0, 0x0, 0x0, 0xa, 0xff, 0xfa, 0x0,
    0x0, 0x0, 0x0, 0x0, 0x0, 0xa, 0xff, 0xfa,
    0x0, 0x0, 0x0, 0x0, 0x0, 0x0, 0xa, 0xff,
    0xfa, 0x0, 0x0, 0x0, 0x0, 0x0, 0x15, 0x5b,
    0xff, 0xfb, 0x55, 0x55, 0x55, 0x55, 0x20, 0x3f,
    0xff, 0xff, 0xff, 0xff, 0xff, 0xff, 0xff, 0x80,
    0x3f, 0xff, 0xff, 0xff, 0xff, 0xff, 0xff, 0xff,
    0x80, 0x3f, 0xff, 0xff, 0xff, 0xff, 0xff, 0xff,
    0xff, 0x80,

    /* U+00A4 "¤" */
    0x0, 0x53, 0x0, 0x0, 0x0, 0x0, 0x0, 0x27,
    0x0, 0x5, 0xff, 0x30, 0x0, 0x22, 0x0, 0x2,
    0xef, 0x70, 0x1f, 0xff, 0xf6, 0x9f, 0xff, 0xfa,
    0x5e, 0xff, 0xf4, 0x6, 0xff, 0xff, 0xff, 0xff,
    0xff, 0xff, 0xff, 0x90, 0x0, 0x6f, 0xff, 0xff,
    0xff, 0xff, 0xff, 0xf8, 0x0, 0x0, 0xe, 0xff,
    0xe6, 0x10, 0x4d, 0xff, 0xf2, 0x0, 0x0, 0x6f,
    0xff, 0x20, 0x0, 0x1, 0xdf, 0xf9, 0x0, 0x0,
    0x9f, 0xf9, 0x0, 0x0, 0x0, 0x6f, 0xfc, 0x0,
    0x0, 0xbf, 0xf7, 0x0, 0x0, 0x0, 0x4f, 0xfe,
    0x0, 0x0, 0xaf, 0xfa, 0x0, 0x0, 0x0, 0x7f,
    0xfd, 0x0, 0x0, 0x5f, 0xff, 0x40, 0x0, 0x1,
    0xef, 0xf8, 0x0, 0x0, 0xe, 0xff, 0xf8, 0x33,
    0x6e, 0xff, 0xf1, 0x0, 0x0, 0x5f, 0xff, 0xff,
    0xff, 0xff, 0xff, 0xf8, 0x0, 0x5, 0xff, 0xff,
    0xff, 0xff, 0xff, 0xff, 0xff, 0x80, 0x1f, 0xff,
    0xf5, 0x7c, 0xef, 0xd8, 0x4e, 0xff, 0xf4, 0x5,
    0xff, 0x40, 0x0, 0x0, 0x0, 0x2, 0xef, 0x80,
    0x0, 0x64, 0x0, 0x0, 0x0, 0x0, 0x0, 0x27,
    0x0,

    /* U+00A5 "¥" */
    0x1e, 0xff, 0xf7, 0x0, 0x0, 0x0, 0x0, 0x1,
    0xef, 0xff, 0x30, 0x5f, 0xff, 0xf3, 0x0, 0x0,
    0x0, 0x0, 0xbf, 0xff, 0x70, 0x0, 0xaf, 0xff,
    0xd0, 0x0, 0x0, 0x0, 0x6f, 0xff, 0xc0, 0x0,
    0x0, 0xef, 0xff, 0x80, 0x0, 0x0, 0x2f, 0xff,
    0xf2, 0x0, 0x0, 0x4, 0xff, 0xff, 0x40, 0x0,
    0xc, 0xff, 0xf6, 0x0, 0x0, 0x0, 0x9, 0xff,
    0xfe, 0x0, 0x8, 0xff, 0xfb, 0x0, 0x0, 0x0,
    0x0, 0xd, 0xff, 0xfa, 0x3, 0xff, 0xff, 0x10,
    0x0, 0x0, 0x0, 0x0, 0x3f, 0xff, 0xf5, 0xdf,
    0xff, 0x50, 0x0, 0x0, 0x0, 0x0, 0x0, 0x8f,
    0xff, 0xff, 0xff, 0xa0, 0x0, 0x0, 0x0, 0x0,
    0x0, 0x0, 0xcf, 0xff, 0xff, 0xe1, 0x0, 0x0,
    0x0, 0x0, 0x6, 0xff, 0xff, 0xff, 0xff, 0xff,
    0xff, 0xf8, 0x0, 0x0, 0x0, 0x6f, 0xff, 0xff,
    0xff, 0xff, 0xff, 0xff, 0x80, 0x0, 0x0, 0x0,
    0x22, 0x22, 0x9f, 0xff, 0xb2, 0x22, 0x21, 0x0,
    0x0, 0x0, 0x2, 0x22, 0x29, 0xff, 0xfb, 0x22,
    0x22, 0x10, 0x0, 0x0, 0x6, 0xff, 0xff, 0xff,
    0xff, 0xff, 0xff, 0xf8, 0x0, 0x0, 0x0, 0x6f,
    0xff, 0xff, 0xff, 0xff, 0xff, 0xff, 0x80, 0x0,
    0x0, 0x0, 0x0, 0x0, 0x8f, 0xff, 0xa0, 0x0,
    0x0, 0x0, 0x0, 0x0, 0x0, 0x0, 0x8, 0xff,
    0xfa, 0x0, 0x0, 0x0, 0x0,

    /* U+00A6 "¦" */
    0xdf, 0xfe, 0xdf, 0xfe, 0xdf, 0xfe, 0xdf, 0xfe,
    0xdf, 0xfe, 0xdf, 0xfe, 0xdf, 0xfe, 0xdf, 0xfe,
    0xdf, 0xfd, 0x0, 0x0, 0x0, 0x0, 0x0, 0x0,
    0x0, 0x0, 0x0, 0x0, 0x0, 0x0, 0xdf, 0xfd,
    0xdf, 0xfe, 0xdf, 0xfe, 0xdf, 0xfe, 0xdf, 0xfe,
    0xdf, 0xfe, 0xdf, 0xfe, 0xdf, 0xfe, 0xdf, 0xfe,

    /* U+00A7 "§" */
    0x0, 0x1, 0x7c, 0xef, 0xfd, 0xa6, 0x10, 0x0,
    0x4f, 0xff, 0xff, 0xff, 0xff, 0xd0, 0x2, 0xff,
    0xff, 0xff, 0xff, 0xff, 0x80, 0x8, 0xff, 0xf6,
    0x0, 0x2, 0x6d, 0x10, 0xb, 0xff, 0xe0, 0x0,
    0x0, 0x0, 0x0, 0x9, 0xff, 0xfa, 0x30, 0x0,
    0x0, 0x0, 0x3, 0xff, 0xff, 0xff, 0xb6, 0x10,
    0x0, 0x1, 0xdf, 0xff, 0xff, 0xff, 0xf6, 0x0,
    0xb, 0xff, 0xfb, 0xdf, 0xff, 0xff, 0x40, 0x1f,
    0xff, 0x80, 0x1, 0x7f, 0xff, 0xa0, 0x3f, 0xff,
    0x40, 0x0, 0xb, 0xff, 0xc0, 0x2f, 0xff, 0xe5,
    0x10, 0x1e, 0xff, 0xa0, 0xb, 0xff, 0xff, 0xfd,
    0xef, 0xff, 0x30, 0x1, 0xaf, 0xff, 0xff, 0xff,
    0xf7, 0x0, 0x0, 0x1, 0x6a, 0xef, 0xff, 0xfc,
    0x0, 0x0, 0x0, 0x0, 0x3, 0xcf, 0xff, 0x30,
    0x1, 0x0, 0x0, 0x0, 0x5f, 0xff, 0x40, 0xa,
    0xe8, 0x31, 0x2, 0xcf, 0xff, 0x20, 0x1f, 0xff,
    0xff, 0xff, 0xff, 0xfb, 0x0, 0x3e, 0xff, 0xff,
    0xff, 0xff, 0xc1, 0x0, 0x0, 0x49, 0xcd, 0xed,
    0xa5, 0x0, 0x0,

    /* U+00A8 "¨" */
    0x5, 0x71, 0x0, 0x47, 0x30, 0x7f, 0xfc, 0x2,
    0xff, 0xf1, 0x9f, 0xfe, 0x5, 0xff, 0xf3, 0x2d,
    0xe6, 0x0, 0xbf, 0x90,

    /* U+00A9 "©" */
    0x0, 0x0, 0x3, 0x9d, 0xef, 0xeb, 0x60, 0x0,
    0x0, 0x0, 0x0, 0x2b, 0xff, 0xec, 0xbd, 0xff,
    0xe6, 0x0, 0x0, 0x0, 0x3e, 0xfa, 0x30, 0x0,
    0x0, 0x6e, 0xf9, 0x0, 0x0, 0x2e, 0xf5, 0x0,
    0x0, 0x0, 0x0, 0x1b, 0xf8, 0x0, 0xb, 0xf5,
    0x0, 0x3a, 0xef, 0xe9, 0x20, 0xd, 0xf2, 0x4,
    0xfb, 0x0, 0x8f, 0xff, 0xff, 0xff, 0x40, 0x3f,
    0xa0, 0x9f, 0x40, 0x5f, 0xff, 0xc9, 0xcf, 0xf9,
    0x0, 0xdf, 0xd, 0xf0, 0xc, 0xff, 0x90, 0x0,
    0x73, 0x0, 0x9, 0xf3, 0xfd, 0x0, 0xff, 0xf1,
    0x0, 0x0, 0x0, 0x0, 0x7f, 0x5f, 0xd0, 0xf,
    0xff, 0x10, 0x0, 0x0, 0x0, 0x7, 0xf5, 0xdf,
    0x0, 0xcf, 0xf8, 0x0, 0x7, 0x30, 0x0, 0x9f,
    0x39, 0xf4, 0x5, 0xff, 0xfc, 0x9c, 0xff, 0x90,
    0xd, 0xf0, 0x4f, 0xb0, 0x8, 0xff, 0xff, 0xff,
    0xf4, 0x4, 0xfa, 0x0, 0xbf, 0x50, 0x3, 0xae,
    0xfe, 0xa2, 0x1, 0xef, 0x20, 0x2, 0xef, 0x50,
    0x0, 0x0, 0x0, 0x1, 0xcf, 0x70, 0x0, 0x3,
    0xef, 0x93, 0x0, 0x0, 0x17, 0xef, 0x80, 0x0,
    0x0, 0x2, 0xbf, 0xfe, 0xcb, 0xdf, 0xfe, 0x50,
    0x0, 0x0, 0x0, 0x0, 0x49, 0xdf, 0xfe, 0xb6,
    0x0, 0x0, 0x0,

    /* U+00AA "ª" */
    0x2, 0x9d, 0xfe, 0xc6, 0x0, 0xb, 0xff, 0xff,
    0xff, 0xb0, 0x2, 0x93, 0x13, 0xdf, 0xf3, 0x0,
    0x37, 0x88, 0xbf, 0xf5, 0x9, 0xff, 0xff, 0xff,
    0xf6, 0x2f, 0xf9, 0x0, 0x6f, 0xf6, 0x2f, 0xf9,
    0x2, 0xcf, 0xf6, 0xc, 0xff, 0xff, 0xef, 0xf6,
    0x0, 0x7b, 0xb8, 0x3c, 0xc4,

    /* U+00AB "«" */
    0x0, 0x0, 0x0, 0x0, 0x0, 0x0, 0x0, 0x0,
    0x0, 0xc, 0xff, 0xd0, 0xd, 0xff, 0xb0, 0x0,
    0x8, 0xff, 0xf2, 0xa, 0xff, 0xe1, 0x0, 0x3,
    0xff, 0xf7, 0x5, 0xff, 0xf5, 0x0, 0x1, 0xef,
    0xfb, 0x2, 0xff, 0xf9, 0x0, 0x0, 0xbf, 0xfe,
    0x10, 0xcf, 0xfd, 0x0, 0x0, 0xb, 0xff, 0xe1,
    0xc, 0xff, 0xd0, 0x0, 0x0, 0x1e, 0xff, 0xb0,
    0x2f, 0xff, 0xa0, 0x0, 0x0, 0x3f, 0xff, 0x70,
    0x5f, 0xff, 0x50, 0x0, 0x0, 0x7f, 0xff, 0x30,
    0x9f, 0xfe, 0x10, 0x0, 0x0, 0xbf, 0xfd, 0x0,
    0xdf, 0xfc, 0x0,

    /* U+00AC "¬" */
    0x1, 0x11, 0x11, 0x11, 0x11, 0x11, 0x16, 0xff,
    0xff, 0xff, 0xff, 0xff, 0xff, 0x6f, 0xff, 0xff,
    0xff, 0xff, 0xff, 0xf6, 0xff, 0xff, 0xff, 0xff,
    0xff, 0xff, 0x0, 0x0, 0x0, 0x0, 0x5, 0xff,
    0xf0, 0x0, 0x0, 0x0, 0x0, 0x5f, 0xff, 0x0,
    0x0, 0x0, 0x0, 0x5, 0xff, 0xf0, 0x0, 0x0,
    0x0, 0x0, 0x5f, 0xff, 0x0, 0x0, 0x0, 0x0,
    0x2, 0x88, 0x70,

    /* U+00AE "®" */
    0x0, 0x0, 0x3, 0x9d, 0xef, 0xeb, 0x60, 0x0,
    0x0, 0x0, 0x0, 0x2b, 0xff, 0xec, 0xbd, 0xff,
    0xe6, 0x0, 0x0, 0x0, 0x3e, 0xfa, 0x30, 0x0,
    0x0, 0x6e, 0xf9, 0x0, 0x0, 0x2e, 0xf5, 0x0,
    0x0, 0x0, 0x0, 0x1b, 0xf8, 0x0, 0xb, 0xf5,
    0xc, 0xff, 0xff, 0xeb, 0x30, 0xd, 0xf2, 0x4,
    0xfb, 0x0, 0xcf, 0xff, 0xff, 0xff, 0x50, 0x3f,
    0xa0, 0x9f, 0x40, 0xc, 0xfe, 0x0, 0x3e, 0xfd,
    0x0, 0xdf, 0xd, 0xf0, 0x0, 0xcf, 0xe0, 0x0,
    0xbf, 0xf0, 0x9, 0xf3, 0xfd, 0x0, 0xc, 0xfe,
    0x0, 0x3f, 0xfd, 0x0, 0x7f, 0x5f, 0xd0, 0x0,
    0xcf, 0xff, 0xff, 0xff, 0x50, 0x7, 0xf5, 0xdf,
    0x0, 0xc, 0xff, 0xff, 0xff, 0x60, 0x0, 0x9f,
    0x39, 0xf4, 0x0, 0xcf, 0xe0, 0xe, 0xfb, 0x0,
    0xd, 0xf0, 0x4f, 0xb0, 0xc, 0xfe, 0x0, 0x4f,
    0xf6, 0x4, 0xfa, 0x0, 0xbf, 0x50, 0xbe, 0xd0,
    0x0, 0x9e, 0xd2, 0xef, 0x20, 0x2, 0xef, 0x50,
    0x0, 0x0, 0x0, 0x1, 0xcf, 0x70, 0x0, 0x3,
    0xef, 0x93, 0x0, 0x0, 0x17, 0xef, 0x80, 0x0,
    0x0, 0x2, 0xbf, 0xfe, 0xcb, 0xdf, 0xfe, 0x50,
    0x0, 0x0, 0x0, 0x0, 0x49, 0xdf, 0xfe, 0xb6,
    0x0, 0x0, 0x0,

    /* U+00AF "¯" */
    0x4, 0x44, 0x44, 0x44, 0x44, 0x20, 0xff, 0xff,
    0xff, 0xff, 0xf9, 0xf, 0xff, 0xff, 0xff, 0xff,
    0x90,

    /* U+00B0 "°" */
    0x0, 0x8, 0xef, 0xd7, 0x0, 0x1, 0xdf, 0xff,
    0xff, 0xb0, 0xa, 0xfd, 0x30, 0x4e, 0xf7, 0xf,
    0xf4, 0x0, 0x6, 0xfd, 0x1f, 0xf0, 0x0, 0x2,
    0xff, 0xf, 0xf3, 0x0, 0x6, 0xfd, 0xa, 0xfd,
    0x30, 0x4e, 0xf7, 0x1, 0xdf, 0xff, 0xff, 0xc0,
    0x0, 0x8, 0xef, 0xd7, 0x0,

    /* U+00B1 "±" */
    0x0, 0x0, 0xe, 0xff, 0x70, 0x0, 0x0, 0x0,
    0x0, 0xef, 0xf7, 0x0, 0x0, 0x0, 0x0, 0xe,
    0xff, 0x70, 0x0, 0x0, 0x0, 0x0, 0xef, 0xf7,
    0x0, 0x0, 0x6f, 0xff, 0xff, 0xff, 0xff, 0xff,
    0xf6, 0xff, 0xff, 0xff, 0xff, 0xff, 0xff, 0x6f,
    0xff, 0xff, 0xff, 0xff, 0xff, 0xf0, 0x0, 0x0,
    0xef, 0xf7, 0x0, 0x0, 0x0, 0x0, 0xe, 0xff,
    0x70, 0x0, 0x0, 0x0, 0x0, 0xef, 0xf7, 0x0,
    0x0, 0x0, 0x0, 0xe, 0xff, 0x70, 0x0, 0x0,
    0x0, 0x0, 0x67, 0x73, 0x0, 0x0, 0x0, 0x0,
    0x0, 0x0, 0x0, 0x0, 0x0, 0x22, 0x22, 0x22,
    0x22, 0x22, 0x21, 0x6f, 0xff, 0xff, 0xff, 0xff,
    0xff, 0xf6, 0xff, 0xff, 0xff, 0xff, 0xff, 0xff,
    0x6f, 0xff, 0xff, 0xff, 0xff, 0xff, 0xf0,

    /* U+00B2 "²" */
    0x0, 0x7c, 0xef, 0xd9, 0x10, 0x1, 0xdf, 0xff,
    0xff, 0xfe, 0x20, 0x2c, 0xfa, 0x56, 0xcf, 0xf9,
    0x0, 0x3, 0x0, 0x3, 0xff, 0xa0, 0x0, 0x0,
    0x0, 0x9f, 0xf6, 0x0, 0x0, 0x0, 0x9f, 0xfc,
    0x0, 0x0, 0x0, 0xbf, 0xfb, 0x0, 0x0, 0x1,
    0xdf, 0xf9, 0x0, 0x0, 0x3, 0xef, 0xfb, 0x33,
    0x33, 0x0, 0xef, 0xff, 0xff, 0xff, 0xf2, 0xf,
    0xff, 0xff, 0xff, 0xff, 0x20,

    /* U+00B3 "³" */
    0x1f, 0xff, 0xff, 0xff, 0xfb, 0x1, 0xff, 0xff,
    0xff, 0xff, 0xb0, 0x3, 0x33, 0x36, 0xff, 0xd1,
    0x0, 0x0, 0x3, 0xef, 0xd1, 0x0, 0x0, 0x1,
    0xff, 0xfa, 0x30, 0x0, 0x0, 0x2f, 0xff, 0xff,
    0x70, 0x0, 0x0, 0x34, 0x6e, 0xff, 0x20, 0x20,
    0x0, 0x0, 0xaf, 0xf4, 0xe, 0xe8, 0x55, 0x8f,
    0xff, 0x15, 0xff, 0xff, 0xff, 0xff, 0x70, 0x4,
    0xad, 0xff, 0xea, 0x40, 0x0,

    /* U+00B4 "´" */
    0x0, 0x2, 0x88, 0x87, 0x0, 0x2, 0xef, 0xfd,
    0x20, 0x2, 0xef, 0xf9, 0x0, 0x2, 0xef, 0xf5,
    0x0, 0x0,

    /* U+00B5 "µ" */
    0x2f, 0xff, 0xe0, 0x0, 0x0, 0xf, 0xff, 0xf1,
    0x2f, 0xff, 0xe0, 0x0, 0x0, 0xf, 0xff, 0xf1,
    0x2f, 0xff, 0xe0, 0x0, 0x0, 0xf, 0xff, 0xf1,
    0x2f, 0xff, 0xe0, 0x0, 0x0, 0xf, 0xff, 0xf1,
    0x2f, 0xff, 0xe0, 0x0, 0x0, 0xf, 0xff, 0xf1,
    0x2f, 0xff, 0xe0, 0x0, 0x0, 0xf, 0xff, 0xf1,
    0x2f, 0xff, 0xe0, 0x0, 0x0, 0xf, 0xff, 0xf1,
    0x2f, 0xff, 0xf0, 0x0, 0x0, 0xf, 0xff, 0xf1,
    0x2f, 0xff, 0xf1, 0x0, 0x0, 0x3f, 0xff, 0xf1,
    0x2f, 0xff, 0xf7, 0x0, 0x0, 0xbf, 0xff, 0xf1,
    0x2f, 0xff, 0xff, 0x84, 0x6c, 0xff, 0xff, 0xf1,
    0x2f, 0xff, 0xff, 0xff, 0xff, 0xff, 0xff, 0xf1,
    0x2f, 0xff, 0xff, 0xff, 0xff, 0xfc, 0xff, 0xf1,
    0x2f, 0xff, 0xf8, 0xdf, 0xea, 0x29, 0xff, 0xf1,
    0x2f, 0xff, 0xe0, 0x0, 0x0, 0x0, 0x0, 0x0,
    0x2f, 0xff, 0xe0, 0x0, 0x0, 0x0, 0x0, 0x0,
    0x2f, 0xff, 0xe0, 0x0, 0x0, 0x0, 0x0, 0x0,
    0x2f, 0xff, 0xe0, 0x0, 0x0, 0x0, 0x0, 0x0,
    0x2f, 0xff, 0xe0, 0x0, 0x0, 0x0, 0x0, 0x0,

    /* U+00B6 "¶" */
    0x0, 0x5, 0xad, 0xee, 0xee, 0xee, 0xee, 0xe9,
    0x2, 0xdf, 0xff, 0xff, 0xff, 0xff, 0xff, 0xfa,
    0xd, 0xff, 0xff, 0xff, 0xff, 0xff, 0xff, 0xfa,
    0x6f, 0xff, 0xff, 0xff, 0xf3, 0x0, 0xaf, 0xfa,
    0x9f, 0xff, 0xff, 0xff, 0xf3, 0x0, 0xaf, 0xfa,
    0x9f, 0xff, 0xff, 0xff, 0xf3, 0x0, 0xaf, 0xfa,
    0x6f, 0xff, 0xff, 0xff, 0xf3, 0x0, 0xaf, 0xfa,
    0xd, 0xff, 0xff, 0xff, 0xf3, 0x0, 0xaf, 0xfa,
    0x2, 0xdf, 0xff, 0xff, 0xf3, 0x0, 0xaf, 0xfa,
    0x0, 0x6, 0xad, 0xff, 0xf3, 0x0, 0xaf, 0xfa,
    0x0, 0x0, 0x1, 0xff, 0xf3, 0x0, 0xaf, 0xfa,
    0x0, 0x0, 0x1, 0xff, 0xf3, 0x0, 0xaf, 0xfa,
    0x0, 0x0, 0x1, 0xff, 0xf3, 0x0, 0xaf, 0xfa,
    0x0, 0x0, 0x1, 0xff, 0xf3, 0x0, 0xaf, 0xfa,
    0x0, 0x0, 0x1, 0xff, 0xf3, 0x0, 0xaf, 0xfa,
    0x0, 0x0, 0x1, 0xff, 0xf3, 0x0, 0xaf, 0xfa,
    0x0, 0x0, 0x1, 0xff, 0xf3, 0x0, 0xaf, 0xfa,
    0x0, 0x0, 0x1, 0xff, 0xf3, 0x0, 0xaf, 0xfa,
    0x0, 0x0, 0x1, 0xff, 0xf3, 0x0, 0xaf, 0xfa,
    0x0, 0x0, 0x1, 0xff, 0xf3, 0x0, 0xaf, 0xfa,
    0x0, 0x0, 0x1, 0xff, 0xf3, 0x0, 0xaf, 0xfa,
    0x0, 0x0, 0x0, 0x88, 0x81, 0x0, 0x58, 0x85,

    /* U+00B7 "·" */
    0x8, 0xee, 0x70, 0x5f, 0xff, 0xf3, 0x8f, 0xff,
    0xf6, 0x5f, 0xff, 0xf3, 0x8, 0xee, 0x70,

    /* U+00B8 "¸" */
    0x0, 0x6f, 0xb0, 0x0, 0xa, 0xfc, 0x30, 0x0,
    0xac, 0xff, 0x60, 0x10, 0xe, 0xfb, 0x2f, 0xef,
    0xff, 0x73, 0xcf, 0xfc, 0x60,

    /* U+00B9 "¹" */
    0xe, 0xff, 0xff, 0x70, 0x0, 0xef, 0xff, 0xf7,
    0x0, 0x2, 0x38, 0xff, 0x70, 0x0, 0x0, 0x6f,
    0xf7, 0x0, 0x0, 0x6, 0xff, 0x70, 0x0, 0x0,
    0x6f, 0xf7, 0x0, 0x0, 0x6, 0xff, 0x70, 0x0,
    0x0, 0x6f, 0xf7, 0x0, 0x3, 0x38, 0xff, 0x93,
    0x21, 0xff, 0xff, 0xff, 0xfd, 0x1f, 0xff, 0xff,
    0xff, 0xd0,

    /* U+00BA "º" */
    0x0, 0x19, 0xef, 0xea, 0x20, 0x0, 0x3f, 0xff,
    0xff, 0xff, 0x40, 0xd, 0xff, 0x83, 0x7f, 0xfe,
    0x3, 0xff, 0x90, 0x0, 0x8f, 0xf5, 0x5f, 0xf6,
    0x0, 0x5, 0xff, 0x73, 0xff, 0x90, 0x0, 0x8f,
    0xf5, 0xd, 0xff, 0x83, 0x7f, 0xfe, 0x0, 0x3f,
    0xff, 0xff, 0xff, 0x40, 0x0, 0x19, 0xef, 0xea,
    0x20, 0x0,

    /* U+00BB "»" */
    0x0, 0x0, 0x0, 0x0, 0x0, 0x0, 0x0, 0x1e,
    0xff, 0xa0, 0x2f, 0xff, 0x80, 0x0, 0x4, 0xff,
    0xf6, 0x6, 0xff, 0xf4, 0x0, 0x0, 0x8f, 0xff,
    0x20, 0xaf, 0xfe, 0x10, 0x0, 0xd, 0xff, 0xd0,
    0x1e, 0xff, 0xb0, 0x0, 0x2, 0xff, 0xf9, 0x4,
    0xff, 0xf7, 0x0, 0x2, 0xff, 0xf9, 0x4, 0xff,
    0xf7, 0x0, 0xd, 0xff, 0xd0, 0x1e, 0xff, 0xb0,
    0x0, 0x9f, 0xff, 0x20, 0xaf, 0xfe, 0x10, 0x4,
    0xff, 0xf6, 0x6, 0xff, 0xf4, 0x0, 0x1e, 0xff,
    0xa0, 0x2f, 0xff, 0x80, 0x0,

    /* U+00BC "¼" */
    0xe, 0xff, 0xff, 0x70, 0x0, 0x0, 0x0, 0x0,
    0x2f, 0xfe, 0x10, 0x0, 0x0, 0xe, 0xff, 0xff,
    0x70, 0x0, 0x0, 0x0, 0x0, 0xcf, 0xf4, 0x0,
    0x0, 0x0, 0x1, 0x27, 0xff, 0x70, 0x0, 0x0,
    0x0, 0x7, 0xff, 0x90, 0x0, 0x0, 0x0, 0x0,
    0x6, 0xff, 0x70, 0x0, 0x0, 0x0, 0x3f, 0xfd,
    0x0, 0x0, 0x0, 0x0, 0x0, 0x6, 0xff, 0x70,
    0x0, 0x0, 0x0, 0xdf, 0xf3, 0x0, 0x0, 0x0,
    0x0, 0x0, 0x6, 0xff, 0x70, 0x0, 0x0, 0x8,
    0xff, 0x80, 0x0, 0x0, 0x0, 0x0, 0x0, 0x6,
    0xff, 0x70, 0x0, 0x0, 0x3f, 0xfd, 0x0, 0x0,
    0x0, 0x0, 0x0, 0x0, 0x6, 0xff, 0x70, 0x0,
    0x0, 0xdf, 0xf3, 0x0, 0x0, 0x66, 0x60, 0x0,
    0x2, 0x28, 0xff, 0x82, 0x10, 0x9, 0xff, 0x70,
    0x0, 0x7, 0xff, 0x90, 0x0, 0x1f, 0xff, 0xff,
    0xff, 0xd0, 0x4f, 0xfc, 0x0, 0x0, 0x3f, 0xfd,
    0x0, 0x0, 0x1f, 0xff, 0xff, 0xff, 0xd1, 0xef,
    0xf2, 0x0, 0x1, 0xef, 0xf2, 0x0, 0x0, 0x0,
    0x0, 0x0, 0x0, 0xa, 0xff, 0x60, 0x0, 0xb,
    0xff, 0x51, 0x21, 0x0, 0x0, 0x0, 0x0, 0x0,
    0x6f, 0xfb, 0x0, 0x0, 0x7f, 0xf9, 0x9, 0xfe,
    0x0, 0x0, 0x0, 0x0, 0x1, 0xff, 0xe1, 0x0,
    0x3, 0xff, 0xe3, 0x2a, 0xfe, 0x21, 0x0, 0x0,
    0x0, 0xb, 0xff, 0x50, 0x0, 0xb, 0xff, 0xff,
    0xff, 0xff, 0xfa, 0x0, 0x0, 0x0, 0x7f, 0xfa,
    0x0, 0x0, 0xb, 0xff, 0xff, 0xff, 0xff, 0xfa,
    0x0, 0x0, 0x2, 0xff, 0xe1, 0x0, 0x0, 0x0,
    0x0, 0x0, 0xe, 0xfe, 0x0, 0x0, 0x0, 0xc,
    0xff, 0x40, 0x0, 0x0, 0x0, 0x0, 0x0, 0xe,
    0xfe, 0x0,

    /* U+00BD "½" */
    0xe, 0xff, 0xff, 0x70, 0x0, 0x0, 0x0, 0x0,
    0x2f, 0xfe, 0x10, 0x0, 0x0, 0xe, 0xff, 0xff,
    0x70, 0x0, 0x0, 0x0, 0x0, 0xcf, 0xf4, 0x0,
    0x0, 0x0, 0x1, 0x27, 0xff, 0x70, 0x0, 0x0,
    0x0, 0x7, 0xff, 0x90, 0x0, 0x0, 0x0, 0x0,
    0x6, 0xff, 0x70, 0x0, 0x0, 0x0, 0x3f, 0xfd,
    0x0, 0x0, 0x0, 0x0, 0x0, 0x6, 0xff, 0x70,
    0x0, 0x0, 0x0, 0xdf, 0xf3, 0x0, 0x0, 0x0,
    0x0, 0x0, 0x6, 0xff, 0x70, 0x0, 0x0, 0x8,
    0xff, 0x80, 0x0, 0x0, 0x0, 0x0, 0x0, 0x6,
    0xff, 0x70, 0x0, 0x0, 0x3f, 0xfd, 0x0, 0x0,
    0x0, 0x0, 0x0, 0x0, 0x6, 0xff, 0x70, 0x0,
    0x0, 0xdf, 0xf3, 0x7, 0xcf, 0xfd, 0x81, 0x0,
    0x2, 0x28, 0xff, 0x82, 0x10, 0x9, 0xff, 0x71,
    0xdf, 0xff, 0xff, 0xfe, 0x10, 0x1f, 0xff, 0xff,
    0xff, 0xd0, 0x4f, 0xfc, 0x3, 0xef, 0xa4, 0x4c,
    0xff, 0x80, 0x1f, 0xff, 0xff, 0xff, 0xd1, 0xef,
    0xf2, 0x0, 0x17, 0x0, 0x4, 0xff, 0xa0, 0x0,
    0x0, 0x0, 0x0, 0xa, 0xff, 0x60, 0x0, 0x0,
    0x0, 0xa, 0xff, 0x60, 0x0, 0x0, 0x0, 0x0,
    0x6f, 0xfb, 0x0, 0x0, 0x0, 0x0, 0xaf, 0xfc,
    0x0, 0x0, 0x0, 0x0, 0x1, 0xff, 0xe1, 0x0,
    0x0, 0x0, 0xb, 0xff, 0xb0, 0x0, 0x0, 0x0,
    0x0, 0xb, 0xff, 0x50, 0x0, 0x0, 0x1, 0xdf,
    0xfa, 0x0, 0x0, 0x0, 0x0, 0x0, 0x7f, 0xfa,
    0x0, 0x0, 0x0, 0x2e, 0xff, 0xa2, 0x22, 0x20,
    0x0, 0x0, 0x2, 0xff, 0xe1, 0x0, 0x0, 0x0,
    0xef, 0xff, 0xff, 0xff, 0xf1, 0x0, 0x0, 0xc,
    0xff, 0x40, 0x0, 0x0, 0x0, 0xff, 0xff, 0xff,
    0xff, 0xf1,

    /* U+00BE "¾" */
    0x1f, 0xff, 0xff, 0xff, 0xfb, 0x0, 0x0, 0x0,
    0x2, 0xff, 0xe1, 0x0, 0x0, 0x1, 0xff, 0xff,
    0xff, 0xff, 0xa0, 0x0, 0x0, 0x0, 0xcf, 0xf4,
    0x0, 0x0, 0x0, 0x2, 0x22, 0x25, 0xff, 0xd1,
    0x0, 0x0, 0x0, 0x7f, 0xf9, 0x0, 0x0, 0x0,
    0x0, 0x0, 0x3, 0xff, 0xd1, 0x0, 0x0, 0x0,
    0x3f, 0xfd, 0x0, 0x0, 0x0, 0x0, 0x0, 0x1,
    0xff, 0xfa, 0x30, 0x0, 0x0, 0xd, 0xff, 0x30,
    0x0, 0x0, 0x0, 0x0, 0x0, 0x2f, 0xff, 0xff,
    0x70, 0x0, 0x8, 0xff, 0x80, 0x0, 0x0, 0x0,
    0x0, 0x0, 0x0, 0x44, 0x6e, 0xff, 0x20, 0x3,
    0xff, 0xd0, 0x0, 0x0, 0x0, 0x0, 0x0, 0x10,
    0x0, 0x0, 0xaf, 0xf4, 0x0, 0xdf, 0xf3, 0x0,
    0x0, 0x89, 0x90, 0x0, 0xd, 0xd7, 0x44, 0x6f,
    0xff, 0x10, 0x9f, 0xf7, 0x0, 0x0, 0x9f, 0xf7,
    0x0, 0x5, 0xff, 0xff, 0xff, 0xff, 0x70, 0x4f,
    0xfc, 0x0, 0x0, 0x5f, 0xfc, 0x0, 0x0, 0x4,
    0xad, 0xff, 0xea, 0x40, 0x1e, 0xff, 0x20, 0x0,
    0x1e, 0xfe, 0x10, 0x0, 0x0, 0x0, 0x0, 0x0,
    0x0, 0xa, 0xff, 0x60, 0x0, 0xb, 0xff, 0x51,
    0x21, 0x0, 0x0, 0x0, 0x0, 0x0, 0x6, 0xff,
    0xb0, 0x0, 0x7, 0xff, 0x90, 0x9f, 0xe0, 0x0,
    0x0, 0x0, 0x0, 0x1, 0xff, 0xe1, 0x0, 0x3,
    0xff, 0xe3, 0x2a, 0xfe, 0x21, 0x0, 0x0, 0x0,
    0x0, 0xbf, 0xf5, 0x0, 0x0, 0xbf, 0xff, 0xff,
    0xff, 0xff, 0xa0, 0x0, 0x0, 0x0, 0x7f, 0xfa,
    0x0, 0x0, 0xb, 0xff, 0xff, 0xff, 0xff, 0xfa,
    0x0, 0x0, 0x0, 0x2f, 0xfe, 0x10, 0x0, 0x0,
    0x0, 0x0, 0x0, 0xef, 0xe0, 0x0, 0x0, 0x0,
    0xc, 0xff, 0x40, 0x0, 0x0, 0x0, 0x0, 0x0,
    0xe, 0xfe, 0x0,

    /* U+00BF "¿" */
    0x0, 0x0, 0x1a, 0xfd, 0x30, 0x0, 0x0, 0x0,
    0x0, 0x9, 0xff, 0xfe, 0x0, 0x0, 0x0, 0x0,
    0x0, 0xbf, 0xff, 0xf1, 0x0, 0x0, 0x0, 0x0,
    0x6, 0xff, 0xfc, 0x0, 0x0, 0x0, 0x0, 0x0,
    0x5, 0x97, 0x0, 0x0, 0x0, 0x0, 0x0, 0x0,
    0x0, 0x0, 0x0, 0x0, 0x0, 0x0, 0x0, 0x28,
    0x88, 0x50, 0x0, 0x0, 0x0, 0x0, 0x8, 0xff,
    0xf7, 0x0, 0x0, 0x0, 0x0, 0x5, 0xff, 0xff,
    0x10, 0x0, 0x0, 0x0, 0x6, 0xff, 0xff, 0x50,
    0x0, 0x0, 0x0, 0x6, 0xff, 0xff, 0x50, 0x0,
    0x0, 0x0, 0x2, 0xff, 0xff, 0x50, 0x0, 0x0,
    0x0, 0x0, 0x7f, 0xff, 0xb0, 0x0, 0x0, 0x0,
    0x0, 0x9, 0xff, 0xfb, 0x0, 0x0, 0x3, 0xb2,
    0x0, 0x8f, 0xff, 0xf8, 0x10, 0x27, 0xff, 0xf8,
    0x3, 0xff, 0xff, 0xff, 0xff, 0xff, 0xff, 0xc0,
    0x7, 0xff, 0xff, 0xff, 0xff, 0xff, 0xb1, 0x0,
    0x4, 0xcf, 0xff, 0xff, 0xfc, 0x50, 0x0, 0x0,
    0x0, 0x13, 0x54, 0x31, 0x0, 0x0, 0x0,

    /* U+00C0 "À" */
    0x0, 0x0, 0x1, 0xcf, 0xff, 0x50, 0x0, 0x0,
    0x0, 0x0, 0x0, 0x0, 0x0, 0x0, 0x8, 0xff,
    0xf5, 0x0, 0x0, 0x0, 0x0, 0x0, 0x0, 0x0,
    0x0, 0x0, 0x4e, 0xff, 0x50, 0x0, 0x0, 0x0,
    0x0, 0x0, 0x0, 0x0, 0x0, 0x1, 0x78, 0x70,
    0x0, 0x0, 0x0, 0x0, 0x0, 0x0, 0x0, 0x0,
    0x0, 0x0, 0x0, 0x0, 0x0, 0x0, 0x0, 0x0,
    0x0, 0x0, 0x0, 0x5f, 0xff, 0xf4, 0x0, 0x0,
    0x0, 0x0, 0x0, 0x0, 0x0, 0x0, 0xcf, 0xff,
    0xfb, 0x0, 0x0, 0x0, 0x0, 0x0, 0x0, 0x0,
    0x4, 0xff, 0xff, 0xff, 0x20, 0x0, 0x0, 0x0,
    0x0, 0x0, 0x0, 0xb, 0xff, 0xff, 0xff, 0x90,
    0x0, 0x0, 0x0, 0x0, 0x0, 0x0, 0x2f, 0xff,
    0xce, 0xff, 0xf1, 0x0, 0x0, 0x0, 0x0, 0x0,
    0x0, 0x9f, 0xff, 0x57, 0xff, 0xf8, 0x0, 0x0,
    0x0, 0x0, 0x0, 0x1, 0xff, 0xfe, 0x1, 0xff,
    0xfe, 0x0, 0x0, 0x0, 0x0, 0x0, 0x8, 0xff,
    0xf8, 0x0, 0xaf, 0xff, 0x60, 0x0, 0x0, 0x0,
    0x0, 0xe, 0xff, 0xf1, 0x0, 0x3f, 0xff, 0xd0,
    0x0, 0x0, 0x0, 0x0, 0x6f, 0xff, 0xa0, 0x0,
    0xd, 0xff, 0xf5, 0x0, 0x0, 0x0, 0x0, 0xdf,
    0xff, 0x30, 0x0, 0x6, 0xff, 0xfc, 0x0, 0x0,
    0x0, 0x4, 0xff, 0xff, 0xff, 0xff, 0xff, 0xff,
    0xff, 0x30, 0x0, 0x0, 0xc, 0xff, 0xff, 0xff,
    0xff, 0xff, 0xff, 0xff, 0xa0, 0x0, 0x0, 0x3f,
    0xff, 0xff, 0xff, 0xff, 0xff, 0xff, 0xff, 0xf2,
    0x0, 0x0, 0xaf, 0xff, 0x92, 0x22, 0x22, 0x22,
    0x2b, 0xff, 0xf9, 0x0, 0x1, 0xff, 0xff, 0x20,
    0x0, 0x0, 0x0, 0x4, 0xff, 0xff, 0x10, 0x8,
    0xff, 0xfb, 0x0, 0x0, 0x0, 0x0, 0x0, 0xdf,
    0xff, 0x70, 0xf, 0xff, 0xf4, 0x0, 0x0, 0x0,
    0x0, 0x0, 0x7f, 0xff, 0xe0,

    /* U+00C1 "Á" */
    0x0, 0x0, 0x0, 0x0, 0x0, 0x6, 0xff, 0xfb,
    0x10, 0x0, 0x0, 0x0, 0x0, 0x0, 0x0, 0x0,
    0x6f, 0xff, 0x70, 0x0, 0x0, 0x0, 0x0, 0x0,
    0x0, 0x0, 0x6, 0xff, 0xe3, 0x0, 0x0, 0x0,
    0x0, 0x0, 0x0, 0x0, 0x0, 0x17, 0x87, 0x10,
    0x0, 0x0, 0x0, 0x0, 0x0, 0x0, 0x0, 0x0,
    0x0, 0x0, 0x0, 0x0, 0x0, 0x0, 0x0, 0x0,
    0x0, 0x0, 0x0, 0x5f, 0xff, 0xf4, 0x0, 0x0,
    0x0, 0x0, 0x0, 0x0, 0x0, 0x0, 0xcf, 0xff,
    0xfb, 0x0, 0x0, 0x0, 0x0, 0x0, 0x0, 0x0,
    0x4, 0xff, 0xff, 0xff, 0x20, 0x0, 0x0, 0x0,
    0x0, 0x0, 0x0, 0xb, 0xff, 0xff, 0xff, 0x90,
    0x0, 0x0, 0x0, 0x0, 0x0, 0x0, 0x2f, 0xff,
    0xce, 0xff, 0xf1, 0x0, 0x0, 0x0, 0x0, 0x0,
    0x0, 0x9f, 0xff, 0x57, 0xff, 0xf8, 0x0, 0x0,
    0x0, 0x0, 0x0, 0x1, 0xff, 0xfe, 0x1, 0xff,
    0xfe, 0x0, 0x0, 0x0, 0x0, 0x0, 0x8, 0xff,
    0xf8, 0x0, 0xaf, 0xff, 0x60, 0x0, 0x0, 0x0,
    0x0, 0xe, 0xff, 0xf1, 0x0, 0x3f, 0xff, 0xd0,
    0x0, 0x0, 0x0, 0x0, 0x6f, 0xff, 0xa0, 0x0,
    0xd, 0xff, 0xf5, 0x0, 0x0, 0x0, 0x0, 0xdf,
    0xff, 0x30, 0x0, 0x6, 0xff, 0xfc, 0x0, 0x0,
    0x0, 0x4, 0xff, 0xff, 0xff, 0xff, 0xff, 0xff,
    0xff, 0x30, 0x0, 0x0, 0xc, 0xff, 0xff, 0xff,
    0xff, 0xff, 0xff, 0xff, 0xa0, 0x0, 0x0, 0x3f,
    0xff, 0xff, 0xff, 0xff, 0xff, 0xff, 0xff, 0xf2,
    0x0, 0x0, 0xaf, 0xff, 0x92, 0x22, 0x22, 0x22,
    0x2b, 0xff, 0xf9, 0x0, 0x1, 0xff, 0xff, 0x20,
    0x0, 0x0, 0x0, 0x4, 0xff, 0xff, 0x10, 0x8,
    0xff, 0xfb, 0x0, 0x0, 0x0, 0x0, 0x0, 0xdf,
    0xff, 0x70, 0xf, 0xff, 0xf4, 0x0, 0x0, 0x0,
    0x0, 0x0, 0x7f, 0xff, 0xe0,

    /* U+00C2 "Â" */
    0x0, 0x0, 0x0, 0x0, 0x5f, 0xff, 0xf4, 0x0,
    0x0, 0x0, 0x0, 0x0, 0x0, 0x0, 0x5, 0xff,
    0xef, 0xff, 0x40, 0x0, 0x0, 0x0, 0x0, 0x0,
    0x0, 0x4f, 0xfc, 0x12, 0xdf, 0xf3, 0x0, 0x0,
    0x0, 0x0, 0x0, 0x0, 0x78, 0x70, 0x0, 0x17,
    0x87, 0x0, 0x0, 0x0, 0x0, 0x0, 0x0, 0x0,
    0x0, 0x0, 0x0, 0x0, 0x0, 0x0, 0x0, 0x0,
    0x0, 0x0, 0x0, 0x5f, 0xff, 0xf4, 0x0, 0x0,
    0x0, 0x0, 0x0, 0x0, 0x0, 0x0, 0xcf, 0xff,
    0xfb, 0x0, 0x0, 0x0, 0x0, 0x0, 0x0, 0x0,
    0x4, 0xff, 0xff, 0xff, 0x20, 0x0, 0x0, 0x0,
    0x0, 0x0, 0x0, 0xb, 0xff, 0xff, 0xff, 0x90,
    0x0, 0x0, 0x0, 0x0, 0x0, 0x0, 0x2f, 0xff,
    0xce, 0xff, 0xf1, 0x0, 0x0, 0x0, 0x0, 0x0,
    0x0, 0x9f, 0xff, 0x57, 0xff, 0xf8, 0x0, 0x0,
    0x0, 0x0, 0x0, 0x1, 0xff, 0xfe, 0x1, 0xff,
    0xfe, 0x0, 0x0, 0x0, 0x0, 0x0, 0x8, 0xff,
    0xf8, 0x0, 0xaf, 0xff, 0x60, 0x0, 0x0, 0x0,
    0x0, 0xe, 0xff, 0xf1, 0x0, 0x3f, 0xff, 0xd0,
    0x0, 0x0, 0x0, 0x0, 0x6f, 0xff, 0xa0, 0x0,
    0xd, 0xff, 0xf5, 0x0, 0x0, 0x0, 0x0, 0xdf,
    0xff, 0x30, 0x0, 0x6, 0xff, 0xfc, 0x0, 0x0,
    0x0, 0x4, 0xff, 0xff, 0xff, 0xff, 0xff, 0xff,
    0xff, 0x30, 0x0, 0x0, 0xc, 0xff, 0xff, 0xff,
    0xff, 0xff, 0xff, 0xff, 0xa0, 0x0, 0x0, 0x3f,
    0xff, 0xff, 0xff, 0xff, 0xff, 0xff, 0xff, 0xf2,
    0x0, 0x0, 0xaf, 0xff, 0x92, 0x22, 0x22, 0x22,
    0x2b, 0xff, 0xf9, 0x0, 0x1, 0xff, 0xff, 0x20,
    0x0, 0x0, 0x0, 0x4, 0xff, 0xff, 0x10, 0x8,
    0xff, 0xfb, 0x0, 0x0, 0x0, 0x0, 0x0, 0xdf,
    0xff, 0x70, 0xf, 0xff, 0xf4, 0x0, 0x0, 0x0,
    0x0, 0x0, 0x7f, 0xff, 0xe0,

    /* U+00C3 "Ã" */
    0x0, 0x0, 0x0, 0x1, 0x54, 0x0, 0x0, 0x66,
    0x0, 0x0, 0x0, 0x0, 0x0, 0x0, 0x2e, 0xff,
    0xc2, 0x2, 0xff, 0x0, 0x0, 0x0, 0x0, 0x0,
    0x0, 0xbf, 0xff, 0xfe, 0x7b, 0xfd, 0x0, 0x0,
    0x0, 0x0, 0x0, 0x1, 0xff, 0x61, 0xcf, 0xff,
    0xf6, 0x0, 0x0, 0x0, 0x0, 0x0, 0x3, 0xff,
    0x0, 0x8, 0xef, 0x80, 0x0, 0x0, 0x0, 0x0,
    0x0, 0x0, 0x0, 0x0, 0x0, 0x0, 0x0, 0x0,
    0x0, 0x0, 0x0, 0x0, 0x0, 0x0, 0x5f, 0xff,
    0xf4, 0x0, 0x0, 0x0, 0x0, 0x0, 0x0, 0x0,
    0x0, 0xcf, 0xff, 0xfb, 0x0, 0x0, 0x0, 0x0,
    0x0, 0x0, 0x0, 0x4, 0xff, 0xff, 0xff, 0x20,
    0x0, 0x0, 0x0, 0x0, 0x0, 0x0, 0xb, 0xff,
    0xff, 0xff, 0x90, 0x0, 0x0, 0x0, 0x0, 0x0,
    0x0, 0x2f, 0xff, 0xce, 0xff, 0xf1, 0x0, 0x0,
    0x0, 0x0, 0x0, 0x0, 0x9f, 0xff, 0x57, 0xff,
    0xf8, 0x0, 0x0, 0x0, 0x0, 0x0, 0x1, 0xff,
    0xfe, 0x1, 0xff, 0xfe, 0x0, 0x0, 0x0, 0x0,
    0x0, 0x8, 0xff, 0xf8, 0x0, 0xaf, 0xff, 0x60,
    0x0, 0x0, 0x0, 0x0, 0xe, 0xff, 0xf1, 0x0,
    0x3f, 0xff, 0xd0, 0x0, 0x0, 0x0, 0x0, 0x6f,
    0xff, 0xa0, 0x0, 0xd, 0xff, 0xf5, 0x0, 0x0,
    0x0, 0x0, 0xdf, 0xff, 0x30, 0x0, 0x6, 0xff,
    0xfc, 0x0, 0x0, 0x0, 0x4, 0xff, 0xff, 0xff,
    0xff, 0xff, 0xff, 0xff, 0x30, 0x0, 0x0, 0xc,
    0xff, 0xff, 0xff, 0xff, 0xff, 0xff, 0xff, 0xa0,
    0x0, 0x0, 0x3f, 0xff, 0xff, 0xff, 0xff, 0xff,
    0xff, 0xff, 0xf2, 0x0, 0x0, 0xaf, 0xff, 0x92,
    0x22, 0x22, 0x22, 0x2b, 0xff, 0xf9, 0x0, 0x1,
    0xff, 0xff, 0x20, 0x0, 0x0, 0x0, 0x4, 0xff,
    0xff, 0x10, 0x8, 0xff, 0xfb, 0x0, 0x0, 0x0,
    0x0, 0x0, 0xdf, 0xff, 0x70, 0xf, 0xff, 0xf4,
    0x0, 0x0, 0x0, 0x0, 0x0, 0x7f, 0xff, 0xe0,

    /* U+00C4 "Ä" */
    0x0, 0x0, 0x0, 0x1c, 0xf8, 0x0, 0x9f, 0xb0,
    0x0, 0x0, 0x0, 0x0, 0x0, 0x0, 0x6f, 0xff,
    0x12, 0xff, 0xf5, 0x0, 0x0, 0x0, 0x0, 0x0,
    0x0, 0x4f, 0xfe, 0x0, 0xff, 0xf3, 0x0, 0x0,
    0x0, 0x0, 0x0, 0x0, 0x4, 0x72, 0x0, 0x27,
    0x40, 0x0, 0x0, 0x0, 0x0, 0x0, 0x0, 0x0,
    0x0, 0x0, 0x0, 0x0, 0x0, 0x0, 0x0, 0x0,
    0x0, 0x0, 0x0, 0x5f, 0xff, 0xf4, 0x0, 0x0,
    0x0, 0x0, 0x0, 0x0, 0x0, 0x0, 0xcf, 0xff,
    0xfb, 0x0, 0x0, 0x0, 0x0, 0x0, 0x0, 0x0,
    0x4, 0xff, 0xff, 0xff, 0x20, 0x0, 0x0, 0x0,
    0x0, 0x0, 0x0, 0xb, 0xff, 0xff, 0xff, 0x90,
    0x0, 0x0, 0x0, 0x0, 0x0, 0x0, 0x2f, 0xff,
    0xce, 0xff, 0xf1, 0x0, 0x0, 0x0, 0x0, 0x0,
    0x0, 0x9f, 0xff, 0x57, 0xff, 0xf8, 0x0, 0x0,
    0x0, 0x0, 0x0, 0x1, 0xff, 0xfe, 0x1, 0xff,
    0xfe, 0x0, 0x0, 0x0, 0x0, 0x0, 0x8, 0xff,
    0xf8, 0x0, 0xaf, 0xff, 0x60, 0x0, 0x0, 0x0,
    0x0, 0xe, 0xff, 0xf1, 0x0, 0x3f, 0xff, 0xd0,
    0x0, 0x0, 0x0, 0x0, 0x6f, 0xff, 0xa0, 0x0,
    0xd, 0xff, 0xf5, 0x0, 0x0, 0x0, 0x0, 0xdf,
    0xff, 0x30, 0x0, 0x6, 0xff, 0xfc, 0x0, 0x0,
    0x0, 0x4, 0xff, 0xff, 0xff, 0xff, 0xff, 0xff,
    0xff, 0x30, 0x0, 0x0, 0xc, 0xff, 0xff, 0xff,
    0xff, 0xff, 0xff, 0xff, 0xa0, 0x0, 0x0, 0x3f,
    0xff, 0xff, 0xff, 0xff, 0xff, 0xff, 0xff, 0xf2,
    0x0, 0x0, 0xaf, 0xff, 0x92, 0x22, 0x22, 0x22,
    0x2b, 0xff, 0xf9, 0x0, 0x1, 0xff, 0xff, 0x20,
    0x0, 0x0, 0x0, 0x4, 0xff, 0xff, 0x10, 0x8,
    0xff, 0xfb, 0x0, 0x0, 0x0, 0x0, 0x0, 0xdf,
    0xff, 0x70, 0xf, 0xff, 0xf4, 0x0, 0x0, 0x0,
    0x0, 0x0, 0x7f, 0xff, 0xe0,

    /* U+00C5 "Å" */
    0x0, 0x0, 0x0, 0x0, 0x1a, 0xfe, 0x90, 0x0,
    0x0, 0x0, 0x0, 0x0, 0x0, 0x0, 0x0, 0xcf,
    0xaa, 0xfb, 0x0, 0x0, 0x0, 0x0, 0x0, 0x0,
    0x0, 0x3, 0xf8, 0x0, 0xaf, 0x10, 0x0, 0x0,
    0x0, 0x0, 0x0, 0x0, 0x2, 0xf8, 0x0, 0x9f,
    0x10, 0x0, 0x0, 0x0, 0x0, 0x0, 0x0, 0x0,
    0xcf, 0xaa, 0xfb, 0x0, 0x0, 0x0, 0x0, 0x0,
    0x0, 0x0, 0x0, 0x1a, 0xee, 0x90, 0x0, 0x0,
    0x0, 0x0, 0x0, 0x0, 0x0, 0x0, 0x0, 0x0,
    0x0, 0x0, 0x0, 0x0, 0x0, 0x0, 0x0, 0x0,
    0x0, 0x5f, 0xff, 0xf4, 0x0, 0x0, 0x0, 0x0,
    0x0, 0x0, 0x0, 0x0, 0xcf, 0xff, 0xfb, 0x0,
    0x0, 0x0, 0x0, 0x0, 0x0, 0x0, 0x4, 0xff,
    0xff, 0xff, 0x20, 0x0, 0x0, 0x0, 0x0, 0x0,
    0x0, 0xb, 0xff, 0xff, 0xff, 0x90, 0x0, 0x0,
    0x0, 0x0, 0x0, 0x0, 0x2f, 0xff, 0xce, 0xff,
    0xf1, 0x0, 0x0, 0x0, 0x0, 0x0, 0x0, 0x9f,
    0xff, 0x57, 0xff, 0xf8, 0x0, 0x0, 0x0, 0x0,
    0x0, 0x1, 0xff, 0xfe, 0x1, 0xff, 0xfe, 0x0,
    0x0, 0x0, 0x0, 0x0, 0x8, 0xff, 0xf8, 0x0,
    0xaf, 0xff, 0x60, 0x0, 0x0, 0x0, 0x0, 0xe,
    0xff, 0xf1, 0x0, 0x3f, 0xff, 0xd0, 0x0, 0x0,
    0x0, 0x0, 0x6f, 0xff, 0xa0, 0x0, 0xd, 0xff,
    0xf5, 0x0, 0x0, 0x0, 0x0, 0xdf, 0xff, 0x30,
    0x0, 0x6, 0xff, 0xfc, 0x0, 0x0, 0x0, 0x4,
    0xff, 0xff, 0xff, 0xff, 0xff, 0xff, 0xff, 0x30,
    0x0, 0x0, 0xc, 0xff, 0xff, 0xff, 0xff, 0xff,
    0xff, 0xff, 0xa0, 0x0, 0x0, 0x3f, 0xff, 0xff,
    0xff, 0xff, 0xff, 0xff, 0xff, 0xf2, 0x0, 0x0,
    0xaf, 0xff, 0x92, 0x22, 0x22, 0x22, 0x2b, 0xff,
    0xf9, 0x0, 0x1, 0xff, 0xff, 0x20, 0x0, 0x0,
    0x0, 0x4, 0xff, 0xff, 0x10, 0x8, 0xff, 0xfb,
    0x0, 0x0, 0x0, 0x0, 0x0, 0xdf, 0xff, 0x70,
    0xf, 0xff, 0xf4, 0x0, 0x0, 0x0, 0x0, 0x0,
    0x7f, 0xff, 0xe0,

    /* U+00C6 "Æ" */
    0x0, 0x0, 0x0, 0x0, 0x0, 0x4f, 0xff, 0xff,
    0xff, 0xff, 0xff, 0xff, 0xff, 0xf8, 0x0, 0x0,
    0x0, 0x0, 0x0, 0xdf, 0xff, 0xff, 0xff, 0xff,
    0xff, 0xff, 0xff, 0xf8, 0x0, 0x0, 0x0, 0x0,
    0x6, 0xff, 0xff, 0xff, 0xff, 0xff, 0xff, 0xff,
    0xff, 0xf8, 0x0, 0x0, 0x0, 0x0, 0xe, 0xff,
    0xf7, 0xff, 0xff, 0x55, 0x55, 0x55, 0x55, 0x52,
    0x0, 0x0, 0x0, 0x0, 0x8f, 0xff, 0x83, 0xff,
    0xff, 0x0, 0x0, 0x0, 0x0, 0x0, 0x0, 0x0,
    0x0, 0x2, 0xff, 0xfe, 0x13, 0xff, 0xff, 0x0,
    0x0, 0x0, 0x0, 0x0, 0x0, 0x0, 0x0, 0xa,
    0xff, 0xf6, 0x3, 0xff, 0xff, 0x0, 0x0, 0x0,
    0x0, 0x0, 0x0, 0x0, 0x0, 0x3f, 0xff, 0xd0,
    0x3, 0xff, 0xff, 0xff, 0xff, 0xff, 0xff, 0x70,
    0x0, 0x0, 0x0, 0xcf, 0xff, 0x50, 0x3, 0xff,
    0xff, 0xff, 0xff, 0xff, 0xff, 0x70, 0x0, 0x0,
    0x6, 0xff, 0xfc, 0x0, 0x3, 0xff, 0xff, 0xff,
    0xff, 0xff, 0xff, 0x70, 0x0, 0x0, 0xe, 0xff,
    0xf3, 0x0, 0x3, 0xff, 0xff, 0x33, 0x33, 0x33,
    0x33, 0x10, 0x0, 0x0, 0x8f, 0xff, 0xff, 0xff,
    0xff, 0xff, 0xff, 0x0, 0x0, 0x0, 0x0, 0x0,
    0x0, 0x2, 0xff, 0xff, 0xff, 0xff, 0xff, 0xff,
    0xff, 0x0, 0x0, 0x0, 0x0, 0x0, 0x0, 0xa,
    0xff, 0xff, 0xff, 0xff, 0xff, 0xff, 0xff, 0x0,
    0x0, 0x0, 0x0, 0x0, 0x0, 0x3f, 0xff, 0xf3,
    0x22, 0x22, 0x25, 0xff, 0xff, 0x55, 0x55, 0x55,
    0x55, 0x54, 0x0, 0xcf, 0xff, 0x70, 0x0, 0x0,
    0x3, 0xff, 0xff, 0xff, 0xff, 0xff, 0xff, 0xfe,
    0x6, 0xff, 0xfe, 0x0, 0x0, 0x0, 0x3, 0xff,
    0xff, 0xff, 0xff, 0xff, 0xff, 0xfe, 0xe, 0xff,
    0xf5, 0x0, 0x0, 0x0, 0x3, 0xff, 0xff, 0xff,
    0xff, 0xff, 0xff, 0xfe,

    /* U+00C7 "Ç" */
    0x0, 0x0, 0x1, 0x7b, 0xef, 0xfd, 0xa6, 0x10,
    0x0, 0x0, 0x1, 0x9f, 0xff, 0xff, 0xff, 0xff,
    0xe6, 0x0, 0x0, 0x2e, 0xff, 0xff, 0xff, 0xff,
    0xff, 0xff, 0xa0, 0x2, 0xef, 0xff, 0xff, 0xc9,
    0x9b, 0xff, 0xff, 0xd1, 0xb, 0xff, 0xff, 0xa1,
    0x0, 0x0, 0x19, 0xfc, 0x10, 0x4f, 0xff, 0xf8,
    0x0, 0x0, 0x0, 0x0, 0x40, 0x0, 0x9f, 0xff,
    0xd0, 0x0, 0x0, 0x0, 0x0, 0x0, 0x0, 0xdf,
    0xff, 0x70, 0x0, 0x0, 0x0, 0x0, 0x0, 0x0,
    0xff, 0xff, 0x50, 0x0, 0x0, 0x0, 0x0, 0x0,
    0x0, 0xff, 0xff, 0x50, 0x0, 0x0, 0x0, 0x0,
    0x0, 0x0, 0xdf, 0xff, 0x70, 0x0, 0x0, 0x0,
    0x0, 0x0, 0x0, 0x9f, 0xff, 0xd0, 0x0, 0x0,
    0x0, 0x0, 0x0, 0x0, 0x4f, 0xff, 0xf8, 0x0,
    0x0, 0x0, 0x0, 0x50, 0x0, 0xb, 0xff, 0xff,
    0xa1, 0x0, 0x0, 0x19, 0xfc, 0x10, 0x2, 0xef,
    0xff, 0xff, 0xb9, 0x9b, 0xff, 0xff, 0xe1, 0x0,
    0x3e, 0xff, 0xff, 0xff, 0xff, 0xff, 0xff, 0x90,
    0x0, 0x1, 0xaf, 0xff, 0xff, 0xff, 0xff, 0xe6,
    0x0, 0x0, 0x0, 0x2, 0x7b, 0xff, 0xfd, 0xa6,
    0x10, 0x0, 0x0, 0x0, 0x0, 0x0, 0x9f, 0x80,
    0x0, 0x0, 0x0, 0x0, 0x0, 0x0, 0x0, 0xdf,
    0xfa, 0x0, 0x0, 0x0, 0x0, 0x0, 0x0, 0x0,
    0x57, 0xff, 0x80, 0x0, 0x0, 0x0, 0x0, 0x0,
    0x3, 0x2, 0xff, 0xa0, 0x0, 0x0, 0x0, 0x0,
    0x0, 0x3f, 0xff, 0xff, 0x40, 0x0, 0x0, 0x0,
    0x0, 0x0, 0x3b, 0xdc, 0xa3, 0x0, 0x0, 0x0,

    /* U+00C8 "È" */
    0x1, 0xbf, 0xff, 0x60, 0x0, 0x0, 0x0, 0x0,
    0x0, 0x7f, 0xff, 0x60, 0x0, 0x0, 0x0, 0x0,
    0x0, 0x3e, 0xff, 0x60, 0x0, 0x0, 0x0, 0x0,
    0x0, 0x17, 0x87, 0x10, 0x0, 0x0, 0x0, 0x0,
    0x0, 0x0, 0x0, 0x0, 0x0, 0xd, 0xff, 0xff,
    0xff, 0xff, 0xff, 0xff, 0xe0, 0xdf, 0xff, 0xff,
    0xff, 0xff, 0xff, 0xfe, 0xd, 0xff, 0xff, 0xff,
    0xff, 0xff, 0xff, 0xe0, 0xdf, 0xff, 0x85, 0x55,
    0x55, 0x55, 0x54, 0xd, 0xff, 0xf5, 0x0, 0x0,
    0x0, 0x0, 0x0, 0xdf, 0xff, 0x50, 0x0, 0x0,
    0x0, 0x0, 0xd, 0xff, 0xf5, 0x0, 0x0, 0x0,
    0x0, 0x0, 0xdf, 0xff, 0xff, 0xff, 0xff, 0xff,
    0xc0, 0xd, 0xff, 0xff, 0xff, 0xff, 0xff, 0xfc,
    0x0, 0xdf, 0xff, 0xff, 0xff, 0xff, 0xff, 0xc0,
    0xd, 0xff, 0xf7, 0x33, 0x33, 0x33, 0x32, 0x0,
    0xdf, 0xff, 0x50, 0x0, 0x0, 0x0, 0x0, 0xd,
    0xff, 0xf5, 0x0, 0x0, 0x0, 0x0, 0x0, 0xdf,
    0xff, 0x50, 0x0, 0x0, 0x0, 0x0, 0xd, 0xff,
    0xf8, 0x55, 0x55, 0x55, 0x55, 0x51, 0xdf, 0xff,
    0xff, 0xff, 0xff, 0xff, 0xff, 0x4d, 0xff, 0xff,
    0xff, 0xff, 0xff, 0xff, 0xf4, 0xdf, 0xff, 0xff,
    0xff, 0xff, 0xff, 0xff, 0x40,

    /* U+00C9 "É" */
    0x0, 0x0, 0x0, 0x5, 0xff, 0xfc, 0x10, 0x0,
    0x0, 0x0, 0x5, 0xff, 0xf8, 0x0, 0x0, 0x0,
    0x0, 0x5, 0xff, 0xe4, 0x0, 0x0, 0x0, 0x0,
    0x0, 0x78, 0x71, 0x0, 0x0, 0x0, 0x0, 0x0,
    0x0, 0x0, 0x0, 0x0, 0x0, 0xd, 0xff, 0xff,
    0xff, 0xff, 0xff, 0xff, 0xe0, 0xdf, 0xff, 0xff,
    0xff, 0xff, 0xff, 0xfe, 0xd, 0xff, 0xff, 0xff,
    0xff, 0xff, 0xff, 0xe0, 0xdf, 0xff, 0x85, 0x55,
    0x55, 0x55, 0x54, 0xd, 0xff, 0xf5, 0x0, 0x0,
    0x0, 0x0, 0x0, 0xdf, 0xff, 0x50, 0x0, 0x0,
    0x0, 0x0, 0xd, 0xff, 0xf5, 0x0, 0x0, 0x0,
    0x0, 0x0, 0xdf, 0xff, 0xff, 0xff, 0xff, 0xff,
    0xc0, 0xd, 0xff, 0xff, 0xff, 0xff, 0xff, 0xfc,
    0x0, 0xdf, 0xff, 0xff, 0xff, 0xff, 0xff, 0xc0,
    0xd, 0xff, 0xf7, 0x33, 0x33, 0x33, 0x32, 0x0,
    0xdf, 0xff, 0x50, 0x0, 0x0, 0x0, 0x0, 0xd,
    0xff, 0xf5, 0x0, 0x0, 0x0, 0x0, 0x0, 0xdf,
    0xff, 0x50, 0x0, 0x0, 0x0, 0x0, 0xd, 0xff,
    0xf8, 0x55, 0x55, 0x55, 0x55, 0x51, 0xdf, 0xff,
    0xff, 0xff, 0xff, 0xff, 0xff, 0x4d, 0xff, 0xff,
    0xff, 0xff, 0xff, 0xff, 0xf4, 0xdf, 0xff, 0xff,
    0xff, 0xff, 0xff, 0xff, 0x40,

    /* U+00CA "Ê" */
    0x0, 0x0, 0x4f, 0xff, 0xf5, 0x0, 0x0, 0x0,
    0x0, 0x4f, 0xff, 0xef, 0xf4, 0x0, 0x0, 0x0,
    0x4f, 0xfd, 0x22, 0xdf, 0xf4, 0x0, 0x0, 0x7,
    0x87, 0x0, 0x0, 0x78, 0x70, 0x0, 0x0, 0x0,
    0x0, 0x0, 0x0, 0x0, 0x0, 0xd, 0xff, 0xff,
    0xff, 0xff, 0xff, 0xff, 0xe0, 0xdf, 0xff, 0xff,
    0xff, 0xff, 0xff, 0xfe, 0xd, 0xff, 0xff, 0xff,
    0xff, 0xff, 0xff, 0xe0, 0xdf, 0xff, 0x85, 0x55,
    0x55, 0x55, 0x54, 0xd, 0xff, 0xf5, 0x0, 0x0,
    0x0, 0x0, 0x0, 0xdf, 0xff, 0x50, 0x0, 0x0,
    0x0, 0x0, 0xd, 0xff, 0xf5, 0x0, 0x0, 0x0,
    0x0, 0x0, 0xdf, 0xff, 0xff, 0xff, 0xff, 0xff,
    0xc0, 0xd, 0xff, 0xff, 0xff, 0xff, 0xff, 0xfc,
    0x0, 0xdf, 0xff, 0xff, 0xff, 0xff, 0xff, 0xc0,
    0xd, 0xff, 0xf7, 0x33, 0x33, 0x33, 0x32, 0x0,
    0xdf, 0xff, 0x50, 0x0, 0x0, 0x0, 0x0, 0xd,
    0xff, 0xf5, 0x0, 0x0, 0x0, 0x0, 0x0, 0xdf,
    0xff, 0x50, 0x0, 0x0, 0x0, 0x0, 0xd, 0xff,
    0xf8, 0x55, 0x55, 0x55, 0x55, 0x51, 0xdf, 0xff,
    0xff, 0xff, 0xff, 0xff, 0xff, 0x4d, 0xff, 0xff,
    0xff, 0xff, 0xff, 0xff, 0xf4, 0xdf, 0xff, 0xff,
    0xff, 0xff, 0xff, 0xff, 0x40,

    /* U+00CB "Ë" */
    0x0, 0xb, 0xf9, 0x0, 0x8f, 0xc1, 0x0, 0x0,
    0x5, 0xff, 0xf2, 0x1f, 0xff, 0x60, 0x0, 0x0,
    0x3f, 0xfe, 0x0, 0xef, 0xf4, 0x0, 0x0, 0x0,
    0x47, 0x20, 0x2, 0x74, 0x0, 0x0, 0x0, 0x0,
    0x0, 0x0, 0x0, 0x0, 0x0, 0xd, 0xff, 0xff,
    0xff, 0xff, 0xff, 0xff, 0xe0, 0xdf, 0xff, 0xff,
    0xff, 0xff, 0xff, 0xfe, 0xd, 0xff, 0xff, 0xff,
    0xff, 0xff, 0xff, 0xe0, 0xdf, 0xff, 0x85, 0x55,
    0x55, 0x55, 0x54, 0xd, 0xff, 0xf5, 0x0, 0x0,
    0x0, 0x0, 0x0, 0xdf, 0xff, 0x50, 0x0, 0x0,
    0x0, 0x0, 0xd, 0xff, 0xf5, 0x0, 0x0, 0x0,
    0x0, 0x0, 0xdf, 0xff, 0xff, 0xff, 0xff, 0xff,
    0xc0, 0xd, 0xff, 0xff, 0xff, 0xff, 0xff, 0xfc,
    0x0, 0xdf, 0xff, 0xff, 0xff, 0xff, 0xff, 0xc0,
    0xd, 0xff, 0xf7, 0x33, 0x33, 0x33, 0x32, 0x0,
    0xdf, 0xff, 0x50, 0x0, 0x0, 0x0, 0x0, 0xd,
    0xff, 0xf5, 0x0, 0x0, 0x0, 0x0, 0x0, 0xdf,
    0xff, 0x50, 0x0, 0x0, 0x0, 0x0, 0xd, 0xff,
    0xf8, 0x55, 0x55, 0x55, 0x55, 0x51, 0xdf, 0xff,
    0xff, 0xff, 0xff, 0xff, 0xff, 0x4d, 0xff, 0xff,
    0xff, 0xff, 0xff, 0xff, 0xf4, 0xdf, 0xff, 0xff,
    0xff, 0xff, 0xff, 0xff, 0x40,

    /* U+00CC "Ì" */
    0x8, 0xff, 0xf9, 0x0, 0x0, 0x4, 0xef, 0xf9,
    0x0, 0x0, 0x1, 0xcf, 0xf9, 0x0, 0x0, 0x0,
    0x68, 0x82, 0x0, 0x0, 0x0, 0x0, 0x0, 0x0,
    0xd, 0xff, 0xf6, 0x0, 0x0, 0xdf, 0xff, 0x60,
    0x0, 0xd, 0xff, 0xf6, 0x0, 0x0, 0xdf, 0xff,
    0x60, 0x0, 0xd, 0xff, 0xf6, 0x0, 0x0, 0xdf,
    0xff, 0x60, 0x0, 0xd, 0xff, 0xf6, 0x0, 0x0,
    0xdf, 0xff, 0x60, 0x0, 0xd, 0xff, 0xf6, 0x0,
    0x0, 0xdf, 0xff, 0x60, 0x0, 0xd, 0xff, 0xf6,
    0x0, 0x0, 0xdf, 0xff, 0x60, 0x0, 0xd, 0xff,
    0xf6, 0x0, 0x0, 0xdf, 0xff, 0x60, 0x0, 0xd,
    0xff, 0xf6, 0x0, 0x0, 0xdf, 0xff, 0x60, 0x0,
    0xd, 0xff, 0xf6, 0x0, 0x0, 0xdf, 0xff, 0x60,

    /* U+00CD "Í" */
    0x0, 0x2, 0xef, 0xfe, 0x30, 0x2, 0xef, 0xfb,
    0x10, 0x2, 0xef, 0xf6, 0x0, 0x0, 0x68, 0x83,
    0x0, 0x0, 0x0, 0x0, 0x0, 0x0, 0x0, 0xdf,
    0xff, 0x60, 0x0, 0xd, 0xff, 0xf6, 0x0, 0x0,
    0xdf, 0xff, 0x60, 0x0, 0xd, 0xff, 0xf6, 0x0,
    0x0, 0xdf, 0xff, 0x60, 0x0, 0xd, 0xff, 0xf6,
    0x0, 0x0, 0xdf, 0xff, 0x60, 0x0, 0xd, 0xff,
    0xf6, 0x0, 0x0, 0xdf, 0xff, 0x60, 0x0, 0xd,
    0xff, 0xf6, 0x0, 0x0, 0xdf, 0xff, 0x60, 0x0,
    0xd, 0xff, 0xf6, 0x0, 0x0, 0xdf, 0xff, 0x60,
    0x0, 0xd, 0xff, 0xf6, 0x0, 0x0, 0xdf, 0xff,
    0x60, 0x0, 0xd, 0xff, 0xf6, 0x0, 0x0, 0xdf,
    0xff, 0x60, 0x0, 0xd, 0xff, 0xf6, 0x0, 0x0,

    /* U+00CE "Î" */
    0x0, 0x2e, 0xff, 0xf8, 0x0, 0x0, 0x1e, 0xff,
    0xdf, 0xf8, 0x0, 0x1d, 0xff, 0x40, 0xaf, 0xf8,
    0x5, 0x88, 0x20, 0x0, 0x68, 0x71, 0x0, 0x0,
    0x0, 0x0, 0x0, 0x0, 0x0, 0xdf, 0xff, 0x60,
    0x0, 0x0, 0xd, 0xff, 0xf6, 0x0, 0x0, 0x0,
    0xdf, 0xff, 0x60, 0x0, 0x0, 0xd, 0xff, 0xf6,
    0x0, 0x0, 0x0, 0xdf, 0xff, 0x60, 0x0, 0x0,
    0xd, 0xff, 0xf6, 0x0, 0x0, 0x0, 0xdf, 0xff,
    0x60, 0x0, 0x0, 0xd, 0xff, 0xf6, 0x0, 0x0,
    0x0, 0xdf, 0xff, 0x60, 0x0, 0x0, 0xd, 0xff,
    0xf6, 0x0, 0x0, 0x0, 0xdf, 0xff, 0x60, 0x0,
    0x0, 0xd, 0xff, 0xf6, 0x0, 0x0, 0x0, 0xdf,
    0xff, 0x60, 0x0, 0x0, 0xd, 0xff, 0xf6, 0x0,
    0x0, 0x0, 0xdf, 0xff, 0x60, 0x0, 0x0, 0xd,
    0xff, 0xf6, 0x0, 0x0, 0x0, 0xdf, 0xff, 0x60,
    0x0, 0x0, 0xd, 0xff, 0xf6, 0x0, 0x0,

    /* U+00CF "Ï" */
    0x9, 0xfb, 0x0, 0x5e, 0xd3, 0x2f, 0xff, 0x60,
    0xdf, 0xfa, 0xe, 0xff, 0x30, 0xbf, 0xf8, 0x2,
    0x74, 0x0, 0x17, 0x60, 0x0, 0x0, 0x0, 0x0,
    0x0, 0x0, 0xd, 0xff, 0xf6, 0x0, 0x0, 0xd,
    0xff, 0xf6, 0x0, 0x0, 0xd, 0xff, 0xf6, 0x0,
    0x0, 0xd, 0xff, 0xf6, 0x0, 0x0, 0xd, 0xff,
    0xf6, 0x0, 0x0, 0xd, 0xff, 0xf6, 0x0, 0x0,
    0xd, 0xff, 0xf6, 0x0, 0x0, 0xd, 0xff, 0xf6,
    0x0, 0x0, 0xd, 0xff, 0xf6, 0x0, 0x0, 0xd,
    0xff, 0xf6, 0x0, 0x0, 0xd, 0xff, 0xf6, 0x0,
    0x0, 0xd, 0xff, 0xf6, 0x0, 0x0, 0xd, 0xff,
    0xf6, 0x0, 0x0, 0xd, 0xff, 0xf6, 0x0, 0x0,
    0xd, 0xff, 0xf6, 0x0, 0x0, 0xd, 0xff, 0xf6,
    0x0, 0x0, 0xd, 0xff, 0xf6, 0x0, 0x0, 0xd,
    0xff, 0xf6, 0x0,

    /* U+00D0 "Ð" */
    0x0, 0x8f, 0xff, 0xff, 0xff, 0xff, 0xeb, 0x71,
    0x0, 0x0, 0x0, 0x8, 0xff, 0xff, 0xff, 0xff,
    0xff, 0xff, 0xf8, 0x0, 0x0, 0x0, 0x8f, 0xff,
    0xff, 0xff, 0xff, 0xff, 0xff, 0xfd, 0x10, 0x0,
    0x8, 0xff, 0xfd, 0x66, 0x66, 0x8a, 0xff, 0xff,
    0xfd, 0x0, 0x0, 0x8f, 0xff, 0xb0, 0x0, 0x0,
    0x1, 0xaf, 0xff, 0xfa, 0x0, 0x8, 0xff, 0xfb,
    0x0, 0x0, 0x0, 0x0, 0xaf, 0xff, 0xf2, 0x0,
    0x8f, 0xff, 0xb0, 0x0, 0x0, 0x0, 0x0, 0xff,
    0xff, 0x7b, 0xcf, 0xff, 0xff, 0xcc, 0xcc, 0x30,
    0x0, 0xa, 0xff, 0xfa, 0xff, 0xff, 0xff, 0xff,
    0xff, 0xf4, 0x0, 0x0, 0x8f, 0xff, 0xcf, 0xff,
    0xff, 0xff, 0xff, 0xff, 0x40, 0x0, 0x8, 0xff,
    0xfc, 0x0, 0x8f, 0xff, 0xb0, 0x0, 0x0, 0x0,
    0x0, 0xaf, 0xff, 0xa0, 0x8, 0xff, 0xfb, 0x0,
    0x0, 0x0, 0x0, 0xf, 0xff, 0xf7, 0x0, 0x8f,
    0xff, 0xb0, 0x0, 0x0, 0x0, 0xa, 0xff, 0xff,
    0x20, 0x8, 0xff, 0xfb, 0x0, 0x0, 0x0, 0xa,
    0xff, 0xff, 0xa0, 0x0, 0x8f, 0xff, 0xd6, 0x66,
    0x67, 0xaf, 0xff, 0xff, 0xd0, 0x0, 0x8, 0xff,
    0xff, 0xff, 0xff, 0xff, 0xff, 0xff, 0xd1, 0x0,
    0x0, 0x8f, 0xff, 0xff, 0xff, 0xff, 0xff, 0xff,
    0x80, 0x0, 0x0, 0x8, 0xff, 0xff, 0xff, 0xff,
    0xfe, 0xb7, 0x10, 0x0, 0x0,

    /* U+00D1 "Ñ" */
    0x0, 0x0, 0x3, 0x52, 0x0, 0x3, 0x64, 0x0,
    0x0, 0x0, 0x8, 0xff, 0xf7, 0x0, 0x9f, 0x90,
    0x0, 0x0, 0x2, 0xff, 0xff, 0xfb, 0x7f, 0xf6,
    0x0, 0x0, 0x0, 0x8f, 0xd1, 0x5f, 0xff, 0xfe,
    0x0, 0x0, 0x0, 0xa, 0xf8, 0x0, 0x2c, 0xfd,
    0x30, 0x0, 0x0, 0x0, 0x0, 0x0, 0x0, 0x0,
    0x0, 0x0, 0x0, 0xdf, 0xfe, 0x20, 0x0, 0x0,
    0x0, 0x5f, 0xff, 0xdd, 0xff, 0xfd, 0x0, 0x0,
    0x0, 0x5, 0xff, 0xfd, 0xdf, 0xff, 0xfb, 0x0,
    0x0, 0x0, 0x5f, 0xff, 0xdd, 0xff, 0xff, 0xf8,
    0x0, 0x0, 0x5, 0xff, 0xfd, 0xdf, 0xff, 0xff,
    0xf5, 0x0, 0x0, 0x5f, 0xff, 0xdd, 0xff, 0xff,
    0xff, 0xf3, 0x0, 0x5, 0xff, 0xfd, 0xdf, 0xff,
    0xff, 0xff, 0xe1, 0x0, 0x5f, 0xff, 0xdd, 0xff,
    0xfa, 0xff, 0xff, 0xc0, 0x5, 0xff, 0xfd, 0xdf,
    0xff, 0x57, 0xff, 0xff, 0xa0, 0x5f, 0xff, 0xdd,
    0xff, 0xf5, 0xa, 0xff, 0xff, 0x75, 0xff, 0xfd,
    0xdf, 0xff, 0x50, 0xc, 0xff, 0xff, 0xaf, 0xff,
    0xdd, 0xff, 0xf5, 0x0, 0x1e, 0xff, 0xff, 0xff,
    0xfd, 0xdf, 0xff, 0x50, 0x0, 0x3f, 0xff, 0xff,
    0xff, 0xdd, 0xff, 0xf5, 0x0, 0x0, 0x5f, 0xff,
    0xff, 0xfd, 0xdf, 0xff, 0x50, 0x0, 0x0, 0x8f,
    0xff, 0xff, 0xdd, 0xff, 0xf5, 0x0, 0x0, 0x0,
    0xaf, 0xff, 0xfd, 0xdf, 0xff, 0x50, 0x0, 0x0,
    0x0, 0xcf, 0xff, 0xdd, 0xff, 0xf5, 0x0, 0x0,
    0x0, 0x1, 0xef, 0xfd,

    /* U+00D2 "Ò" */
    0x0, 0x0, 0x27, 0x88, 0x70, 0x0, 0x0, 0x0,
    0x0, 0x0, 0x0, 0x0, 0x6, 0xff, 0xfb, 0x0,
    0x0, 0x0, 0x0, 0x0, 0x0, 0x0, 0x0, 0x4e,
    0xff, 0x90, 0x0, 0x0, 0x0, 0x0, 0x0, 0x0,
    0x0, 0x2, 0xdf, 0xf7, 0x0, 0x0, 0x0, 0x0,
    0x0, 0x0, 0x0, 0x0, 0x17, 0x87, 0x10, 0x0,
    0x0, 0x0, 0x0, 0x0, 0x0, 0x0, 0x0, 0x0,
    0x0, 0x0, 0x0, 0x0, 0x0, 0x0, 0x1, 0x7b,
    0xef, 0xfd, 0xb7, 0x10, 0x0, 0x0, 0x0, 0x0,
    0x9f, 0xff, 0xff, 0xff, 0xff, 0xf9, 0x0, 0x0,
    0x0, 0x2d, 0xff, 0xff, 0xff, 0xff, 0xff, 0xff,
    0xd2, 0x0, 0x1, 0xef, 0xff, 0xff, 0xb9, 0x9c,
    0xff, 0xff, 0xfd, 0x10, 0xb, 0xff, 0xff, 0xa1,
    0x0, 0x0, 0x1b, 0xff, 0xff, 0xa0, 0x4f, 0xff,
    0xf8, 0x0, 0x0, 0x0, 0x0, 0x9f, 0xff, 0xf3,
    0x9f, 0xff, 0xd0, 0x0, 0x0, 0x0, 0x0, 0xe,
    0xff, 0xf8, 0xdf, 0xff, 0x80, 0x0, 0x0, 0x0,
    0x0, 0x8, 0xff, 0xfc, 0xef, 0xff, 0x50, 0x0,
    0x0, 0x0, 0x0, 0x6, 0xff, 0xfe, 0xff, 0xff,
    0x50, 0x0, 0x0, 0x0, 0x0, 0x6, 0xff, 0xfe,
    0xdf, 0xff, 0x80, 0x0, 0x0, 0x0, 0x0, 0x8,
    0xff, 0xfc, 0x9f, 0xff, 0xd0, 0x0, 0x0, 0x0,
    0x0, 0xe, 0xff, 0xf8, 0x4f, 0xff, 0xf8, 0x0,
    0x0, 0x0, 0x0, 0x9f, 0xff, 0xf3, 0xb, 0xff,
    0xff, 0xa1, 0x0, 0x0, 0x1b, 0xff, 0xff, 0xa0,
    0x1, 0xef, 0xff, 0xff, 0xb9, 0x9c, 0xff, 0xff,
    0xfd, 0x10, 0x0, 0x2d, 0xff, 0xff, 0xff, 0xff,
    0xff, 0xff, 0xd2, 0x0, 0x0, 0x0, 0x9f, 0xff,
    0xff, 0xff, 0xff, 0xf9, 0x0, 0x0, 0x0, 0x0,
    0x1, 0x7b, 0xef, 0xfe, 0xb7, 0x10, 0x0, 0x0,

    /* U+00D3 "Ó" */
    0x0, 0x0, 0x0, 0x0, 0x0, 0x7, 0x88, 0x71,
    0x0, 0x0, 0x0, 0x0, 0x0, 0x0, 0x0, 0xbf,
    0xff, 0x50, 0x0, 0x0, 0x0, 0x0, 0x0, 0x0,
    0xa, 0xff, 0xe3, 0x0, 0x0, 0x0, 0x0, 0x0,
    0x0, 0x0, 0x8f, 0xfd, 0x20, 0x0, 0x0, 0x0,
    0x0, 0x0, 0x0, 0x1, 0x78, 0x70, 0x0, 0x0,
    0x0, 0x0, 0x0, 0x0, 0x0, 0x0, 0x0, 0x0,
    0x0, 0x0, 0x0, 0x0, 0x0, 0x0, 0x1, 0x7b,
    0xef, 0xfd, 0xb7, 0x10, 0x0, 0x0, 0x0, 0x0,
    0x9f, 0xff, 0xff, 0xff, 0xff, 0xf9, 0x0, 0x0,
    0x0, 0x2d, 0xff, 0xff, 0xff, 0xff, 0xff, 0xff,
    0xd2, 0x0, 0x1, 0xef, 0xff, 0xff, 0xb9, 0x9c,
    0xff, 0xff, 0xfd, 0x10, 0xb, 0xff, 0xff, 0xa1,
    0x0, 0x0, 0x1b, 0xff, 0xff, 0xa0, 0x4f, 0xff,
    0xf8, 0x0, 0x0, 0x0, 0x0, 0x9f, 0xff, 0xf3,
    0x9f, 0xff, 0xd0, 0x0, 0x0, 0x0, 0x0, 0xe,
    0xff, 0xf8, 0xdf, 0xff, 0x80, 0x0, 0x0, 0x0,
    0x0, 0x8, 0xff, 0xfc, 0xef, 0xff, 0x50, 0x0,
    0x0, 0x0, 0x0, 0x6, 0xff, 0xfe, 0xff, 0xff,
    0x50, 0x0, 0x0, 0x0, 0x0, 0x6, 0xff, 0xfe,
    0xdf, 0xff, 0x80, 0x0, 0x0, 0x0, 0x0, 0x8,
    0xff, 0xfc, 0x9f, 0xff, 0xd0, 0x0, 0x0, 0x0,
    0x0, 0xe, 0xff, 0xf8, 0x4f, 0xff, 0xf8, 0x0,
    0x0, 0x0, 0x0, 0x9f, 0xff, 0xf3, 0xb, 0xff,
    0xff, 0xa1, 0x0, 0x0, 0x1b, 0xff, 0xff, 0xa0,
    0x1, 0xef, 0xff, 0xff, 0xb9, 0x9c, 0xff, 0xff,
    0xfd, 0x10, 0x0, 0x2d, 0xff, 0xff, 0xff, 0xff,
    0xff, 0xff, 0xd2, 0x0, 0x0, 0x0, 0x9f, 0xff,
    0xff, 0xff, 0xff, 0xf9, 0x0, 0x0, 0x0, 0x0,
    0x1, 0x7b, 0xef, 0xfe, 0xb7, 0x10, 0x0, 0x0,

    /* U+00D4 "Ô" */
    0x0, 0x0, 0x0, 0x0, 0x78, 0x87, 0x0, 0x0,
    0x0, 0x0, 0x0, 0x0, 0x0, 0xa, 0xff, 0xff,
    0x90, 0x0, 0x0, 0x0, 0x0, 0x0, 0x0, 0x8f,
    0xfc, 0xdf, 0xf7, 0x0, 0x0, 0x0, 0x0, 0x0,
    0x6, 0xff, 0xb0, 0x1c, 0xff, 0x50, 0x0, 0x0,
    0x0, 0x0, 0x7, 0x87, 0x0, 0x0, 0x78, 0x70,
    0x0, 0x0, 0x0, 0x0, 0x0, 0x0, 0x0, 0x0,
    0x0, 0x0, 0x0, 0x0, 0x0, 0x0, 0x1, 0x7b,
    0xef, 0xfd, 0xb7, 0x10, 0x0, 0x0, 0x0, 0x0,
    0x9f, 0xff, 0xff, 0xff, 0xff, 0xf9, 0x0, 0x0,
    0x0, 0x2d, 0xff, 0xff, 0xff, 0xff, 0xff, 0xff,
    0xd2, 0x0, 0x1, 0xef, 0xff, 0xff, 0xb9, 0x9c,
    0xff, 0xff, 0xfd, 0x10, 0xb, 0xff, 0xff, 0xa1,
    0x0, 0x0, 0x1b, 0xff, 0xff, 0xa0, 0x4f, 0xff,
    0xf8, 0x0, 0x0, 0x0, 0x0, 0x9f, 0xff, 0xf3,
    0x9f, 0xff, 0xd0, 0x0, 0x0, 0x0, 0x0, 0xe,
    0xff, 0xf8, 0xdf, 0xff, 0x80, 0x0, 0x0, 0x0,
    0x0, 0x8, 0xff, 0xfc, 0xef, 0xff, 0x50, 0x0,
    0x0, 0x0, 0x0, 0x6, 0xff, 0xfe, 0xff, 0xff,
    0x50, 0x0, 0x0, 0x0, 0x0, 0x6, 0xff, 0xfe,
    0xdf, 0xff, 0x80, 0x0, 0x0, 0x0, 0x0, 0x8,
    0xff, 0xfc, 0x9f, 0xff, 0xd0, 0x0, 0x0, 0x0,
    0x0, 0xe, 0xff, 0xf8, 0x4f, 0xff, 0xf8, 0x0,
    0x0, 0x0, 0x0, 0x9f, 0xff, 0xf3, 0xb, 0xff,
    0xff, 0xa1, 0x0, 0x0, 0x1b, 0xff, 0xff, 0xa0,
    0x1, 0xef, 0xff, 0xff, 0xb9, 0x9c, 0xff, 0xff,
    0xfd, 0x10, 0x0, 0x2d, 0xff, 0xff, 0xff, 0xff,
    0xff, 0xff, 0xd2, 0x0, 0x0, 0x0, 0x9f, 0xff,
    0xff, 0xff, 0xff, 0xf9, 0x0, 0x0, 0x0, 0x0,
    0x1, 0x7b, 0xef, 0xfe, 0xb7, 0x10, 0x0, 0x0,

    /* U+00D5 "Õ" */
    0x0, 0x0, 0x0, 0x15, 0x40, 0x0, 0x6, 0x60,
    0x0, 0x0, 0x0, 0x0, 0x3, 0xff, 0xff, 0x71,
    0x5f, 0xf0, 0x0, 0x0, 0x0, 0x0, 0xd, 0xff,
    0xff, 0xff, 0xff, 0xb0, 0x0, 0x0, 0x0, 0x0,
    0x2f, 0xf4, 0x18, 0xff, 0xfe, 0x20, 0x0, 0x0,
    0x0, 0x0, 0x15, 0x50, 0x0, 0x14, 0x40, 0x0,
    0x0, 0x0, 0x0, 0x0, 0x0, 0x0, 0x0, 0x0,
    0x0, 0x0, 0x0, 0x0, 0x0, 0x0, 0x1, 0x7b,
    0xef, 0xfd, 0xb7, 0x10, 0x0, 0x0, 0x0, 0x0,
    0x9f, 0xff, 0xff, 0xff, 0xff, 0xf9, 0x0, 0x0,
    0x0, 0x2d, 0xff, 0xff, 0xff, 0xff, 0xff, 0xff,
    0xd2, 0x0, 0x1, 0xef, 0xff, 0xff, 0xb9, 0x9c,
    0xff, 0xff, 0xfd, 0x10, 0xb, 0xff, 0xff, 0xa1,
    0x0, 0x0, 0x1b, 0xff, 0xff, 0xa0, 0x4f, 0xff,
    0xf8, 0x0, 0x0, 0x0, 0x0, 0x9f, 0xff, 0xf3,
    0x9f, 0xff, 0xd0, 0x0, 0x0, 0x0, 0x0, 0xe,
    0xff, 0xf8, 0xdf, 0xff, 0x80, 0x0, 0x0, 0x0,
    0x0, 0x8, 0xff, 0xfc, 0xef, 0xff, 0x50, 0x0,
    0x0, 0x0, 0x0, 0x6, 0xff, 0xfe, 0xff, 0xff,
    0x50, 0x0, 0x0, 0x0, 0x0, 0x6, 0xff, 0xfe,
    0xdf, 0xff, 0x80, 0x0, 0x0, 0x0, 0x0, 0x8,
    0xff, 0xfc, 0x9f, 0xff, 0xd0, 0x0, 0x0, 0x0,
    0x0, 0xe, 0xff, 0xf8, 0x4f, 0xff, 0xf8, 0x0,
    0x0, 0x0, 0x0, 0x9f, 0xff, 0xf3, 0xb, 0xff,
    0xff, 0xa1, 0x0, 0x0, 0x1b, 0xff, 0xff, 0xa0,
    0x1, 0xef, 0xff, 0xff, 0xb9, 0x9c, 0xff, 0xff,
    0xfd, 0x10, 0x0, 0x2d, 0xff, 0xff, 0xff, 0xff,
    0xff, 0xff, 0xd2, 0x0, 0x0, 0x0, 0x9f, 0xff,
    0xff, 0xff, 0xff, 0xf9, 0x0, 0x0, 0x0, 0x0,
    0x1, 0x7b, 0xef, 0xfe, 0xb7, 0x10, 0x0, 0x0,

    /* U+00D6 "Ö" */
    0x0, 0x0, 0x0, 0x47, 0x20, 0x2, 0x74, 0x0,
    0x0, 0x0, 0x0, 0x0, 0x4, 0xff, 0xe0, 0xf,
    0xff, 0x30, 0x0, 0x0, 0x0, 0x0, 0x6, 0xff,
    0xf1, 0x2f, 0xff, 0x50, 0x0, 0x0, 0x0, 0x0,
    0x1, 0xcf, 0x80, 0x9, 0xfb, 0x0, 0x0, 0x0,
    0x0, 0x0, 0x0, 0x0, 0x0, 0x0, 0x0, 0x0,
    0x0, 0x0, 0x0, 0x0, 0x0, 0x0, 0x0, 0x0,
    0x0, 0x0, 0x0, 0x0, 0x0, 0x0, 0x1, 0x7b,
    0xef, 0xfd, 0xb7, 0x10, 0x0, 0x0, 0x0, 0x0,
    0x9f, 0xff, 0xff, 0xff, 0xff, 0xf9, 0x0, 0x0,
    0x0, 0x2d, 0xff, 0xff, 0xff, 0xff, 0xff, 0xff,
    0xd2, 0x0, 0x1, 0xef, 0xff, 0xff, 0xb9, 0x9c,
    0xff, 0xff, 0xfd, 0x10, 0xb, 0xff, 0xff, 0xa1,
    0x0, 0x0, 0x1b, 0xff, 0xff, 0xa0, 0x4f, 0xff,
    0xf8, 0x0, 0x0, 0x0, 0x0, 0x9f, 0xff, 0xf3,
    0x9f, 0xff, 0xd0, 0x0, 0x0, 0x0, 0x0, 0xe,
    0xff, 0xf8, 0xdf, 0xff, 0x80, 0x0, 0x0, 0x0,
    0x0, 0x8, 0xff, 0xfc, 0xef, 0xff, 0x50, 0x0,
    0x0, 0x0, 0x0, 0x6, 0xff, 0xfe, 0xff, 0xff,
    0x50, 0x0, 0x0, 0x0, 0x0, 0x6, 0xff, 0xfe,
    0xdf, 0xff, 0x80, 0x0, 0x0, 0x0, 0x0, 0x8,
    0xff, 0xfc, 0x9f, 0xff, 0xd0, 0x0, 0x0, 0x0,
    0x0, 0xe, 0xff, 0xf8, 0x4f, 0xff, 0xf8, 0x0,
    0x0, 0x0, 0x0, 0x9f, 0xff, 0xf3, 0xb, 0xff,
    0xff, 0xa1, 0x0, 0x0, 0x1b, 0xff, 0xff, 0xa0,
    0x1, 0xef, 0xff, 0xff, 0xb9, 0x9c, 0xff, 0xff,
    0xfd, 0x10, 0x0, 0x2d, 0xff, 0xff, 0xff, 0xff,
    0xff, 0xff, 0xd2, 0x0, 0x0, 0x0, 0x9f, 0xff,
    0xff, 0xff, 0xff, 0xf9, 0x0, 0x0, 0x0, 0x0,
    0x1, 0x7b, 0xef, 0xfe, 0xb7, 0x10, 0x0, 0x0,

    /* U+00D7 "×" */
    0x0, 0x20, 0x0, 0x0, 0x1, 0x0, 0x5, 0xf7,
    0x0, 0x1, 0xcd, 0x10, 0x5f, 0xff, 0x70, 0x1c,
    0xff, 0xd1, 0x1d, 0xff, 0xf8, 0xcf, 0xff, 0x90,
    0x1, 0xdf, 0xff, 0xff, 0xf9, 0x0, 0x0, 0x1d,
    0xff, 0xff, 0x80, 0x0, 0x0, 0x1d, 0xff, 0xff,
    0x70, 0x0, 0x1, 0xdf, 0xff, 0xff, 0xf8, 0x0,
    0x1d, 0xff, 0xf9, 0xdf, 0xff, 0x80, 0x5f, 0xff,
    0x80, 0x1d, 0xff, 0xe1, 0x6, 0xf8, 0x0, 0x1,
    0xde, 0x20, 0x0, 0x30, 0x0, 0x0, 0x12, 0x0,

    /* U+00D8 "Ø" */
    0x0, 0x0, 0x0, 0x0, 0x0, 0x0, 0x0, 0xbf,
    0xf1, 0x0, 0x0, 0x0, 0x0, 0x0, 0x0, 0x0,
    0x4, 0xff, 0x80, 0x0, 0x0, 0x0, 0x1, 0x7b,
    0xef, 0xfd, 0xbf, 0xfe, 0x0, 0x0, 0x0, 0x0,
    0x9f, 0xff, 0xff, 0xff, 0xff, 0xff, 0x0, 0x0,
    0x0, 0x2d, 0xff, 0xff, 0xff, 0xff, 0xff, 0xff,
    0xd2, 0x0, 0x1, 0xef, 0xff, 0xff, 0xb9, 0x9f,
    0xff, 0xff, 0xfd, 0x10, 0xb, 0xff, 0xff, 0xa1,
    0x0, 0x1f, 0xff, 0xff, 0xff, 0xa0, 0x4f, 0xff,
    0xf8, 0x0, 0x0, 0x9f, 0xf3, 0x9f, 0xff, 0xf3,
    0x9f, 0xff, 0xd0, 0x0, 0x2, 0xff, 0xa0, 0xe,
    0xff, 0xf8, 0xdf, 0xff, 0x80, 0x0, 0xb, 0xff,
    0x20, 0x8, 0xff, 0xfc, 0xef, 0xff, 0x50, 0x0,
    0x4f, 0xf8, 0x0, 0x6, 0xff, 0xfe, 0xff, 0xff,
    0x50, 0x0, 0xdf, 0xe1, 0x0, 0x6, 0xff, 0xfe,
    0xdf, 0xff, 0x80, 0x6, 0xff, 0x60, 0x0, 0x8,
    0xff, 0xfc, 0x9f, 0xff, 0xd0, 0xe, 0xfd, 0x0,
    0x0, 0xe, 0xff, 0xf8, 0x4f, 0xff, 0xf8, 0x7f,
    0xf5, 0x0, 0x0, 0x9f, 0xff, 0xf3, 0xb, 0xff,
    0xff, 0xff, 0xc0, 0x0, 0x1b, 0xff, 0xff, 0xa0,
    0x1, 0xef, 0xff, 0xff, 0xf9, 0x9c, 0xff, 0xff,
    0xfd, 0x10, 0x0, 0x2d, 0xff, 0xff, 0xff, 0xff,
    0xff, 0xff, 0xd2, 0x0, 0x0, 0x0, 0xff, 0xff,
    0xff, 0xff, 0xff, 0xf9, 0x0, 0x0, 0x0, 0x4,
    0xff, 0xfb, 0xef, 0xfe, 0xb7, 0x10, 0x0, 0x0,
    0x0, 0xc, 0xfe, 0x10, 0x0, 0x0, 0x0, 0x0,
    0x0, 0x0, 0x0, 0x18, 0x84, 0x0, 0x0, 0x0,
    0x0, 0x0, 0x0, 0x0,

    /* U+00D9 "Ù" */
    0x0, 0x7, 0x88, 0x82, 0x0, 0x0, 0x0, 0x0,
    0x0, 0x0, 0x2e, 0xff, 0xe1, 0x0, 0x0, 0x0,
    0x0, 0x0, 0x0, 0x1c, 0xff, 0xd0, 0x0, 0x0,
    0x0, 0x0, 0x0, 0x0, 0xa, 0xff, 0xb0, 0x0,
    0x0, 0x0, 0x0, 0x0, 0x0, 0x6, 0x88, 0x30,
    0x0, 0x0, 0x0, 0x0, 0x0, 0x0, 0x0, 0x0,
    0x0, 0x0, 0x0, 0xff, 0xff, 0x30, 0x0, 0x0,
    0x0, 0xaf, 0xff, 0x7f, 0xff, 0xf3, 0x0, 0x0,
    0x0, 0xa, 0xff, 0xf7, 0xff, 0xff, 0x30, 0x0,
    0x0, 0x0, 0xaf, 0xff, 0x7f, 0xff, 0xf3, 0x0,
    0x0, 0x0, 0xa, 0xff, 0xf7, 0xff, 0xff, 0x30,
    0x0, 0x0, 0x0, 0xaf, 0xff, 0x7f, 0xff, 0xf3,
    0x0, 0x0, 0x0, 0xa, 0xff, 0xf7, 0xff, 0xff,
    0x30, 0x0, 0x0, 0x0, 0xaf, 0xff, 0x7f, 0xff,
    0xf3, 0x0, 0x0, 0x0, 0xa, 0xff, 0xf7, 0xff,
    0xff, 0x30, 0x0, 0x0, 0x0, 0xaf, 0xff, 0x7f,
    0xff, 0xf3, 0x0, 0x0, 0x0, 0xa, 0xff, 0xf7,
    0xff, 0xff, 0x40, 0x0, 0x0, 0x0, 0xbf, 0xff,
    0x7e, 0xff, 0xf6, 0x0, 0x0, 0x0, 0xd, 0xff,
    0xf5, 0xaf, 0xff, 0xb0, 0x0, 0x0, 0x3, 0xff,
    0xff, 0x25, 0xff, 0xff, 0x70, 0x0, 0x2, 0xdf,
    0xff, 0xd0, 0xd, 0xff, 0xff, 0xd9, 0x9b, 0xff,
    0xff, 0xf5, 0x0, 0x3f, 0xff, 0xff, 0xff, 0xff,
    0xff, 0xfa, 0x0, 0x0, 0x2d, 0xff, 0xff, 0xff,
    0xff, 0xf8, 0x0, 0x0, 0x0, 0x5, 0xad, 0xff,
    0xec, 0x81, 0x0, 0x0,

    /* U+00DA "Ú" */
    0x0, 0x0, 0x0, 0x0, 0x6, 0x88, 0x83, 0x0,
    0x0, 0x0, 0x0, 0x0, 0x7, 0xff, 0xf9, 0x0,
    0x0, 0x0, 0x0, 0x0, 0x5, 0xff, 0xf7, 0x0,
    0x0, 0x0, 0x0, 0x0, 0x3, 0xff, 0xf4, 0x0,
    0x0, 0x0, 0x0, 0x0, 0x0, 0x68, 0x82, 0x0,
    0x0, 0x0, 0x0, 0x0, 0x0, 0x0, 0x0, 0x0,
    0x0, 0x0, 0x0, 0xff, 0xff, 0x30, 0x0, 0x0,
    0x0, 0xaf, 0xff, 0x7f, 0xff, 0xf3, 0x0, 0x0,
    0x0, 0xa, 0xff, 0xf7, 0xff, 0xff, 0x30, 0x0,
    0x0, 0x0, 0xaf, 0xff, 0x7f, 0xff, 0xf3, 0x0,
    0x0, 0x0, 0xa, 0xff, 0xf7, 0xff, 0xff, 0x30,
    0x0, 0x0, 0x0, 0xaf, 0xff, 0x7f, 0xff, 0xf3,
    0x0, 0x0, 0x0, 0xa, 0xff, 0xf7, 0xff, 0xff,
    0x30, 0x0, 0x0, 0x0, 0xaf, 0xff, 0x7f, 0xff,
    0xf3, 0x0, 0x0, 0x0, 0xa, 0xff, 0xf7, 0xff,
    0xff, 0x30, 0x0, 0x0, 0x0, 0xaf, 0xff, 0x7f,
    0xff, 0xf3, 0x0, 0x0, 0x0, 0xa, 0xff, 0xf7,
    0xff, 0xff, 0x40, 0x0, 0x0, 0x0, 0xbf, 0xff,
    0x7e, 0xff, 0xf6, 0x0, 0x0, 0x0, 0xd, 0xff,
    0xf5, 0xaf, 0xff, 0xb0, 0x0, 0x0, 0x3, 0xff,
    0xff, 0x25, 0xff, 0xff, 0x70, 0x0, 0x2, 0xdf,
    0xff, 0xd0, 0xd, 0xff, 0xff, 0xd9, 0x9b, 0xff,
    0xff, 0xf5, 0x0, 0x3f, 0xff, 0xff, 0xff, 0xff,
    0xff, 0xfa, 0x0, 0x0, 0x2d, 0xff, 0xff, 0xff,
    0xff, 0xf8, 0x0, 0x0, 0x0, 0x5, 0xad, 0xff,
    0xec, 0x81, 0x0, 0x0,

    /* U+00DB "Û" */
    0x0, 0x0, 0x0, 0x58, 0x88, 0x20, 0x0, 0x0,
    0x0, 0x0, 0x0, 0x6f, 0xff, 0xfd, 0x10, 0x0,
    0x0, 0x0, 0x0, 0x4f, 0xff, 0xbf, 0xfc, 0x0,
    0x0, 0x0, 0x0, 0x2e, 0xfe, 0x30, 0x8f, 0xfa,
    0x0, 0x0, 0x0, 0x5, 0x88, 0x20, 0x0, 0x58,
    0x82, 0x0, 0x0, 0x0, 0x0, 0x0, 0x0, 0x0,
    0x0, 0x0, 0x0, 0xff, 0xff, 0x30, 0x0, 0x0,
    0x0, 0xaf, 0xff, 0x7f, 0xff, 0xf3, 0x0, 0x0,
    0x0, 0xa, 0xff, 0xf7, 0xff, 0xff, 0x30, 0x0,
    0x0, 0x0, 0xaf, 0xff, 0x7f, 0xff, 0xf3, 0x0,
    0x0, 0x0, 0xa, 0xff, 0xf7, 0xff, 0xff, 0x30,
    0x0, 0x0, 0x0, 0xaf, 0xff, 0x7f, 0xff, 0xf3,
    0x0, 0x0, 0x0, 0xa, 0xff, 0xf7, 0xff, 0xff,
    0x30, 0x0, 0x0, 0x0, 0xaf, 0xff, 0x7f, 0xff,
    0xf3, 0x0, 0x0, 0x0, 0xa, 0xff, 0xf7, 0xff,
    0xff, 0x30, 0x0, 0x0, 0x0, 0xaf, 0xff, 0x7f,
    0xff, 0xf3, 0x0, 0x0, 0x0, 0xa, 0xff, 0xf7,
    0xff, 0xff, 0x40, 0x0, 0x0, 0x0, 0xbf, 0xff,
    0x7e, 0xff, 0xf6, 0x0, 0x0, 0x0, 0xd, 0xff,
    0xf5, 0xaf, 0xff, 0xb0, 0x0, 0x0, 0x3, 0xff,
    0xff, 0x25, 0xff, 0xff, 0x70, 0x0, 0x2, 0xdf,
    0xff, 0xd0, 0xd, 0xff, 0xff, 0xd9, 0x9b, 0xff,
    0xff, 0xf5, 0x0, 0x3f, 0xff, 0xff, 0xff, 0xff,
    0xff, 0xfa, 0x0, 0x0, 0x2d, 0xff, 0xff, 0xff,
    0xff, 0xf8, 0x0, 0x0, 0x0, 0x5, 0xad, 0xff,
    0xec, 0x81, 0x0, 0x0,

    /* U+00DC "Ü" */
    0x0, 0x0, 0x27, 0x40, 0x0, 0x76, 0x0, 0x0,
    0x0, 0x0, 0xe, 0xff, 0x30, 0xbf, 0xf8, 0x0,
    0x0, 0x0, 0x1, 0xff, 0xf6, 0xd, 0xff, 0xa0,
    0x0, 0x0, 0x0, 0x9, 0xfb, 0x0, 0x5e, 0xd3,
    0x0, 0x0, 0x0, 0x0, 0x0, 0x0, 0x0, 0x0,
    0x0, 0x0, 0x0, 0x0, 0x0, 0x0, 0x0, 0x0,
    0x0, 0x0, 0x0, 0xff, 0xff, 0x30, 0x0, 0x0,
    0x0, 0xaf, 0xff, 0x7f, 0xff, 0xf3, 0x0, 0x0,
    0x0, 0xa, 0xff, 0xf7, 0xff, 0xff, 0x30, 0x0,
    0x0, 0x0, 0xaf, 0xff, 0x7f, 0xff, 0xf3, 0x0,
    0x0, 0x0, 0xa, 0xff, 0xf7, 0xff, 0xff, 0x30,
    0x0, 0x0, 0x0, 0xaf, 0xff, 0x7f, 0xff, 0xf3,
    0x0, 0x0, 0x0, 0xa, 0xff, 0xf7, 0xff, 0xff,
    0x30, 0x0, 0x0, 0x0, 0xaf, 0xff, 0x7f, 0xff,
    0xf3, 0x0, 0x0, 0x0, 0xa, 0xff, 0xf7, 0xff,
    0xff, 0x30, 0x0, 0x0, 0x0, 0xaf, 0xff, 0x7f,
    0xff, 0xf3, 0x0, 0x0, 0x0, 0xa, 0xff, 0xf7,
    0xff, 0xff, 0x40, 0x0, 0x0, 0x0, 0xbf, 0xff,
    0x7e, 0xff, 0xf6, 0x0, 0x0, 0x0, 0xd, 0xff,
    0xf5, 0xaf, 0xff, 0xb0, 0x0, 0x0, 0x3, 0xff,
    0xff, 0x25, 0xff, 0xff, 0x70, 0x0, 0x2, 0xdf,
    0xff, 0xd0, 0xd, 0xff, 0xff, 0xd9, 0x9b, 0xff,
    0xff, 0xf5, 0x0, 0x3f, 0xff, 0xff, 0xff, 0xff,
    0xff, 0xfa, 0x0, 0x0, 0x2d, 0xff, 0xff, 0xff,
    0xff, 0xf8, 0x0, 0x0, 0x0, 0x5, 0xad, 0xff,
    0xec, 0x81, 0x0, 0x0,

    /* U+00DD "Ý" */
    0x0, 0x0, 0x0, 0x0, 0x0, 0x1, 0x11, 0x10,
    0x0, 0x0, 0x0, 0x0, 0x0, 0x0, 0xa, 0xff,
    0xf8, 0x0, 0x0, 0x0, 0x0, 0x0, 0x0, 0x9,
    0xff, 0xe4, 0x0, 0x0, 0x0, 0x0, 0x0, 0x0,
    0x9, 0xff, 0xc2, 0x0, 0x0, 0x0, 0x0, 0x0,
    0x0, 0x2, 0x88, 0x70, 0x0, 0x0, 0x0, 0x0,
    0x0, 0x0, 0x0, 0x0, 0x0, 0x0, 0x0, 0x0,
    0x0, 0x1f, 0xff, 0xf6, 0x0, 0x0, 0x0, 0x0,
    0x7f, 0xff, 0xa0, 0x7f, 0xff, 0xe1, 0x0, 0x0,
    0x0, 0x2f, 0xff, 0xf1, 0x0, 0xdf, 0xff, 0x90,
    0x0, 0x0, 0xb, 0xff, 0xf7, 0x0, 0x3, 0xff,
    0xff, 0x30, 0x0, 0x5, 0xff, 0xfd, 0x0, 0x0,
    0xa, 0xff, 0xfc, 0x0, 0x0, 0xef, 0xff, 0x30,
    0x0, 0x0, 0x1e, 0xff, 0xf6, 0x0, 0x8f, 0xff,
    0x90, 0x0, 0x0, 0x0, 0x6f, 0xff, 0xf1, 0x2f,
    0xff, 0xe1, 0x0, 0x0, 0x0, 0x0, 0xcf, 0xff,
    0xac, 0xff, 0xf6, 0x0, 0x0, 0x0, 0x0, 0x3,
    0xff, 0xff, 0xff, 0xfc, 0x0, 0x0, 0x0, 0x0,
    0x0, 0x9, 0xff, 0xff, 0xff, 0x30, 0x0, 0x0,
    0x0, 0x0, 0x0, 0x1e, 0xff, 0xff, 0x90, 0x0,
    0x0, 0x0, 0x0, 0x0, 0x0, 0x6f, 0xff, 0xf0,
    0x0, 0x0, 0x0, 0x0, 0x0, 0x0, 0x5, 0xff,
    0xfe, 0x0, 0x0, 0x0, 0x0, 0x0, 0x0, 0x0,
    0x5f, 0xff, 0xe0, 0x0, 0x0, 0x0, 0x0, 0x0,
    0x0, 0x5, 0xff, 0xfe, 0x0, 0x0, 0x0, 0x0,
    0x0, 0x0, 0x0, 0x5f, 0xff, 0xe0, 0x0, 0x0,
    0x0, 0x0, 0x0, 0x0, 0x5, 0xff, 0xfe, 0x0,
    0x0, 0x0, 0x0, 0x0, 0x0, 0x0, 0x5f, 0xff,
    0xe0, 0x0, 0x0, 0x0,

    /* U+00DE "Þ" */
    0xdf, 0xff, 0x60, 0x0, 0x0, 0x0, 0x0, 0x0,
    0xdf, 0xff, 0x60, 0x0, 0x0, 0x0, 0x0, 0x0,
    0xdf, 0xff, 0xff, 0xff, 0xfd, 0xb6, 0x10, 0x0,
    0xdf, 0xff, 0xff, 0xff, 0xff, 0xff, 0xf6, 0x0,
    0xdf, 0xff, 0xff, 0xff, 0xff, 0xff, 0xff, 0x70,
    0xdf, 0xff, 0x96, 0x66, 0x7a, 0xff, 0xff, 0xf2,
    0xdf, 0xff, 0x60, 0x0, 0x0, 0x2f, 0xff, 0xf9,
    0xdf, 0xff, 0x60, 0x0, 0x0, 0x8, 0xff, 0xfc,
    0xdf, 0xff, 0x60, 0x0, 0x0, 0x6, 0xff, 0xfe,
    0xdf, 0xff, 0x60, 0x0, 0x0, 0x8, 0xff, 0xfc,
    0xdf, 0xff, 0x60, 0x0, 0x0, 0x2f, 0xff, 0xf9,
    0xdf, 0xff, 0x96, 0x66, 0x7a, 0xff, 0xff, 0xf2,
    0xdf, 0xff, 0xff, 0xff, 0xff, 0xff, 0xff, 0x70,
    0xdf, 0xff, 0xff, 0xff, 0xff, 0xff, 0xf7, 0x0,
    0xdf, 0xff, 0xff, 0xff, 0xfe, 0xb7, 0x10, 0x0,
    0xdf, 0xff, 0x60, 0x0, 0x0, 0x0, 0x0, 0x0,
    0xdf, 0xff, 0x60, 0x0, 0x0, 0x0, 0x0, 0x0,
    0xdf, 0xff, 0x60, 0x0, 0x0, 0x0, 0x0, 0x0,

    /* U+00DF "ß" */
    0x0, 0x0, 0x0, 0x13, 0x31, 0x0, 0x0, 0x0,
    0x0, 0x0, 0x8, 0xdf, 0xff, 0xfe, 0x80, 0x0,
    0x0, 0x0, 0x2d, 0xff, 0xff, 0xff, 0xff, 0xe2,
    0x0, 0x0, 0x1d, 0xff, 0xff, 0xff, 0xff, 0xff,
    0xd0, 0x0, 0x7, 0xff, 0xfe, 0x51, 0x15, 0xff,
    0xff, 0x50, 0x0, 0xdf, 0xff, 0x40, 0x0, 0x7,
    0xff, 0xf8, 0x0, 0xf, 0xff, 0xf0, 0x0, 0x0,
    0x5f, 0xff, 0x80, 0x1, 0xff, 0xfe, 0x0, 0x0,
    0xa, 0xff, 0xf4, 0x0, 0x2f, 0xff, 0xe0, 0x1,
    0x4a, 0xff, 0xfb, 0x0, 0x2, 0xff, 0xfe, 0x0,
    0x7f, 0xff, 0xfe, 0x10, 0x0, 0x2f, 0xff, 0xe0,
    0x7, 0xff, 0xff, 0xfd, 0x40, 0x2, 0xff, 0xfe,
    0x0, 0x7f, 0xff, 0xff, 0xff, 0x30, 0x2f, 0xff,
    0xe0, 0x0, 0x1, 0x4d, 0xff, 0xfc, 0x2, 0xff,
    0xfe, 0x0, 0x0, 0x0, 0x2f, 0xff, 0xf0, 0x2f,
    0xff, 0xe0, 0x0, 0x0, 0x0, 0xff, 0xff, 0x22,
    0xff, 0xfe, 0x0, 0x0, 0x0, 0x4f, 0xff, 0xf0,
    0x2f, 0xff, 0xe0, 0x7, 0x55, 0x8f, 0xff, 0xfc,
    0x2, 0xff, 0xfe, 0x2, 0xff, 0xff, 0xff, 0xff,
    0x40, 0x2f, 0xff, 0xe0, 0x4f, 0xff, 0xff, 0xff,
    0x50, 0x2, 0xff, 0xfe, 0x4, 0xde, 0xfe, 0xc8,
    0x10, 0x0,

    /* U+00E0 "à" */
    0x0, 0x27, 0x88, 0x70, 0x0, 0x0, 0x0, 0x0,
    0x0, 0x4e, 0xff, 0xb0, 0x0, 0x0, 0x0, 0x0,
    0x0, 0x1c, 0xff, 0xb0, 0x0, 0x0, 0x0, 0x0,
    0x0, 0x8, 0xff, 0xb0, 0x0, 0x0, 0x0, 0x0,
    0x0, 0x0, 0x0, 0x0, 0x0, 0x0, 0x0, 0x0,
    0x0, 0x0, 0x0, 0x0, 0x0, 0x0, 0x4, 0x9d,
    0xef, 0xfc, 0x82, 0x0, 0x0, 0x3d, 0xff, 0xff,
    0xff, 0xff, 0xf6, 0x0, 0x1, 0xff, 0xff, 0xff,
    0xff, 0xff, 0xf4, 0x0, 0x8, 0xf9, 0x53, 0x46,
    0xef, 0xff, 0xc0, 0x0, 0x1, 0x0, 0x0, 0x2,
    0xff, 0xff, 0x10, 0x0, 0x1, 0x34, 0x55, 0x5e,
    0xff, 0xf3, 0x0, 0x4c, 0xff, 0xff, 0xff, 0xff,
    0xff, 0x30, 0x4f, 0xff, 0xff, 0xff, 0xff, 0xff,
    0xf4, 0xc, 0xff, 0xf8, 0x10, 0x0, 0xdf, 0xff,
    0x40, 0xff, 0xff, 0x0, 0x0, 0xe, 0xff, 0xf4,
    0xf, 0xff, 0xf4, 0x0, 0x9, 0xff, 0xff, 0x40,
    0xaf, 0xff, 0xfc, 0xbe, 0xff, 0xff, 0xf4, 0x1,
    0xdf, 0xff, 0xff, 0xff, 0xbf, 0xff, 0x40, 0x0,
    0x7d, 0xff, 0xe9, 0x28, 0xff, 0xf4,

    /* U+00E1 "á" */
    0x0, 0x0, 0x0, 0x0, 0x17, 0x88, 0x71, 0x0,
    0x0, 0x0, 0x0, 0x1d, 0xff, 0xd3, 0x0, 0x0,
    0x0, 0x0, 0x1d, 0xff, 0xa1, 0x0, 0x0, 0x0,
    0x0, 0x1d, 0xff, 0x60, 0x0, 0x0, 0x0, 0x0,
    0x0, 0x0, 0x0, 0x0, 0x0, 0x0, 0x0, 0x0,
    0x0, 0x0, 0x0, 0x0, 0x0, 0x0, 0x4, 0x9d,
    0xef, 0xfc, 0x82, 0x0, 0x0, 0x3d, 0xff, 0xff,
    0xff, 0xff, 0xf6, 0x0, 0x1, 0xff, 0xff, 0xff,
    0xff, 0xff, 0xf4, 0x0, 0x8, 0xf9, 0x53, 0x46,
    0xef, 0xff, 0xc0, 0x0, 0x1, 0x0, 0x0, 0x2,
    0xff, 0xff, 0x10, 0x0, 0x1, 0x34, 0x55, 0x5e,
    0xff, 0xf3, 0x0, 0x4c, 0xff, 0xff, 0xff, 0xff,
    0xff, 0x30, 0x4f, 0xff, 0xff, 0xff, 0xff, 0xff,
    0xf4, 0xc, 0xff, 0xf8, 0x10, 0x0, 0xdf, 0xff,
    0x40, 0xff, 0xff, 0x0, 0x0, 0xe, 0xff, 0xf4,
    0xf, 0xff, 0xf4, 0x0, 0x9, 0xff, 0xff, 0x40,
    0xaf, 0xff, 0xfc, 0xbe, 0xff, 0xff, 0xf4, 0x1,
    0xdf, 0xff, 0xff, 0xff, 0xbf, 0xff, 0x40, 0x0,
    0x7d, 0xff, 0xe9, 0x28, 0xff, 0xf4,

    /* U+00E2 "â" */
    0x0, 0x0, 0x0, 0x78, 0x87, 0x0, 0x0, 0x0,
    0x0, 0x0, 0xcf, 0xff, 0xfa, 0x0, 0x0, 0x0,
    0x0, 0xcf, 0xf8, 0xaf, 0xfa, 0x0, 0x0, 0x0,
    0xcf, 0xf5, 0x0, 0x7f, 0xfa, 0x0, 0x0, 0x0,
    0x0, 0x0, 0x0, 0x0, 0x0, 0x0, 0x0, 0x0,
    0x0, 0x0, 0x0, 0x0, 0x0, 0x0, 0x4, 0x9d,
    0xef, 0xfc, 0x82, 0x0, 0x0, 0x3d, 0xff, 0xff,
    0xff, 0xff, 0xf6, 0x0, 0x1, 0xff, 0xff, 0xff,
    0xff, 0xff, 0xf4, 0x0, 0x8, 0xf9, 0x53, 0x46,
    0xef, 0xff, 0xc0, 0x0, 0x1, 0x0, 0x0, 0x2,
    0xff, 0xff, 0x10, 0x0, 0x1, 0x34, 0x55, 0x5e,
    0xff, 0xf3, 0x0, 0x4c, 0xff, 0xff, 0xff, 0xff,
    0xff, 0x30, 0x4f, 0xff, 0xff, 0xff, 0xff, 0xff,
    0xf4, 0xc, 0xff, 0xf8, 0x10, 0x0, 0xdf, 0xff,
    0x40, 0xff, 0xff, 0x0, 0x0, 0xe, 0xff, 0xf4,
    0xf, 0xff, 0xf4, 0x0, 0x9, 0xff, 0xff, 0x40,
    0xaf, 0xff, 0xfc, 0xbe, 0xff, 0xff, 0xf4, 0x1,
    0xdf, 0xff, 0xff, 0xff, 0xbf, 0xff, 0x40, 0x0,
    0x7d, 0xff, 0xe9, 0x28, 0xff, 0xf4,

    /* U+00E3 "ã" */
    0x0, 0x0, 0x3, 0x30, 0x0, 0x1, 0x10, 0x0,
    0x0, 0x1d, 0xff, 0xe6, 0x16, 0xfd, 0x0, 0x0,
    0xa, 0xff, 0xff, 0xff, 0xff, 0x80, 0x0, 0x0,
    0xef, 0x51, 0x8f, 0xff, 0xc0, 0x0, 0x0, 0x4,
    0x40, 0x0, 0x3, 0x20, 0x0, 0x0, 0x0, 0x0,
    0x0, 0x0, 0x0, 0x0, 0x0, 0x0, 0x4, 0x9d,
    0xef, 0xfc, 0x82, 0x0, 0x0, 0x3d, 0xff, 0xff,
    0xff, 0xff, 0xf6, 0x0, 0x1, 0xff, 0xff, 0xff,
    0xff, 0xff, 0xf4, 0x0, 0x8, 0xf9, 0x53, 0x46,
    0xef, 0xff, 0xc0, 0x0, 0x1, 0x0, 0x0, 0x2,
    0xff, 0xff, 0x10, 0x0, 0x1, 0x34, 0x55, 0x5e,
    0xff, 0xf3, 0x0, 0x4c, 0xff, 0xff, 0xff, 0xff,
    0xff, 0x30, 0x4f, 0xff, 0xff, 0xff, 0xff, 0xff,
    0xf4, 0xc, 0xff, 0xf8, 0x10, 0x0, 0xdf, 0xff,
    0x40, 0xff, 0xff, 0x0, 0x0, 0xe, 0xff, 0xf4,
    0xf, 0xff, 0xf4, 0x0, 0x9, 0xff, 0xff, 0x40,
    0xaf, 0xff, 0xfc, 0xbe, 0xff, 0xff, 0xf4, 0x1,
    0xdf, 0xff, 0xff, 0xff, 0xbf, 0xff, 0x40, 0x0,
    0x7d, 0xff, 0xe9, 0x28, 0xff, 0xf4,

    /* U+00E4 "ä" */
    0x0, 0x0, 0x57, 0x20, 0x3, 0x74, 0x0, 0x0,
    0x0, 0x5f, 0xfe, 0x1, 0xff, 0xf2, 0x0, 0x0,
    0x7, 0xff, 0xf0, 0x2f, 0xff, 0x50, 0x0, 0x0,
    0x1c, 0xf7, 0x0, 0x9f, 0xb0, 0x0, 0x0, 0x0,
    0x0, 0x0, 0x0, 0x0, 0x0, 0x0, 0x0, 0x0,
    0x0, 0x0, 0x0, 0x0, 0x0, 0x0, 0x4, 0x9d,
    0xef, 0xfc, 0x82, 0x0, 0x0, 0x3d, 0xff, 0xff,
    0xff, 0xff, 0xf6, 0x0, 0x1, 0xff, 0xff, 0xff,
    0xff, 0xff, 0xf4, 0x0, 0x8, 0xf9, 0x53, 0x46,
    0xef, 0xff, 0xc0, 0x0, 0x1, 0x0, 0x0, 0x2,
    0xff, 0xff, 0x10, 0x0, 0x1, 0x34, 0x55, 0x5e,
    0xff, 0xf3, 0x0, 0x4c, 0xff, 0xff, 0xff, 0xff,
    0xff, 0x30, 0x4f, 0xff, 0xff, 0xff, 0xff, 0xff,
    0xf4, 0xc, 0xff, 0xf8, 0x10, 0x0, 0xdf, 0xff,
    0x40, 0xff, 0xff, 0x0, 0x0, 0xe, 0xff, 0xf4,
    0xf, 0xff, 0xf4, 0x0, 0x9, 0xff, 0xff, 0x40,
    0xaf, 0xff, 0xfc, 0xbe, 0xff, 0xff, 0xf4, 0x1,
    0xdf, 0xff, 0xff, 0xff, 0xbf, 0xff, 0x40, 0x0,
    0x7d, 0xff, 0xe9, 0x28, 0xff, 0xf4,

    /* U+00E5 "å" */
    0x0, 0x0, 0x0, 0x37, 0x72, 0x0, 0x0, 0x0,
    0x0, 0x0, 0x7f, 0xff, 0xf5, 0x0, 0x0, 0x0,
    0x0, 0x1f, 0xc1, 0x2d, 0xe0, 0x0, 0x0, 0x0,
    0x4, 0xf6, 0x0, 0x9f, 0x10, 0x0, 0x0, 0x0,
    0x1f, 0xb1, 0x2d, 0xe0, 0x0, 0x0, 0x0, 0x0,
    0x7f, 0xff, 0xf5, 0x0, 0x0, 0x0, 0x0, 0x0,
    0x37, 0x62, 0x0, 0x0, 0x0, 0x0, 0x0, 0x0,
    0x0, 0x0, 0x0, 0x0, 0x0, 0x4, 0x9d, 0xef,
    0xfc, 0x82, 0x0, 0x0, 0x3d, 0xff, 0xff, 0xff,
    0xff, 0xf6, 0x0, 0x1, 0xff, 0xff, 0xff, 0xff,
    0xff, 0xf4, 0x0, 0x8, 0xf9, 0x53, 0x46, 0xef,
    0xff, 0xc0, 0x0, 0x1, 0x0, 0x0, 0x2, 0xff,
    0xff, 0x10, 0x0, 0x1, 0x34, 0x55, 0x5e, 0xff,
    0xf3, 0x0, 0x4c, 0xff, 0xff, 0xff, 0xff, 0xff,
    0x30, 0x4f, 0xff, 0xff, 0xff, 0xff, 0xff, 0xf4,
    0xc, 0xff, 0xf8, 0x10, 0x0, 0xdf, 0xff, 0x40,
    0xff, 0xff, 0x0, 0x0, 0xe, 0xff, 0xf4, 0xf,
    0xff, 0xf4, 0x0, 0x9, 0xff, 0xff, 0x40, 0xaf,
    0xff, 0xfc, 0xbe, 0xff, 0xff, 0xf4, 0x1, 0xdf,
    0xff, 0xff, 0xff, 0xbf, 0xff, 0x40, 0x0, 0x7d,
    0xff, 0xe9, 0x28, 0xff, 0xf4,

    /* U+00E6 "æ" */
    0x0, 0x4, 0x9d, 0xef, 0xec, 0x71, 0x0, 0x4a,
    0xef, 0xec, 0x71, 0x0, 0x0, 0x3, 0xdf, 0xff,
    0xff, 0xff, 0xfe, 0x4b, 0xff, 0xff, 0xff, 0xff,
    0x60, 0x0, 0x1, 0xff, 0xff, 0xff, 0xff, 0xff,
    0xff, 0xff, 0xff, 0xff, 0xff, 0xf6, 0x0, 0x0,
    0x8f, 0x95, 0x33, 0x7e, 0xff, 0xff, 0xfd, 0x63,
    0x4a, 0xff, 0xff, 0x20, 0x0, 0x1, 0x0, 0x0,
    0x2, 0xff, 0xff, 0xd0, 0x0, 0x0, 0x7f, 0xff,
    0x90, 0x0, 0x0, 0x3, 0x45, 0x55, 0xef, 0xff,
    0x95, 0x55, 0x55, 0x5f, 0xff, 0xd0, 0x0, 0x3b,
    0xff, 0xff, 0xff, 0xff, 0xff, 0xff, 0xff, 0xff,
    0xff, 0xff, 0xf0, 0x4, 0xff, 0xff, 0xff, 0xff,
    0xff, 0xff, 0xff, 0xff, 0xff, 0xff, 0xff, 0xf0,
    0xc, 0xff, 0xf8, 0x10, 0x0, 0xdf, 0xff, 0x80,
    0x0, 0x0, 0x0, 0x0, 0x0, 0xf, 0xff, 0xf0,
    0x0, 0x0, 0xff, 0xff, 0xf2, 0x0, 0x0, 0x4,
    0x10, 0x0, 0xe, 0xff, 0xf4, 0x0, 0x9, 0xff,
    0xff, 0xff, 0x84, 0x35, 0xaf, 0xc0, 0x0, 0x9,
    0xff, 0xff, 0xcb, 0xef, 0xff, 0xdf, 0xff, 0xff,
    0xff, 0xff, 0xfb, 0x0, 0x0, 0xbf, 0xff, 0xff,
    0xff, 0xf6, 0xb, 0xff, 0xff, 0xff, 0xff, 0xe4,
    0x0, 0x0, 0x5, 0xbe, 0xff, 0xd9, 0x20, 0x0,
    0x39, 0xdf, 0xfe, 0xb7, 0x0, 0x0,

    /* U+00E7 "ç" */
    0x0, 0x0, 0x16, 0xbe, 0xfe, 0xc7, 0x10, 0x0,
    0x0, 0x5e, 0xff, 0xff, 0xff, 0xff, 0x40, 0x0,
    0x6f, 0xff, 0xff, 0xff, 0xff, 0xff, 0x30, 0x3f,
    0xff, 0xfe, 0x75, 0x6d, 0xff, 0xf9, 0xa, 0xff,
    0xfc, 0x0, 0x0, 0xb, 0xb3, 0x0, 0xff, 0xff,
    0x30, 0x0, 0x0, 0x0, 0x0, 0x1f, 0xff, 0xf0,
    0x0, 0x0, 0x0, 0x0, 0x1, 0xff, 0xff, 0x0,
    0x0, 0x0, 0x0, 0x0, 0xf, 0xff, 0xf3, 0x0,
    0x0, 0x0, 0x0, 0x0, 0xaf, 0xff, 0xc0, 0x0,
    0x0, 0xbb, 0x30, 0x3, 0xff, 0xff, 0xe7, 0x56,
    0xdf, 0xff, 0x80, 0x7, 0xff, 0xff, 0xff, 0xff,
    0xff, 0xf3, 0x0, 0x5, 0xff, 0xff, 0xff, 0xff,
    0xe4, 0x0, 0x0, 0x1, 0x6b, 0xff, 0xfc, 0x71,
    0x0, 0x0, 0x0, 0x0, 0xf, 0xf1, 0x0, 0x0,
    0x0, 0x0, 0x0, 0x4, 0xff, 0xc4, 0x0, 0x0,
    0x0, 0x0, 0x0, 0x26, 0xcf, 0xf1, 0x0, 0x0,
    0x0, 0x0, 0x21, 0x8, 0xff, 0x30, 0x0, 0x0,
    0x0, 0xb, 0xff, 0xff, 0xc0, 0x0, 0x0, 0x0,
    0x0, 0x8c, 0xdc, 0x70, 0x0, 0x0,

    /* U+00E8 "è" */
    0x0, 0x7, 0x88, 0x82, 0x0, 0x0, 0x0, 0x0,
    0x0, 0x2, 0xcf, 0xfe, 0x20, 0x0, 0x0, 0x0,
    0x0, 0x0, 0x9, 0xff, 0xe2, 0x0, 0x0, 0x0,
    0x0, 0x0, 0x0, 0x5f, 0xfe, 0x20, 0x0, 0x0,
    0x0, 0x0, 0x0, 0x0, 0x0, 0x0, 0x0, 0x0,
    0x0, 0x0, 0x0, 0x0, 0x0, 0x0, 0x0, 0x0,
    0x0, 0x0, 0x17, 0xce, 0xfd, 0xa5, 0x0, 0x0,
    0x0, 0x6, 0xff, 0xff, 0xff, 0xff, 0xc2, 0x0,
    0x0, 0x7f, 0xff, 0xff, 0xff, 0xff, 0xfe, 0x10,
    0x3, 0xff, 0xff, 0x72, 0x13, 0xbf, 0xff, 0xb0,
    0xb, 0xff, 0xf6, 0x0, 0x0, 0xb, 0xff, 0xf2,
    0xf, 0xff, 0xf5, 0x55, 0x55, 0x59, 0xff, 0xf6,
    0x1f, 0xff, 0xff, 0xff, 0xff, 0xff, 0xff, 0xf8,
    0x1f, 0xff, 0xff, 0xff, 0xff, 0xff, 0xff, 0xf8,
    0xf, 0xff, 0xf2, 0x0, 0x0, 0x0, 0x0, 0x0,
    0xa, 0xff, 0xfb, 0x0, 0x0, 0x0, 0x40, 0x0,
    0x3, 0xff, 0xff, 0xd6, 0x43, 0x7d, 0xf6, 0x0,
    0x0, 0x6f, 0xff, 0xff, 0xff, 0xff, 0xff, 0x40,
    0x0, 0x5, 0xef, 0xff, 0xff, 0xff, 0xfb, 0x0,
    0x0, 0x0, 0x16, 0xbd, 0xff, 0xd9, 0x40, 0x0,

    /* U+00E9 "é" */
    0x0, 0x0, 0x0, 0x0, 0x6, 0x88, 0x83, 0x0,
    0x0, 0x0, 0x0, 0x0, 0xaf, 0xff, 0x60, 0x0,
    0x0, 0x0, 0x0, 0xa, 0xff, 0xd3, 0x0, 0x0,
    0x0, 0x0, 0x0, 0xaf, 0xfa, 0x0, 0x0, 0x0,
    0x0, 0x0, 0x0, 0x0, 0x0, 0x0, 0x0, 0x0,
    0x0, 0x0, 0x0, 0x0, 0x0, 0x0, 0x0, 0x0,
    0x0, 0x0, 0x17, 0xce, 0xfd, 0xa5, 0x0, 0x0,
    0x0, 0x6, 0xff, 0xff, 0xff, 0xff, 0xc2, 0x0,
    0x0, 0x7f, 0xff, 0xff, 0xff, 0xff, 0xfe, 0x10,
    0x3, 0xff, 0xff, 0x72, 0x13, 0xbf, 0xff, 0xb0,
    0xb, 0xff, 0xf6, 0x0, 0x0, 0xb, 0xff, 0xf2,
    0xf, 0xff, 0xf5, 0x55, 0x55, 0x59, 0xff, 0xf6,
    0x1f, 0xff, 0xff, 0xff, 0xff, 0xff, 0xff, 0xf8,
    0x1f, 0xff, 0xff, 0xff, 0xff, 0xff, 0xff, 0xf8,
    0xf, 0xff, 0xf2, 0x0, 0x0, 0x0, 0x0, 0x0,
    0xa, 0xff, 0xfb, 0x0, 0x0, 0x0, 0x40, 0x0,
    0x3, 0xff, 0xff, 0xd6, 0x43, 0x7d, 0xf6, 0x0,
    0x0, 0x6f, 0xff, 0xff, 0xff, 0xff, 0xff, 0x40,
    0x0, 0x5, 0xef, 0xff, 0xff, 0xff, 0xfb, 0x0,
    0x0, 0x0, 0x16, 0xbd, 0xff, 0xd9, 0x40, 0x0,

    /* U+00EA "ê" */
    0x0, 0x0, 0x0, 0x68, 0x88, 0x20, 0x0, 0x0,
    0x0, 0x0, 0x8, 0xff, 0xff, 0xd1, 0x0, 0x0,
    0x0, 0x0, 0x8f, 0xfb, 0x7f, 0xfd, 0x10, 0x0,
    0x0, 0x8, 0xff, 0x80, 0x3, 0xef, 0xd1, 0x0,
    0x0, 0x0, 0x0, 0x0, 0x0, 0x0, 0x0, 0x0,
    0x0, 0x0, 0x0, 0x0, 0x0, 0x0, 0x0, 0x0,
    0x0, 0x0, 0x17, 0xce, 0xfd, 0xa5, 0x0, 0x0,
    0x0, 0x6, 0xff, 0xff, 0xff, 0xff, 0xc2, 0x0,
    0x0, 0x7f, 0xff, 0xff, 0xff, 0xff, 0xfe, 0x10,
    0x3, 0xff, 0xff, 0x72, 0x13, 0xbf, 0xff, 0xb0,
    0xb, 0xff, 0xf6, 0x0, 0x0, 0xb, 0xff, 0xf2,
    0xf, 0xff, 0xf5, 0x55, 0x55, 0x59, 0xff, 0xf6,
    0x1f, 0xff, 0xff, 0xff, 0xff, 0xff, 0xff, 0xf8,
    0x1f, 0xff, 0xff, 0xff, 0xff, 0xff, 0xff, 0xf8,
    0xf, 0xff, 0xf2, 0x0, 0x0, 0x0, 0x0, 0x0,
    0xa, 0xff, 0xfb, 0x0, 0x0, 0x0, 0x40, 0x0,
    0x3, 0xff, 0xff, 0xd6, 0x43, 0x7d, 0xf6, 0x0,
    0x0, 0x6f, 0xff, 0xff, 0xff, 0xff, 0xff, 0x40,
    0x0, 0x5, 0xef, 0xff, 0xff, 0xff, 0xfb, 0x0,
    0x0, 0x0, 0x16, 0xbd, 0xff, 0xd9, 0x40, 0x0,

    /* U+00EB "ë" */
    0x0, 0x0, 0x37, 0x40, 0x1, 0x76, 0x0, 0x0,
    0x0, 0x1, 0xff, 0xf3, 0xc, 0xff, 0x70, 0x0,
    0x0, 0x2, 0xff, 0xf5, 0xe, 0xff, 0x90, 0x0,
    0x0, 0x0, 0x9f, 0xb0, 0x6, 0xed, 0x20, 0x0,
    0x0, 0x0, 0x0, 0x0, 0x0, 0x0, 0x0, 0x0,
    0x0, 0x0, 0x0, 0x0, 0x0, 0x0, 0x0, 0x0,
    0x0, 0x0, 0x17, 0xce, 0xfd, 0xa5, 0x0, 0x0,
    0x0, 0x6, 0xff, 0xff, 0xff, 0xff, 0xc2, 0x0,
    0x0, 0x7f, 0xff, 0xff, 0xff, 0xff, 0xfe, 0x10,
    0x3, 0xff, 0xff, 0x72, 0x13, 0xbf, 0xff, 0xb0,
    0xb, 0xff, 0xf6, 0x0, 0x0, 0xb, 0xff, 0xf2,
    0xf, 0xff, 0xf5, 0x55, 0x55, 0x59, 0xff, 0xf6,
    0x1f, 0xff, 0xff, 0xff, 0xff, 0xff, 0xff, 0xf8,
    0x1f, 0xff, 0xff, 0xff, 0xff, 0xff, 0xff, 0xf8,
    0xf, 0xff, 0xf2, 0x0, 0x0, 0x0, 0x0, 0x0,
    0xa, 0xff, 0xfb, 0x0, 0x0, 0x0, 0x40, 0x0,
    0x3, 0xff, 0xff, 0xd6, 0x43, 0x7d, 0xf6, 0x0,
    0x0, 0x6f, 0xff, 0xff, 0xff, 0xff, 0xff, 0x40,
    0x0, 0x5, 0xef, 0xff, 0xff, 0xff, 0xfb, 0x0,
    0x0, 0x0, 0x16, 0xbd, 0xff, 0xd9, 0x40, 0x0,

    /* U+00EC "ì" */
    0x28, 0x88, 0x70, 0x0, 0x0, 0x7f, 0xff, 0x90,
    0x0, 0x0, 0x4f, 0xff, 0x80, 0x0, 0x0, 0x3e,
    0xff, 0x60, 0x0, 0x0, 0x17, 0x87, 0x0, 0x0,
    0x0, 0x0, 0x0, 0x0, 0x2, 0xff, 0xfe, 0x0,
    0x0, 0x2f, 0xff, 0xe0, 0x0, 0x2, 0xff, 0xfe,
    0x0, 0x0, 0x2f, 0xff, 0xe0, 0x0, 0x2, 0xff,
    0xfe, 0x0, 0x0, 0x2f, 0xff, 0xe0, 0x0, 0x2,
    0xff, 0xfe, 0x0, 0x0, 0x2f, 0xff, 0xe0, 0x0,
    0x2, 0xff, 0xfe, 0x0, 0x0, 0x2f, 0xff, 0xe0,
    0x0, 0x2, 0xff, 0xfe, 0x0, 0x0, 0x2f, 0xff,
    0xe0, 0x0, 0x2, 0xff, 0xfe, 0x0, 0x0, 0x2f,
    0xff, 0xe0,

    /* U+00ED "í" */
    0x0, 0x1, 0x78, 0x87, 0x10, 0x0, 0xcf, 0xff,
    0x40, 0x0, 0xbf, 0xfe, 0x20, 0x0, 0x9f, 0xfc,
    0x10, 0x0, 0x28, 0x87, 0x0, 0x0, 0x0, 0x0,
    0x0, 0x0, 0x0, 0x2f, 0xff, 0xe0, 0x0, 0x2,
    0xff, 0xfe, 0x0, 0x0, 0x2f, 0xff, 0xe0, 0x0,
    0x2, 0xff, 0xfe, 0x0, 0x0, 0x2f, 0xff, 0xe0,
    0x0, 0x2, 0xff, 0xfe, 0x0, 0x0, 0x2f, 0xff,
    0xe0, 0x0, 0x2, 0xff, 0xfe, 0x0, 0x0, 0x2f,
    0xff, 0xe0, 0x0, 0x2, 0xff, 0xfe, 0x0, 0x0,
    0x2f, 0xff, 0xe0, 0x0, 0x2, 0xff, 0xfe, 0x0,
    0x0, 0x2f, 0xff, 0xe0, 0x0, 0x2, 0xff, 0xfe,
    0x0, 0x0,

    /* U+00EE "î" */
    0x0, 0x7, 0x88, 0x60, 0x0, 0x0, 0x8f, 0xff,
    0xf5, 0x0, 0x4, 0xff, 0xef, 0xfe, 0x10, 0x1e,
    0xfe, 0x24, 0xff, 0xc0, 0x38, 0x83, 0x0, 0x58,
    0x82, 0x0, 0x0, 0x0, 0x0, 0x0, 0x0, 0x2f,
    0xff, 0xe0, 0x0, 0x0, 0x2f, 0xff, 0xe0, 0x0,
    0x0, 0x2f, 0xff, 0xe0, 0x0, 0x0, 0x2f, 0xff,
    0xe0, 0x0, 0x0, 0x2f, 0xff, 0xe0, 0x0, 0x0,
    0x2f, 0xff, 0xe0, 0x0, 0x0, 0x2f, 0xff, 0xe0,
    0x0, 0x0, 0x2f, 0xff, 0xe0, 0x0, 0x0, 0x2f,
    0xff, 0xe0, 0x0, 0x0, 0x2f, 0xff, 0xe0, 0x0,
    0x0, 0x2f, 0xff, 0xe0, 0x0, 0x0, 0x2f, 0xff,
    0xe0, 0x0, 0x0, 0x2f, 0xff, 0xe0, 0x0, 0x0,
    0x2f, 0xff, 0xe0, 0x0,

    /* U+00EF "ï" */
    0x5e, 0xc1, 0x3d, 0xe3, 0xdf, 0xf6, 0xaf, 0xfa,
    0xbf, 0xf4, 0x7f, 0xf8, 0x17, 0x40, 0x6, 0x60,
    0x0, 0x0, 0x0, 0x0, 0x2, 0xff, 0xfe, 0x0,
    0x2, 0xff, 0xfe, 0x0, 0x2, 0xff, 0xfe, 0x0,
    0x2, 0xff, 0xfe, 0x0, 0x2, 0xff, 0xfe, 0x0,
    0x2, 0xff, 0xfe, 0x0, 0x2, 0xff, 0xfe, 0x0,
    0x2, 0xff, 0xfe, 0x0, 0x2, 0xff, 0xfe, 0x0,
    0x2, 0xff, 0xfe, 0x0, 0x2, 0xff, 0xfe, 0x0,
    0x2, 0xff, 0xfe, 0x0, 0x2, 0xff, 0xfe, 0x0,
    0x2, 0xff, 0xfe, 0x0,

    /* U+00F0 "ð" */
    0x0, 0x0, 0x17, 0x20, 0x0, 0x0, 0x0, 0x0,
    0x0, 0x5e, 0xff, 0xa1, 0x1, 0x8e, 0x40, 0x0,
    0x6, 0xdf, 0xff, 0xfa, 0xff, 0xf7, 0x0, 0x0,
    0x0, 0x7f, 0xff, 0xff, 0x81, 0x0, 0x0, 0x0,
    0x5d, 0xff, 0xff, 0xf8, 0x0, 0x0, 0x4, 0xef,
    0xfc, 0x5b, 0xff, 0xf5, 0x0, 0x0, 0x1f, 0xa3,
    0x0, 0xc, 0xff, 0xf1, 0x0, 0x0, 0x10, 0x0,
    0x0, 0x1f, 0xff, 0x90, 0x0, 0x2, 0x8b, 0xcb,
    0x82, 0x9f, 0xff, 0x10, 0x6, 0xff, 0xff, 0xff,
    0xfa, 0xff, 0xf7, 0x5, 0xff, 0xff, 0xff, 0xff,
    0xff, 0xff, 0xb0, 0xdf, 0xff, 0xb3, 0x2, 0x9f,
    0xff, 0xfd, 0x2f, 0xff, 0xe0, 0x0, 0x0, 0xbf,
    0xff, 0xe4, 0xff, 0xf9, 0x0, 0x0, 0x6, 0xff,
    0xfd, 0x4f, 0xff, 0x90, 0x0, 0x0, 0x7f, 0xff,
    0xb2, 0xff, 0xfe, 0x0, 0x0, 0xc, 0xff, 0xf5,
    0xc, 0xff, 0xfc, 0x42, 0x4b, 0xff, 0xfe, 0x0,
    0x3f, 0xff, 0xff, 0xff, 0xff, 0xff, 0x30, 0x0,
    0x5f, 0xff, 0xff, 0xff, 0xfe, 0x40, 0x0, 0x0,
    0x17, 0xce, 0xfe, 0xb6, 0x0, 0x0,

    /* U+00F1 "ñ" */
    0x0, 0x0, 0x3, 0x30, 0x0, 0x1, 0x10, 0x0,
    0x0, 0x1, 0xcf, 0xff, 0x71, 0x5f, 0xe0, 0x0,
    0x0, 0x8, 0xff, 0xff, 0xff, 0xff, 0xa0, 0x0,
    0x0, 0xd, 0xf7, 0x17, 0xef, 0xfd, 0x10, 0x0,
    0x0, 0x4, 0x40, 0x0, 0x3, 0x30, 0x0, 0x0,
    0x0, 0x0, 0x0, 0x0, 0x0, 0x0, 0x0, 0x0,
    0x2f, 0xff, 0xc0, 0x7c, 0xef, 0xea, 0x30, 0x0,
    0x2f, 0xff, 0xdd, 0xff, 0xff, 0xff, 0xf7, 0x0,
    0x2f, 0xff, 0xff, 0xff, 0xff, 0xff, 0xff, 0x40,
    0x2f, 0xff, 0xff, 0xc6, 0x48, 0xff, 0xff, 0xb0,
    0x2f, 0xff, 0xfa, 0x0, 0x0, 0x6f, 0xff, 0xf0,
    0x2f, 0xff, 0xf2, 0x0, 0x0, 0xf, 0xff, 0xf1,
    0x2f, 0xff, 0xf0, 0x0, 0x0, 0xe, 0xff, 0xf2,
    0x2f, 0xff, 0xe0, 0x0, 0x0, 0xe, 0xff, 0xf2,
    0x2f, 0xff, 0xe0, 0x0, 0x0, 0xe, 0xff, 0xf2,
    0x2f, 0xff, 0xe0, 0x0, 0x0, 0xe, 0xff, 0xf2,
    0x2f, 0xff, 0xe0, 0x0, 0x0, 0xe, 0xff, 0xf2,
    0x2f, 0xff, 0xe0, 0x0, 0x0, 0xe, 0xff, 0xf2,
    0x2f, 0xff, 0xe0, 0x0, 0x0, 0xe, 0xff, 0xf2,
    0x2f, 0xff, 0xe0, 0x0, 0x0, 0xe, 0xff, 0xf2,

    /* U+00F2 "ò" */
    0x0, 0x5, 0x88, 0x84, 0x0, 0x0, 0x0, 0x0,
    0x0, 0x0, 0xa, 0xff, 0xf5, 0x0, 0x0, 0x0,
    0x0, 0x0, 0x0, 0x6, 0xff, 0xf5, 0x0, 0x0,
    0x0, 0x0, 0x0, 0x0, 0x2, 0xdf, 0xf5, 0x0,
    0x0, 0x0, 0x0, 0x0, 0x0, 0x0, 0x0, 0x0,
    0x0, 0x0, 0x0, 0x0, 0x0, 0x0, 0x0, 0x0,
    0x0, 0x0, 0x0, 0x0, 0x0, 0x16, 0xce, 0xfe,
    0xc7, 0x10, 0x0, 0x0, 0x0, 0x5f, 0xff, 0xff,
    0xff, 0xff, 0x60, 0x0, 0x0, 0x7f, 0xff, 0xff,
    0xff, 0xff, 0xff, 0x70, 0x0, 0x3f, 0xff, 0xfe,
    0x75, 0x7d, 0xff, 0xff, 0x30, 0xa, 0xff, 0xfc,
    0x0, 0x0, 0xb, 0xff, 0xfb, 0x0, 0xff, 0xff,
    0x30, 0x0, 0x0, 0x2f, 0xff, 0xf0, 0x1f, 0xff,
    0xf0, 0x0, 0x0, 0x0, 0xff, 0xff, 0x21, 0xff,
    0xff, 0x0, 0x0, 0x0, 0xf, 0xff, 0xf2, 0xf,
    0xff, 0xf3, 0x0, 0x0, 0x2, 0xff, 0xff, 0x0,
    0xaf, 0xff, 0xc0, 0x0, 0x0, 0xbf, 0xff, 0xb0,
    0x3, 0xff, 0xff, 0xe7, 0x57, 0xdf, 0xff, 0xf3,
    0x0, 0x7, 0xff, 0xff, 0xff, 0xff, 0xff, 0xf7,
    0x0, 0x0, 0x6, 0xff, 0xff, 0xff, 0xff, 0xf6,
    0x0, 0x0, 0x0, 0x1, 0x7c, 0xef, 0xec, 0x71,
    0x0, 0x0,

    /* U+00F3 "ó" */
    0x0, 0x0, 0x0, 0x0, 0x5, 0x88, 0x85, 0x0,
    0x0, 0x0, 0x0, 0x0, 0x6, 0xff, 0xf9, 0x0,
    0x0, 0x0, 0x0, 0x0, 0x6, 0xff, 0xf5, 0x0,
    0x0, 0x0, 0x0, 0x0, 0x6, 0xff, 0xc2, 0x0,
    0x0, 0x0, 0x0, 0x0, 0x0, 0x0, 0x0, 0x0,
    0x0, 0x0, 0x0, 0x0, 0x0, 0x0, 0x0, 0x0,
    0x0, 0x0, 0x0, 0x0, 0x0, 0x16, 0xce, 0xfe,
    0xc7, 0x10, 0x0, 0x0, 0x0, 0x5f, 0xff, 0xff,
    0xff, 0xff, 0x60, 0x0, 0x0, 0x7f, 0xff, 0xff,
    0xff, 0xff, 0xff, 0x70, 0x0, 0x3f, 0xff, 0xfe,
    0x75, 0x7d, 0xff, 0xff, 0x30, 0xa, 0xff, 0xfc,
    0x0, 0x0, 0xb, 0xff, 0xfb, 0x0, 0xff, 0xff,
    0x30, 0x0, 0x0, 0x2f, 0xff, 0xf0, 0x1f, 0xff,
    0xf0, 0x0, 0x0, 0x0, 0xff, 0xff, 0x21, 0xff,
    0xff, 0x0, 0x0, 0x0, 0xf, 0xff, 0xf2, 0xf,
    0xff, 0xf3, 0x0, 0x0, 0x2, 0xff, 0xff, 0x0,
    0xaf, 0xff, 0xc0, 0x0, 0x0, 0xbf, 0xff, 0xb0,
    0x3, 0xff, 0xff, 0xe7, 0x57, 0xdf, 0xff, 0xf3,
    0x0, 0x7, 0xff, 0xff, 0xff, 0xff, 0xff, 0xf7,
    0x0, 0x0, 0x6, 0xff, 0xff, 0xff, 0xff, 0xf6,
    0x0, 0x0, 0x0, 0x1, 0x7c, 0xef, 0xec, 0x71,
    0x0, 0x0,

    /* U+00F4 "ô" */
    0x0, 0x0, 0x0, 0x48, 0x88, 0x40, 0x0, 0x0,
    0x0, 0x0, 0x0, 0x5f, 0xff, 0xff, 0x40, 0x0,
    0x0, 0x0, 0x0, 0x4f, 0xfe, 0x6e, 0xff, 0x40,
    0x0, 0x0, 0x0, 0x4f, 0xfc, 0x10, 0x1c, 0xff,
    0x40, 0x0, 0x0, 0x0, 0x0, 0x0, 0x0, 0x0,
    0x0, 0x0, 0x0, 0x0, 0x0, 0x0, 0x0, 0x0,
    0x0, 0x0, 0x0, 0x0, 0x0, 0x16, 0xce, 0xfe,
    0xc7, 0x10, 0x0, 0x0, 0x0, 0x5f, 0xff, 0xff,
    0xff, 0xff, 0x60, 0x0, 0x0, 0x7f, 0xff, 0xff,
    0xff, 0xff, 0xff, 0x70, 0x0, 0x3f, 0xff, 0xfe,
    0x75, 0x7d, 0xff, 0xff, 0x30, 0xa, 0xff, 0xfc,
    0x0, 0x0, 0xb, 0xff, 0xfb, 0x0, 0xff, 0xff,
    0x30, 0x0, 0x0, 0x2f, 0xff, 0xf0, 0x1f, 0xff,
    0xf0, 0x0, 0x0, 0x0, 0xff, 0xff, 0x21, 0xff,
    0xff, 0x0, 0x0, 0x0, 0xf, 0xff, 0xf2, 0xf,
    0xff, 0xf3, 0x0, 0x0, 0x2, 0xff, 0xff, 0x0,
    0xaf, 0xff, 0xc0, 0x0, 0x0, 0xbf, 0xff, 0xb0,
    0x3, 0xff, 0xff, 0xe7, 0x57, 0xdf, 0xff, 0xf3,
    0x0, 0x7, 0xff, 0xff, 0xff, 0xff, 0xff, 0xf7,
    0x0, 0x0, 0x6, 0xff, 0xff, 0xff, 0xff, 0xf6,
    0x0, 0x0, 0x0, 0x1, 0x7c, 0xef, 0xec, 0x71,
    0x0, 0x0,

    /* U+00F5 "õ" */
    0x0, 0x0, 0x1, 0x42, 0x0, 0x0, 0x10, 0x0,
    0x0, 0x0, 0x6, 0xff, 0xfb, 0x31, 0xdf, 0x50,
    0x0, 0x0, 0x2, 0xff, 0xff, 0xff, 0xff, 0xf1,
    0x0, 0x0, 0x0, 0x6f, 0xd1, 0x3b, 0xff, 0xf6,
    0x0, 0x0, 0x0, 0x2, 0x42, 0x0, 0x2, 0x31,
    0x0, 0x0, 0x0, 0x0, 0x0, 0x0, 0x0, 0x0,
    0x0, 0x0, 0x0, 0x0, 0x0, 0x16, 0xce, 0xfe,
    0xc7, 0x10, 0x0, 0x0, 0x0, 0x5f, 0xff, 0xff,
    0xff, 0xff, 0x60, 0x0, 0x0, 0x7f, 0xff, 0xff,
    0xff, 0xff, 0xff, 0x70, 0x0, 0x3f, 0xff, 0xfe,
    0x75, 0x7d, 0xff, 0xff, 0x30, 0xa, 0xff, 0xfc,
    0x0, 0x0, 0xb, 0xff, 0xfb, 0x0, 0xff, 0xff,
    0x30, 0x0, 0x0, 0x2f, 0xff, 0xf0, 0x1f, 0xff,
    0xf0, 0x0, 0x0, 0x0, 0xff, 0xff, 0x21, 0xff,
    0xff, 0x0, 0x0, 0x0, 0xf, 0xff, 0xf2, 0xf,
    0xff, 0xf3, 0x0, 0x0, 0x2, 0xff, 0xff, 0x0,
    0xaf, 0xff, 0xc0, 0x0, 0x0, 0xbf, 0xff, 0xb0,
    0x3, 0xff, 0xff, 0xe7, 0x57, 0xdf, 0xff, 0xf3,
    0x0, 0x7, 0xff, 0xff, 0xff, 0xff, 0xff, 0xf7,
    0x0, 0x0, 0x6, 0xff, 0xff, 0xff, 0xff, 0xf6,
    0x0, 0x0, 0x0, 0x1, 0x7c, 0xef, 0xec, 0x71,
    0x0, 0x0,

    /* U+00F6 "ö" */
    0x0, 0x0, 0x17, 0x50, 0x0, 0x67, 0x10, 0x0,
    0x0, 0x0, 0xc, 0xff, 0x70, 0x7f, 0xfb, 0x0,
    0x0, 0x0, 0x0, 0xef, 0xf9, 0xa, 0xff, 0xd0,
    0x0, 0x0, 0x0, 0x6, 0xed, 0x20, 0x3d, 0xe5,
    0x0, 0x0, 0x0, 0x0, 0x0, 0x0, 0x0, 0x0,
    0x0, 0x0, 0x0, 0x0, 0x0, 0x0, 0x0, 0x0,
    0x0, 0x0, 0x0, 0x0, 0x0, 0x16, 0xce, 0xfe,
    0xc7, 0x10, 0x0, 0x0, 0x0, 0x5f, 0xff, 0xff,
    0xff, 0xff, 0x60, 0x0, 0x0, 0x7f, 0xff, 0xff,
    0xff, 0xff, 0xff, 0x70, 0x0, 0x3f, 0xff, 0xfe,
    0x75, 0x7d, 0xff, 0xff, 0x30, 0xa, 0xff, 0xfc,
    0x0, 0x0, 0xb, 0xff, 0xfb, 0x0, 0xff, 0xff,
    0x30, 0x0, 0x0, 0x2f, 0xff, 0xf0, 0x1f, 0xff,
    0xf0, 0x0, 0x0, 0x0, 0xff, 0xff, 0x21, 0xff,
    0xff, 0x0, 0x0, 0x0, 0xf, 0xff, 0xf2, 0xf,
    0xff, 0xf3, 0x0, 0x0, 0x2, 0xff, 0xff, 0x0,
    0xaf, 0xff, 0xc0, 0x0, 0x0, 0xbf, 0xff, 0xb0,
    0x3, 0xff, 0xff, 0xe7, 0x57, 0xdf, 0xff, 0xf3,
    0x0, 0x7, 0xff, 0xff, 0xff, 0xff, 0xff, 0xf7,
    0x0, 0x0, 0x6, 0xff, 0xff, 0xff, 0xff, 0xf6,
    0x0, 0x0, 0x0, 0x1, 0x7c, 0xef, 0xec, 0x71,
    0x0, 0x0,

    /* U+00F7 "÷" */
    0x0, 0x0, 0x8, 0xfd, 0x30, 0x0, 0x0, 0x0,
    0x3, 0xff, 0xfd, 0x0, 0x0, 0x0, 0x0, 0x4f,
    0xff, 0xe0, 0x0, 0x0, 0x0, 0x0, 0xcf, 0xf6,
    0x0, 0x0, 0x0, 0x0, 0x0, 0x31, 0x0, 0x0,
    0x0, 0x0, 0x0, 0x0, 0x0, 0x0, 0x0, 0x6f,
    0xff, 0xff, 0xff, 0xff, 0xff, 0xf6, 0xff, 0xff,
    0xff, 0xff, 0xff, 0xff, 0x6f, 0xff, 0xff, 0xff,
    0xff, 0xff, 0xf0, 0x22, 0x22, 0x22, 0x22, 0x22,
    0x21, 0x0, 0x0, 0x0, 0x31, 0x0, 0x0, 0x0,
    0x0, 0x0, 0xcf, 0xf6, 0x0, 0x0, 0x0, 0x0,
    0x4f, 0xff, 0xe0, 0x0, 0x0, 0x0, 0x3, 0xff,
    0xfd, 0x0, 0x0, 0x0, 0x0, 0x8, 0xfd, 0x30,
    0x0, 0x0,

    /* U+00F8 "ø" */
    0x0, 0x0, 0x0, 0x0, 0x0, 0x2, 0x86, 0x0,
    0x0, 0x0, 0x0, 0x0, 0x0, 0x0, 0xbf, 0x70,
    0x0, 0x0, 0x0, 0x16, 0xce, 0xfe, 0xff, 0xf0,
    0x0, 0x0, 0x0, 0x5f, 0xff, 0xff, 0xff, 0xff,
    0x60, 0x0, 0x0, 0x7f, 0xff, 0xff, 0xff, 0xff,
    0xff, 0x70, 0x0, 0x3f, 0xff, 0xfe, 0x75, 0xff,
    0xff, 0xff, 0x30, 0xa, 0xff, 0xfc, 0x0, 0x6f,
    0xdb, 0xff, 0xfb, 0x0, 0xff, 0xff, 0x30, 0xe,
    0xf3, 0x2f, 0xff, 0xf0, 0x1f, 0xff, 0xf0, 0x7,
    0xfb, 0x0, 0xff, 0xff, 0x21, 0xff, 0xff, 0x0,
    0xef, 0x20, 0xf, 0xff, 0xf2, 0xf, 0xff, 0xf3,
    0x8f, 0xa0, 0x2, 0xff, 0xff, 0x0, 0xaf, 0xff,
    0xdf, 0xf2, 0x0, 0xbf, 0xff, 0xb0, 0x3, 0xff,
    0xff, 0xff, 0x57, 0xdf, 0xff, 0xf3, 0x0, 0x7,
    0xff, 0xff, 0xff, 0xff, 0xff, 0xf7, 0x0, 0x0,
    0x6, 0xff, 0xff, 0xff, 0xff, 0xf6, 0x0, 0x0,
    0x0, 0x3f, 0xfd, 0xef, 0xec, 0x71, 0x0, 0x0,
    0x0, 0xb, 0xf7, 0x0, 0x0, 0x0, 0x0, 0x0,
    0x0, 0x1, 0x87, 0x0, 0x0, 0x0, 0x0, 0x0,
    0x0,

    /* U+00F9 "ù" */
    0x0, 0x27, 0x88, 0x70, 0x0, 0x0, 0x0, 0x0,
    0x0, 0x5f, 0xff, 0xb0, 0x0, 0x0, 0x0, 0x0,
    0x0, 0x2c, 0xff, 0xb0, 0x0, 0x0, 0x0, 0x0,
    0x0, 0x9, 0xff, 0xb0, 0x0, 0x0, 0x0, 0x0,
    0x0, 0x0, 0x0, 0x0, 0x0, 0x0, 0x0, 0x0,
    0x0, 0x0, 0x0, 0x0, 0x0, 0x3f, 0xff, 0xd0,
    0x0, 0x0, 0x1f, 0xff, 0xf3, 0xff, 0xfd, 0x0,
    0x0, 0x1, 0xff, 0xff, 0x3f, 0xff, 0xd0, 0x0,
    0x0, 0x1f, 0xff, 0xf3, 0xff, 0xfd, 0x0, 0x0,
    0x1, 0xff, 0xff, 0x3f, 0xff, 0xd0, 0x0, 0x0,
    0x1f, 0xff, 0xf3, 0xff, 0xfd, 0x0, 0x0, 0x1,
    0xff, 0xff, 0x3f, 0xff, 0xd0, 0x0, 0x0, 0x1f,
    0xff, 0xf3, 0xff, 0xfe, 0x0, 0x0, 0x3, 0xff,
    0xff, 0x2f, 0xff, 0xf0, 0x0, 0x0, 0x6f, 0xff,
    0xf0, 0xff, 0xff, 0x70, 0x0, 0x1e, 0xff, 0xff,
    0xb, 0xff, 0xff, 0xb8, 0x9e, 0xff, 0xff, 0xf0,
    0x4f, 0xff, 0xff, 0xff, 0xff, 0xff, 0xff, 0x0,
    0x7f, 0xff, 0xff, 0xff, 0xbe, 0xff, 0xf0, 0x0,
    0x3a, 0xdf, 0xeb, 0x50, 0xef, 0xff,

    /* U+00FA "ú" */
    0x0, 0x0, 0x0, 0x0, 0x17, 0x88, 0x70, 0x0,
    0x0, 0x0, 0x0, 0x1d, 0xff, 0xd2, 0x0, 0x0,
    0x0, 0x0, 0x1d, 0xff, 0xa0, 0x0, 0x0, 0x0,
    0x0, 0x1d, 0xff, 0x60, 0x0, 0x0, 0x0, 0x0,
    0x0, 0x0, 0x0, 0x0, 0x0, 0x0, 0x0, 0x0,
    0x0, 0x0, 0x0, 0x0, 0x0, 0x3f, 0xff, 0xd0,
    0x0, 0x0, 0x1f, 0xff, 0xf3, 0xff, 0xfd, 0x0,
    0x0, 0x1, 0xff, 0xff, 0x3f, 0xff, 0xd0, 0x0,
    0x0, 0x1f, 0xff, 0xf3, 0xff, 0xfd, 0x0, 0x0,
    0x1, 0xff, 0xff, 0x3f, 0xff, 0xd0, 0x0, 0x0,
    0x1f, 0xff, 0xf3, 0xff, 0xfd, 0x0, 0x0, 0x1,
    0xff, 0xff, 0x3f, 0xff, 0xd0, 0x0, 0x0, 0x1f,
    0xff, 0xf3, 0xff, 0xfe, 0x0, 0x0, 0x3, 0xff,
    0xff, 0x2f, 0xff, 0xf0, 0x0, 0x0, 0x6f, 0xff,
    0xf0, 0xff, 0xff, 0x70, 0x0, 0x1e, 0xff, 0xff,
    0xb, 0xff, 0xff, 0xb8, 0x9e, 0xff, 0xff, 0xf0,
    0x4f, 0xff, 0xff, 0xff, 0xff, 0xff, 0xff, 0x0,
    0x7f, 0xff, 0xff, 0xff, 0xbe, 0xff, 0xf0, 0x0,
    0x3a, 0xdf, 0xeb, 0x50, 0xef, 0xff,

    /* U+00FB "û" */
    0x0, 0x0, 0x1, 0x78, 0x87, 0x0, 0x0, 0x0,
    0x0, 0x1, 0xdf, 0xff, 0xfa, 0x0, 0x0, 0x0,
    0x1, 0xdf, 0xf7, 0xaf, 0xf9, 0x0, 0x0, 0x1,
    0xcf, 0xf4, 0x0, 0x7f, 0xf9, 0x0, 0x0, 0x0,
    0x0, 0x0, 0x0, 0x0, 0x0, 0x0, 0x0, 0x0,
    0x0, 0x0, 0x0, 0x0, 0x0, 0x3f, 0xff, 0xd0,
    0x0, 0x0, 0x1f, 0xff, 0xf3, 0xff, 0xfd, 0x0,
    0x0, 0x1, 0xff, 0xff, 0x3f, 0xff, 0xd0, 0x0,
    0x0, 0x1f, 0xff, 0xf3, 0xff, 0xfd, 0x0, 0x0,
    0x1, 0xff, 0xff, 0x3f, 0xff, 0xd0, 0x0, 0x0,
    0x1f, 0xff, 0xf3, 0xff, 0xfd, 0x0, 0x0, 0x1,
    0xff, 0xff, 0x3f, 0xff, 0xd0, 0x0, 0x0, 0x1f,
    0xff, 0xf3, 0xff, 0xfe, 0x0, 0x0, 0x3, 0xff,
    0xff, 0x2f, 0xff, 0xf0, 0x0, 0x0, 0x6f, 0xff,
    0xf0, 0xff, 0xff, 0x70, 0x0, 0x1e, 0xff, 0xff,
    0xb, 0xff, 0xff, 0xb8, 0x9e, 0xff, 0xff, 0xf0,
    0x4f, 0xff, 0xff, 0xff, 0xff, 0xff, 0xff, 0x0,
    0x7f, 0xff, 0xff, 0xff, 0xbe, 0xff, 0xf0, 0x0,
    0x3a, 0xdf, 0xeb, 0x50, 0xef, 0xff,

    /* U+00FC "ü" */
    0x0, 0x0, 0x57, 0x10, 0x3, 0x73, 0x0, 0x0,
    0x0, 0x6f, 0xfd, 0x1, 0xff, 0xf2, 0x0, 0x0,
    0x8, 0xff, 0xf0, 0x3f, 0xff, 0x40, 0x0, 0x0,
    0x2d, 0xf7, 0x0, 0xaf, 0xa0, 0x0, 0x0, 0x0,
    0x0, 0x0, 0x0, 0x0, 0x0, 0x0, 0x0, 0x0,
    0x0, 0x0, 0x0, 0x0, 0x0, 0x3f, 0xff, 0xd0,
    0x0, 0x0, 0x1f, 0xff, 0xf3, 0xff, 0xfd, 0x0,
    0x0, 0x1, 0xff, 0xff, 0x3f, 0xff, 0xd0, 0x0,
    0x0, 0x1f, 0xff, 0xf3, 0xff, 0xfd, 0x0, 0x0,
    0x1, 0xff, 0xff, 0x3f, 0xff, 0xd0, 0x0, 0x0,
    0x1f, 0xff, 0xf3, 0xff, 0xfd, 0x0, 0x0, 0x1,
    0xff, 0xff, 0x3f, 0xff, 0xd0, 0x0, 0x0, 0x1f,
    0xff, 0xf3, 0xff, 0xfe, 0x0, 0x0, 0x3, 0xff,
    0xff, 0x2f, 0xff, 0xf0, 0x0, 0x0, 0x6f, 0xff,
    0xf0, 0xff, 0xff, 0x70, 0x0, 0x1e, 0xff, 0xff,
    0xb, 0xff, 0xff, 0xb8, 0x9e, 0xff, 0xff, 0xf0,
    0x4f, 0xff, 0xff, 0xff, 0xff, 0xff, 0xff, 0x0,
    0x7f, 0xff, 0xff, 0xff, 0xbe, 0xff, 0xf0, 0x0,
    0x3a, 0xdf, 0xeb, 0x50, 0xef, 0xff,

    /* U+00FD "ý" */
    0x0, 0x0, 0x0, 0x0, 0x4, 0x88, 0x85, 0x0,
    0x0, 0x0, 0x0, 0x0, 0x4, 0xff, 0xfc, 0x10,
    0x0, 0x0, 0x0, 0x0, 0x2, 0xff, 0xf9, 0x0,
    0x0, 0x0, 0x0, 0x0, 0x1, 0xef, 0xf7, 0x0,
    0x0, 0x0, 0x0, 0x0, 0x0, 0x58, 0x84, 0x0,
    0x0, 0x0, 0x0, 0x0, 0x0, 0x0, 0x0, 0x0,
    0x0, 0x0, 0x0, 0xf, 0xff, 0xf3, 0x0, 0x0,
    0x0, 0x5f, 0xff, 0x80, 0x8f, 0xff, 0x90, 0x0,
    0x0, 0xc, 0xff, 0xf1, 0x2, 0xff, 0xff, 0x10,
    0x0, 0x3, 0xff, 0xfa, 0x0, 0xa, 0xff, 0xf7,
    0x0, 0x0, 0x9f, 0xff, 0x30, 0x0, 0x4f, 0xff,
    0xd0, 0x0, 0x1f, 0xff, 0xc0, 0x0, 0x0, 0xdf,
    0xff, 0x40, 0x7, 0xff, 0xf6, 0x0, 0x0, 0x6,
    0xff, 0xfb, 0x0, 0xdf, 0xfe, 0x0, 0x0, 0x0,
    0xe, 0xff, 0xf1, 0x4f, 0xff, 0x80, 0x0, 0x0,
    0x0, 0x8f, 0xff, 0x8b, 0xff, 0xf1, 0x0, 0x0,
    0x0, 0x1, 0xff, 0xfe, 0xff, 0xfa, 0x0, 0x0,
    0x0, 0x0, 0xa, 0xff, 0xff, 0xff, 0x30, 0x0,
    0x0, 0x0, 0x0, 0x3f, 0xff, 0xff, 0xc0, 0x0,
    0x0, 0x0, 0x0, 0x0, 0xcf, 0xff, 0xf5, 0x0,
    0x0, 0x0, 0x0, 0x0, 0x5, 0xff, 0xfe, 0x0,
    0x0, 0x0, 0x0, 0x0, 0x0, 0x7f, 0xff, 0x80,
    0x0, 0x0, 0x0, 0x1d, 0x64, 0x7f, 0xff, 0xf1,
    0x0, 0x0, 0x0, 0x9, 0xff, 0xff, 0xff, 0xf7,
    0x0, 0x0, 0x0, 0x1, 0xff, 0xff, 0xff, 0xfa,
    0x0, 0x0, 0x0, 0x0, 0x3, 0xae, 0xfe, 0xb4,
    0x0, 0x0, 0x0, 0x0, 0x0,

    /* U+00FE "þ" */
    0x1f, 0xff, 0xe0, 0x0, 0x0, 0x0, 0x0, 0x0,
    0x2, 0xff, 0xfe, 0x0, 0x0, 0x0, 0x0, 0x0,
    0x0, 0x2f, 0xff, 0xe0, 0x0, 0x0, 0x0, 0x0,
    0x0, 0x2, 0xff, 0xfe, 0x0, 0x0, 0x0, 0x0,
    0x0, 0x0, 0x2f, 0xff, 0xe0, 0x0, 0x0, 0x0,
    0x0, 0x0, 0x2, 0xff, 0xfe, 0x7, 0xcf, 0xfd,
    0x92, 0x0, 0x0, 0x2f, 0xff, 0xfd, 0xff, 0xff,
    0xff, 0xf8, 0x0, 0x2, 0xff, 0xff, 0xff, 0xff,
    0xff, 0xff, 0xf8, 0x0, 0x2f, 0xff, 0xff, 0xd7,
    0x57, 0xef, 0xff, 0xf3, 0x2, 0xff, 0xff, 0xb0,
    0x0, 0x1, 0xdf, 0xff, 0xa0, 0x2f, 0xff, 0xf2,
    0x0, 0x0, 0x4, 0xff, 0xfe, 0x2, 0xff, 0xfe,
    0x0, 0x0, 0x0, 0xf, 0xff, 0xf0, 0x2f, 0xff,
    0xe0, 0x0, 0x0, 0x0, 0xff, 0xff, 0x2, 0xff,
    0xff, 0x20, 0x0, 0x0, 0x4f, 0xff, 0xe0, 0x2f,
    0xff, 0xfb, 0x0, 0x0, 0x1c, 0xff, 0xfa, 0x2,
    0xff, 0xff, 0xfd, 0x75, 0x7e, 0xff, 0xff, 0x40,
    0x2f, 0xff, 0xff, 0xff, 0xff, 0xff, 0xff, 0x90,
    0x2, 0xff, 0xff, 0xcf, 0xff, 0xff, 0xff, 0x80,
    0x0, 0x2f, 0xff, 0xe0, 0x7c, 0xff, 0xd9, 0x30,
    0x0, 0x2, 0xff, 0xfe, 0x0, 0x0, 0x0, 0x0,
    0x0, 0x0, 0x2f, 0xff, 0xe0, 0x0, 0x0, 0x0,
    0x0, 0x0, 0x2, 0xff, 0xfe, 0x0, 0x0, 0x0,
    0x0, 0x0, 0x0, 0x2f, 0xff, 0xe0, 0x0, 0x0,
    0x0, 0x0, 0x0, 0x2, 0xff, 0xfe, 0x0, 0x0,
    0x0, 0x0, 0x0, 0x0,

    /* U+00FF "ÿ" */
    0x0, 0x0, 0x17, 0x50, 0x0, 0x67, 0x10, 0x0,
    0x0, 0x0, 0xc, 0xff, 0x70, 0x7f, 0xfb, 0x0,
    0x0, 0x0, 0x0, 0xef, 0xf9, 0xa, 0xff, 0xe0,
    0x0, 0x0, 0x0, 0x6, 0xed, 0x20, 0x3d, 0xe5,
    0x0, 0x0, 0x0, 0x0, 0x0, 0x0, 0x0, 0x0,
    0x0, 0x0, 0x0, 0x0, 0x0, 0x0, 0x0, 0x0,
    0x0, 0x0, 0x0, 0xf, 0xff, 0xf3, 0x0, 0x0,
    0x0, 0x5f, 0xff, 0x80, 0x8f, 0xff, 0x90, 0x0,
    0x0, 0xc, 0xff, 0xf1, 0x2, 0xff, 0xff, 0x10,
    0x0, 0x3, 0xff, 0xfa, 0x0, 0xa, 0xff, 0xf7,
    0x0, 0x0, 0x9f, 0xff, 0x30, 0x0, 0x4f, 0xff,
    0xd0, 0x0, 0x1f, 0xff, 0xc0, 0x0, 0x0, 0xdf,
    0xff, 0x40, 0x7, 0xff, 0xf6, 0x0, 0x0, 0x6,
    0xff, 0xfb, 0x0, 0xdf, 0xfe, 0x0, 0x0, 0x0,
    0xe, 0xff, 0xf1, 0x4f, 0xff, 0x80, 0x0, 0x0,
    0x0, 0x8f, 0xff, 0x8b, 0xff, 0xf1, 0x0, 0x0,
    0x0, 0x1, 0xff, 0xfe, 0xff, 0xfa, 0x0, 0x0,
    0x0, 0x0, 0xa, 0xff, 0xff, 0xff, 0x30, 0x0,
    0x0, 0x0, 0x0, 0x3f, 0xff, 0xff, 0xc0, 0x0,
    0x0, 0x0, 0x0, 0x0, 0xcf, 0xff, 0xf5, 0x0,
    0x0, 0x0, 0x0, 0x0, 0x5, 0xff, 0xfe, 0x0,
    0x0, 0x0, 0x0, 0x0, 0x0, 0x7f, 0xff, 0x80,
    0x0, 0x0, 0x0, 0x1d, 0x64, 0x7f, 0xff, 0xf1,
    0x0, 0x0, 0x0, 0x9, 0xff, 0xff, 0xff, 0xf7,
    0x0, 0x0, 0x0, 0x1, 0xff, 0xff, 0xff, 0xfa,
    0x0, 0x0, 0x0, 0x0, 0x3, 0xae, 0xfe, 0xb4,
    0x0, 0x0, 0x0, 0x0, 0x0,

    /* U+0100 "Ā" */
    0x0, 0x0, 0x0, 0x34, 0x44, 0x44, 0x44, 0x43,
    0x0, 0x0, 0x0, 0x0, 0x0, 0x0, 0xdf, 0xff,
    0xff, 0xff, 0xfc, 0x0, 0x0, 0x0, 0x0, 0x0,
    0x0, 0xdf, 0xff, 0xff, 0xff, 0xfc, 0x0, 0x0,
    0x0, 0x0, 0x0, 0x0, 0x0, 0x0, 0x0, 0x0,
    0x0, 0x0, 0x0, 0x0, 0x0, 0x0, 0x0, 0x0,
    0x0, 0x0, 0x0, 0x0, 0x0, 0x0, 0x0, 0x0,
    0x0, 0x0, 0x0, 0x5f, 0xff, 0xf4, 0x0, 0x0,
    0x0, 0x0, 0x0, 0x0, 0x0, 0x0, 0xcf, 0xff,
    0xfb, 0x0, 0x0, 0x0, 0x0, 0x0, 0x0, 0x0,
    0x4, 0xff, 0xff, 0xff, 0x20, 0x0, 0x0, 0x0,
    0x0, 0x0, 0x0, 0xb, 0xff, 0xff, 0xff, 0x90,
    0x0, 0x0, 0x0, 0x0, 0x0, 0x0, 0x2f, 0xff,
    0xce, 0xff, 0xf1, 0x0, 0x0, 0x0, 0x0, 0x0,
    0x0, 0x9f, 0xff, 0x57, 0xff, 0xf8, 0x0, 0x0,
    0x0, 0x0, 0x0, 0x1, 0xff, 0xfe, 0x1, 0xff,
    0xfe, 0x0, 0x0, 0x0, 0x0, 0x0, 0x8, 0xff,
    0xf8, 0x0, 0xaf, 0xff, 0x60, 0x0, 0x0, 0x0,
    0x0, 0xe, 0xff, 0xf1, 0x0, 0x3f, 0xff, 0xd0,
    0x0, 0x0, 0x0, 0x0, 0x6f, 0xff, 0xa0, 0x0,
    0xd, 0xff, 0xf5, 0x0, 0x0, 0x0, 0x0, 0xdf,
    0xff, 0x30, 0x0, 0x6, 0xff, 0xfc, 0x0, 0x0,
    0x0, 0x4, 0xff, 0xff, 0xff, 0xff, 0xff, 0xff,
    0xff, 0x30, 0x0, 0x0, 0xc, 0xff, 0xff, 0xff,
    0xff, 0xff, 0xff, 0xff, 0xa0, 0x0, 0x0, 0x3f,
    0xff, 0xff, 0xff, 0xff, 0xff, 0xff, 0xff, 0xf2,
    0x0, 0x0, 0xaf, 0xff, 0x92, 0x22, 0x22, 0x22,
    0x2b, 0xff, 0xf9, 0x0, 0x1, 0xff, 0xff, 0x20,
    0x0, 0x0, 0x0, 0x4, 0xff, 0xff, 0x10, 0x8,
    0xff, 0xfb, 0x0, 0x0, 0x0, 0x0, 0x0, 0xdf,
    0xff, 0x70, 0xf, 0xff, 0xf4, 0x0, 0x0, 0x0,
    0x0, 0x0, 0x7f, 0xff, 0xe0,

    /* U+0101 "ā" */
    0x0, 0xe, 0xff, 0xff, 0xff, 0xff, 0xb0, 0x0,
    0x0, 0xef, 0xff, 0xff, 0xff, 0xfb, 0x0, 0x0,
    0x3, 0x44, 0x44, 0x44, 0x44, 0x20, 0x0, 0x0,
    0x0, 0x0, 0x0, 0x0, 0x0, 0x0, 0x0, 0x0,
    0x0, 0x0, 0x0, 0x0, 0x0, 0x0, 0x0, 0x49,
    0xde, 0xff, 0xc8, 0x20, 0x0, 0x3, 0xdf, 0xff,
    0xff, 0xff, 0xff, 0x60, 0x0, 0x1f, 0xff, 0xff,
    0xff, 0xff, 0xff, 0x40, 0x0, 0x8f, 0x95, 0x34,
    0x6e, 0xff, 0xfc, 0x0, 0x0, 0x10, 0x0, 0x0,
    0x2f, 0xff, 0xf1, 0x0, 0x0, 0x13, 0x45, 0x55,
    0xef, 0xff, 0x30, 0x4, 0xcf, 0xff, 0xff, 0xff,
    0xff, 0xf3, 0x4, 0xff, 0xff, 0xff, 0xff, 0xff,
    0xff, 0x40, 0xcf, 0xff, 0x81, 0x0, 0xd, 0xff,
    0xf4, 0xf, 0xff, 0xf0, 0x0, 0x0, 0xef, 0xff,
    0x40, 0xff, 0xff, 0x40, 0x0, 0x9f, 0xff, 0xf4,
    0xa, 0xff, 0xff, 0xcb, 0xef, 0xff, 0xff, 0x40,
    0x1d, 0xff, 0xff, 0xff, 0xfb, 0xff, 0xf4, 0x0,
    0x7, 0xdf, 0xfe, 0x92, 0x8f, 0xff, 0x40,

    /* U+0102 "Ă" */
    0x0, 0x0, 0x0, 0x68, 0x60, 0x0, 0x6, 0x85,
    0x0, 0x0, 0x0, 0x0, 0x0, 0x0, 0xaf, 0xe0,
    0x0, 0x1f, 0xf9, 0x0, 0x0, 0x0, 0x0, 0x0,
    0x0, 0x5f, 0xfb, 0x23, 0xcf, 0xf3, 0x0, 0x0,
    0x0, 0x0, 0x0, 0x0, 0xa, 0xff, 0xff, 0xff,
    0x90, 0x0, 0x0, 0x0, 0x0, 0x0, 0x0, 0x0,
    0x6c, 0xff, 0xc5, 0x0, 0x0, 0x0, 0x0, 0x0,
    0x0, 0x0, 0x0, 0x0, 0x0, 0x0, 0x0, 0x0,
    0x0, 0x0, 0x0, 0x0, 0x0, 0x0, 0x5f, 0xff,
    0xf4, 0x0, 0x0, 0x0, 0x0, 0x0, 0x0, 0x0,
    0x0, 0xcf, 0xff, 0xfb, 0x0, 0x0, 0x0, 0x0,
    0x0, 0x0, 0x0, 0x4, 0xff, 0xff, 0xff, 0x20,
    0x0, 0x0, 0x0, 0x0, 0x0, 0x0, 0xb, 0xff,
    0xff, 0xff, 0x90, 0x0, 0x0, 0x0, 0x0, 0x0,
    0x0, 0x2f, 0xff, 0xce, 0xff, 0xf1, 0x0, 0x0,
    0x0, 0x0, 0x0, 0x0, 0x9f, 0xff, 0x57, 0xff,
    0xf8, 0x0, 0x0, 0x0, 0x0, 0x0, 0x1, 0xff,
    0xfe, 0x1, 0xff, 0xfe, 0x0, 0x0, 0x0, 0x0,
    0x0, 0x8, 0xff, 0xf8, 0x0, 0xaf, 0xff, 0x60,
    0x0, 0x0, 0x0, 0x0, 0xe, 0xff, 0xf1, 0x0,
    0x3f, 0xff, 0xd0, 0x0, 0x0, 0x0, 0x0, 0x6f,
    0xff, 0xa0, 0x0, 0xd, 0xff, 0xf5, 0x0, 0x0,
    0x0, 0x0, 0xdf, 0xff, 0x30, 0x0, 0x6, 0xff,
    0xfc, 0x0, 0x0, 0x0, 0x4, 0xff, 0xff, 0xff,
    0xff, 0xff, 0xff, 0xff, 0x30, 0x0, 0x0, 0xc,
    0xff, 0xff, 0xff, 0xff, 0xff, 0xff, 0xff, 0xa0,
    0x0, 0x0, 0x3f, 0xff, 0xff, 0xff, 0xff, 0xff,
    0xff, 0xff, 0xf2, 0x0, 0x0, 0xaf, 0xff, 0x92,
    0x22, 0x22, 0x22, 0x2b, 0xff, 0xf9, 0x0, 0x1,
    0xff, 0xff, 0x20, 0x0, 0x0, 0x0, 0x4, 0xff,
    0xff, 0x10, 0x8, 0xff, 0xfb, 0x0, 0x0, 0x0,
    0x0, 0x0, 0xdf, 0xff, 0x70, 0xf, 0xff, 0xf4,
    0x0, 0x0, 0x0, 0x0, 0x0, 0x7f, 0xff, 0xe0,

    /* U+0103 "ă" */
    0x0, 0x6, 0x86, 0x0, 0x0, 0x78, 0x50, 0x0,
    0x0, 0xaf, 0xf6, 0x1, 0x7f, 0xf8, 0x0, 0x0,
    0x2, 0xef, 0xff, 0xff, 0xfd, 0x10, 0x0, 0x0,
    0x1, 0x8e, 0xff, 0xd7, 0x0, 0x0, 0x0, 0x0,
    0x0, 0x0, 0x0, 0x0, 0x0, 0x0, 0x0, 0x0,
    0x0, 0x0, 0x0, 0x0, 0x0, 0x0, 0x4, 0x9d,
    0xef, 0xfc, 0x82, 0x0, 0x0, 0x3d, 0xff, 0xff,
    0xff, 0xff, 0xf6, 0x0, 0x1, 0xff, 0xff, 0xff,
    0xff, 0xff, 0xf4, 0x0, 0x8, 0xf9, 0x53, 0x46,
    0xef, 0xff, 0xc0, 0x0, 0x1, 0x0, 0x0, 0x2,
    0xff, 0xff, 0x10, 0x0, 0x1, 0x34, 0x55, 0x5e,
    0xff, 0xf3, 0x0, 0x4c, 0xff, 0xff, 0xff, 0xff,
    0xff, 0x30, 0x4f, 0xff, 0xff, 0xff, 0xff, 0xff,
    0xf4, 0xc, 0xff, 0xf8, 0x10, 0x0, 0xdf, 0xff,
    0x40, 0xff, 0xff, 0x0, 0x0, 0xe, 0xff, 0xf4,
    0xf, 0xff, 0xf4, 0x0, 0x9, 0xff, 0xff, 0x40,
    0xaf, 0xff, 0xfc, 0xbe, 0xff, 0xff, 0xf4, 0x1,
    0xdf, 0xff, 0xff, 0xff, 0xbf, 0xff, 0x40, 0x0,
    0x7d, 0xff, 0xe9, 0x28, 0xff, 0xf4,

    /* U+0104 "Ą" */
    0x0, 0x0, 0x0, 0x0, 0x5f, 0xff, 0xf4, 0x0,
    0x0, 0x0, 0x0, 0x0, 0x0, 0x0, 0x0, 0xcf,
    0xff, 0xfb, 0x0, 0x0, 0x0, 0x0, 0x0, 0x0,
    0x0, 0x4, 0xff, 0xff, 0xff, 0x20, 0x0, 0x0,
    0x0, 0x0, 0x0, 0x0, 0xb, 0xff, 0xff, 0xff,
    0x90, 0x0, 0x0, 0x0, 0x0, 0x0, 0x0, 0x2f,
    0xff, 0xce, 0xff, 0xf1, 0x0, 0x0, 0x0, 0x0,
    0x0, 0x0, 0x9f, 0xff, 0x57, 0xff, 0xf8, 0x0,
    0x0, 0x0, 0x0, 0x0, 0x1, 0xff, 0xfe, 0x1,
    0xff, 0xfe, 0x0, 0x0, 0x0, 0x0, 0x0, 0x8,
    0xff, 0xf8, 0x0, 0xaf, 0xff, 0x60, 0x0, 0x0,
    0x0, 0x0, 0xe, 0xff, 0xf1, 0x0, 0x3f, 0xff,
    0xd0, 0x0, 0x0, 0x0, 0x0, 0x6f, 0xff, 0xa0,
    0x0, 0xd, 0xff, 0xf5, 0x0, 0x0, 0x0, 0x0,
    0xdf, 0xff, 0x30, 0x0, 0x6, 0xff, 0xfc, 0x0,
    0x0, 0x0, 0x4, 0xff, 0xff, 0xff, 0xff, 0xff,
    0xff, 0xff, 0x30, 0x0, 0x0, 0xc, 0xff, 0xff,
    0xff, 0xff, 0xff, 0xff, 0xff, 0xa0, 0x0, 0x0,
    0x3f, 0xff, 0xff, 0xff, 0xff, 0xff, 0xff, 0xff,
    0xf2, 0x0, 0x0, 0xaf, 0xff, 0x92, 0x22, 0x22,
    0x22, 0x2b, 0xff, 0xf9, 0x0, 0x1, 0xff, 0xff,
    0x20, 0x0, 0x0, 0x0, 0x4, 0xff, 0xff, 0x10,
    0x8, 0xff, 0xfb, 0x0, 0x0, 0x0, 0x0, 0x0,
    0xdf, 0xff, 0x70, 0xf, 0xff, 0xf4, 0x0, 0x0,
    0x0, 0x0, 0x0, 0x7f, 0xff, 0xf0, 0x0, 0x0,
    0x0, 0x0, 0x0, 0x0, 0x0, 0x0, 0x3e, 0xfd,
    0x50, 0x0, 0x0, 0x0, 0x0, 0x0, 0x0, 0x0,
    0x0, 0xdf, 0xc0, 0x0, 0x0, 0x0, 0x0, 0x0,
    0x0, 0x0, 0x0, 0x4, 0xff, 0x30, 0x0, 0x0,
    0x0, 0x0, 0x0, 0x0, 0x0, 0x0, 0x5, 0xff,
    0x81, 0x21, 0x0, 0x0, 0x0, 0x0, 0x0, 0x0,
    0x0, 0x1, 0xef, 0xff, 0xf8, 0x0, 0x0, 0x0,
    0x0, 0x0, 0x0, 0x0, 0x0, 0x2b, 0xef, 0xd6,

    /* U+0105 "ą" */
    0x0, 0x4, 0x9d, 0xef, 0xfc, 0x82, 0x0, 0x0,
    0x3d, 0xff, 0xff, 0xff, 0xff, 0xf6, 0x0, 0x1,
    0xff, 0xff, 0xff, 0xff, 0xff, 0xf4, 0x0, 0x8,
    0xf9, 0x53, 0x46, 0xef, 0xff, 0xc0, 0x0, 0x1,
    0x0, 0x0, 0x2, 0xff, 0xff, 0x10, 0x0, 0x1,
    0x34, 0x55, 0x5e, 0xff, 0xf3, 0x0, 0x4c, 0xff,
    0xff, 0xff, 0xff, 0xff, 0x30, 0x4f, 0xff, 0xff,
    0xff, 0xff, 0xff, 0xf4, 0xc, 0xff, 0xf8, 0x10,
    0x0, 0xdf, 0xff, 0x40, 0xff, 0xff, 0x0, 0x0,
    0xe, 0xff, 0xf4, 0xf, 0xff, 0xf4, 0x0, 0x9,
    0xff, 0xff, 0x40, 0xaf, 0xff, 0xfc, 0xbe, 0xff,
    0xff, 0xf4, 0x1, 0xdf, 0xff, 0xff, 0xff, 0xbf,
    0xff, 0x40, 0x0, 0x7d, 0xff, 0xe9, 0x2b, 0xff,
    0xf4, 0x0, 0x0, 0x0, 0x0, 0x3, 0xff, 0xc3,
    0x0, 0x0, 0x0, 0x0, 0x0, 0xdf, 0xb0, 0x0,
    0x0, 0x0, 0x0, 0x0, 0x3f, 0xf4, 0x0, 0x0,
    0x0, 0x0, 0x0, 0x3, 0xff, 0x91, 0x22, 0x0,
    0x0, 0x0, 0x0, 0xd, 0xff, 0xff, 0x90, 0x0,
    0x0, 0x0, 0x0, 0x2a, 0xef, 0xd7,

    /* U+0106 "Ć" */
    0x0, 0x0, 0x0, 0x0, 0x0, 0x28, 0x88, 0x70,
    0x0, 0x0, 0x0, 0x0, 0x0, 0x1, 0xef, 0xfe,
    0x20, 0x0, 0x0, 0x0, 0x0, 0x0, 0xd, 0xff,
    0xc1, 0x0, 0x0, 0x0, 0x0, 0x0, 0x0, 0xbf,
    0xfa, 0x0, 0x0, 0x0, 0x0, 0x0, 0x0, 0x3,
    0x88, 0x60, 0x0, 0x0, 0x0, 0x0, 0x0, 0x0,
    0x0, 0x0, 0x0, 0x0, 0x0, 0x0, 0x0, 0x0,
    0x1, 0x7b, 0xef, 0xfd, 0xa6, 0x10, 0x0, 0x0,
    0x1, 0x9f, 0xff, 0xff, 0xff, 0xff, 0xe6, 0x0,
    0x0, 0x2e, 0xff, 0xff, 0xff, 0xff, 0xff, 0xff,
    0xa0, 0x2, 0xef, 0xff, 0xff, 0xc9, 0x9b, 0xff,
    0xff, 0xd1, 0xb, 0xff, 0xff, 0xa1, 0x0, 0x0,
    0x19, 0xfc, 0x10, 0x4f, 0xff, 0xf8, 0x0, 0x0,
    0x0, 0x0, 0x40, 0x0, 0x9f, 0xff, 0xd0, 0x0,
    0x0, 0x0, 0x0, 0x0, 0x0, 0xdf, 0xff, 0x70,
    0x0, 0x0, 0x0, 0x0, 0x0, 0x0, 0xff, 0xff,
    0x50, 0x0, 0x0, 0x0, 0x0, 0x0, 0x0, 0xff,
    0xff, 0x50, 0x0, 0x0, 0x0, 0x0, 0x0, 0x0,
    0xdf, 0xff, 0x70, 0x0, 0x0, 0x0, 0x0, 0x0,
    0x0, 0x9f, 0xff, 0xd0, 0x0, 0x0, 0x0, 0x0,
    0x0, 0x0, 0x4f, 0xff, 0xf8, 0x0, 0x0, 0x0,
    0x0, 0x50, 0x0, 0xb, 0xff, 0xff, 0xa1, 0x0,
    0x0, 0x19, 0xfc, 0x10, 0x2, 0xef, 0xff, 0xff,
    0xb9, 0x9b, 0xff, 0xff, 0xe1, 0x0, 0x3e, 0xff,
    0xff, 0xff, 0xff, 0xff, 0xff, 0x90, 0x0, 0x1,
    0xaf, 0xff, 0xff, 0xff, 0xff, 0xe6, 0x0, 0x0,
    0x0, 0x2, 0x7b, 0xef, 0xfd, 0xa6, 0x10, 0x0,

    /* U+0107 "ć" */
    0x0, 0x0, 0x0, 0x0, 0x6, 0x88, 0x83, 0x0,
    0x0, 0x0, 0x0, 0x9, 0xff, 0xf7, 0x0, 0x0,
    0x0, 0x0, 0x9, 0xff, 0xd3, 0x0, 0x0, 0x0,
    0x0, 0x9, 0xff, 0xa1, 0x0, 0x0, 0x0, 0x0,
    0x0, 0x0, 0x0, 0x0, 0x0, 0x0, 0x0, 0x0,
    0x0, 0x0, 0x0, 0x0, 0x0, 0x0, 0x0, 0x16,
    0xbe, 0xfe, 0xc7, 0x10, 0x0, 0x0, 0x5e, 0xff,
    0xff, 0xff, 0xff, 0x40, 0x0, 0x6f, 0xff, 0xff,
    0xff, 0xff, 0xff, 0x30, 0x3f, 0xff, 0xfe, 0x75,
    0x6d, 0xff, 0xf9, 0xa, 0xff, 0xfc, 0x0, 0x0,
    0xb, 0xb3, 0x0, 0xff, 0xff, 0x30, 0x0, 0x0,
    0x0, 0x0, 0x1f, 0xff, 0xf0, 0x0, 0x0, 0x0,
    0x0, 0x1, 0xff, 0xff, 0x0, 0x0, 0x0, 0x0,
    0x0, 0xf, 0xff, 0xf3, 0x0, 0x0, 0x0, 0x0,
    0x0, 0xaf, 0xff, 0xc0, 0x0, 0x0, 0xbb, 0x30,
    0x3, 0xff, 0xff, 0xe7, 0x56, 0xdf, 0xff, 0x80,
    0x7, 0xff, 0xff, 0xff, 0xff, 0xff, 0xf3, 0x0,
    0x5, 0xff, 0xff, 0xff, 0xff, 0xe4, 0x0, 0x0,
    0x1, 0x6b, 0xef, 0xec, 0x71, 0x0,

    /* U+0108 "Ĉ" */
    0x0, 0x0, 0x0, 0x2, 0x88, 0x85, 0x0, 0x0,
    0x0, 0x0, 0x0, 0x0, 0x1d, 0xff, 0xff, 0x60,
    0x0, 0x0, 0x0, 0x0, 0x0, 0xcf, 0xfb, 0xff,
    0xf4, 0x0, 0x0, 0x0, 0x0, 0xa, 0xff, 0x80,
    0x2e, 0xff, 0x20, 0x0, 0x0, 0x0, 0x28, 0x85,
    0x0, 0x2, 0x88, 0x60, 0x0, 0x0, 0x0, 0x0,
    0x0, 0x0, 0x0, 0x0, 0x0, 0x0, 0x0, 0x0,
    0x1, 0x7b, 0xef, 0xfd, 0xa6, 0x10, 0x0, 0x0,
    0x1, 0x9f, 0xff, 0xff, 0xff, 0xff, 0xe6, 0x0,
    0x0, 0x2e, 0xff, 0xff, 0xff, 0xff, 0xff, 0xff,
    0xa0, 0x2, 0xef, 0xff, 0xff, 0xc9, 0x9b, 0xff,
    0xff, 0xd1, 0xb, 0xff, 0xff, 0xa1, 0x0, 0x0,
    0x19, 0xfc, 0x10, 0x4f, 0xff, 0xf8, 0x0, 0x0,
    0x0, 0x0, 0x40, 0x0, 0x9f, 0xff, 0xd0, 0x0,
    0x0, 0x0, 0x0, 0x0, 0x0, 0xdf, 0xff, 0x70,
    0x0, 0x0, 0x0, 0x0, 0x0, 0x0, 0xff, 0xff,
    0x50, 0x0, 0x0, 0x0, 0x0, 0x0, 0x0, 0xff,
    0xff, 0x50, 0x0, 0x0, 0x0, 0x0, 0x0, 0x0,
    0xdf, 0xff, 0x70, 0x0, 0x0, 0x0, 0x0, 0x0,
    0x0, 0x9f, 0xff, 0xd0, 0x0, 0x0, 0x0, 0x0,
    0x0, 0x0, 0x4f, 0xff, 0xf8, 0x0, 0x0, 0x0,
    0x0, 0x50, 0x0, 0xb, 0xff, 0xff, 0xa1, 0x0,
    0x0, 0x19, 0xfc, 0x10, 0x2, 0xef, 0xff, 0xff,
    0xb9, 0x9b, 0xff, 0xff, 0xe1, 0x0, 0x3e, 0xff,
    0xff, 0xff, 0xff, 0xff, 0xff, 0x90, 0x0, 0x1,
    0xaf, 0xff, 0xff, 0xff, 0xff, 0xe6, 0x0, 0x0,
    0x0, 0x2, 0x7b, 0xef, 0xfd, 0xa6, 0x10, 0x0,

    /* U+0109 "ĉ" */
    0x0, 0x0, 0x0, 0x68, 0x88, 0x20, 0x0, 0x0,
    0x0, 0x0, 0x8f, 0xff, 0xfe, 0x20, 0x0, 0x0,
    0x0, 0x7f, 0xfc, 0x6f, 0xfe, 0x20, 0x0, 0x0,
    0x7f, 0xf9, 0x0, 0x3e, 0xfe, 0x20, 0x0, 0x0,
    0x0, 0x0, 0x0, 0x0, 0x0, 0x0, 0x0, 0x0,
    0x0, 0x0, 0x0, 0x0, 0x0, 0x0, 0x0, 0x16,
    0xbe, 0xfe, 0xc7, 0x10, 0x0, 0x0, 0x5e, 0xff,
    0xff, 0xff, 0xff, 0x40, 0x0, 0x6f, 0xff, 0xff,
    0xff, 0xff, 0xff, 0x30, 0x3f, 0xff, 0xfe, 0x75,
    0x6d, 0xff, 0xf9, 0xa, 0xff, 0xfc, 0x0, 0x0,
    0xb, 0xb3, 0x0, 0xff, 0xff, 0x30, 0x0, 0x0,
    0x0, 0x0, 0x1f, 0xff, 0xf0, 0x0, 0x0, 0x0,
    0x0, 0x1, 0xff, 0xff, 0x0, 0x0, 0x0, 0x0,
    0x0, 0xf, 0xff, 0xf3, 0x0, 0x0, 0x0, 0x0,
    0x0, 0xaf, 0xff, 0xc0, 0x0, 0x0, 0xbb, 0x30,
    0x3, 0xff, 0xff, 0xe7, 0x56, 0xdf, 0xff, 0x80,
    0x7, 0xff, 0xff, 0xff, 0xff, 0xff, 0xf3, 0x0,
    0x5, 0xff, 0xff, 0xff, 0xff, 0xe4, 0x0, 0x0,
    0x1, 0x6b, 0xef, 0xec, 0x71, 0x0,

    /* U+010A "Ċ" */
    0x0, 0x0, 0x0, 0x0, 0x4, 0x20, 0x0, 0x0,
    0x0, 0x0, 0x0, 0x0, 0x1, 0xdf, 0xf6, 0x0,
    0x0, 0x0, 0x0, 0x0, 0x0, 0x6, 0xff, 0xfd,
    0x0, 0x0, 0x0, 0x0, 0x0, 0x0, 0x5, 0xff,
    0xfc, 0x0, 0x0, 0x0, 0x0, 0x0, 0x0, 0x0,
    0x9f, 0xd3, 0x0, 0x0, 0x0, 0x0, 0x0, 0x0,
    0x0, 0x0, 0x0, 0x0, 0x0, 0x0, 0x0, 0x0,
    0x0, 0x0, 0x0, 0x0, 0x0, 0x0, 0x0, 0x0,
    0x0, 0x1, 0x7b, 0xef, 0xfd, 0xa6, 0x10, 0x0,
    0x0, 0x1, 0x9f, 0xff, 0xff, 0xff, 0xff, 0xe6,
    0x0, 0x0, 0x2e, 0xff, 0xff, 0xff, 0xff, 0xff,
    0xff, 0xa0, 0x2, 0xef, 0xff, 0xff, 0xc9, 0x9b,
    0xff, 0xff, 0xd1, 0xb, 0xff, 0xff, 0xa1, 0x0,
    0x0, 0x19, 0xfc, 0x10, 0x4f, 0xff, 0xf8, 0x0,
    0x0, 0x0, 0x0, 0x40, 0x0, 0x9f, 0xff, 0xd0,
    0x0, 0x0, 0x0, 0x0, 0x0, 0x0, 0xdf, 0xff,
    0x70, 0x0, 0x0, 0x0, 0x0, 0x0, 0x0, 0xff,
    0xff, 0x50, 0x0, 0x0, 0x0, 0x0, 0x0, 0x0,
    0xff, 0xff, 0x50, 0x0, 0x0, 0x0, 0x0, 0x0,
    0x0, 0xdf, 0xff, 0x70, 0x0, 0x0, 0x0, 0x0,
    0x0, 0x0, 0x9f, 0xff, 0xd0, 0x0, 0x0, 0x0,
    0x0, 0x0, 0x0, 0x4f, 0xff, 0xf8, 0x0, 0x0,
    0x0, 0x0, 0x50, 0x0, 0xb, 0xff, 0xff, 0xa1,
    0x0, 0x0, 0x19, 0xfc, 0x10, 0x2, 0xef, 0xff,
    0xff, 0xb9, 0x9b, 0xff, 0xff, 0xe1, 0x0, 0x3e,
    0xff, 0xff, 0xff, 0xff, 0xff, 0xff, 0x90, 0x0,
    0x1, 0xaf, 0xff, 0xff, 0xff, 0xff, 0xe6, 0x0,
    0x0, 0x0, 0x2, 0x7b, 0xef, 0xfd, 0xa6, 0x10,
    0x0,

    /* U+010B "ċ" */
    0x0, 0x0, 0x0, 0x2, 0x40, 0x0, 0x0, 0x0,
    0x0, 0x0, 0x6, 0xff, 0xd1, 0x0, 0x0, 0x0,
    0x0, 0x0, 0xdf, 0xff, 0x60, 0x0, 0x0, 0x0,
    0x0, 0xc, 0xff, 0xf4, 0x0, 0x0, 0x0, 0x0,
    0x0, 0x3d, 0xf9, 0x0, 0x0, 0x0, 0x0, 0x0,
    0x0, 0x0, 0x0, 0x0, 0x0, 0x0, 0x0, 0x0,
    0x0, 0x0, 0x0, 0x0, 0x0, 0x0, 0x1, 0x6b,
    0xef, 0xec, 0x71, 0x0, 0x0, 0x5, 0xef, 0xff,
    0xff, 0xff, 0xf4, 0x0, 0x6, 0xff, 0xff, 0xff,
    0xff, 0xff, 0xf3, 0x3, 0xff, 0xff, 0xe7, 0x56,
    0xdf, 0xff, 0x90, 0xaf, 0xff, 0xc0, 0x0, 0x0,
    0xbb, 0x30, 0xf, 0xff, 0xf3, 0x0, 0x0, 0x0,
    0x0, 0x1, 0xff, 0xff, 0x0, 0x0, 0x0, 0x0,
    0x0, 0x1f, 0xff, 0xf0, 0x0, 0x0, 0x0, 0x0,
    0x0, 0xff, 0xff, 0x30, 0x0, 0x0, 0x0, 0x0,
    0xa, 0xff, 0xfc, 0x0, 0x0, 0xb, 0xb3, 0x0,
    0x3f, 0xff, 0xfe, 0x75, 0x6d, 0xff, 0xf8, 0x0,
    0x7f, 0xff, 0xff, 0xff, 0xff, 0xff, 0x30, 0x0,
    0x5f, 0xff, 0xff, 0xff, 0xfe, 0x40, 0x0, 0x0,
    0x16, 0xbe, 0xfe, 0xc7, 0x10, 0x0,

    /* U+010C "Č" */
    0x0, 0x0, 0x28, 0x85, 0x0, 0x2, 0x88, 0x60,
    0x0, 0x0, 0x0, 0xa, 0xff, 0x80, 0x2e, 0xff,
    0x20, 0x0, 0x0, 0x0, 0x0, 0xcf, 0xfb, 0xff,
    0xf4, 0x0, 0x0, 0x0, 0x0, 0x0, 0x1d, 0xff,
    0xff, 0x60, 0x0, 0x0, 0x0, 0x0, 0x0, 0x2,
    0x88, 0x85, 0x0, 0x0, 0x0, 0x0, 0x0, 0x0,
    0x0, 0x0, 0x0, 0x0, 0x0, 0x0, 0x0, 0x0,
    0x1, 0x7b, 0xef, 0xfd, 0xa6, 0x10, 0x0, 0x0,
    0x1, 0x9f, 0xff, 0xff, 0xff, 0xff, 0xe6, 0x0,
    0x0, 0x2e, 0xff, 0xff, 0xff, 0xff, 0xff, 0xff,
    0xa0, 0x2, 0xef, 0xff, 0xff, 0xc9, 0x9b, 0xff,
    0xff, 0xd1, 0xb, 0xff, 0xff, 0xa1, 0x0, 0x0,
    0x19, 0xfc, 0x10, 0x4f, 0xff, 0xf8, 0x0, 0x0,
    0x0, 0x0, 0x40, 0x0, 0x9f, 0xff, 0xd0, 0x0,
    0x0, 0x0, 0x0, 0x0, 0x0, 0xdf, 0xff, 0x70,
    0x0, 0x0, 0x0, 0x0, 0x0, 0x0, 0xff, 0xff,
    0x50, 0x0, 0x0, 0x0, 0x0, 0x0, 0x0, 0xff,
    0xff, 0x50, 0x0, 0x0, 0x0, 0x0, 0x0, 0x0,
    0xdf, 0xff, 0x70, 0x0, 0x0, 0x0, 0x0, 0x0,
    0x0, 0x9f, 0xff, 0xd0, 0x0, 0x0, 0x0, 0x0,
    0x0, 0x0, 0x4f, 0xff, 0xf8, 0x0, 0x0, 0x0,
    0x0, 0x50, 0x0, 0xb, 0xff, 0xff, 0xa1, 0x0,
    0x0, 0x19, 0xfc, 0x10, 0x2, 0xef, 0xff, 0xff,
    0xb9, 0x9b, 0xff, 0xff, 0xe1, 0x0, 0x3e, 0xff,
    0xff, 0xff, 0xff, 0xff, 0xff, 0x90, 0x0, 0x1,
    0xaf, 0xff, 0xff, 0xff, 0xff, 0xe6, 0x0, 0x0,
    0x0, 0x2, 0x7b, 0xef, 0xfd, 0xa6, 0x10, 0x0,

    /* U+010D "č" */
    0x0, 0x5, 0x88, 0x20, 0x0, 0x68, 0x82, 0x0,
    0x0, 0x1d, 0xff, 0x40, 0xaf, 0xf8, 0x0, 0x0,
    0x0, 0x1e, 0xff, 0xdf, 0xf8, 0x0, 0x0, 0x0,
    0x0, 0x2e, 0xff, 0xf8, 0x0, 0x0, 0x0, 0x0,
    0x0, 0x0, 0x0, 0x0, 0x0, 0x0, 0x0, 0x0,
    0x0, 0x0, 0x0, 0x0, 0x0, 0x0, 0x0, 0x16,
    0xbe, 0xfe, 0xc7, 0x10, 0x0, 0x0, 0x5e, 0xff,
    0xff, 0xff, 0xff, 0x40, 0x0, 0x6f, 0xff, 0xff,
    0xff, 0xff, 0xff, 0x30, 0x3f, 0xff, 0xfe, 0x75,
    0x6d, 0xff, 0xf9, 0xa, 0xff, 0xfc, 0x0, 0x0,
    0xb, 0xb3, 0x0, 0xff, 0xff, 0x30, 0x0, 0x0,
    0x0, 0x0, 0x1f, 0xff, 0xf0, 0x0, 0x0, 0x0,
    0x0, 0x1, 0xff, 0xff, 0x0, 0x0, 0x0, 0x0,
    0x0, 0xf, 0xff, 0xf3, 0x0, 0x0, 0x0, 0x0,
    0x0, 0xaf, 0xff, 0xc0, 0x0, 0x0, 0xbb, 0x30,
    0x3, 0xff, 0xff, 0xe7, 0x56, 0xdf, 0xff, 0x80,
    0x7, 0xff, 0xff, 0xff, 0xff, 0xff, 0xf3, 0x0,
    0x5, 0xff, 0xff, 0xff, 0xff, 0xe4, 0x0, 0x0,
    0x1, 0x6b, 0xef, 0xec, 0x71, 0x0,

    /* U+010E "Ď" */
    0x0, 0x3e, 0xfd, 0x20, 0xb, 0xff, 0x50, 0x0,
    0x0, 0x0, 0x0, 0x3e, 0xfe, 0x6d, 0xff, 0x60,
    0x0, 0x0, 0x0, 0x0, 0x0, 0x3f, 0xff, 0xff,
    0x60, 0x0, 0x0, 0x0, 0x0, 0x0, 0x0, 0x38,
    0x88, 0x50, 0x0, 0x0, 0x0, 0x0, 0x0, 0x0,
    0x0, 0x0, 0x0, 0x0, 0x0, 0x0, 0x0, 0xd,
    0xff, 0xff, 0xff, 0xff, 0xfd, 0xa5, 0x0, 0x0,
    0x0, 0xdf, 0xff, 0xff, 0xff, 0xff, 0xff, 0xfe,
    0x40, 0x0, 0xd, 0xff, 0xff, 0xff, 0xff, 0xff,
    0xff, 0xff, 0x90, 0x0, 0xdf, 0xff, 0xa6, 0x66,
    0x78, 0xcf, 0xff, 0xff, 0x80, 0xd, 0xff, 0xf6,
    0x0, 0x0, 0x0, 0x3d, 0xff, 0xff, 0x40, 0xdf,
    0xff, 0x60, 0x0, 0x0, 0x0, 0x1e, 0xff, 0xfc,
    0xd, 0xff, 0xf6, 0x0, 0x0, 0x0, 0x0, 0x5f,
    0xff, 0xf2, 0xdf, 0xff, 0x60, 0x0, 0x0, 0x0,
    0x0, 0xff, 0xff, 0x5d, 0xff, 0xf6, 0x0, 0x0,
    0x0, 0x0, 0xd, 0xff, 0xf7, 0xdf, 0xff, 0x60,
    0x0, 0x0, 0x0, 0x0, 0xdf, 0xff, 0x6d, 0xff,
    0xf6, 0x0, 0x0, 0x0, 0x0, 0xf, 0xff, 0xf5,
    0xdf, 0xff, 0x60, 0x0, 0x0, 0x0, 0x5, 0xff,
    0xff, 0x2d, 0xff, 0xf6, 0x0, 0x0, 0x0, 0x1,
    0xef, 0xff, 0xc0, 0xdf, 0xff, 0x60, 0x0, 0x0,
    0x3, 0xdf, 0xff, 0xf4, 0xd, 0xff, 0xfa, 0x66,
    0x66, 0x8c, 0xff, 0xff, 0xf8, 0x0, 0xdf, 0xff,
    0xff, 0xff, 0xff, 0xff, 0xff, 0xf9, 0x0, 0xd,
    0xff, 0xff, 0xff, 0xff, 0xff, 0xff, 0xe5, 0x0,
    0x0, 0xdf, 0xff, 0xff, 0xff, 0xff, 0xda, 0x50,
    0x0, 0x0, 0x0,

    /* U+010F "ď" */
    0x0, 0x0, 0x0, 0x0, 0x0, 0x0, 0x0, 0x0,
    0x0, 0x12, 0x20, 0x0, 0x0, 0x0, 0x0, 0x0,
    0x0, 0x33, 0x33, 0x0, 0xcf, 0xf3, 0x0, 0x0,
    0x0, 0x0, 0x0, 0x0, 0xff, 0xff, 0x20, 0xcf,
    0xf2, 0x0, 0x0, 0x0, 0x0, 0x0, 0x0, 0xff,
    0xff, 0x20, 0xcf, 0xf0, 0x0, 0x0, 0x0, 0x0,
    0x0, 0x0, 0xff, 0xff, 0x20, 0xcf, 0xe0, 0x0,
    0x0, 0x0, 0x0, 0x0, 0x0, 0xff, 0xff, 0x20,
    0xcf, 0xd0, 0x0, 0x0, 0x0, 0x0, 0x0, 0x0,
    0xff, 0xff, 0x20, 0x0, 0x0, 0x0, 0x0, 0x39,
    0xdf, 0xfc, 0x60, 0xff, 0xff, 0x20, 0x0, 0x0,
    0x0, 0x8, 0xff, 0xff, 0xff, 0xfc, 0xff, 0xff,
    0x20, 0x0, 0x0, 0x0, 0x9f, 0xff, 0xff, 0xff,
    0xff, 0xff, 0xff, 0x20, 0x0, 0x0, 0x4, 0xff,
    0xff, 0xe7, 0x57, 0xdf, 0xff, 0xff, 0x20, 0x0,
    0x0, 0xa, 0xff, 0xfc, 0x10, 0x0, 0xb, 0xff,
    0xff, 0x20, 0x0, 0x0, 0xf, 0xff, 0xf4, 0x0,
    0x0, 0x2, 0xff, 0xff, 0x20, 0x0, 0x0, 0xf,
    0xff, 0xf0, 0x0, 0x0, 0x0, 0xef, 0xff, 0x20,
    0x0, 0x0, 0xf, 0xff, 0xf0, 0x0, 0x0, 0x0,
    0xef, 0xff, 0x20, 0x0, 0x0, 0xf, 0xff, 0xf4,
    0x0, 0x0, 0x2, 0xff, 0xff, 0x20, 0x0, 0x0,
    0xa, 0xff, 0xfc, 0x10, 0x0, 0xb, 0xff, 0xff,
    0x20, 0x0, 0x0, 0x4, 0xff, 0xff, 0xe7, 0x57,
    0xdf, 0xff, 0xff, 0x20, 0x0, 0x0, 0x0, 0x9f,
    0xff, 0xff, 0xff, 0xff, 0xff, 0xff, 0x20, 0x0,
    0x0, 0x0, 0x9, 0xff, 0xff, 0xff, 0xfd, 0xdf,
    0xff, 0x20, 0x0, 0x0, 0x0, 0x0, 0x39, 0xdf,
    0xfc, 0x70, 0xcf, 0xff, 0x20, 0x0, 0x0,

    /* U+0110 "Đ" */
    0x0, 0x8f, 0xff, 0xff, 0xff, 0xff, 0xeb, 0x71,
    0x0, 0x0, 0x0, 0x8, 0xff, 0xff, 0xff, 0xff,
    0xff, 0xff, 0xf8, 0x0, 0x0, 0x0, 0x8f, 0xff,
    0xff, 0xff, 0xff, 0xff, 0xff, 0xfd, 0x10, 0x0,
    0x8, 0xff, 0xfd, 0x66, 0x66, 0x8a, 0xff, 0xff,
    0xfd, 0x0, 0x0, 0x8f, 0xff, 0xb0, 0x0, 0x0,
    0x1, 0xaf, 0xff, 0xfa, 0x0, 0x8, 0xff, 0xfb,
    0x0, 0x0, 0x0, 0x0, 0xaf, 0xff, 0xf2, 0x0,
    0x8f, 0xff, 0xb0, 0x0, 0x0, 0x0, 0x0, 0xff,
    0xff, 0x7b, 0xcf, 0xff, 0xff, 0xcc, 0xcc, 0x30,
    0x0, 0xa, 0xff, 0xfa, 0xff, 0xff, 0xff, 0xff,
    0xff, 0xf4, 0x0, 0x0, 0x8f, 0xff, 0xcf, 0xff,
    0xff, 0xff, 0xff, 0xff, 0x40, 0x0, 0x8, 0xff,
    0xfc, 0x0, 0x8f, 0xff, 0xb0, 0x0, 0x0, 0x0,
    0x0, 0xaf, 0xff, 0xa0, 0x8, 0xff, 0xfb, 0x0,
    0x0, 0x0, 0x0, 0xf, 0xff, 0xf7, 0x0, 0x8f,
    0xff, 0xb0, 0x0, 0x0, 0x0, 0xa, 0xff, 0xff,
    0x20, 0x8, 0xff, 0xfb, 0x0, 0x0, 0x0, 0xa,
    0xff, 0xff, 0xa0, 0x0, 0x8f, 0xff, 0xd6, 0x66,
    0x67, 0xaf, 0xff, 0xff, 0xd0, 0x0, 0x8, 0xff,
    0xff, 0xff, 0xff, 0xff, 0xff, 0xff, 0xd1, 0x0,
    0x0, 0x8f, 0xff, 0xff, 0xff, 0xff, 0xff, 0xff,
    0x80, 0x0, 0x0, 0x8, 0xff, 0xff, 0xff, 0xff,
    0xfe, 0xb7, 0x10, 0x0, 0x0,

    /* U+0111 "đ" */
    0x0, 0x0, 0x0, 0x0, 0x0, 0x0, 0xff, 0xff,
    0x20, 0x0, 0x0, 0x0, 0x0, 0xbf, 0xff, 0xff,
    0xff, 0xff, 0xf0, 0x0, 0x0, 0x0, 0xb, 0xff,
    0xff, 0xff, 0xff, 0xff, 0x0, 0x0, 0x0, 0x0,
    0x34, 0x44, 0x4f, 0xff, 0xf6, 0x40, 0x0, 0x0,
    0x0, 0x0, 0x0, 0x0, 0xff, 0xff, 0x20, 0x0,
    0x0, 0x3, 0x9d, 0xff, 0xc6, 0xf, 0xff, 0xf2,
    0x0, 0x0, 0x8, 0xff, 0xff, 0xff, 0xfc, 0xff,
    0xff, 0x20, 0x0, 0x9, 0xff, 0xff, 0xff, 0xff,
    0xff, 0xff, 0xf2, 0x0, 0x4, 0xff, 0xff, 0xe7,
    0x57, 0xdf, 0xff, 0xff, 0x20, 0x0, 0xaf, 0xff,
    0xc1, 0x0, 0x0, 0xbf, 0xff, 0xf2, 0x0, 0xf,
    0xff, 0xf4, 0x0, 0x0, 0x2, 0xff, 0xff, 0x20,
    0x0, 0xff, 0xff, 0x0, 0x0, 0x0, 0xe, 0xff,
    0xf2, 0x0, 0xf, 0xff, 0xf0, 0x0, 0x0, 0x0,
    0xef, 0xff, 0x20, 0x0, 0xff, 0xff, 0x40, 0x0,
    0x0, 0x2f, 0xff, 0xf2, 0x0, 0xa, 0xff, 0xfc,
    0x10, 0x0, 0xb, 0xff, 0xff, 0x20, 0x0, 0x4f,
    0xff, 0xfe, 0x75, 0x7d, 0xff, 0xff, 0xf2, 0x0,
    0x0, 0x9f, 0xff, 0xff, 0xff, 0xff, 0xff, 0xff,
    0x20, 0x0, 0x0, 0x9f, 0xff, 0xff, 0xff, 0xdd,
    0xff, 0xf2, 0x0, 0x0, 0x0, 0x39, 0xdf, 0xfc,
    0x70, 0xcf, 0xff, 0x20, 0x0,

    /* U+0112 "Ē" */
    0x0, 0x34, 0x44, 0x44, 0x44, 0x43, 0x0, 0x0,
    0xc, 0xff, 0xff, 0xff, 0xff, 0xd0, 0x0, 0x0,
    0xcf, 0xff, 0xff, 0xff, 0xfd, 0x0, 0x0, 0x0,
    0x0, 0x0, 0x0, 0x0, 0x0, 0x0, 0x0, 0x0,
    0x0, 0x0, 0x0, 0x0, 0x0, 0xd, 0xff, 0xff,
    0xff, 0xff, 0xff, 0xff, 0xe0, 0xdf, 0xff, 0xff,
    0xff, 0xff, 0xff, 0xfe, 0xd, 0xff, 0xff, 0xff,
    0xff, 0xff, 0xff, 0xe0, 0xdf, 0xff, 0x85, 0x55,
    0x55, 0x55, 0x54, 0xd, 0xff, 0xf5, 0x0, 0x0,
    0x0, 0x0, 0x0, 0xdf, 0xff, 0x50, 0x0, 0x0,
    0x0, 0x0, 0xd, 0xff, 0xf5, 0x0, 0x0, 0x0,
    0x0, 0x0, 0xdf, 0xff, 0xff, 0xff, 0xff, 0xff,
    0xc0, 0xd, 0xff, 0xff, 0xff, 0xff, 0xff, 0xfc,
    0x0, 0xdf, 0xff, 0xff, 0xff, 0xff, 0xff, 0xc0,
    0xd, 0xff, 0xf7, 0x33, 0x33, 0x33, 0x32, 0x0,
    0xdf, 0xff, 0x50, 0x0, 0x0, 0x0, 0x0, 0xd,
    0xff, 0xf5, 0x0, 0x0, 0x0, 0x0, 0x0, 0xdf,
    0xff, 0x50, 0x0, 0x0, 0x0, 0x0, 0xd, 0xff,
    0xf8, 0x55, 0x55, 0x55, 0x55, 0x51, 0xdf, 0xff,
    0xff, 0xff, 0xff, 0xff, 0xff, 0x4d, 0xff, 0xff,
    0xff, 0xff, 0xff, 0xff, 0xf4, 0xdf, 0xff, 0xff,
    0xff, 0xff, 0xff, 0xff, 0x40,

    /* U+0113 "ē" */
    0x0, 0x9, 0xff, 0xff, 0xff, 0xff, 0xf0, 0x0,
    0x0, 0x9, 0xff, 0xff, 0xff, 0xff, 0xf0, 0x0,
    0x0, 0x2, 0x44, 0x44, 0x44, 0x44, 0x40, 0x0,
    0x0, 0x0, 0x0, 0x0, 0x0, 0x0, 0x0, 0x0,
    0x0, 0x0, 0x0, 0x0, 0x0, 0x0, 0x0, 0x0,
    0x0, 0x0, 0x17, 0xce, 0xfd, 0xa5, 0x0, 0x0,
    0x0, 0x6, 0xff, 0xff, 0xff, 0xff, 0xc2, 0x0,
    0x0, 0x7f, 0xff, 0xff, 0xff, 0xff, 0xfe, 0x10,
    0x3, 0xff, 0xff, 0x72, 0x13, 0xbf, 0xff, 0xb0,
    0xb, 0xff, 0xf6, 0x0, 0x0, 0xb, 0xff, 0xf2,
    0xf, 0xff, 0xf5, 0x55, 0x55, 0x59, 0xff, 0xf6,
    0x1f, 0xff, 0xff, 0xff, 0xff, 0xff, 0xff, 0xf8,
    0x1f, 0xff, 0xff, 0xff, 0xff, 0xff, 0xff, 0xf8,
    0xf, 0xff, 0xf2, 0x0, 0x0, 0x0, 0x0, 0x0,
    0xa, 0xff, 0xfb, 0x0, 0x0, 0x0, 0x40, 0x0,
    0x3, 0xff, 0xff, 0xd6, 0x43, 0x7d, 0xf6, 0x0,
    0x0, 0x6f, 0xff, 0xff, 0xff, 0xff, 0xff, 0x40,
    0x0, 0x5, 0xef, 0xff, 0xff, 0xff, 0xfb, 0x0,
    0x0, 0x0, 0x16, 0xbd, 0xff, 0xd9, 0x40, 0x0,

    /* U+0114 "Ĕ" */
    0x0, 0x58, 0x60, 0x0, 0x6, 0x86, 0x0, 0x0,
    0x9, 0xff, 0x10, 0x0, 0xff, 0xa0, 0x0, 0x0,
    0x4f, 0xfb, 0x32, 0xbf, 0xf5, 0x0, 0x0, 0x0,
    0x9f, 0xff, 0xff, 0xfa, 0x0, 0x0, 0x0, 0x0,
    0x5c, 0xff, 0xc6, 0x0, 0x0, 0x0, 0x0, 0x0,
    0x0, 0x0, 0x0, 0x0, 0x0, 0xdf, 0xff, 0xff,
    0xff, 0xff, 0xff, 0xfe, 0xd, 0xff, 0xff, 0xff,
    0xff, 0xff, 0xff, 0xe0, 0xdf, 0xff, 0xff, 0xff,
    0xff, 0xff, 0xfe, 0xd, 0xff, 0xf8, 0x55, 0x55,
    0x55, 0x55, 0x40, 0xdf, 0xff, 0x50, 0x0, 0x0,
    0x0, 0x0, 0xd, 0xff, 0xf5, 0x0, 0x0, 0x0,
    0x0, 0x0, 0xdf, 0xff, 0x50, 0x0, 0x0, 0x0,
    0x0, 0xd, 0xff, 0xff, 0xff, 0xff, 0xff, 0xfc,
    0x0, 0xdf, 0xff, 0xff, 0xff, 0xff, 0xff, 0xc0,
    0xd, 0xff, 0xff, 0xff, 0xff, 0xff, 0xfc, 0x0,
    0xdf, 0xff, 0x73, 0x33, 0x33, 0x33, 0x20, 0xd,
    0xff, 0xf5, 0x0, 0x0, 0x0, 0x0, 0x0, 0xdf,
    0xff, 0x50, 0x0, 0x0, 0x0, 0x0, 0xd, 0xff,
    0xf5, 0x0, 0x0, 0x0, 0x0, 0x0, 0xdf, 0xff,
    0x85, 0x55, 0x55, 0x55, 0x55, 0x1d, 0xff, 0xff,
    0xff, 0xff, 0xff, 0xff, 0xf4, 0xdf, 0xff, 0xff,
    0xff, 0xff, 0xff, 0xff, 0x4d, 0xff, 0xff, 0xff,
    0xff, 0xff, 0xff, 0xf4,

    /* U+0115 "ĕ" */
    0x0, 0x4, 0x87, 0x0, 0x0, 0x58, 0x70, 0x0,
    0x0, 0x5, 0xff, 0x91, 0x4, 0xef, 0xc0, 0x0,
    0x0, 0x0, 0xcf, 0xff, 0xff, 0xff, 0x30, 0x0,
    0x0, 0x0, 0x6, 0xdf, 0xfe, 0xa2, 0x0, 0x0,
    0x0, 0x0, 0x0, 0x0, 0x0, 0x0, 0x0, 0x0,
    0x0, 0x0, 0x0, 0x0, 0x0, 0x0, 0x0, 0x0,
    0x0, 0x0, 0x17, 0xce, 0xfd, 0xa5, 0x0, 0x0,
    0x0, 0x6, 0xff, 0xff, 0xff, 0xff, 0xc2, 0x0,
    0x0, 0x7f, 0xff, 0xff, 0xff, 0xff, 0xfe, 0x10,
    0x3, 0xff, 0xff, 0x72, 0x13, 0xbf, 0xff, 0xb0,
    0xb, 0xff, 0xf6, 0x0, 0x0, 0xb, 0xff, 0xf2,
    0xf, 0xff, 0xf5, 0x55, 0x55, 0x59, 0xff, 0xf6,
    0x1f, 0xff, 0xff, 0xff, 0xff, 0xff, 0xff, 0xf8,
    0x1f, 0xff, 0xff, 0xff, 0xff, 0xff, 0xff, 0xf8,
    0xf, 0xff, 0xf2, 0x0, 0x0, 0x0, 0x0, 0x0,
    0xa, 0xff, 0xfb, 0x0, 0x0, 0x0, 0x40, 0x0,
    0x3, 0xff, 0xff, 0xd6, 0x43, 0x7d, 0xf6, 0x0,
    0x0, 0x6f, 0xff, 0xff, 0xff, 0xff, 0xff, 0x40,
    0x0, 0x5, 0xef, 0xff, 0xff, 0xff, 0xfb, 0x0,
    0x0, 0x0, 0x16, 0xbd, 0xff, 0xd9, 0x40, 0x0,

    /* U+0116 "Ė" */
    0x0, 0x0, 0x5, 0xee, 0x60, 0x0, 0x0, 0x0,
    0x0, 0x0, 0xff, 0xff, 0x10, 0x0, 0x0, 0x0,
    0x0, 0x1f, 0xff, 0xf2, 0x0, 0x0, 0x0, 0x0,
    0x0, 0xaf, 0xfb, 0x0, 0x0, 0x0, 0x0, 0x0,
    0x0, 0x33, 0x0, 0x0, 0x0, 0x0, 0x0, 0x0,
    0x0, 0x0, 0x0, 0x0, 0x0, 0xdf, 0xff, 0xff,
    0xff, 0xff, 0xff, 0xfe, 0xd, 0xff, 0xff, 0xff,
    0xff, 0xff, 0xff, 0xe0, 0xdf, 0xff, 0xff, 0xff,
    0xff, 0xff, 0xfe, 0xd, 0xff, 0xf8, 0x55, 0x55,
    0x55, 0x55, 0x40, 0xdf, 0xff, 0x50, 0x0, 0x0,
    0x0, 0x0, 0xd, 0xff, 0xf5, 0x0, 0x0, 0x0,
    0x0, 0x0, 0xdf, 0xff, 0x50, 0x0, 0x0, 0x0,
    0x0, 0xd, 0xff, 0xff, 0xff, 0xff, 0xff, 0xfc,
    0x0, 0xdf, 0xff, 0xff, 0xff, 0xff, 0xff, 0xc0,
    0xd, 0xff, 0xff, 0xff, 0xff, 0xff, 0xfc, 0x0,
    0xdf, 0xff, 0x73, 0x33, 0x33, 0x33, 0x20, 0xd,
    0xff, 0xf5, 0x0, 0x0, 0x0, 0x0, 0x0, 0xdf,
    0xff, 0x50, 0x0, 0x0, 0x0, 0x0, 0xd, 0xff,
    0xf5, 0x0, 0x0, 0x0, 0x0, 0x0, 0xdf, 0xff,
    0x85, 0x55, 0x55, 0x55, 0x55, 0x1d, 0xff, 0xff,
    0xff, 0xff, 0xff, 0xff, 0xf4, 0xdf, 0xff, 0xff,
    0xff, 0xff, 0xff, 0xff, 0x4d, 0xff, 0xff, 0xff,
    0xff, 0xff, 0xff, 0xf4,

    /* U+0117 "ė" */
    0x0, 0x0, 0x0, 0x2, 0x40, 0x0, 0x0, 0x0,
    0x0, 0x0, 0x0, 0x7f, 0xfd, 0x0, 0x0, 0x0,
    0x0, 0x0, 0x0, 0xef, 0xff, 0x50, 0x0, 0x0,
    0x0, 0x0, 0x0, 0xdf, 0xff, 0x40, 0x0, 0x0,
    0x0, 0x0, 0x0, 0x3d, 0xf8, 0x0, 0x0, 0x0,
    0x0, 0x0, 0x0, 0x0, 0x0, 0x0, 0x0, 0x0,
    0x0, 0x0, 0x0, 0x0, 0x0, 0x0, 0x0, 0x0,
    0x0, 0x0, 0x17, 0xce, 0xfd, 0xa5, 0x0, 0x0,
    0x0, 0x6, 0xff, 0xff, 0xff, 0xff, 0xc2, 0x0,
    0x0, 0x7f, 0xff, 0xff, 0xff, 0xff, 0xfe, 0x10,
    0x3, 0xff, 0xff, 0x72, 0x13, 0xbf, 0xff, 0xb0,
    0xb, 0xff, 0xf6, 0x0, 0x0, 0xb, 0xff, 0xf2,
    0xf, 0xff, 0xf5, 0x55, 0x55, 0x59, 0xff, 0xf6,
    0x1f, 0xff, 0xff, 0xff, 0xff, 0xff, 0xff, 0xf8,
    0x1f, 0xff, 0xff, 0xff, 0xff, 0xff, 0xff, 0xf8,
    0xf, 0xff, 0xf2, 0x0, 0x0, 0x0, 0x0, 0x0,
    0xa, 0xff, 0xfb, 0x0, 0x0, 0x0, 0x40, 0x0,
    0x3, 0xff, 0xff, 0xd6, 0x43, 0x7d, 0xf6, 0x0,
    0x0, 0x6f, 0xff, 0xff, 0xff, 0xff, 0xff, 0x40,
    0x0, 0x5, 0xef, 0xff, 0xff, 0xff, 0xfb, 0x0,
    0x0, 0x0, 0x16, 0xbd, 0xff, 0xd9, 0x40, 0x0,

    /* U+0118 "Ę" */
    0xdf, 0xff, 0xff, 0xff, 0xff, 0xff, 0xfe, 0xd,
    0xff, 0xff, 0xff, 0xff, 0xff, 0xff, 0xe0, 0xdf,
    0xff, 0xff, 0xff, 0xff, 0xff, 0xfe, 0xd, 0xff,
    0xf8, 0x55, 0x55, 0x55, 0x55, 0x40, 0xdf, 0xff,
    0x50, 0x0, 0x0, 0x0, 0x0, 0xd, 0xff, 0xf5,
    0x0, 0x0, 0x0, 0x0, 0x0, 0xdf, 0xff, 0x50,
    0x0, 0x0, 0x0, 0x0, 0xd, 0xff, 0xff, 0xff,
    0xff, 0xff, 0xfc, 0x0, 0xdf, 0xff, 0xff, 0xff,
    0xff, 0xff, 0xc0, 0xd, 0xff, 0xff, 0xff, 0xff,
    0xff, 0xfc, 0x0, 0xdf, 0xff, 0x73, 0x33, 0x33,
    0x33, 0x20, 0xd, 0xff, 0xf5, 0x0, 0x0, 0x0,
    0x0, 0x0, 0xdf, 0xff, 0x50, 0x0, 0x0, 0x0,
    0x0, 0xd, 0xff, 0xf5, 0x0, 0x0, 0x0, 0x0,
    0x0, 0xdf, 0xff, 0x85, 0x55, 0x55, 0x55, 0x55,
    0x1d, 0xff, 0xff, 0xff, 0xff, 0xff, 0xff, 0xf4,
    0xdf, 0xff, 0xff, 0xff, 0xff, 0xff, 0xff, 0x4d,
    0xff, 0xff, 0xff, 0xff, 0xff, 0xff, 0xf4, 0x0,
    0x0, 0x0, 0x0, 0x2, 0xef, 0xe6, 0x0, 0x0,
    0x0, 0x0, 0x0, 0xdf, 0xc1, 0x0, 0x0, 0x0,
    0x0, 0x0, 0x3f, 0xf5, 0x0, 0x0, 0x0, 0x0,
    0x0, 0x4, 0xff, 0x91, 0x22, 0x0, 0x0, 0x0,
    0x0, 0xd, 0xff, 0xff, 0x90, 0x0, 0x0, 0x0,
    0x0, 0x2a, 0xef, 0xd7,

    /* U+0119 "ę" */
    0x0, 0x0, 0x17, 0xce, 0xfd, 0xa5, 0x0, 0x0,
    0x0, 0x6, 0xff, 0xff, 0xff, 0xff, 0xc2, 0x0,
    0x0, 0x7f, 0xff, 0xff, 0xff, 0xff, 0xfe, 0x10,
    0x3, 0xff, 0xff, 0x72, 0x13, 0xbf, 0xff, 0xb0,
    0xb, 0xff, 0xf6, 0x0, 0x0, 0xb, 0xff, 0xf2,
    0xf, 0xff, 0xf5, 0x55, 0x55, 0x59, 0xff, 0xf6,
    0x1f, 0xff, 0xff, 0xff, 0xff, 0xff, 0xff, 0xf8,
    0x1f, 0xff, 0xff, 0xff, 0xff, 0xff, 0xff, 0xf8,
    0xf, 0xff, 0xf2, 0x0, 0x0, 0x0, 0x0, 0x0,
    0xa, 0xff, 0xfb, 0x0, 0x0, 0x0, 0x40, 0x0,
    0x3, 0xff, 0xff, 0xd6, 0x43, 0x7d, 0xf6, 0x0,
    0x0, 0x6f, 0xff, 0xff, 0xff, 0xff, 0xff, 0x40,
    0x0, 0x5, 0xef, 0xff, 0xff, 0xff, 0xfb, 0x0,
    0x0, 0x0, 0x16, 0xbd, 0xff, 0xff, 0x90, 0x0,
    0x0, 0x0, 0x0, 0x0, 0x1e, 0xf9, 0x0, 0x0,
    0x0, 0x0, 0x0, 0x0, 0x9f, 0xe0, 0x0, 0x0,
    0x0, 0x0, 0x0, 0x0, 0xdf, 0xb0, 0x0, 0x0,
    0x0, 0x0, 0x0, 0x0, 0xcf, 0xe3, 0x13, 0x0,
    0x0, 0x0, 0x0, 0x0, 0x6f, 0xff, 0xff, 0x0,
    0x0, 0x0, 0x0, 0x0, 0x6, 0xdf, 0xeb, 0x10,

    /* U+011A "Ě" */
    0x0, 0xbf, 0xf6, 0x0, 0x5f, 0xfb, 0x0, 0x0,
    0x0, 0xbf, 0xf9, 0x8f, 0xfb, 0x0, 0x0, 0x0,
    0x0, 0xbf, 0xff, 0xfc, 0x0, 0x0, 0x0, 0x0,
    0x0, 0x78, 0x87, 0x0, 0x0, 0x0, 0x0, 0x0,
    0x0, 0x0, 0x0, 0x0, 0x0, 0xd, 0xff, 0xff,
    0xff, 0xff, 0xff, 0xff, 0xe0, 0xdf, 0xff, 0xff,
    0xff, 0xff, 0xff, 0xfe, 0xd, 0xff, 0xff, 0xff,
    0xff, 0xff, 0xff, 0xe0, 0xdf, 0xff, 0x85, 0x55,
    0x55, 0x55, 0x54, 0xd, 0xff, 0xf5, 0x0, 0x0,
    0x0, 0x0, 0x0, 0xdf, 0xff, 0x50, 0x0, 0x0,
    0x0, 0x0, 0xd, 0xff, 0xf5, 0x0, 0x0, 0x0,
    0x0, 0x0, 0xdf, 0xff, 0xff, 0xff, 0xff, 0xff,
    0xc0, 0xd, 0xff, 0xff, 0xff, 0xff, 0xff, 0xfc,
    0x0, 0xdf, 0xff, 0xff, 0xff, 0xff, 0xff, 0xc0,
    0xd, 0xff, 0xf7, 0x33, 0x33, 0x33, 0x32, 0x0,
    0xdf, 0xff, 0x50, 0x0, 0x0, 0x0, 0x0, 0xd,
    0xff, 0xf5, 0x0, 0x0, 0x0, 0x0, 0x0, 0xdf,
    0xff, 0x50, 0x0, 0x0, 0x0, 0x0, 0xd, 0xff,
    0xf8, 0x55, 0x55, 0x55, 0x55, 0x51, 0xdf, 0xff,
    0xff, 0xff, 0xff, 0xff, 0xff, 0x4d, 0xff, 0xff,
    0xff, 0xff, 0xff, 0xff, 0xf4, 0xdf, 0xff, 0xff,
    0xff, 0xff, 0xff, 0xff, 0x40,

    /* U+011B "ě" */
    0x0, 0x6, 0x87, 0x20, 0x0, 0x68, 0x71, 0x0,
    0x0, 0x2, 0xef, 0xe4, 0xb, 0xff, 0x70, 0x0,
    0x0, 0x0, 0x2e, 0xff, 0xef, 0xf7, 0x0, 0x0,
    0x0, 0x0, 0x2, 0xef, 0xff, 0x80, 0x0, 0x0,
    0x0, 0x0, 0x0, 0x0, 0x0, 0x0, 0x0, 0x0,
    0x0, 0x0, 0x0, 0x0, 0x0, 0x0, 0x0, 0x0,
    0x0, 0x0, 0x17, 0xce, 0xfd, 0xa5, 0x0, 0x0,
    0x0, 0x6, 0xff, 0xff, 0xff, 0xff, 0xc2, 0x0,
    0x0, 0x7f, 0xff, 0xff, 0xff, 0xff, 0xfe, 0x10,
    0x3, 0xff, 0xff, 0x72, 0x13, 0xbf, 0xff, 0xb0,
    0xb, 0xff, 0xf6, 0x0, 0x0, 0xb, 0xff, 0xf2,
    0xf, 0xff, 0xf5, 0x55, 0x55, 0x59, 0xff, 0xf6,
    0x1f, 0xff, 0xff, 0xff, 0xff, 0xff, 0xff, 0xf8,
    0x1f, 0xff, 0xff, 0xff, 0xff, 0xff, 0xff, 0xf8,
    0xf, 0xff, 0xf2, 0x0, 0x0, 0x0, 0x0, 0x0,
    0xa, 0xff, 0xfb, 0x0, 0x0, 0x0, 0x40, 0x0,
    0x3, 0xff, 0xff, 0xd6, 0x43, 0x7d, 0xf6, 0x0,
    0x0, 0x6f, 0xff, 0xff, 0xff, 0xff, 0xff, 0x40,
    0x0, 0x5, 0xef, 0xff, 0xff, 0xff, 0xfb, 0x0,
    0x0, 0x0, 0x16, 0xbd, 0xff, 0xd9, 0x40, 0x0,

    /* U+011C "Ĝ" */
    0x0, 0x0, 0x0, 0x1, 0x78, 0x86, 0x0, 0x0,
    0x0, 0x0, 0x0, 0x0, 0xc, 0xff, 0xff, 0x70,
    0x0, 0x0, 0x0, 0x0, 0x0, 0xaf, 0xfb, 0xef,
    0xf5, 0x0, 0x0, 0x0, 0x0, 0x8, 0xff, 0xa0,
    0x2d, 0xff, 0x30, 0x0, 0x0, 0x0, 0x17, 0x86,
    0x0, 0x1, 0x78, 0x60, 0x0, 0x0, 0x0, 0x0,
    0x0, 0x0, 0x0, 0x0, 0x0, 0x0, 0x0, 0x0,
    0x1, 0x7b, 0xef, 0xfd, 0xb7, 0x20, 0x0, 0x0,
    0x0, 0x9f, 0xff, 0xff, 0xff, 0xff, 0xf9, 0x10,
    0x0, 0x2d, 0xff, 0xff, 0xff, 0xff, 0xff, 0xff,
    0xd1, 0x1, 0xef, 0xff, 0xff, 0xca, 0x9a, 0xef,
    0xff, 0xe3, 0xb, 0xff, 0xff, 0xa1, 0x0, 0x0,
    0x6, 0xfe, 0x20, 0x4f, 0xff, 0xf8, 0x0, 0x0,
    0x0, 0x0, 0x21, 0x0, 0x9f, 0xff, 0xd0, 0x0,
    0x0, 0x0, 0x0, 0x0, 0x0, 0xdf, 0xff, 0x70,
    0x0, 0x0, 0x0, 0x0, 0x0, 0x0, 0xff, 0xff,
    0x50, 0x0, 0x0, 0x0, 0x2, 0x44, 0x41, 0xff,
    0xff, 0x50, 0x0, 0x0, 0x0, 0x8, 0xff, 0xf4,
    0xdf, 0xff, 0x80, 0x0, 0x0, 0x0, 0x8, 0xff,
    0xf4, 0x9f, 0xff, 0xd0, 0x0, 0x0, 0x0, 0x8,
    0xff, 0xf4, 0x4f, 0xff, 0xf9, 0x0, 0x0, 0x0,
    0x8, 0xff, 0xf4, 0xb, 0xff, 0xff, 0xa1, 0x0,
    0x0, 0x9, 0xff, 0xf4, 0x2, 0xef, 0xff, 0xff,
    0xc9, 0x9a, 0xef, 0xff, 0xf4, 0x0, 0x2e, 0xff,
    0xff, 0xff, 0xff, 0xff, 0xff, 0xf3, 0x0, 0x1,
    0x9f, 0xff, 0xff, 0xff, 0xff, 0xfc, 0x30, 0x0,
    0x0, 0x1, 0x7b, 0xef, 0xfe, 0xb7, 0x20, 0x0,

    /* U+011D "ĝ" */
    0x0, 0x0, 0x0, 0x17, 0x88, 0x60, 0x0, 0x0,
    0x0, 0x0, 0x0, 0xc, 0xff, 0xff, 0x80, 0x0,
    0x0, 0x0, 0x0, 0xa, 0xff, 0xbe, 0xff, 0x50,
    0x0, 0x0, 0x0, 0x8, 0xff, 0xa0, 0x1d, 0xff,
    0x40, 0x0, 0x0, 0x1, 0x78, 0x60, 0x0, 0x17,
    0x86, 0x0, 0x0, 0x0, 0x0, 0x0, 0x0, 0x0,
    0x0, 0x0, 0x0, 0x0, 0x0, 0x39, 0xdf, 0xfc,
    0x70, 0x8f, 0xff, 0x40, 0x0, 0x9f, 0xff, 0xff,
    0xff, 0xda, 0xff, 0xf4, 0x0, 0xaf, 0xff, 0xff,
    0xff, 0xff, 0xff, 0xff, 0x40, 0x5f, 0xff, 0xfd,
    0x75, 0x6c, 0xff, 0xff, 0xf4, 0xc, 0xff, 0xfb,
    0x0, 0x0, 0x8, 0xff, 0xff, 0x40, 0xff, 0xff,
    0x20, 0x0, 0x0, 0xe, 0xff, 0xf4, 0x2f, 0xff,
    0xf0, 0x0, 0x0, 0x0, 0xbf, 0xff, 0x41, 0xff,
    0xff, 0x0, 0x0, 0x0, 0xd, 0xff, 0xf4, 0xe,
    0xff, 0xf8, 0x0, 0x0, 0x4, 0xff, 0xff, 0x40,
    0x8f, 0xff, 0xf9, 0x20, 0x27, 0xff, 0xff, 0xf4,
    0x1, 0xdf, 0xff, 0xff, 0xff, 0xff, 0xff, 0xff,
    0x40, 0x2, 0xdf, 0xff, 0xff, 0xff, 0xfe, 0xff,
    0xf4, 0x0, 0x0, 0x8e, 0xff, 0xff, 0xc3, 0xcf,
    0xff, 0x30, 0x0, 0x0, 0x2, 0x33, 0x10, 0xf,
    0xff, 0xf1, 0x0, 0x7, 0x0, 0x0, 0x0, 0x7,
    0xff, 0xfd, 0x0, 0x7, 0xfe, 0x95, 0x33, 0x5a,
    0xff, 0xff, 0x70, 0x1, 0xff, 0xff, 0xff, 0xff,
    0xff, 0xff, 0xc0, 0x0, 0x1a, 0xff, 0xff, 0xff,
    0xff, 0xff, 0xb1, 0x0, 0x0, 0x2, 0x7b, 0xdf,
    0xfe, 0xd9, 0x30, 0x0, 0x0,

    /* U+011E "Ğ" */
    0x0, 0x0, 0x7, 0x85, 0x0, 0x0, 0x78, 0x40,
    0x0, 0x0, 0x0, 0xb, 0xff, 0x50, 0x18, 0xff,
    0x60, 0x0, 0x0, 0x0, 0x3, 0xff, 0xff, 0xff,
    0xfc, 0x0, 0x0, 0x0, 0x0, 0x0, 0x29, 0xef,
    0xfd, 0x70, 0x0, 0x0, 0x0, 0x0, 0x0, 0x0,
    0x0, 0x0, 0x0, 0x0, 0x0, 0x0, 0x0, 0x0,
    0x0, 0x0, 0x0, 0x0, 0x0, 0x0, 0x0, 0x0,
    0x1, 0x7b, 0xef, 0xfd, 0xb7, 0x20, 0x0, 0x0,
    0x0, 0x9f, 0xff, 0xff, 0xff, 0xff, 0xf9, 0x10,
    0x0, 0x2d, 0xff, 0xff, 0xff, 0xff, 0xff, 0xff,
    0xd1, 0x1, 0xef, 0xff, 0xff, 0xca, 0x9a, 0xef,
    0xff, 0xe3, 0xb, 0xff, 0xff, 0xa1, 0x0, 0x0,
    0x6, 0xfe, 0x20, 0x4f, 0xff, 0xf8, 0x0, 0x0,
    0x0, 0x0, 0x21, 0x0, 0x9f, 0xff, 0xd0, 0x0,
    0x0, 0x0, 0x0, 0x0, 0x0, 0xdf, 0xff, 0x70,
    0x0, 0x0, 0x0, 0x0, 0x0, 0x0, 0xff, 0xff,
    0x50, 0x0, 0x0, 0x0, 0x2, 0x44, 0x41, 0xff,
    0xff, 0x50, 0x0, 0x0, 0x0, 0x8, 0xff, 0xf4,
    0xdf, 0xff, 0x80, 0x0, 0x0, 0x0, 0x8, 0xff,
    0xf4, 0x9f, 0xff, 0xd0, 0x0, 0x0, 0x0, 0x8,
    0xff, 0xf4, 0x4f, 0xff, 0xf9, 0x0, 0x0, 0x0,
    0x8, 0xff, 0xf4, 0xb, 0xff, 0xff, 0xa1, 0x0,
    0x0, 0x9, 0xff, 0xf4, 0x2, 0xef, 0xff, 0xff,
    0xc9, 0x9a, 0xef, 0xff, 0xf4, 0x0, 0x2e, 0xff,
    0xff, 0xff, 0xff, 0xff, 0xff, 0xf3, 0x0, 0x1,
    0x9f, 0xff, 0xff, 0xff, 0xff, 0xfc, 0x30, 0x0,
    0x0, 0x1, 0x7b, 0xef, 0xfe, 0xb7, 0x20, 0x0,

    /* U+011F "ğ" */
    0x0, 0x0, 0x78, 0x50, 0x0, 0x7, 0x84, 0x0,
    0x0, 0x0, 0xb, 0xff, 0x50, 0x18, 0xff, 0x70,
    0x0, 0x0, 0x0, 0x2f, 0xff, 0xff, 0xff, 0xc0,
    0x0, 0x0, 0x0, 0x0, 0x19, 0xef, 0xfd, 0x70,
    0x0, 0x0, 0x0, 0x0, 0x0, 0x0, 0x0, 0x0,
    0x0, 0x0, 0x0, 0x0, 0x0, 0x0, 0x0, 0x0,
    0x0, 0x0, 0x0, 0x0, 0x0, 0x39, 0xdf, 0xfc,
    0x70, 0x8f, 0xff, 0x40, 0x0, 0x9f, 0xff, 0xff,
    0xff, 0xda, 0xff, 0xf4, 0x0, 0xaf, 0xff, 0xff,
    0xff, 0xff, 0xff, 0xff, 0x40, 0x5f, 0xff, 0xfd,
    0x75, 0x6c, 0xff, 0xff, 0xf4, 0xc, 0xff, 0xfb,
    0x0, 0x0, 0x8, 0xff, 0xff, 0x40, 0xff, 0xff,
    0x20, 0x0, 0x0, 0xe, 0xff, 0xf4, 0x2f, 0xff,
    0xf0, 0x0, 0x0, 0x0, 0xbf, 0xff, 0x41, 0xff,
    0xff, 0x0, 0x0, 0x0, 0xd, 0xff, 0xf4, 0xe,
    0xff, 0xf8, 0x0, 0x0, 0x4, 0xff, 0xff, 0x40,
    0x8f, 0xff, 0xf9, 0x20, 0x27, 0xff, 0xff, 0xf4,
    0x1, 0xdf, 0xff, 0xff, 0xff, 0xff, 0xff, 0xff,
    0x40, 0x2, 0xdf, 0xff, 0xff, 0xff, 0xfe, 0xff,
    0xf4, 0x0, 0x0, 0x8e, 0xff, 0xff, 0xc3, 0xcf,
    0xff, 0x30, 0x0, 0x0, 0x2, 0x33, 0x10, 0xf,
    0xff, 0xf1, 0x0, 0x7, 0x0, 0x0, 0x0, 0x7,
    0xff, 0xfd, 0x0, 0x7, 0xfe, 0x95, 0x33, 0x5a,
    0xff, 0xff, 0x70, 0x1, 0xff, 0xff, 0xff, 0xff,
    0xff, 0xff, 0xc0, 0x0, 0x1a, 0xff, 0xff, 0xff,
    0xff, 0xff, 0xb1, 0x0, 0x0, 0x2, 0x7b, 0xdf,
    0xfe, 0xd9, 0x30, 0x0, 0x0,

    /* U+0120 "Ġ" */
    0x0, 0x0, 0x0, 0x0, 0x4, 0x30, 0x0, 0x0,
    0x0, 0x0, 0x0, 0x0, 0x0, 0xcf, 0xf8, 0x0,
    0x0, 0x0, 0x0, 0x0, 0x0, 0x4, 0xff, 0xff,
    0x0, 0x0, 0x0, 0x0, 0x0, 0x0, 0x3, 0xff,
    0xfe, 0x0, 0x0, 0x0, 0x0, 0x0, 0x0, 0x0,
    0x8e, 0xd4, 0x0, 0x0, 0x0, 0x0, 0x0, 0x0,
    0x0, 0x0, 0x0, 0x0, 0x0, 0x0, 0x0, 0x0,
    0x0, 0x0, 0x0, 0x0, 0x0, 0x0, 0x0, 0x0,
    0x0, 0x1, 0x7b, 0xef, 0xfd, 0xb7, 0x20, 0x0,
    0x0, 0x0, 0x9f, 0xff, 0xff, 0xff, 0xff, 0xf9,
    0x10, 0x0, 0x2d, 0xff, 0xff, 0xff, 0xff, 0xff,
    0xff, 0xd1, 0x1, 0xef, 0xff, 0xff, 0xca, 0x9a,
    0xef, 0xff, 0xe3, 0xb, 0xff, 0xff, 0xa1, 0x0,
    0x0, 0x6, 0xfe, 0x20, 0x4f, 0xff, 0xf8, 0x0,
    0x0, 0x0, 0x0, 0x21, 0x0, 0x9f, 0xff, 0xd0,
    0x0, 0x0, 0x0, 0x0, 0x0, 0x0, 0xdf, 0xff,
    0x70, 0x0, 0x0, 0x0, 0x0, 0x0, 0x0, 0xff,
    0xff, 0x50, 0x0, 0x0, 0x0, 0x2, 0x44, 0x41,
    0xff, 0xff, 0x50, 0x0, 0x0, 0x0, 0x8, 0xff,
    0xf4, 0xdf, 0xff, 0x80, 0x0, 0x0, 0x0, 0x8,
    0xff, 0xf4, 0x9f, 0xff, 0xd0, 0x0, 0x0, 0x0,
    0x8, 0xff, 0xf4, 0x4f, 0xff, 0xf9, 0x0, 0x0,
    0x0, 0x8, 0xff, 0xf4, 0xb, 0xff, 0xff, 0xa1,
    0x0, 0x0, 0x9, 0xff, 0xf4, 0x2, 0xef, 0xff,
    0xff, 0xc9, 0x9a, 0xef, 0xff, 0xf4, 0x0, 0x2e,
    0xff, 0xff, 0xff, 0xff, 0xff, 0xff, 0xf3, 0x0,
    0x1, 0x9f, 0xff, 0xff, 0xff, 0xff, 0xfc, 0x30,
    0x0, 0x0, 0x1, 0x7b, 0xef, 0xfe, 0xb7, 0x20,
    0x0,

    /* U+0121 "ġ" */
    0x0, 0x0, 0x0, 0x0, 0x43, 0x0, 0x0, 0x0,
    0x0, 0x0, 0x0, 0x0, 0xcf, 0xf8, 0x0, 0x0,
    0x0, 0x0, 0x0, 0x0, 0x3f, 0xff, 0xf0, 0x0,
    0x0, 0x0, 0x0, 0x0, 0x2, 0xff, 0xfe, 0x0,
    0x0, 0x0, 0x0, 0x0, 0x0, 0x7, 0xed, 0x40,
    0x0, 0x0, 0x0, 0x0, 0x0, 0x0, 0x0, 0x0,
    0x0, 0x0, 0x0, 0x0, 0x0, 0x0, 0x0, 0x0,
    0x0, 0x0, 0x0, 0x0, 0x0, 0x3, 0x9d, 0xff,
    0xc7, 0x8, 0xff, 0xf4, 0x0, 0x9, 0xff, 0xff,
    0xff, 0xfd, 0xaf, 0xff, 0x40, 0xa, 0xff, 0xff,
    0xff, 0xff, 0xff, 0xff, 0xf4, 0x5, 0xff, 0xff,
    0xd7, 0x56, 0xcf, 0xff, 0xff, 0x40, 0xcf, 0xff,
    0xb0, 0x0, 0x0, 0x8f, 0xff, 0xf4, 0xf, 0xff,
    0xf2, 0x0, 0x0, 0x0, 0xef, 0xff, 0x42, 0xff,
    0xff, 0x0, 0x0, 0x0, 0xb, 0xff, 0xf4, 0x1f,
    0xff, 0xf0, 0x0, 0x0, 0x0, 0xdf, 0xff, 0x40,
    0xef, 0xff, 0x80, 0x0, 0x0, 0x4f, 0xff, 0xf4,
    0x8, 0xff, 0xff, 0x92, 0x2, 0x7f, 0xff, 0xff,
    0x40, 0x1d, 0xff, 0xff, 0xff, 0xff, 0xff, 0xff,
    0xf4, 0x0, 0x2d, 0xff, 0xff, 0xff, 0xff, 0xef,
    0xff, 0x40, 0x0, 0x8, 0xef, 0xff, 0xfc, 0x3c,
    0xff, 0xf3, 0x0, 0x0, 0x0, 0x23, 0x31, 0x0,
    0xff, 0xff, 0x10, 0x0, 0x70, 0x0, 0x0, 0x0,
    0x7f, 0xff, 0xd0, 0x0, 0x7f, 0xe9, 0x53, 0x35,
    0xaf, 0xff, 0xf7, 0x0, 0x1f, 0xff, 0xff, 0xff,
    0xff, 0xff, 0xfc, 0x0, 0x1, 0xaf, 0xff, 0xff,
    0xff, 0xff, 0xfb, 0x10, 0x0, 0x0, 0x27, 0xbd,
    0xff, 0xed, 0x93, 0x0, 0x0,

    /* U+0122 "Ģ" */
    0x0, 0x0, 0x1, 0x7b, 0xef, 0xfd, 0xb7, 0x20,
    0x0, 0x0, 0x0, 0x9f, 0xff, 0xff, 0xff, 0xff,
    0xf9, 0x10, 0x0, 0x2d, 0xff, 0xff, 0xff, 0xff,
    0xff, 0xff, 0xd1, 0x1, 0xef, 0xff, 0xff, 0xca,
    0x9a, 0xef, 0xff, 0xe3, 0xb, 0xff, 0xff, 0xa1,
    0x0, 0x0, 0x6, 0xfe, 0x20, 0x4f, 0xff, 0xf8,
    0x0, 0x0, 0x0, 0x0, 0x21, 0x0, 0x9f, 0xff,
    0xd0, 0x0, 0x0, 0x0, 0x0, 0x0, 0x0, 0xdf,
    0xff, 0x70, 0x0, 0x0, 0x0, 0x0, 0x0, 0x0,
    0xff, 0xff, 0x50, 0x0, 0x0, 0x0, 0x2, 0x44,
    0x41, 0xff, 0xff, 0x50, 0x0, 0x0, 0x0, 0x8,
    0xff, 0xf4, 0xdf, 0xff, 0x80, 0x0, 0x0, 0x0,
    0x8, 0xff, 0xf4, 0x9f, 0xff, 0xd0, 0x0, 0x0,
    0x0, 0x8, 0xff, 0xf4, 0x4f, 0xff, 0xf9, 0x0,
    0x0, 0x0, 0x8, 0xff, 0xf4, 0xb, 0xff, 0xff,
    0xa1, 0x0, 0x0, 0x9, 0xff, 0xf4, 0x2, 0xef,
    0xff, 0xff, 0xc9, 0x9a, 0xef, 0xff, 0xf4, 0x0,
    0x2e, 0xff, 0xff, 0xff, 0xff, 0xff, 0xff, 0xf3,
    0x0, 0x1, 0x9f, 0xff, 0xff, 0xff, 0xff, 0xfc,
    0x30, 0x0, 0x0, 0x1, 0x7b, 0xef, 0xfe, 0xb7,
    0x20, 0x0, 0x0, 0x0, 0x0, 0x0, 0x0, 0x0,
    0x0, 0x0, 0x0, 0x0, 0x0, 0x0, 0x0, 0x9e,
    0xb0, 0x0, 0x0, 0x0, 0x0, 0x0, 0x0, 0x2,
    0xff, 0xf5, 0x0, 0x0, 0x0, 0x0, 0x0, 0x0,
    0x0, 0xcf, 0xf3, 0x0, 0x0, 0x0, 0x0, 0x0,
    0x0, 0x0, 0x6f, 0xc0, 0x0, 0x0, 0x0, 0x0,
    0x0, 0x0, 0x0, 0xbf, 0x40, 0x0, 0x0, 0x0,

    /* U+0123 "ģ" */
    0x0, 0x0, 0x0, 0x0, 0xbf, 0x80, 0x0, 0x0,
    0x0, 0x0, 0x0, 0x0, 0x3f, 0xf3, 0x0, 0x0,
    0x0, 0x0, 0x0, 0x0, 0xb, 0xff, 0x10, 0x0,
    0x0, 0x0, 0x0, 0x0, 0x1, 0xff, 0xfc, 0x0,
    0x0, 0x0, 0x0, 0x0, 0x0, 0x1f, 0xff, 0xc0,
    0x0, 0x0, 0x0, 0x0, 0x0, 0x0, 0x27, 0x61,
    0x0, 0x0, 0x0, 0x0, 0x0, 0x0, 0x0, 0x0,
    0x0, 0x0, 0x0, 0x0, 0x0, 0x3, 0x9d, 0xff,
    0xc7, 0x8, 0xff, 0xf4, 0x0, 0x9, 0xff, 0xff,
    0xff, 0xfd, 0xaf, 0xff, 0x40, 0xa, 0xff, 0xff,
    0xff, 0xff, 0xff, 0xff, 0xf4, 0x5, 0xff, 0xff,
    0xd7, 0x56, 0xcf, 0xff, 0xff, 0x40, 0xcf, 0xff,
    0xb0, 0x0, 0x0, 0x8f, 0xff, 0xf4, 0xf, 0xff,
    0xf2, 0x0, 0x0, 0x0, 0xef, 0xff, 0x42, 0xff,
    0xff, 0x0, 0x0, 0x0, 0xb, 0xff, 0xf4, 0x1f,
    0xff, 0xf0, 0x0, 0x0, 0x0, 0xdf, 0xff, 0x40,
    0xef, 0xff, 0x80, 0x0, 0x0, 0x4f, 0xff, 0xf4,
    0x8, 0xff, 0xff, 0x92, 0x2, 0x7f, 0xff, 0xff,
    0x40, 0x1d, 0xff, 0xff, 0xff, 0xff, 0xff, 0xff,
    0xf4, 0x0, 0x2d, 0xff, 0xff, 0xff, 0xff, 0xef,
    0xff, 0x40, 0x0, 0x8, 0xef, 0xff, 0xfc, 0x3c,
    0xff, 0xf3, 0x0, 0x0, 0x0, 0x23, 0x31, 0x0,
    0xff, 0xff, 0x10, 0x0, 0x70, 0x0, 0x0, 0x0,
    0x7f, 0xff, 0xd0, 0x0, 0x7f, 0xe9, 0x53, 0x35,
    0xaf, 0xff, 0xf7, 0x0, 0x1f, 0xff, 0xff, 0xff,
    0xff, 0xff, 0xfc, 0x0, 0x1, 0xaf, 0xff, 0xff,
    0xff, 0xff, 0xfb, 0x10, 0x0, 0x0, 0x27, 0xbd,
    0xff, 0xed, 0x93, 0x0, 0x0,

    /* U+0124 "Ĥ" */
    0x0, 0x0, 0x0, 0xbf, 0xff, 0xb0, 0x0, 0x0,
    0x0, 0x0, 0x0, 0xbf, 0xfd, 0xff, 0xb0, 0x0,
    0x0, 0x0, 0x0, 0xbf, 0xf7, 0x7, 0xff, 0xb0,
    0x0, 0x0, 0x0, 0x38, 0x84, 0x0, 0x4, 0x88,
    0x30, 0x0, 0x0, 0x0, 0x0, 0x0, 0x0, 0x0,
    0x0, 0x0, 0xd, 0xff, 0xf6, 0x0, 0x0, 0x0,
    0x5, 0xff, 0xfd, 0xdf, 0xff, 0x60, 0x0, 0x0,
    0x0, 0x5f, 0xff, 0xdd, 0xff, 0xf6, 0x0, 0x0,
    0x0, 0x5, 0xff, 0xfd, 0xdf, 0xff, 0x60, 0x0,
    0x0, 0x0, 0x5f, 0xff, 0xdd, 0xff, 0xf6, 0x0,
    0x0, 0x0, 0x5, 0xff, 0xfd, 0xdf, 0xff, 0x60,
    0x0, 0x0, 0x0, 0x5f, 0xff, 0xdd, 0xff, 0xf6,
    0x0, 0x0, 0x0, 0x5, 0xff, 0xfd, 0xdf, 0xff,
    0xff, 0xff, 0xff, 0xff, 0xff, 0xff, 0xdd, 0xff,
    0xff, 0xff, 0xff, 0xff, 0xff, 0xff, 0xfd, 0xdf,
    0xff, 0xff, 0xff, 0xff, 0xff, 0xff, 0xff, 0xdd,
    0xff, 0xfb, 0x88, 0x88, 0x88, 0x8a, 0xff, 0xfd,
    0xdf, 0xff, 0x60, 0x0, 0x0, 0x0, 0x5f, 0xff,
    0xdd, 0xff, 0xf6, 0x0, 0x0, 0x0, 0x5, 0xff,
    0xfd, 0xdf, 0xff, 0x60, 0x0, 0x0, 0x0, 0x5f,
    0xff, 0xdd, 0xff, 0xf6, 0x0, 0x0, 0x0, 0x5,
    0xff, 0xfd, 0xdf, 0xff, 0x60, 0x0, 0x0, 0x0,
    0x5f, 0xff, 0xdd, 0xff, 0xf6, 0x0, 0x0, 0x0,
    0x5, 0xff, 0xfd, 0xdf, 0xff, 0x60, 0x0, 0x0,
    0x0, 0x5f, 0xff, 0xd0,

    /* U+0125 "ĥ" */
    0x0, 0x5, 0xff, 0xff, 0x20, 0x0, 0x0, 0x0,
    0x0, 0x0, 0x3, 0xff, 0xff, 0xfe, 0x10, 0x0,
    0x0, 0x0, 0x0, 0x2, 0xef, 0xf4, 0x7f, 0xfc,
    0x0, 0x0, 0x0, 0x0, 0x0, 0xdf, 0xf3, 0x0,
    0x6f, 0xfa, 0x0, 0x0, 0x0, 0x0, 0x0, 0x0,
    0x0, 0x0, 0x0, 0x0, 0x0, 0x0, 0x0, 0x0,
    0x0, 0x2f, 0xff, 0xe0, 0x0, 0x0, 0x0, 0x0,
    0x0, 0x0, 0x2, 0xff, 0xfe, 0x0, 0x0, 0x0,
    0x0, 0x0, 0x0, 0x0, 0x2f, 0xff, 0xe0, 0x0,
    0x0, 0x0, 0x0, 0x0, 0x0, 0x2, 0xff, 0xfe,
    0x0, 0x0, 0x0, 0x0, 0x0, 0x0, 0x0, 0x2f,
    0xff, 0xe0, 0x0, 0x0, 0x0, 0x0, 0x0, 0x0,
    0x2, 0xff, 0xfe, 0x5, 0xbe, 0xfe, 0xa3, 0x0,
    0x0, 0x0, 0x2f, 0xff, 0xfc, 0xff, 0xff, 0xff,
    0xf7, 0x0, 0x0, 0x2, 0xff, 0xff, 0xff, 0xff,
    0xff, 0xff, 0xf4, 0x0, 0x0, 0x2f, 0xff, 0xff,
    0xe9, 0x8b, 0xff, 0xff, 0xb0, 0x0, 0x2, 0xff,
    0xff, 0xc1, 0x0, 0x8, 0xff, 0xff, 0x0, 0x0,
    0x2f, 0xff, 0xf3, 0x0, 0x0, 0x1f, 0xff, 0xf1,
    0x0, 0x2, 0xff, 0xff, 0x0, 0x0, 0x0, 0xef,
    0xff, 0x20, 0x0, 0x2f, 0xff, 0xe0, 0x0, 0x0,
    0xe, 0xff, 0xf2, 0x0, 0x2, 0xff, 0xfe, 0x0,
    0x0, 0x0, 0xef, 0xff, 0x20, 0x0, 0x2f, 0xff,
    0xe0, 0x0, 0x0, 0xe, 0xff, 0xf2, 0x0, 0x2,
    0xff, 0xfe, 0x0, 0x0, 0x0, 0xef, 0xff, 0x20,
    0x0, 0x2f, 0xff, 0xe0, 0x0, 0x0, 0xe, 0xff,
    0xf2, 0x0, 0x2, 0xff, 0xfe, 0x0, 0x0, 0x0,
    0xef, 0xff, 0x20, 0x0, 0x2f, 0xff, 0xe0, 0x0,
    0x0, 0xe, 0xff, 0xf2,

    /* U+0126 "Ħ" */
    0x0, 0x8f, 0xff, 0xb0, 0x0, 0x0, 0x0, 0xf,
    0xff, 0xf3, 0x0, 0x0, 0x8f, 0xff, 0xb0, 0x0,
    0x0, 0x0, 0xf, 0xff, 0xf3, 0x0, 0xac, 0xef,
    0xff, 0xfc, 0xcc, 0xcc, 0xcc, 0xcf, 0xff, 0xfd,
    0xc6, 0xcf, 0xff, 0xff, 0xff, 0xff, 0xff, 0xff,
    0xff, 0xff, 0xff, 0xf8, 0xcf, 0xff, 0xff, 0xff,
    0xff, 0xff, 0xff, 0xff, 0xff, 0xff, 0xf8, 0x0,
    0x8f, 0xff, 0xb0, 0x0, 0x0, 0x0, 0xf, 0xff,
    0xf3, 0x0, 0x0, 0x8f, 0xff, 0xb0, 0x0, 0x0,
    0x0, 0xf, 0xff, 0xf3, 0x0, 0x0, 0x8f, 0xff,
    0xd6, 0x66, 0x66, 0x66, 0x6f, 0xff, 0xf3, 0x0,
    0x0, 0x8f, 0xff, 0xff, 0xff, 0xff, 0xff, 0xff,
    0xff, 0xf3, 0x0, 0x0, 0x8f, 0xff, 0xff, 0xff,
    0xff, 0xff, 0xff, 0xff, 0xf3, 0x0, 0x0, 0x8f,
    0xff, 0xff, 0xff, 0xff, 0xff, 0xff, 0xff, 0xf3,
    0x0, 0x0, 0x8f, 0xff, 0xb0, 0x0, 0x0, 0x0,
    0xf, 0xff, 0xf3, 0x0, 0x0, 0x8f, 0xff, 0xb0,
    0x0, 0x0, 0x0, 0xf, 0xff, 0xf3, 0x0, 0x0,
    0x8f, 0xff, 0xb0, 0x0, 0x0, 0x0, 0xf, 0xff,
    0xf3, 0x0, 0x0, 0x8f, 0xff, 0xb0, 0x0, 0x0,
    0x0, 0xf, 0xff, 0xf3, 0x0, 0x0, 0x8f, 0xff,
    0xb0, 0x0, 0x0, 0x0, 0xf, 0xff, 0xf3, 0x0,
    0x0, 0x8f, 0xff, 0xb0, 0x0, 0x0, 0x0, 0xf,
    0xff, 0xf3, 0x0, 0x0, 0x8f, 0xff, 0xb0, 0x0,
    0x0, 0x0, 0xf, 0xff, 0xf3, 0x0,

    /* U+0127 "ħ" */
    0x0, 0x0, 0x0, 0x0, 0x0, 0x0, 0x0, 0x0,
    0x0, 0xd, 0xff, 0xf3, 0x0, 0x0, 0x0, 0x0,
    0x0, 0xff, 0xff, 0xff, 0xff, 0xff, 0x90, 0x0,
    0x0, 0xf, 0xff, 0xff, 0xff, 0xff, 0xf9, 0x0,
    0x0, 0x0, 0x45, 0xdf, 0xff, 0x75, 0x55, 0x20,
    0x0, 0x0, 0x0, 0xd, 0xff, 0xf3, 0x0, 0x0,
    0x0, 0x0, 0x0, 0x0, 0xdf, 0xff, 0x33, 0xae,
    0xfe, 0xb5, 0x0, 0x0, 0xd, 0xff, 0xfb, 0xff,
    0xff, 0xff, 0xfb, 0x0, 0x0, 0xdf, 0xff, 0xff,
    0xff, 0xff, 0xff, 0xf9, 0x0, 0xd, 0xff, 0xff,
    0xfa, 0x8a, 0xff, 0xff, 0xf1, 0x0, 0xdf, 0xff,
    0xf3, 0x0, 0x3, 0xff, 0xff, 0x50, 0xd, 0xff,
    0xf8, 0x0, 0x0, 0xc, 0xff, 0xf6, 0x0, 0xdf,
    0xff, 0x50, 0x0, 0x0, 0x9f, 0xff, 0x70, 0xd,
    0xff, 0xf3, 0x0, 0x0, 0x9, 0xff, 0xf7, 0x0,
    0xdf, 0xff, 0x30, 0x0, 0x0, 0x9f, 0xff, 0x70,
    0xd, 0xff, 0xf3, 0x0, 0x0, 0x9, 0xff, 0xf7,
    0x0, 0xdf, 0xff, 0x30, 0x0, 0x0, 0x9f, 0xff,
    0x70, 0xd, 0xff, 0xf3, 0x0, 0x0, 0x9, 0xff,
    0xf7, 0x0, 0xdf, 0xff, 0x30, 0x0, 0x0, 0x9f,
    0xff, 0x70, 0xd, 0xff, 0xf3, 0x0, 0x0, 0x9,
    0xff, 0xf7,

    /* U+0128 "Ĩ" */
    0x0, 0x15, 0x20, 0x0, 0x0, 0x4, 0xff, 0xf5,
    0x6, 0xfb, 0xc, 0xff, 0xff, 0x7c, 0xf8, 0x1f,
    0xf3, 0x7f, 0xff, 0xf3, 0x3f, 0xe0, 0x6, 0xee,
    0x70, 0x0, 0x0, 0x0, 0x0, 0x0, 0x0, 0xd,
    0xff, 0xf6, 0x0, 0x0, 0xd, 0xff, 0xf6, 0x0,
    0x0, 0xd, 0xff, 0xf6, 0x0, 0x0, 0xd, 0xff,
    0xf6, 0x0, 0x0, 0xd, 0xff, 0xf6, 0x0, 0x0,
    0xd, 0xff, 0xf6, 0x0, 0x0, 0xd, 0xff, 0xf6,
    0x0, 0x0, 0xd, 0xff, 0xf6, 0x0, 0x0, 0xd,
    0xff, 0xf6, 0x0, 0x0, 0xd, 0xff, 0xf6, 0x0,
    0x0, 0xd, 0xff, 0xf6, 0x0, 0x0, 0xd, 0xff,
    0xf6, 0x0, 0x0, 0xd, 0xff, 0xf6, 0x0, 0x0,
    0xd, 0xff, 0xf6, 0x0, 0x0, 0xd, 0xff, 0xf6,
    0x0, 0x0, 0xd, 0xff, 0xf6, 0x0, 0x0, 0xd,
    0xff, 0xf6, 0x0, 0x0, 0xd, 0xff, 0xf6, 0x0,

    /* U+0129 "ĩ" */
    0x0, 0x13, 0x0, 0x0, 0x10, 0x8, 0xff, 0xe5,
    0x1e, 0xf1, 0x1f, 0xff, 0xff, 0xff, 0xe0, 0x4f,
    0xc1, 0x7f, 0xff, 0x50, 0x14, 0x20, 0x0, 0x31,
    0x0, 0x0, 0x0, 0x0, 0x0, 0x0, 0x0, 0x2f,
    0xff, 0xe0, 0x0, 0x0, 0x2f, 0xff, 0xe0, 0x0,
    0x0, 0x2f, 0xff, 0xe0, 0x0, 0x0, 0x2f, 0xff,
    0xe0, 0x0, 0x0, 0x2f, 0xff, 0xe0, 0x0, 0x0,
    0x2f, 0xff, 0xe0, 0x0, 0x0, 0x2f, 0xff, 0xe0,
    0x0, 0x0, 0x2f, 0xff, 0xe0, 0x0, 0x0, 0x2f,
    0xff, 0xe0, 0x0, 0x0, 0x2f, 0xff, 0xe0, 0x0,
    0x0, 0x2f, 0xff, 0xe0, 0x0, 0x0, 0x2f, 0xff,
    0xe0, 0x0, 0x0, 0x2f, 0xff, 0xe0, 0x0, 0x0,
    0x2f, 0xff, 0xe0, 0x0,

    /* U+012A "Ī" */
    0x24, 0x44, 0x44, 0x44, 0xa, 0xff, 0xff, 0xff,
    0xf2, 0xaf, 0xff, 0xff, 0xff, 0x20, 0x0, 0x0,
    0x0, 0x0, 0x0, 0x0, 0x0, 0x0, 0x0, 0xd,
    0xff, 0xf6, 0x0, 0x0, 0xdf, 0xff, 0x60, 0x0,
    0xd, 0xff, 0xf6, 0x0, 0x0, 0xdf, 0xff, 0x60,
    0x0, 0xd, 0xff, 0xf6, 0x0, 0x0, 0xdf, 0xff,
    0x60, 0x0, 0xd, 0xff, 0xf6, 0x0, 0x0, 0xdf,
    0xff, 0x60, 0x0, 0xd, 0xff, 0xf6, 0x0, 0x0,
    0xdf, 0xff, 0x60, 0x0, 0xd, 0xff, 0xf6, 0x0,
    0x0, 0xdf, 0xff, 0x60, 0x0, 0xd, 0xff, 0xf6,
    0x0, 0x0, 0xdf, 0xff, 0x60, 0x0, 0xd, 0xff,
    0xf6, 0x0, 0x0, 0xdf, 0xff, 0x60, 0x0, 0xd,
    0xff, 0xf6, 0x0, 0x0, 0xdf, 0xff, 0x60, 0x0,

    /* U+012B "ī" */
    0x44, 0x44, 0x44, 0x43, 0xff, 0xff, 0xff, 0xfc,
    0xff, 0xff, 0xff, 0xfc, 0x0, 0x0, 0x0, 0x0,
    0x0, 0x0, 0x0, 0x0, 0x2, 0xff, 0xfe, 0x0,
    0x2, 0xff, 0xfe, 0x0, 0x2, 0xff, 0xfe, 0x0,
    0x2, 0xff, 0xfe, 0x0, 0x2, 0xff, 0xfe, 0x0,
    0x2, 0xff, 0xfe, 0x0, 0x2, 0xff, 0xfe, 0x0,
    0x2, 0xff, 0xfe, 0x0, 0x2, 0xff, 0xfe, 0x0,
    0x2, 0xff, 0xfe, 0x0, 0x2, 0xff, 0xfe, 0x0,
    0x2, 0xff, 0xfe, 0x0, 0x2, 0xff, 0xfe, 0x0,
    0x2, 0xff, 0xfe, 0x0,

    /* U+012C "Ĭ" */
    0x38, 0x80, 0x0, 0x4, 0x87, 0x5, 0xff, 0x40,
    0x0, 0xcf, 0xe0, 0x1f, 0xfe, 0x42, 0x8f, 0xf8,
    0x0, 0x5f, 0xff, 0xff, 0xfd, 0x0, 0x0, 0x3b,
    0xef, 0xd8, 0x0, 0x0, 0x0, 0x0, 0x0, 0x0,
    0x0, 0x0, 0xd, 0xff, 0xf6, 0x0, 0x0, 0x0,
    0xdf, 0xff, 0x60, 0x0, 0x0, 0xd, 0xff, 0xf6,
    0x0, 0x0, 0x0, 0xdf, 0xff, 0x60, 0x0, 0x0,
    0xd, 0xff, 0xf6, 0x0, 0x0, 0x0, 0xdf, 0xff,
    0x60, 0x0, 0x0, 0xd, 0xff, 0xf6, 0x0, 0x0,
    0x0, 0xdf, 0xff, 0x60, 0x0, 0x0, 0xd, 0xff,
    0xf6, 0x0, 0x0, 0x0, 0xdf, 0xff, 0x60, 0x0,
    0x0, 0xd, 0xff, 0xf6, 0x0, 0x0, 0x0, 0xdf,
    0xff, 0x60, 0x0, 0x0, 0xd, 0xff, 0xf6, 0x0,
    0x0, 0x0, 0xdf, 0xff, 0x60, 0x0, 0x0, 0xd,
    0xff, 0xf6, 0x0, 0x0, 0x0, 0xdf, 0xff, 0x60,
    0x0, 0x0, 0xd, 0xff, 0xf6, 0x0, 0x0, 0x0,
    0xdf, 0xff, 0x60, 0x0,

    /* U+012D "ĭ" */
    0x18, 0x81, 0x0, 0x38, 0x70, 0x1f, 0xf5, 0x0,
    0x9f, 0xe0, 0xd, 0xfd, 0x24, 0xff, 0xa0, 0x4,
    0xff, 0xff, 0xfe, 0x20, 0x0, 0x3c, 0xff, 0xa2,
    0x0, 0x0, 0x0, 0x0, 0x0, 0x0, 0x0, 0x2f,
    0xff, 0xe0, 0x0, 0x0, 0x2f, 0xff, 0xe0, 0x0,
    0x0, 0x2f, 0xff, 0xe0, 0x0, 0x0, 0x2f, 0xff,
    0xe0, 0x0, 0x0, 0x2f, 0xff, 0xe0, 0x0, 0x0,
    0x2f, 0xff, 0xe0, 0x0, 0x0, 0x2f, 0xff, 0xe0,
    0x0, 0x0, 0x2f, 0xff, 0xe0, 0x0, 0x0, 0x2f,
    0xff, 0xe0, 0x0, 0x0, 0x2f, 0xff, 0xe0, 0x0,
    0x0, 0x2f, 0xff, 0xe0, 0x0, 0x0, 0x2f, 0xff,
    0xe0, 0x0, 0x0, 0x2f, 0xff, 0xe0, 0x0, 0x0,
    0x2f, 0xff, 0xe0, 0x0,

    /* U+012E "Į" */
    0xdf, 0xff, 0x60, 0xdf, 0xff, 0x60, 0xdf, 0xff,
    0x60, 0xdf, 0xff, 0x60, 0xdf, 0xff, 0x60, 0xdf,
    0xff, 0x60, 0xdf, 0xff, 0x60, 0xdf, 0xff, 0x60,
    0xdf, 0xff, 0x60, 0xdf, 0xff, 0x60, 0xdf, 0xff,
    0x60, 0xdf, 0xff, 0x60, 0xdf, 0xff, 0x60, 0xdf,
    0xff, 0x60, 0xdf, 0xff, 0x60, 0xdf, 0xff, 0x60,
    0xdf, 0xff, 0x60, 0xdf, 0xff, 0x60, 0xc, 0xfc,
    0x10, 0x7f, 0xf1, 0x0, 0xcf, 0xb0, 0x0, 0xcf,
    0xe1, 0x10, 0x7f, 0xff, 0xd0, 0x8, 0xef, 0xc0,

    /* U+012F "į" */
    0x9, 0xee, 0x70, 0x6f, 0xff, 0xf4, 0x8f, 0xff,
    0xf5, 0x3f, 0xff, 0xd1, 0x1, 0x65, 0x0, 0x0,
    0x0, 0x0, 0x2f, 0xff, 0xe0, 0x2f, 0xff, 0xe0,
    0x2f, 0xff, 0xe0, 0x2f, 0xff, 0xe0, 0x2f, 0xff,
    0xe0, 0x2f, 0xff, 0xe0, 0x2f, 0xff, 0xe0, 0x2f,
    0xff, 0xe0, 0x2f, 0xff, 0xe0, 0x2f, 0xff, 0xe0,
    0x2f, 0xff, 0xe0, 0x2f, 0xff, 0xe0, 0x2f, 0xff,
    0xe0, 0x2f, 0xff, 0xf0, 0x4, 0xff, 0x60, 0xe,
    0xf9, 0x0, 0x3f, 0xf4, 0x0, 0x3f, 0xf8, 0x10,
    0xe, 0xff, 0xf6, 0x2, 0xbf, 0xe6,

    /* U+0130 "İ" */
    0x3d, 0xf9, 0xc, 0xff, 0xf4, 0xdf, 0xff, 0x66,
    0xff, 0xd1, 0x2, 0x40, 0x0, 0x0, 0x0, 0xdf,
    0xff, 0x6d, 0xff, 0xf6, 0xdf, 0xff, 0x6d, 0xff,
    0xf6, 0xdf, 0xff, 0x6d, 0xff, 0xf6, 0xdf, 0xff,
    0x6d, 0xff, 0xf6, 0xdf, 0xff, 0x6d, 0xff, 0xf6,
    0xdf, 0xff, 0x6d, 0xff, 0xf6, 0xdf, 0xff, 0x6d,
    0xff, 0xf6, 0xdf, 0xff, 0x6d, 0xff, 0xf6, 0xdf,
    0xff, 0x6d, 0xff, 0xf6,

    /* U+0131 "ı" */
    0x2f, 0xff, 0xe2, 0xff, 0xfe, 0x2f, 0xff, 0xe2,
    0xff, 0xfe, 0x2f, 0xff, 0xe2, 0xff, 0xfe, 0x2f,
    0xff, 0xe2, 0xff, 0xfe, 0x2f, 0xff, 0xe2, 0xff,
    0xfe, 0x2f, 0xff, 0xe2, 0xff, 0xfe, 0x2f, 0xff,
    0xe2, 0xff, 0xfe,

    /* U+0132 "Ĳ" */
    0xf, 0xff, 0xf3, 0x0, 0x0, 0x6, 0xff, 0xfd,
    0xf, 0xff, 0xf3, 0x0, 0x0, 0x6, 0xff, 0xfd,
    0xf, 0xff, 0xf3, 0x0, 0x0, 0x6, 0xff, 0xfd,
    0xf, 0xff, 0xf3, 0x0, 0x0, 0x6, 0xff, 0xfd,
    0xf, 0xff, 0xf3, 0x0, 0x0, 0x6, 0xff, 0xfd,
    0xf, 0xff, 0xf3, 0x0, 0x0, 0x6, 0xff, 0xfd,
    0xf, 0xff, 0xf3, 0x0, 0x0, 0x6, 0xff, 0xfd,
    0xf, 0xff, 0xf3, 0x0, 0x0, 0x6, 0xff, 0xfd,
    0xf, 0xff, 0xf3, 0x0, 0x0, 0x6, 0xff, 0xfd,
    0xb, 0xbb, 0xb2, 0x0, 0x0, 0x6, 0xff, 0xfd,
    0x0, 0x0, 0x0, 0x0, 0x0, 0x6, 0xff, 0xfc,
    0x0, 0x0, 0x0, 0x0, 0x0, 0x9, 0xff, 0xfa,
    0x0, 0x0, 0x0, 0x0, 0x0, 0xe, 0xff, 0xf7,
    0x1, 0xc5, 0x0, 0x0, 0x0, 0x9f, 0xff, 0xf2,
    0x9, 0xff, 0xfb, 0x88, 0x9e, 0xff, 0xff, 0x90,
    0x2f, 0xff, 0xff, 0xff, 0xff, 0xff, 0xfc, 0x0,
    0x8, 0xff, 0xff, 0xff, 0xff, 0xff, 0xa0, 0x0,
    0x0, 0x16, 0xad, 0xef, 0xec, 0x83, 0x0, 0x0,

    /* U+0133 "ĳ" */
    0x1, 0x65, 0x0, 0x0, 0x1, 0x65, 0x0, 0x2f,
    0xff, 0xe1, 0x0, 0x3f, 0xff, 0xd1, 0x8f, 0xff,
    0xf5, 0x0, 0x9f, 0xff, 0xf5, 0x7f, 0xff, 0xf3,
    0x0, 0x7f, 0xff, 0xf3, 0x9, 0xee, 0x70, 0x0,
    0x9, 0xfe, 0x70, 0x0, 0x0, 0x0, 0x0, 0x0,
    0x0, 0x0, 0x0, 0x0, 0x0, 0x0, 0x0, 0x0,
    0x0, 0x2f, 0xff, 0xe0, 0x0, 0x2f, 0xff, 0xf0,
    0x2f, 0xff, 0xe0, 0x0, 0x2f, 0xff, 0xf0, 0x2f,
    0xff, 0xe0, 0x0, 0x2f, 0xff, 0xf0, 0x2f, 0xff,
    0xe0, 0x0, 0x2f, 0xff, 0xf0, 0x2f, 0xff, 0xe0,
    0x0, 0x2f, 0xff, 0xf0, 0x2f, 0xff, 0xe0, 0x0,
    0x2f, 0xff, 0xf0, 0x2f, 0xff, 0xe0, 0x0, 0x2f,
    0xff, 0xf0, 0x2f, 0xff, 0xe0, 0x0, 0x2f, 0xff,
    0xf0, 0x2f, 0xff, 0xe0, 0x0, 0x2f, 0xff, 0xf0,
    0x2f, 0xff, 0xe0, 0x0, 0x2f, 0xff, 0xf0, 0x2f,
    0xff, 0xe0, 0x0, 0x2f, 0xff, 0xf0, 0x2f, 0xff,
    0xe0, 0x0, 0x2f, 0xff, 0xf0, 0x2f, 0xff, 0xe0,
    0x0, 0x2f, 0xff, 0xf0, 0x2f, 0xff, 0xe0, 0x0,
    0x2f, 0xff, 0xe0, 0x0, 0x0, 0x0, 0x0, 0x3f,
    0xff, 0xe0, 0x0, 0x0, 0x5, 0x43, 0xcf, 0xff,
    0xb0, 0x0, 0x0, 0xe, 0xff, 0xff, 0xff, 0x50,
    0x0, 0x0, 0x5f, 0xff, 0xff, 0xf9, 0x0, 0x0,
    0x0, 0x3b, 0xef, 0xfb, 0x50, 0x0,

    /* U+0134 "Ĵ" */
    0x0, 0x0, 0x1, 0x88, 0x86, 0x0, 0x0, 0x0,
    0x0, 0xd, 0xff, 0xff, 0x60, 0x0, 0x0, 0x0,
    0xbf, 0xfb, 0xef, 0xf4, 0x0, 0x0, 0x9, 0xff,
    0x90, 0x2e, 0xff, 0x30, 0x0, 0x18, 0x86, 0x0,
    0x1, 0x78, 0x60, 0x0, 0x0, 0x0, 0x0, 0x0,
    0x0, 0x0, 0x0, 0x8f, 0xff, 0xff, 0xff, 0xff,
    0xf1, 0x0, 0x8f, 0xff, 0xff, 0xff, 0xff, 0xf1,
    0x0, 0x8f, 0xff, 0xff, 0xff, 0xff, 0xf1, 0x0,
    0x25, 0x55, 0x55, 0x6f, 0xff, 0xf1, 0x0, 0x0,
    0x0, 0x0, 0x2f, 0xff, 0xf1, 0x0, 0x0, 0x0,
    0x0, 0x2f, 0xff, 0xf1, 0x0, 0x0, 0x0, 0x0,
    0x2f, 0xff, 0xf1, 0x0, 0x0, 0x0, 0x0, 0x2f,
    0xff, 0xf1, 0x0, 0x0, 0x0, 0x0, 0x2f, 0xff,
    0xf1, 0x0, 0x0, 0x0, 0x0, 0x2f, 0xff, 0xf1,
    0x0, 0x0, 0x0, 0x0, 0x2f, 0xff, 0xf1, 0x0,
    0x0, 0x0, 0x0, 0x2f, 0xff, 0xf0, 0x0, 0x10,
    0x0, 0x0, 0x3f, 0xff, 0xf0, 0x0, 0xcb, 0x0,
    0x0, 0x9f, 0xff, 0xd0, 0xa, 0xff, 0xe8, 0x7a,
    0xff, 0xff, 0x80, 0x3f, 0xff, 0xff, 0xff, 0xff,
    0xff, 0x10, 0x4, 0xef, 0xff, 0xff, 0xff, 0xe4,
    0x0, 0x0, 0x7, 0xbe, 0xff, 0xc8, 0x10, 0x0,

    /* U+0135 "ĵ" */
    0x0, 0x0, 0x6, 0x88, 0x70, 0x0, 0x0, 0x0,
    0x5f, 0xff, 0xf8, 0x0, 0x0, 0x2, 0xff, 0xfe,
    0xff, 0x30, 0x0, 0xc, 0xff, 0x42, 0xff, 0xe1,
    0x0, 0x28, 0x84, 0x0, 0x38, 0x83, 0x0, 0x0,
    0x0, 0x0, 0x0, 0x0, 0x0, 0x0, 0xf, 0xff,
    0xf1, 0x0, 0x0, 0x0, 0xf, 0xff, 0xf1, 0x0,
    0x0, 0x0, 0xf, 0xff, 0xf1, 0x0, 0x0, 0x0,
    0xf, 0xff, 0xf1, 0x0, 0x0, 0x0, 0xf, 0xff,
    0xf1, 0x0, 0x0, 0x0, 0xf, 0xff, 0xf1, 0x0,
    0x0, 0x0, 0xf, 0xff, 0xf1, 0x0, 0x0, 0x0,
    0xf, 0xff, 0xf1, 0x0, 0x0, 0x0, 0xf, 0xff,
    0xf1, 0x0, 0x0, 0x0, 0xf, 0xff, 0xf1, 0x0,
    0x0, 0x0, 0xf, 0xff, 0xf1, 0x0, 0x0, 0x0,
    0xf, 0xff, 0xf1, 0x0, 0x0, 0x0, 0xf, 0xff,
    0xf1, 0x0, 0x0, 0x0, 0xf, 0xff, 0xf1, 0x0,
    0x0, 0x0, 0xf, 0xff, 0xf0, 0x0, 0x4, 0x53,
    0xaf, 0xff, 0xe0, 0x0, 0xc, 0xff, 0xff, 0xff,
    0x70, 0x0, 0x2f, 0xff, 0xff, 0xfb, 0x0, 0x0,
    0x19, 0xdf, 0xfc, 0x70, 0x0, 0x0,

    /* U+0136 "Ķ" */
    0xdf, 0xff, 0x50, 0x0, 0x0, 0x2, 0xef, 0xff,
    0x90, 0xdf, 0xff, 0x50, 0x0, 0x0, 0x2e, 0xff,
    0xfa, 0x0, 0xdf, 0xff, 0x50, 0x0, 0x1, 0xef,
    0xff, 0xb0, 0x0, 0xdf, 0xff, 0x50, 0x0, 0x1d,
    0xff, 0xfc, 0x0, 0x0, 0xdf, 0xff, 0x50, 0x1,
    0xdf, 0xff, 0xc0, 0x0, 0x0, 0xdf, 0xff, 0x50,
    0x1c, 0xff, 0xfd, 0x10, 0x0, 0x0, 0xdf, 0xff,
    0x50, 0xcf, 0xff, 0xd1, 0x0, 0x0, 0x0, 0xdf,
    0xff, 0x6c, 0xff, 0xfe, 0x20, 0x0, 0x0, 0x0,
    0xdf, 0xff, 0xef, 0xff, 0xfd, 0x10, 0x0, 0x0,
    0x0, 0xdf, 0xff, 0xff, 0xff, 0xff, 0xb0, 0x0,
    0x0, 0x0, 0xdf, 0xff, 0xff, 0xff, 0xff, 0xf8,
    0x0, 0x0, 0x0, 0xdf, 0xff, 0xff, 0x4b, 0xff,
    0xff, 0x50, 0x0, 0x0, 0xdf, 0xff, 0xf4, 0x1,
    0xdf, 0xff, 0xf2, 0x0, 0x0, 0xdf, 0xff, 0x70,
    0x0, 0x2f, 0xff, 0xfd, 0x10, 0x0, 0xdf, 0xff,
    0x50, 0x0, 0x4, 0xff, 0xff, 0xb0, 0x0, 0xdf,
    0xff, 0x50, 0x0, 0x0, 0x7f, 0xff, 0xf8, 0x0,
    0xdf, 0xff, 0x50, 0x0, 0x0, 0xa, 0xff, 0xff,
    0x50, 0xdf, 0xff, 0x50, 0x0, 0x0, 0x0, 0xcf,
    0xff, 0xf2, 0x0, 0x0, 0x0, 0x0, 0x0, 0x0,
    0x0, 0x0, 0x0, 0x0, 0x0, 0x0, 0x0, 0x0,
    0x0, 0x0, 0x0, 0x0, 0x0, 0x0, 0x0, 0x7f,
    0xd3, 0x0, 0x0, 0x0, 0x0, 0x0, 0x0, 0x0,
    0xef, 0xf9, 0x0, 0x0, 0x0, 0x0, 0x0, 0x0,
    0x0, 0x7f, 0xf7, 0x0, 0x0, 0x0, 0x0, 0x0,
    0x0, 0x0, 0x2f, 0xf1, 0x0, 0x0, 0x0, 0x0,
    0x0, 0x0, 0x0, 0x7f, 0x70, 0x0, 0x0, 0x0,
    0x0,

    /* U+0137 "ķ" */
    0x0, 0x0, 0x0, 0x0, 0x0, 0x0, 0x0, 0x0,
    0x2, 0xff, 0xfe, 0x0, 0x0, 0x0, 0x0, 0x0,
    0x0, 0x2f, 0xff, 0xe0, 0x0, 0x0, 0x0, 0x0,
    0x0, 0x2, 0xff, 0xfe, 0x0, 0x0, 0x0, 0x0,
    0x0, 0x0, 0x2f, 0xff, 0xe0, 0x0, 0x0, 0x0,
    0x0, 0x0, 0x2, 0xff, 0xfe, 0x0, 0x0, 0x0,
    0x0, 0x0, 0x0, 0x2f, 0xff, 0xe0, 0x0, 0x0,
    0xaf, 0xff, 0xf3, 0x2, 0xff, 0xfe, 0x0, 0x0,
    0xbf, 0xff, 0xf4, 0x0, 0x2f, 0xff, 0xe0, 0x0,
    0xbf, 0xff, 0xf4, 0x0, 0x2, 0xff, 0xfe, 0x1,
    0xcf, 0xff, 0xf4, 0x0, 0x0, 0x2f, 0xff, 0xe1,
    0xdf, 0xff, 0xf4, 0x0, 0x0, 0x2, 0xff, 0xff,
    0xdf, 0xff, 0xf5, 0x0, 0x0, 0x0, 0x2f, 0xff,
    0xff, 0xff, 0xff, 0x50, 0x0, 0x0, 0x2, 0xff,
    0xff, 0xff, 0xff, 0xff, 0x20, 0x0, 0x0, 0x2f,
    0xff, 0xff, 0xdf, 0xff, 0xfd, 0x0, 0x0, 0x2,
    0xff, 0xff, 0xd1, 0x5f, 0xff, 0xfa, 0x0, 0x0,
    0x2f, 0xff, 0xf1, 0x0, 0x8f, 0xff, 0xf7, 0x0,
    0x2, 0xff, 0xfe, 0x0, 0x0, 0xbf, 0xff, 0xf4,
    0x0, 0x2f, 0xff, 0xe0, 0x0, 0x0, 0xdf, 0xff,
    0xe1, 0x2, 0xff, 0xfe, 0x0, 0x0, 0x2, 0xff,
    0xff, 0xc0, 0x0, 0x0, 0x0, 0x0, 0x0, 0x0,
    0x0, 0x0, 0x0, 0x0, 0x0, 0x0, 0x0, 0x0,
    0x0, 0x0, 0x0, 0x0, 0x0, 0x2, 0xdf, 0x80,
    0x0, 0x0, 0x0, 0x0, 0x0, 0x0, 0x7f, 0xff,
    0x0, 0x0, 0x0, 0x0, 0x0, 0x0, 0x2, 0xef,
    0xd0, 0x0, 0x0, 0x0, 0x0, 0x0, 0x0, 0xc,
    0xf6, 0x0, 0x0, 0x0, 0x0, 0x0, 0x0, 0x1,
    0xed, 0x0, 0x0, 0x0, 0x0, 0x0,

    /* U+0138 "ĸ" */
    0x2f, 0xff, 0xe0, 0x0, 0x0, 0xaf, 0xff, 0xf3,
    0x2, 0xff, 0xfe, 0x0, 0x0, 0xbf, 0xff, 0xf4,
    0x0, 0x2f, 0xff, 0xe0, 0x0, 0xbf, 0xff, 0xf4,
    0x0, 0x2, 0xff, 0xfe, 0x1, 0xcf, 0xff, 0xf4,
    0x0, 0x0, 0x2f, 0xff, 0xe1, 0xdf, 0xff, 0xf4,
    0x0, 0x0, 0x2, 0xff, 0xff, 0xdf, 0xff, 0xf5,
    0x0, 0x0, 0x0, 0x2f, 0xff, 0xff, 0xff, 0xff,
    0x50, 0x0, 0x0, 0x2, 0xff, 0xff, 0xff, 0xff,
    0xff, 0x20, 0x0, 0x0, 0x2f, 0xff, 0xff, 0xdf,
    0xff, 0xfd, 0x0, 0x0, 0x2, 0xff, 0xff, 0xd1,
    0x5f, 0xff, 0xfa, 0x0, 0x0, 0x2f, 0xff, 0xf1,
    0x0, 0x8f, 0xff, 0xf7, 0x0, 0x2, 0xff, 0xfe,
    0x0, 0x0, 0xbf, 0xff, 0xf4, 0x0, 0x2f, 0xff,
    0xe0, 0x0, 0x0, 0xdf, 0xff, 0xe1, 0x2, 0xff,
    0xfe, 0x0, 0x0, 0x2, 0xff, 0xff, 0xc0,

    /* U+0139 "Ĺ" */
    0x0, 0x2, 0xef, 0xfe, 0x30, 0x0, 0x0, 0x0,
    0x2, 0xef, 0xfb, 0x10, 0x0, 0x0, 0x0, 0x2,
    0xef, 0xf6, 0x0, 0x0, 0x0, 0x0, 0x0, 0x68,
    0x83, 0x0, 0x0, 0x0, 0x0, 0x0, 0x0, 0x0,
    0x0, 0x0, 0x0, 0x0, 0x0, 0x0, 0xdf, 0xff,
    0x60, 0x0, 0x0, 0x0, 0x0, 0xd, 0xff, 0xf6,
    0x0, 0x0, 0x0, 0x0, 0x0, 0xdf, 0xff, 0x60,
    0x0, 0x0, 0x0, 0x0, 0xd, 0xff, 0xf6, 0x0,
    0x0, 0x0, 0x0, 0x0, 0xdf, 0xff, 0x60, 0x0,
    0x0, 0x0, 0x0, 0xd, 0xff, 0xf6, 0x0, 0x0,
    0x0, 0x0, 0x0, 0xdf, 0xff, 0x60, 0x0, 0x0,
    0x0, 0x0, 0xd, 0xff, 0xf6, 0x0, 0x0, 0x0,
    0x0, 0x0, 0xdf, 0xff, 0x60, 0x0, 0x0, 0x0,
    0x0, 0xd, 0xff, 0xf6, 0x0, 0x0, 0x0, 0x0,
    0x0, 0xdf, 0xff, 0x60, 0x0, 0x0, 0x0, 0x0,
    0xd, 0xff, 0xf6, 0x0, 0x0, 0x0, 0x0, 0x0,
    0xdf, 0xff, 0x60, 0x0, 0x0, 0x0, 0x0, 0xd,
    0xff, 0xf6, 0x0, 0x0, 0x0, 0x0, 0x0, 0xdf,
    0xff, 0x96, 0x66, 0x66, 0x66, 0x63, 0xd, 0xff,
    0xff, 0xff, 0xff, 0xff, 0xff, 0x80, 0xdf, 0xff,
    0xff, 0xff, 0xff, 0xff, 0xf8, 0xd, 0xff, 0xff,
    0xff, 0xff, 0xff, 0xff, 0x80,

    /* U+013A "ĺ" */
    0x0, 0x7, 0xff, 0xfa, 0x0, 0x7, 0xff, 0xf6,
    0x0, 0x7, 0xff, 0xd3, 0x0, 0x1, 0x78, 0x70,
    0x0, 0x0, 0x0, 0x0, 0x0, 0x0, 0x2, 0xff,
    0xfe, 0x0, 0x0, 0x2f, 0xff, 0xe0, 0x0, 0x2,
    0xff, 0xfe, 0x0, 0x0, 0x2f, 0xff, 0xe0, 0x0,
    0x2, 0xff, 0xfe, 0x0, 0x0, 0x2f, 0xff, 0xe0,
    0x0, 0x2, 0xff, 0xfe, 0x0, 0x0, 0x2f, 0xff,
    0xe0, 0x0, 0x2, 0xff, 0xfe, 0x0, 0x0, 0x2f,
    0xff, 0xe0, 0x0, 0x2, 0xff, 0xfe, 0x0, 0x0,
    0x2f, 0xff, 0xe0, 0x0, 0x2, 0xff, 0xfe, 0x0,
    0x0, 0x2f, 0xff, 0xe0, 0x0, 0x2, 0xff, 0xfe,
    0x0, 0x0, 0x2f, 0xff, 0xe0, 0x0, 0x2, 0xff,
    0xfe, 0x0, 0x0, 0x2f, 0xff, 0xe0, 0x0, 0x2,
    0xff, 0xfe, 0x0, 0x0,

    /* U+013B "Ļ" */
    0xdf, 0xff, 0x60, 0x0, 0x0, 0x0, 0x0, 0xdf,
    0xff, 0x60, 0x0, 0x0, 0x0, 0x0, 0xdf, 0xff,
    0x60, 0x0, 0x0, 0x0, 0x0, 0xdf, 0xff, 0x60,
    0x0, 0x0, 0x0, 0x0, 0xdf, 0xff, 0x60, 0x0,
    0x0, 0x0, 0x0, 0xdf, 0xff, 0x60, 0x0, 0x0,
    0x0, 0x0, 0xdf, 0xff, 0x60, 0x0, 0x0, 0x0,
    0x0, 0xdf, 0xff, 0x60, 0x0, 0x0, 0x0, 0x0,
    0xdf, 0xff, 0x60, 0x0, 0x0, 0x0, 0x0, 0xdf,
    0xff, 0x60, 0x0, 0x0, 0x0, 0x0, 0xdf, 0xff,
    0x60, 0x0, 0x0, 0x0, 0x0, 0xdf, 0xff, 0x60,
    0x0, 0x0, 0x0, 0x0, 0xdf, 0xff, 0x60, 0x0,
    0x0, 0x0, 0x0, 0xdf, 0xff, 0x60, 0x0, 0x0,
    0x0, 0x0, 0xdf, 0xff, 0x96, 0x66, 0x66, 0x66,
    0x63, 0xdf, 0xff, 0xff, 0xff, 0xff, 0xff, 0xf8,
    0xdf, 0xff, 0xff, 0xff, 0xff, 0xff, 0xf8, 0xdf,
    0xff, 0xff, 0xff, 0xff, 0xff, 0xf8, 0x0, 0x0,
    0x0, 0x0, 0x0, 0x0, 0x0, 0x0, 0x0, 0x0,
    0x0, 0x0, 0x0, 0x0, 0x0, 0x0, 0x7, 0xfd,
    0x30, 0x0, 0x0, 0x0, 0x0, 0xe, 0xff, 0x90,
    0x0, 0x0, 0x0, 0x0, 0x7, 0xff, 0x70, 0x0,
    0x0, 0x0, 0x0, 0x2, 0xff, 0x10, 0x0, 0x0,
    0x0, 0x0, 0x7, 0xf7, 0x0, 0x0, 0x0,

    /* U+013C "ļ" */
    0x0, 0x0, 0x2, 0xff, 0xfe, 0x2f, 0xff, 0xe2,
    0xff, 0xfe, 0x2f, 0xff, 0xe2, 0xff, 0xfe, 0x2f,
    0xff, 0xe2, 0xff, 0xfe, 0x2f, 0xff, 0xe2, 0xff,
    0xfe, 0x2f, 0xff, 0xe2, 0xff, 0xfe, 0x2f, 0xff,
    0xe2, 0xff, 0xfe, 0x2f, 0xff, 0xe2, 0xff, 0xfe,
    0x2f, 0xff, 0xe2, 0xff, 0xfe, 0x2f, 0xff, 0xe2,
    0xff, 0xfe, 0x0, 0x0, 0x0, 0x0, 0x0, 0x6,
    0xee, 0x30, 0xdf, 0xfa, 0x7, 0xff, 0x70, 0x1f,
    0xf1, 0x6, 0xf8, 0x0,

    /* U+013D "Ľ" */
    0x0, 0x0, 0x0, 0x0, 0xc, 0xff, 0x30, 0xdf,
    0xff, 0x60, 0x0, 0xc, 0xff, 0x10, 0xdf, 0xff,
    0x60, 0x0, 0xc, 0xff, 0x0, 0xdf, 0xff, 0x60,
    0x0, 0xc, 0xfe, 0x0, 0xdf, 0xff, 0x60, 0x0,
    0xc, 0xfc, 0x0, 0xdf, 0xff, 0x60, 0x0, 0x1,
    0x21, 0x0, 0xdf, 0xff, 0x60, 0x0, 0x0, 0x0,
    0x0, 0xdf, 0xff, 0x60, 0x0, 0x0, 0x0, 0x0,
    0xdf, 0xff, 0x60, 0x0, 0x0, 0x0, 0x0, 0xdf,
    0xff, 0x60, 0x0, 0x0, 0x0, 0x0, 0xdf, 0xff,
    0x60, 0x0, 0x0, 0x0, 0x0, 0xdf, 0xff, 0x60,
    0x0, 0x0, 0x0, 0x0, 0xdf, 0xff, 0x60, 0x0,
    0x0, 0x0, 0x0, 0xdf, 0xff, 0x60, 0x0, 0x0,
    0x0, 0x0, 0xdf, 0xff, 0x60, 0x0, 0x0, 0x0,
    0x0, 0xdf, 0xff, 0x96, 0x66, 0x66, 0x66, 0x63,
    0xdf, 0xff, 0xff, 0xff, 0xff, 0xff, 0xf8, 0xdf,
    0xff, 0xff, 0xff, 0xff, 0xff, 0xf8, 0xdf, 0xff,
    0xff, 0xff, 0xff, 0xff, 0xf8,

    /* U+013E "ľ" */
    0x0, 0x0, 0x0, 0xf, 0xff, 0x2, 0xff, 0xfe,
    0x0, 0xff, 0xe0, 0x2f, 0xff, 0xe0, 0xf, 0xfc,
    0x2, 0xff, 0xfe, 0x0, 0xff, 0xb0, 0x2f, 0xff,
    0xe0, 0xf, 0xf9, 0x2, 0xff, 0xfe, 0x0, 0x22,
    0x10, 0x2f, 0xff, 0xe0, 0x0, 0x0, 0x2, 0xff,
    0xfe, 0x0, 0x0, 0x0, 0x2f, 0xff, 0xe0, 0x0,
    0x0, 0x2, 0xff, 0xfe, 0x0, 0x0, 0x0, 0x2f,
    0xff, 0xe0, 0x0, 0x0, 0x2, 0xff, 0xfe, 0x0,
    0x0, 0x0, 0x2f, 0xff, 0xe0, 0x0, 0x0, 0x2,
    0xff, 0xfe, 0x0, 0x0, 0x0, 0x2f, 0xff, 0xe0,
    0x0, 0x0, 0x2, 0xff, 0xfe, 0x0, 0x0, 0x0,
    0x2f, 0xff, 0xe0, 0x0, 0x0, 0x2, 0xff, 0xfe,
    0x0, 0x0, 0x0, 0x2f, 0xff, 0xe0, 0x0, 0x0,
    0x2, 0xff, 0xfe, 0x0, 0x0, 0x0,

    /* U+013F "Ŀ" */
    0xdf, 0xff, 0x60, 0x0, 0x0, 0x0, 0x0, 0xdf,
    0xff, 0x60, 0x0, 0x0, 0x0, 0x0, 0xdf, 0xff,
    0x60, 0x0, 0x0, 0x0, 0x0, 0xdf, 0xff, 0x60,
    0x0, 0x0, 0x0, 0x0, 0xdf, 0xff, 0x60, 0x0,
    0x0, 0x0, 0x0, 0xdf, 0xff, 0x60, 0x0, 0x2c,
    0xfa, 0x0, 0xdf, 0xff, 0x60, 0x0, 0xaf, 0xff,
    0x70, 0xdf, 0xff, 0x60, 0x0, 0xcf, 0xff, 0x80,
    0xdf, 0xff, 0x60, 0x0, 0x6f, 0xff, 0x30, 0xdf,
    0xff, 0x60, 0x0, 0x3, 0x62, 0x0, 0xdf, 0xff,
    0x60, 0x0, 0x0, 0x0, 0x0, 0xdf, 0xff, 0x60,
    0x0, 0x0, 0x0, 0x0, 0xdf, 0xff, 0x60, 0x0,
    0x0, 0x0, 0x0, 0xdf, 0xff, 0x60, 0x0, 0x0,
    0x0, 0x0, 0xdf, 0xff, 0x96, 0x66, 0x66, 0x66,
    0x63, 0xdf, 0xff, 0xff, 0xff, 0xff, 0xff, 0xf8,
    0xdf, 0xff, 0xff, 0xff, 0xff, 0xff, 0xf8, 0xdf,
    0xff, 0xff, 0xff, 0xff, 0xff, 0xf8,

    /* U+0140 "ŀ" */
    0x0, 0x0, 0x0, 0x0, 0x0, 0x2, 0xff, 0xfe,
    0x0, 0x0, 0x0, 0x2f, 0xff, 0xe0, 0x0, 0x0,
    0x2, 0xff, 0xfe, 0x0, 0x0, 0x0, 0x2f, 0xff,
    0xe0, 0x0, 0x0, 0x2, 0xff, 0xfe, 0x0, 0x0,
    0x0, 0x2f, 0xff, 0xe0, 0x0, 0x0, 0x2, 0xff,
    0xfe, 0x0, 0x0, 0x0, 0x2f, 0xff, 0xe0, 0x0,
    0x0, 0x2, 0xff, 0xfe, 0x0, 0x8f, 0xd3, 0x2f,
    0xff, 0xe0, 0x2f, 0xff, 0xb2, 0xff, 0xfe, 0x2,
    0xff, 0xfb, 0x2f, 0xff, 0xe0, 0x8, 0xfd, 0x32,
    0xff, 0xfe, 0x0, 0x0, 0x0, 0x2f, 0xff, 0xe0,
    0x0, 0x0, 0x2, 0xff, 0xfe, 0x0, 0x0, 0x0,
    0x2f, 0xff, 0xe0, 0x0, 0x0, 0x2, 0xff, 0xfe,
    0x0, 0x0, 0x0, 0x2f, 0xff, 0xe0, 0x0, 0x0,
    0x2, 0xff, 0xfe, 0x0, 0x0, 0x0,

    /* U+0141 "Ł" */
    0x0, 0x8, 0xff, 0xfb, 0x0, 0x0, 0x0, 0x0,
    0x0, 0x0, 0x8f, 0xff, 0xb0, 0x0, 0x0, 0x0,
    0x0, 0x0, 0x8, 0xff, 0xfb, 0x0, 0x0, 0x0,
    0x0, 0x0, 0x0, 0x8f, 0xff, 0xb0, 0x3, 0x0,
    0x0, 0x0, 0x0, 0x8, 0xff, 0xfb, 0x2c, 0xf3,
    0x0, 0x0, 0x0, 0x0, 0x8f, 0xff, 0xfe, 0xff,
    0xb0, 0x0, 0x0, 0x0, 0x8, 0xff, 0xff, 0xff,
    0x90, 0x0, 0x0, 0x0, 0x0, 0x8f, 0xff, 0xfe,
    0x50, 0x0, 0x0, 0x0, 0x0, 0xd, 0xff, 0xff,
    0x20, 0x0, 0x0, 0x0, 0x0, 0x9, 0xff, 0xff,
    0xb0, 0x0, 0x0, 0x0, 0x0, 0x1d, 0xff, 0xff,
    0xfb, 0x0, 0x0, 0x0, 0x0, 0x0, 0xcf, 0xff,
    0xff, 0xb0, 0x0, 0x0, 0x0, 0x0, 0x1, 0x78,
    0xff, 0xfb, 0x0, 0x0, 0x0, 0x0, 0x0, 0x0,
    0x8f, 0xff, 0xb0, 0x0, 0x0, 0x0, 0x0, 0x0,
    0x8, 0xff, 0xfd, 0x66, 0x66, 0x66, 0x66, 0x50,
    0x0, 0x8f, 0xff, 0xff, 0xff, 0xff, 0xff, 0xfd,
    0x0, 0x8, 0xff, 0xff, 0xff, 0xff, 0xff, 0xff,
    0xd0, 0x0, 0x8f, 0xff, 0xff, 0xff, 0xff, 0xff,
    0xfd,

    /* U+0142 "ł" */
    0x0, 0x0, 0x0, 0x0, 0x0, 0x0, 0x0, 0xcf,
    0xff, 0x40, 0x0, 0x0, 0xc, 0xff, 0xf4, 0x0,
    0x0, 0x0, 0xcf, 0xff, 0x40, 0x0, 0x0, 0xc,
    0xff, 0xf4, 0x0, 0x0, 0x0, 0xcf, 0xff, 0x40,
    0x0, 0x0, 0xc, 0xff, 0xf4, 0x0, 0x0, 0x0,
    0xcf, 0xff, 0x9e, 0x30, 0x0, 0xc, 0xff, 0xff,
    0xfe, 0x0, 0x0, 0xcf, 0xff, 0xff, 0x60, 0x0,
    0xf, 0xff, 0xff, 0x20, 0x0, 0x9, 0xff, 0xff,
    0x40, 0x0, 0x2c, 0xff, 0xff, 0xf4, 0x0, 0x5,
    0xff, 0xff, 0xff, 0x40, 0x0, 0x9, 0x8d, 0xff,
    0xf4, 0x0, 0x0, 0x0, 0xcf, 0xff, 0x40, 0x0,
    0x0, 0xc, 0xff, 0xf4, 0x0, 0x0, 0x0, 0xcf,
    0xff, 0x40, 0x0, 0x0, 0xc, 0xff, 0xf4, 0x0,
    0x0, 0x0, 0xcf, 0xff, 0x40, 0x0,

    /* U+0143 "Ń" */
    0x0, 0x0, 0x0, 0x0, 0x1c, 0xff, 0xf6, 0x0,
    0x0, 0x0, 0x0, 0x0, 0x1c, 0xff, 0xd2, 0x0,
    0x0, 0x0, 0x0, 0x0, 0x1c, 0xff, 0x90, 0x0,
    0x0, 0x0, 0x0, 0x0, 0x4, 0x88, 0x50, 0x0,
    0x0, 0x0, 0x0, 0x0, 0x0, 0x0, 0x0, 0x0,
    0x0, 0x0, 0xd, 0xff, 0xe2, 0x0, 0x0, 0x0,
    0x5, 0xff, 0xfd, 0xdf, 0xff, 0xd0, 0x0, 0x0,
    0x0, 0x5f, 0xff, 0xdd, 0xff, 0xff, 0xb0, 0x0,
    0x0, 0x5, 0xff, 0xfd, 0xdf, 0xff, 0xff, 0x80,
    0x0, 0x0, 0x5f, 0xff, 0xdd, 0xff, 0xff, 0xff,
    0x50, 0x0, 0x5, 0xff, 0xfd, 0xdf, 0xff, 0xff,
    0xff, 0x30, 0x0, 0x5f, 0xff, 0xdd, 0xff, 0xff,
    0xff, 0xfe, 0x10, 0x5, 0xff, 0xfd, 0xdf, 0xff,
    0xaf, 0xff, 0xfc, 0x0, 0x5f, 0xff, 0xdd, 0xff,
    0xf5, 0x7f, 0xff, 0xfa, 0x5, 0xff, 0xfd, 0xdf,
    0xff, 0x50, 0xaf, 0xff, 0xf7, 0x5f, 0xff, 0xdd,
    0xff, 0xf5, 0x0, 0xcf, 0xff, 0xfa, 0xff, 0xfd,
    0xdf, 0xff, 0x50, 0x1, 0xef, 0xff, 0xff, 0xff,
    0xdd, 0xff, 0xf5, 0x0, 0x3, 0xff, 0xff, 0xff,
    0xfd, 0xdf, 0xff, 0x50, 0x0, 0x5, 0xff, 0xff,
    0xff, 0xdd, 0xff, 0xf5, 0x0, 0x0, 0x8, 0xff,
    0xff, 0xfd, 0xdf, 0xff, 0x50, 0x0, 0x0, 0xa,
    0xff, 0xff, 0xdd, 0xff, 0xf5, 0x0, 0x0, 0x0,
    0xc, 0xff, 0xfd, 0xdf, 0xff, 0x50, 0x0, 0x0,
    0x0, 0x1e, 0xff, 0xd0,

    /* U+0144 "ń" */
    0x0, 0x0, 0x0, 0x0, 0x7, 0x88, 0x72, 0x0,
    0x0, 0x0, 0x0, 0x0, 0xaf, 0xff, 0x60, 0x0,
    0x0, 0x0, 0x0, 0x9, 0xff, 0xf4, 0x0, 0x0,
    0x0, 0x0, 0x0, 0x7f, 0xfd, 0x20, 0x0, 0x0,
    0x0, 0x0, 0x0, 0x78, 0x71, 0x0, 0x0, 0x0,
    0x0, 0x0, 0x0, 0x0, 0x0, 0x0, 0x0, 0x0,
    0x2f, 0xff, 0xc0, 0x7c, 0xef, 0xea, 0x30, 0x0,
    0x2f, 0xff, 0xdd, 0xff, 0xff, 0xff, 0xf7, 0x0,
    0x2f, 0xff, 0xff, 0xff, 0xff, 0xff, 0xff, 0x40,
    0x2f, 0xff, 0xff, 0xc6, 0x48, 0xff, 0xff, 0xb0,
    0x2f, 0xff, 0xfa, 0x0, 0x0, 0x6f, 0xff, 0xf0,
    0x2f, 0xff, 0xf2, 0x0, 0x0, 0xf, 0xff, 0xf1,
    0x2f, 0xff, 0xf0, 0x0, 0x0, 0xe, 0xff, 0xf2,
    0x2f, 0xff, 0xe0, 0x0, 0x0, 0xe, 0xff, 0xf2,
    0x2f, 0xff, 0xe0, 0x0, 0x0, 0xe, 0xff, 0xf2,
    0x2f, 0xff, 0xe0, 0x0, 0x0, 0xe, 0xff, 0xf2,
    0x2f, 0xff, 0xe0, 0x0, 0x0, 0xe, 0xff, 0xf2,
    0x2f, 0xff, 0xe0, 0x0, 0x0, 0xe, 0xff, 0xf2,
    0x2f, 0xff, 0xe0, 0x0, 0x0, 0xe, 0xff, 0xf2,
    0x2f, 0xff, 0xe0, 0x0, 0x0, 0xe, 0xff, 0xf2,

    /* U+0145 "Ņ" */
    0xdf, 0xfe, 0x20, 0x0, 0x0, 0x0, 0x5f, 0xff,
    0xdd, 0xff, 0xfd, 0x0, 0x0, 0x0, 0x5, 0xff,
    0xfd, 0xdf, 0xff, 0xfb, 0x0, 0x0, 0x0, 0x5f,
    0xff, 0xdd, 0xff, 0xff, 0xf8, 0x0, 0x0, 0x5,
    0xff, 0xfd, 0xdf, 0xff, 0xff, 0xf5, 0x0, 0x0,
    0x5f, 0xff, 0xdd, 0xff, 0xff, 0xff, 0xf3, 0x0,
    0x5, 0xff, 0xfd, 0xdf, 0xff, 0xff, 0xff, 0xe1,
    0x0, 0x5f, 0xff, 0xdd, 0xff, 0xfa, 0xff, 0xff,
    0xc0, 0x5, 0xff, 0xfd, 0xdf, 0xff, 0x57, 0xff,
    0xff, 0xa0, 0x5f, 0xff, 0xdd, 0xff, 0xf5, 0xa,
    0xff, 0xff, 0x75, 0xff, 0xfd, 0xdf, 0xff, 0x50,
    0xc, 0xff, 0xff, 0xaf, 0xff, 0xdd, 0xff, 0xf5,
    0x0, 0x1e, 0xff, 0xff, 0xff, 0xfd, 0xdf, 0xff,
    0x50, 0x0, 0x3f, 0xff, 0xff, 0xff, 0xdd, 0xff,
    0xf5, 0x0, 0x0, 0x5f, 0xff, 0xff, 0xfd, 0xdf,
    0xff, 0x50, 0x0, 0x0, 0x8f, 0xff, 0xff, 0xdd,
    0xff, 0xf5, 0x0, 0x0, 0x0, 0xaf, 0xff, 0xfd,
    0xdf, 0xff, 0x50, 0x0, 0x0, 0x0, 0xcf, 0xff,
    0xdd, 0xff, 0xf5, 0x0, 0x0, 0x0, 0x1, 0xef,
    0xfd, 0x0, 0x0, 0x0, 0x0, 0x0, 0x0, 0x0,
    0x0, 0x0, 0x0, 0x0, 0x0, 0x0, 0x0, 0x0,
    0x0, 0x0, 0x0, 0x0, 0x0, 0xb, 0xfb, 0x0,
    0x0, 0x0, 0x0, 0x0, 0x0, 0x3, 0xff, 0xf4,
    0x0, 0x0, 0x0, 0x0, 0x0, 0x0, 0xc, 0xff,
    0x10, 0x0, 0x0, 0x0, 0x0, 0x0, 0x0, 0x8f,
    0xa0, 0x0, 0x0, 0x0, 0x0, 0x0, 0x0, 0xc,
    0xe2, 0x0, 0x0, 0x0, 0x0,

    /* U+0146 "ņ" */
    0x2f, 0xff, 0xc0, 0x7c, 0xef, 0xea, 0x30, 0x0,
    0x2f, 0xff, 0xdd, 0xff, 0xff, 0xff, 0xf7, 0x0,
    0x2f, 0xff, 0xff, 0xff, 0xff, 0xff, 0xff, 0x40,
    0x2f, 0xff, 0xff, 0xc6, 0x48, 0xff, 0xff, 0xb0,
    0x2f, 0xff, 0xfa, 0x0, 0x0, 0x6f, 0xff, 0xf0,
    0x2f, 0xff, 0xf2, 0x0, 0x0, 0xf, 0xff, 0xf1,
    0x2f, 0xff, 0xf0, 0x0, 0x0, 0xe, 0xff, 0xf2,
    0x2f, 0xff, 0xe0, 0x0, 0x0, 0xe, 0xff, 0xf2,
    0x2f, 0xff, 0xe0, 0x0, 0x0, 0xe, 0xff, 0xf2,
    0x2f, 0xff, 0xe0, 0x0, 0x0, 0xe, 0xff, 0xf2,
    0x2f, 0xff, 0xe0, 0x0, 0x0, 0xe, 0xff, 0xf2,
    0x2f, 0xff, 0xe0, 0x0, 0x0, 0xe, 0xff, 0xf2,
    0x2f, 0xff, 0xe0, 0x0, 0x0, 0xe, 0xff, 0xf2,
    0x2f, 0xff, 0xe0, 0x0, 0x0, 0xe, 0xff, 0xf2,
    0x0, 0x0, 0x0, 0x0, 0x0, 0x0, 0x0, 0x0,
    0x0, 0x0, 0x0, 0x0, 0x0, 0x0, 0x0, 0x0,
    0x0, 0x0, 0x0, 0x4e, 0xe5, 0x0, 0x0, 0x0,
    0x0, 0x0, 0x0, 0xbf, 0xfc, 0x0, 0x0, 0x0,
    0x0, 0x0, 0x0, 0x5f, 0xfa, 0x0, 0x0, 0x0,
    0x0, 0x0, 0x0, 0xf, 0xf3, 0x0, 0x0, 0x0,
    0x0, 0x0, 0x0, 0x4f, 0xa0, 0x0, 0x0, 0x0,

    /* U+0147 "Ň" */
    0x0, 0x4, 0xff, 0xc1, 0x1, 0xcf, 0xf4, 0x0,
    0x0, 0x0, 0x4, 0xff, 0xe5, 0xef, 0xf4, 0x0,
    0x0, 0x0, 0x0, 0x4, 0xff, 0xff, 0xf4, 0x0,
    0x0, 0x0, 0x0, 0x0, 0x4, 0x88, 0x84, 0x0,
    0x0, 0x0, 0x0, 0x0, 0x0, 0x0, 0x0, 0x0,
    0x0, 0x0, 0xd, 0xff, 0xe2, 0x0, 0x0, 0x0,
    0x5, 0xff, 0xfd, 0xdf, 0xff, 0xd0, 0x0, 0x0,
    0x0, 0x5f, 0xff, 0xdd, 0xff, 0xff, 0xb0, 0x0,
    0x0, 0x5, 0xff, 0xfd, 0xdf, 0xff, 0xff, 0x80,
    0x0, 0x0, 0x5f, 0xff, 0xdd, 0xff, 0xff, 0xff,
    0x50, 0x0, 0x5, 0xff, 0xfd, 0xdf, 0xff, 0xff,
    0xff, 0x30, 0x0, 0x5f, 0xff, 0xdd, 0xff, 0xff,
    0xff, 0xfe, 0x10, 0x5, 0xff, 0xfd, 0xdf, 0xff,
    0xaf, 0xff, 0xfc, 0x0, 0x5f, 0xff, 0xdd, 0xff,
    0xf5, 0x7f, 0xff, 0xfa, 0x5, 0xff, 0xfd, 0xdf,
    0xff, 0x50, 0xaf, 0xff, 0xf7, 0x5f, 0xff, 0xdd,
    0xff, 0xf5, 0x0, 0xcf, 0xff, 0xfa, 0xff, 0xfd,
    0xdf, 0xff, 0x50, 0x1, 0xef, 0xff, 0xff, 0xff,
    0xdd, 0xff, 0xf5, 0x0, 0x3, 0xff, 0xff, 0xff,
    0xfd, 0xdf, 0xff, 0x50, 0x0, 0x5, 0xff, 0xff,
    0xff, 0xdd, 0xff, 0xf5, 0x0, 0x0, 0x8, 0xff,
    0xff, 0xfd, 0xdf, 0xff, 0x50, 0x0, 0x0, 0xa,
    0xff, 0xff, 0xdd, 0xff, 0xf5, 0x0, 0x0, 0x0,
    0xc, 0xff, 0xfd, 0xdf, 0xff, 0x50, 0x0, 0x0,
    0x0, 0x1e, 0xff, 0xd0,

    /* U+0148 "ň" */
    0x0, 0x3, 0x43, 0x0, 0x0, 0x34, 0x40, 0x0,
    0x0, 0x7, 0xff, 0xa0, 0x9, 0xff, 0x80, 0x0,
    0x0, 0x0, 0x7f, 0xfc, 0xcf, 0xf9, 0x0, 0x0,
    0x0, 0x0, 0x8, 0xff, 0xff, 0x90, 0x0, 0x0,
    0x0, 0x0, 0x0, 0x44, 0x44, 0x0, 0x0, 0x0,
    0x0, 0x0, 0x0, 0x0, 0x0, 0x0, 0x0, 0x0,
    0x2f, 0xff, 0xc0, 0x7c, 0xef, 0xea, 0x30, 0x0,
    0x2f, 0xff, 0xdd, 0xff, 0xff, 0xff, 0xf7, 0x0,
    0x2f, 0xff, 0xff, 0xff, 0xff, 0xff, 0xff, 0x40,
    0x2f, 0xff, 0xff, 0xc6, 0x48, 0xff, 0xff, 0xb0,
    0x2f, 0xff, 0xfa, 0x0, 0x0, 0x6f, 0xff, 0xf0,
    0x2f, 0xff, 0xf2, 0x0, 0x0, 0xf, 0xff, 0xf1,
    0x2f, 0xff, 0xf0, 0x0, 0x0, 0xe, 0xff, 0xf2,
    0x2f, 0xff, 0xe0, 0x0, 0x0, 0xe, 0xff, 0xf2,
    0x2f, 0xff, 0xe0, 0x0, 0x0, 0xe, 0xff, 0xf2,
    0x2f, 0xff, 0xe0, 0x0, 0x0, 0xe, 0xff, 0xf2,
    0x2f, 0xff, 0xe0, 0x0, 0x0, 0xe, 0xff, 0xf2,
    0x2f, 0xff, 0xe0, 0x0, 0x0, 0xe, 0xff, 0xf2,
    0x2f, 0xff, 0xe0, 0x0, 0x0, 0xe, 0xff, 0xf2,
    0x2f, 0xff, 0xe0, 0x0, 0x0, 0xe, 0xff, 0xf2,

    /* U+0149 "ŉ" */
    0x0, 0x55, 0x10, 0x0, 0x0, 0x0, 0x0, 0x0,
    0x0, 0x0, 0xd, 0xff, 0xe1, 0x0, 0x0, 0x0,
    0x0, 0x0, 0x0, 0x0, 0x5f, 0xff, 0xf7, 0x0,
    0x0, 0x0, 0x0, 0x0, 0x0, 0x0, 0x6f, 0xff,
    0xf7, 0x0, 0x0, 0x0, 0x0, 0x0, 0x0, 0x0,
    0x1e, 0xff, 0xf4, 0x0, 0x0, 0x0, 0x0, 0x0,
    0x0, 0x0, 0x3, 0xff, 0xe0, 0x0, 0x0, 0x0,
    0x0, 0x0, 0x0, 0x0, 0x7, 0xff, 0x77, 0xff,
    0xf6, 0x29, 0xdf, 0xfd, 0x81, 0x0, 0xb, 0xff,
    0x17, 0xff, 0xfc, 0xff, 0xff, 0xff, 0xfe, 0x30,
    0xf, 0xfa, 0x7, 0xff, 0xff, 0xff, 0xff, 0xff,
    0xff, 0xd0, 0x4, 0x41, 0x7, 0xff, 0xff, 0xf9,
    0x56, 0xbf, 0xff, 0xf6, 0x0, 0x0, 0x7, 0xff,
    0xff, 0x50, 0x0, 0xc, 0xff, 0xfa, 0x0, 0x0,
    0x7, 0xff, 0xfc, 0x0, 0x0, 0x6, 0xff, 0xfc,
    0x0, 0x0, 0x7, 0xff, 0xf9, 0x0, 0x0, 0x4,
    0xff, 0xfd, 0x0, 0x0, 0x7, 0xff, 0xf9, 0x0,
    0x0, 0x3, 0xff, 0xfd, 0x0, 0x0, 0x7, 0xff,
    0xf9, 0x0, 0x0, 0x3, 0xff, 0xfd, 0x0, 0x0,
    0x7, 0xff, 0xf9, 0x0, 0x0, 0x3, 0xff, 0xfd,
    0x0, 0x0, 0x7, 0xff, 0xf9, 0x0, 0x0, 0x3,
    0xff, 0xfd, 0x0, 0x0, 0x7, 0xff, 0xf9, 0x0,
    0x0, 0x3, 0xff, 0xfd, 0x0, 0x0, 0x7, 0xff,
    0xf9, 0x0, 0x0, 0x3, 0xff, 0xfd, 0x0, 0x0,
    0x7, 0xff, 0xf9, 0x0, 0x0, 0x3, 0xff, 0xfd,

    /* U+014A "Ŋ" */
    0xdf, 0xfe, 0x20, 0x0, 0x0, 0x0, 0x5f, 0xff,
    0xdd, 0xff, 0xfd, 0x0, 0x0, 0x0, 0x5, 0xff,
    0xfd, 0xdf, 0xff, 0xfb, 0x0, 0x0, 0x0, 0x5f,
    0xff, 0xdd, 0xff, 0xff, 0xf8, 0x0, 0x0, 0x5,
    0xff, 0xfd, 0xdf, 0xff, 0xff, 0xf5, 0x0, 0x0,
    0x5f, 0xff, 0xdd, 0xff, 0xff, 0xff, 0xf3, 0x0,
    0x5, 0xff, 0xfd, 0xdf, 0xff, 0xff, 0xff, 0xe1,
    0x0, 0x5f, 0xff, 0xdd, 0xff, 0xfa, 0xff, 0xff,
    0xc0, 0x5, 0xff, 0xfd, 0xdf, 0xff, 0x57, 0xff,
    0xff, 0xa0, 0x5f, 0xff, 0xdd, 0xff, 0xf5, 0xa,
    0xff, 0xff, 0x75, 0xff, 0xfd, 0xdf, 0xff, 0x50,
    0xc, 0xff, 0xff, 0xaf, 0xff, 0xdd, 0xff, 0xf5,
    0x0, 0x1e, 0xff, 0xff, 0xff, 0xfd, 0xdf, 0xff,
    0x50, 0x0, 0x3f, 0xff, 0xff, 0xff, 0xdd, 0xff,
    0xf5, 0x0, 0x0, 0x5f, 0xff, 0xff, 0xfd, 0xdf,
    0xff, 0x50, 0x0, 0x0, 0x8f, 0xff, 0xff, 0xdd,
    0xff, 0xf5, 0x0, 0x0, 0x0, 0xaf, 0xff, 0xfd,
    0xdf, 0xff, 0x50, 0x0, 0x0, 0x0, 0xdf, 0xff,
    0xdd, 0xff, 0xf5, 0x0, 0x0, 0x0, 0x6, 0xff,
    0xfb, 0x0, 0x0, 0x0, 0x3, 0x0, 0x0, 0xbf,
    0xff, 0x90, 0x0, 0x0, 0x3, 0xfc, 0x76, 0xbf,
    0xff, 0xf4, 0x0, 0x0, 0x0, 0xdf, 0xff, 0xff,
    0xff, 0xfb, 0x0, 0x0, 0x0, 0x2e, 0xff, 0xff,
    0xff, 0xfc, 0x10, 0x0, 0x0, 0x0, 0x7, 0xce,
    0xfe, 0xb6, 0x0, 0x0,

    /* U+014B "ŋ" */
    0x2f, 0xff, 0xc0, 0x7c, 0xef, 0xea, 0x30, 0x0,
    0x2f, 0xff, 0xdd, 0xff, 0xff, 0xff, 0xf7, 0x0,
    0x2f, 0xff, 0xff, 0xff, 0xff, 0xff, 0xff, 0x40,
    0x2f, 0xff, 0xff, 0xc6, 0x48, 0xff, 0xff, 0xb0,
    0x2f, 0xff, 0xfa, 0x0, 0x0, 0x6f, 0xff, 0xf0,
    0x2f, 0xff, 0xf2, 0x0, 0x0, 0xf, 0xff, 0xf1,
    0x2f, 0xff, 0xf0, 0x0, 0x0, 0xe, 0xff, 0xf2,
    0x2f, 0xff, 0xe0, 0x0, 0x0, 0xe, 0xff, 0xf2,
    0x2f, 0xff, 0xe0, 0x0, 0x0, 0xe, 0xff, 0xf2,
    0x2f, 0xff, 0xe0, 0x0, 0x0, 0xe, 0xff, 0xf2,
    0x2f, 0xff, 0xe0, 0x0, 0x0, 0xe, 0xff, 0xf2,
    0x2f, 0xff, 0xe0, 0x0, 0x0, 0xe, 0xff, 0xf2,
    0x2f, 0xff, 0xe0, 0x0, 0x0, 0xe, 0xff, 0xf2,
    0x2f, 0xff, 0xe0, 0x0, 0x0, 0xe, 0xff, 0xf2,
    0x0, 0x0, 0x0, 0x0, 0x0, 0xf, 0xff, 0xf1,
    0x0, 0x0, 0x0, 0x3, 0x53, 0x9f, 0xff, 0xf0,
    0x0, 0x0, 0x0, 0xb, 0xff, 0xff, 0xff, 0x90,
    0x0, 0x0, 0x0, 0x1f, 0xff, 0xff, 0xfc, 0x0,
    0x0, 0x0, 0x0, 0x19, 0xdf, 0xfd, 0x70, 0x0,

    /* U+014C "Ō" */
    0x0, 0x0, 0xd, 0xff, 0xff, 0xff, 0xff, 0xc0,
    0x0, 0x0, 0x0, 0x0, 0xd, 0xff, 0xff, 0xff,
    0xff, 0xc0, 0x0, 0x0, 0x0, 0x0, 0x3, 0x44,
    0x44, 0x44, 0x44, 0x30, 0x0, 0x0, 0x0, 0x0,
    0x0, 0x0, 0x0, 0x0, 0x0, 0x0, 0x0, 0x0,
    0x0, 0x0, 0x0, 0x0, 0x0, 0x0, 0x0, 0x0,
    0x0, 0x0, 0x0, 0x0, 0x1, 0x7b, 0xef, 0xfd,
    0xb7, 0x10, 0x0, 0x0, 0x0, 0x0, 0x9f, 0xff,
    0xff, 0xff, 0xff, 0xf9, 0x0, 0x0, 0x0, 0x2d,
    0xff, 0xff, 0xff, 0xff, 0xff, 0xff, 0xd2, 0x0,
    0x1, 0xef, 0xff, 0xff, 0xb9, 0x9c, 0xff, 0xff,
    0xfd, 0x10, 0xb, 0xff, 0xff, 0xa1, 0x0, 0x0,
    0x1b, 0xff, 0xff, 0xa0, 0x4f, 0xff, 0xf8, 0x0,
    0x0, 0x0, 0x0, 0x9f, 0xff, 0xf3, 0x9f, 0xff,
    0xd0, 0x0, 0x0, 0x0, 0x0, 0xe, 0xff, 0xf8,
    0xdf, 0xff, 0x80, 0x0, 0x0, 0x0, 0x0, 0x8,
    0xff, 0xfc, 0xef, 0xff, 0x50, 0x0, 0x0, 0x0,
    0x0, 0x6, 0xff, 0xfe, 0xff, 0xff, 0x50, 0x0,
    0x0, 0x0, 0x0, 0x6, 0xff, 0xfe, 0xdf, 0xff,
    0x80, 0x0, 0x0, 0x0, 0x0, 0x8, 0xff, 0xfc,
    0x9f, 0xff, 0xd0, 0x0, 0x0, 0x0, 0x0, 0xe,
    0xff, 0xf8, 0x4f, 0xff, 0xf8, 0x0, 0x0, 0x0,
    0x0, 0x9f, 0xff, 0xf3, 0xb, 0xff, 0xff, 0xa1,
    0x0, 0x0, 0x1b, 0xff, 0xff, 0xa0, 0x1, 0xef,
    0xff, 0xff, 0xb9, 0x9c, 0xff, 0xff, 0xfd, 0x10,
    0x0, 0x2d, 0xff, 0xff, 0xff, 0xff, 0xff, 0xff,
    0xd2, 0x0, 0x0, 0x0, 0x9f, 0xff, 0xff, 0xff,
    0xff, 0xf9, 0x0, 0x0, 0x0, 0x0, 0x1, 0x7b,
    0xef, 0xfe, 0xb7, 0x10, 0x0, 0x0,

    /* U+014D "ō" */
    0x0, 0x5, 0xff, 0xff, 0xff, 0xff, 0xf4, 0x0,
    0x0, 0x0, 0x5f, 0xff, 0xff, 0xff, 0xff, 0x40,
    0x0, 0x0, 0x1, 0x44, 0x44, 0x44, 0x44, 0x41,
    0x0, 0x0, 0x0, 0x0, 0x0, 0x0, 0x0, 0x0,
    0x0, 0x0, 0x0, 0x0, 0x0, 0x0, 0x0, 0x0,
    0x0, 0x0, 0x0, 0x0, 0x1, 0x6c, 0xef, 0xec,
    0x71, 0x0, 0x0, 0x0, 0x5, 0xff, 0xff, 0xff,
    0xff, 0xf6, 0x0, 0x0, 0x7, 0xff, 0xff, 0xff,
    0xff, 0xff, 0xf7, 0x0, 0x3, 0xff, 0xff, 0xe7,
    0x57, 0xdf, 0xff, 0xf3, 0x0, 0xaf, 0xff, 0xc0,
    0x0, 0x0, 0xbf, 0xff, 0xb0, 0xf, 0xff, 0xf3,
    0x0, 0x0, 0x2, 0xff, 0xff, 0x1, 0xff, 0xff,
    0x0, 0x0, 0x0, 0xf, 0xff, 0xf2, 0x1f, 0xff,
    0xf0, 0x0, 0x0, 0x0, 0xff, 0xff, 0x20, 0xff,
    0xff, 0x30, 0x0, 0x0, 0x2f, 0xff, 0xf0, 0xa,
    0xff, 0xfc, 0x0, 0x0, 0xb, 0xff, 0xfb, 0x0,
    0x3f, 0xff, 0xfe, 0x75, 0x7d, 0xff, 0xff, 0x30,
    0x0, 0x7f, 0xff, 0xff, 0xff, 0xff, 0xff, 0x70,
    0x0, 0x0, 0x6f, 0xff, 0xff, 0xff, 0xff, 0x60,
    0x0, 0x0, 0x0, 0x17, 0xce, 0xfe, 0xc7, 0x10,
    0x0, 0x0,

    /* U+014E "Ŏ" */
    0x0, 0x0, 0x6, 0x86, 0x0, 0x0, 0x78, 0x50,
    0x0, 0x0, 0x0, 0x0, 0x9, 0xff, 0x60, 0x17,
    0xff, 0x80, 0x0, 0x0, 0x0, 0x0, 0x1, 0xef,
    0xff, 0xff, 0xfd, 0x10, 0x0, 0x0, 0x0, 0x0,
    0x0, 0x18, 0xef, 0xfe, 0x81, 0x0, 0x0, 0x0,
    0x0, 0x0, 0x0, 0x0, 0x0, 0x0, 0x0, 0x0,
    0x0, 0x0, 0x0, 0x0, 0x0, 0x0, 0x0, 0x0,
    0x0, 0x0, 0x0, 0x0, 0x0, 0x0, 0x1, 0x7b,
    0xef, 0xfd, 0xb7, 0x10, 0x0, 0x0, 0x0, 0x0,
    0x9f, 0xff, 0xff, 0xff, 0xff, 0xf9, 0x0, 0x0,
    0x0, 0x2d, 0xff, 0xff, 0xff, 0xff, 0xff, 0xff,
    0xd2, 0x0, 0x1, 0xef, 0xff, 0xff, 0xb9, 0x9c,
    0xff, 0xff, 0xfd, 0x10, 0xb, 0xff, 0xff, 0xa1,
    0x0, 0x0, 0x1b, 0xff, 0xff, 0xa0, 0x4f, 0xff,
    0xf8, 0x0, 0x0, 0x0, 0x0, 0x9f, 0xff, 0xf3,
    0x9f, 0xff, 0xd0, 0x0, 0x0, 0x0, 0x0, 0xe,
    0xff, 0xf8, 0xdf, 0xff, 0x80, 0x0, 0x0, 0x0,
    0x0, 0x8, 0xff, 0xfc, 0xef, 0xff, 0x50, 0x0,
    0x0, 0x0, 0x0, 0x6, 0xff, 0xfe, 0xff, 0xff,
    0x50, 0x0, 0x0, 0x0, 0x0, 0x6, 0xff, 0xfe,
    0xdf, 0xff, 0x80, 0x0, 0x0, 0x0, 0x0, 0x8,
    0xff, 0xfc, 0x9f, 0xff, 0xd0, 0x0, 0x0, 0x0,
    0x0, 0xe, 0xff, 0xf8, 0x4f, 0xff, 0xf8, 0x0,
    0x0, 0x0, 0x0, 0x9f, 0xff, 0xf3, 0xb, 0xff,
    0xff, 0xa1, 0x0, 0x0, 0x1b, 0xff, 0xff, 0xa0,
    0x1, 0xef, 0xff, 0xff, 0xb9, 0x9c, 0xff, 0xff,
    0xfd, 0x10, 0x0, 0x2d, 0xff, 0xff, 0xff, 0xff,
    0xff, 0xff, 0xd2, 0x0, 0x0, 0x0, 0x9f, 0xff,
    0xff, 0xff, 0xff, 0xf9, 0x0, 0x0, 0x0, 0x0,
    0x1, 0x7b, 0xef, 0xfe, 0xb7, 0x10, 0x0, 0x0,

    /* U+014F "ŏ" */
    0x0, 0x2, 0x88, 0x20, 0x0, 0x28, 0x81, 0x0,
    0x0, 0x0, 0x1f, 0xfc, 0x20, 0x3d, 0xff, 0x10,
    0x0, 0x0, 0x0, 0x8f, 0xff, 0xff, 0xff, 0x70,
    0x0, 0x0, 0x0, 0x0, 0x4c, 0xff, 0xfb, 0x40,
    0x0, 0x0, 0x0, 0x0, 0x0, 0x0, 0x0, 0x0,
    0x0, 0x0, 0x0, 0x0, 0x0, 0x0, 0x0, 0x0,
    0x0, 0x0, 0x0, 0x0, 0x0, 0x16, 0xce, 0xfe,
    0xc7, 0x10, 0x0, 0x0, 0x0, 0x5f, 0xff, 0xff,
    0xff, 0xff, 0x60, 0x0, 0x0, 0x7f, 0xff, 0xff,
    0xff, 0xff, 0xff, 0x70, 0x0, 0x3f, 0xff, 0xfe,
    0x75, 0x7d, 0xff, 0xff, 0x30, 0xa, 0xff, 0xfc,
    0x0, 0x0, 0xb, 0xff, 0xfb, 0x0, 0xff, 0xff,
    0x30, 0x0, 0x0, 0x2f, 0xff, 0xf0, 0x1f, 0xff,
    0xf0, 0x0, 0x0, 0x0, 0xff, 0xff, 0x21, 0xff,
    0xff, 0x0, 0x0, 0x0, 0xf, 0xff, 0xf2, 0xf,
    0xff, 0xf3, 0x0, 0x0, 0x2, 0xff, 0xff, 0x0,
    0xaf, 0xff, 0xc0, 0x0, 0x0, 0xbf, 0xff, 0xb0,
    0x3, 0xff, 0xff, 0xe7, 0x57, 0xdf, 0xff, 0xf3,
    0x0, 0x7, 0xff, 0xff, 0xff, 0xff, 0xff, 0xf7,
    0x0, 0x0, 0x6, 0xff, 0xff, 0xff, 0xff, 0xf6,
    0x0, 0x0, 0x0, 0x1, 0x7c, 0xef, 0xec, 0x71,
    0x0, 0x0,

    /* U+0150 "Ő" */
    0x0, 0x0, 0x0, 0x4, 0xbb, 0xb3, 0x2b, 0xbb,
    0x50, 0x0, 0x0, 0x0, 0x0, 0xd, 0xff, 0xa0,
    0x9f, 0xfd, 0x0, 0x0, 0x0, 0x0, 0x0, 0x6f,
    0xfd, 0x2, 0xff, 0xf3, 0x0, 0x0, 0x0, 0x0,
    0x0, 0xdf, 0xf3, 0xa, 0xff, 0x70, 0x0, 0x0,
    0x0, 0x0, 0x0, 0x0, 0x0, 0x0, 0x0, 0x0,
    0x0, 0x0, 0x0, 0x0, 0x0, 0x0, 0x0, 0x0,
    0x0, 0x0, 0x0, 0x0, 0x0, 0x0, 0x1, 0x7b,
    0xef, 0xfd, 0xb7, 0x10, 0x0, 0x0, 0x0, 0x0,
    0x9f, 0xff, 0xff, 0xff, 0xff, 0xf9, 0x0, 0x0,
    0x0, 0x2d, 0xff, 0xff, 0xff, 0xff, 0xff, 0xff,
    0xd2, 0x0, 0x1, 0xef, 0xff, 0xff, 0xb9, 0x9c,
    0xff, 0xff, 0xfd, 0x10, 0xb, 0xff, 0xff, 0xa1,
    0x0, 0x0, 0x1b, 0xff, 0xff, 0xa0, 0x4f, 0xff,
    0xf8, 0x0, 0x0, 0x0, 0x0, 0x9f, 0xff, 0xf3,
    0x9f, 0xff, 0xd0, 0x0, 0x0, 0x0, 0x0, 0xe,
    0xff, 0xf8, 0xdf, 0xff, 0x80, 0x0, 0x0, 0x0,
    0x0, 0x8, 0xff, 0xfc, 0xef, 0xff, 0x50, 0x0,
    0x0, 0x0, 0x0, 0x6, 0xff, 0xfe, 0xff, 0xff,
    0x50, 0x0, 0x0, 0x0, 0x0, 0x6, 0xff, 0xfe,
    0xdf, 0xff, 0x80, 0x0, 0x0, 0x0, 0x0, 0x8,
    0xff, 0xfc, 0x9f, 0xff, 0xd0, 0x0, 0x0, 0x0,
    0x0, 0xe, 0xff, 0xf8, 0x4f, 0xff, 0xf8, 0x0,
    0x0, 0x0, 0x0, 0x9f, 0xff, 0xf3, 0xb, 0xff,
    0xff, 0xa1, 0x0, 0x0, 0x1b, 0xff, 0xff, 0xa0,
    0x1, 0xef, 0xff, 0xff, 0xb9, 0x9c, 0xff, 0xff,
    0xfd, 0x10, 0x0, 0x2d, 0xff, 0xff, 0xff, 0xff,
    0xff, 0xff, 0xd2, 0x0, 0x0, 0x0, 0x9f, 0xff,
    0xff, 0xff, 0xff, 0xf9, 0x0, 0x0, 0x0, 0x0,
    0x1, 0x7b, 0xef, 0xfe, 0xb7, 0x10, 0x0, 0x0,

    /* U+0151 "ő" */
    0x0, 0x0, 0x0, 0xab, 0xb8, 0x7, 0xbb, 0xa0,
    0x0, 0x0, 0x0, 0x5f, 0xff, 0x32, 0xff, 0xf6,
    0x0, 0x0, 0x0, 0xd, 0xff, 0x60, 0x9f, 0xfa,
    0x0, 0x0, 0x0, 0x5, 0xff, 0xb0, 0x2f, 0xfe,
    0x10, 0x0, 0x0, 0x0, 0x0, 0x0, 0x0, 0x0,
    0x0, 0x0, 0x0, 0x0, 0x0, 0x0, 0x0, 0x0,
    0x0, 0x0, 0x0, 0x0, 0x0, 0x16, 0xce, 0xfe,
    0xc7, 0x10, 0x0, 0x0, 0x0, 0x5f, 0xff, 0xff,
    0xff, 0xff, 0x60, 0x0, 0x0, 0x7f, 0xff, 0xff,
    0xff, 0xff, 0xff, 0x70, 0x0, 0x3f, 0xff, 0xfe,
    0x75, 0x7d, 0xff, 0xff, 0x30, 0xa, 0xff, 0xfc,
    0x0, 0x0, 0xb, 0xff, 0xfb, 0x0, 0xff, 0xff,
    0x30, 0x0, 0x0, 0x2f, 0xff, 0xf0, 0x1f, 0xff,
    0xf0, 0x0, 0x0, 0x0, 0xff, 0xff, 0x21, 0xff,
    0xff, 0x0, 0x0, 0x0, 0xf, 0xff, 0xf2, 0xf,
    0xff, 0xf3, 0x0, 0x0, 0x2, 0xff, 0xff, 0x0,
    0xaf, 0xff, 0xc0, 0x0, 0x0, 0xbf, 0xff, 0xb0,
    0x3, 0xff, 0xff, 0xe7, 0x57, 0xdf, 0xff, 0xf3,
    0x0, 0x7, 0xff, 0xff, 0xff, 0xff, 0xff, 0xf7,
    0x0, 0x0, 0x6, 0xff, 0xff, 0xff, 0xff, 0xf6,
    0x0, 0x0, 0x0, 0x1, 0x7c, 0xef, 0xec, 0x71,
    0x0, 0x0,

    /* U+0152 "Œ" */
    0x0, 0x0, 0x2, 0x8c, 0xef, 0xff, 0xff, 0xff,
    0xff, 0xff, 0xff, 0xff, 0xff, 0xf0, 0x0, 0x1,
    0xaf, 0xff, 0xff, 0xff, 0xff, 0xff, 0xff, 0xff,
    0xff, 0xff, 0xff, 0xf0, 0x0, 0x3e, 0xff, 0xff,
    0xff, 0xff, 0xff, 0xff, 0xff, 0xff, 0xff, 0xff,
    0xff, 0xf0, 0x2, 0xef, 0xff, 0xfe, 0x86, 0x55,
    0x5d, 0xff, 0xf9, 0x55, 0x55, 0x55, 0x55, 0x50,
    0xd, 0xff, 0xff, 0x70, 0x0, 0x0, 0xc, 0xff,
    0xf7, 0x0, 0x0, 0x0, 0x0, 0x0, 0x5f, 0xff,
    0xf6, 0x0, 0x0, 0x0, 0xc, 0xff, 0xf7, 0x0,
    0x0, 0x0, 0x0, 0x0, 0xaf, 0xff, 0xd0, 0x0,
    0x0, 0x0, 0xc, 0xff, 0xf7, 0x0, 0x0, 0x0,
    0x0, 0x0, 0xdf, 0xff, 0x70, 0x0, 0x0, 0x0,
    0xc, 0xff, 0xff, 0xff, 0xff, 0xff, 0xfe, 0x0,
    0xff, 0xff, 0x50, 0x0, 0x0, 0x0, 0xc, 0xff,
    0xff, 0xff, 0xff, 0xff, 0xfe, 0x0, 0xff, 0xff,
    0x50, 0x0, 0x0, 0x0, 0xc, 0xff, 0xff, 0xff,
    0xff, 0xff, 0xfe, 0x0, 0xdf, 0xff, 0x70, 0x0,
    0x0, 0x0, 0xc, 0xff, 0xf9, 0x33, 0x33, 0x33,
    0x33, 0x0, 0xaf, 0xff, 0xc0, 0x0, 0x0, 0x0,
    0xc, 0xff, 0xf7, 0x0, 0x0, 0x0, 0x0, 0x0,
    0x5f, 0xff, 0xf6, 0x0, 0x0, 0x0, 0xc, 0xff,
    0xf7, 0x0, 0x0, 0x0, 0x0, 0x0, 0xd, 0xff,
    0xff, 0x70, 0x0, 0x0, 0xc, 0xff, 0xf7, 0x0,
    0x0, 0x0, 0x0, 0x0, 0x2, 0xef, 0xff, 0xfd,
    0x86, 0x55, 0x5d, 0xff, 0xf9, 0x55, 0x55, 0x55,
    0x55, 0x51, 0x0, 0x3e, 0xff, 0xff, 0xff, 0xff,
    0xff, 0xff, 0xff, 0xff, 0xff, 0xff, 0xff, 0xf5,
    0x0, 0x1, 0xaf, 0xff, 0xff, 0xff, 0xff, 0xff,
    0xff, 0xff, 0xff, 0xff, 0xff, 0xf5, 0x0, 0x0,
    0x2, 0x8c, 0xef, 0xff, 0xff, 0xff, 0xff, 0xff,
    0xff, 0xff, 0xff, 0xf5,

    /* U+0153 "œ" */
    0x0, 0x0, 0x17, 0xce, 0xfe, 0xb6, 0x0, 0x0,
    0x5b, 0xef, 0xeb, 0x60, 0x0, 0x0, 0x0, 0x5f,
    0xff, 0xff, 0xff, 0xfd, 0x32, 0xdf, 0xff, 0xff,
    0xff, 0xe4, 0x0, 0x0, 0x7f, 0xff, 0xff, 0xff,
    0xff, 0xff, 0xef, 0xff, 0xff, 0xff, 0xff, 0xf3,
    0x0, 0x3f, 0xff, 0xfe, 0x75, 0x7d, 0xff, 0xff,
    0xff, 0x93, 0x12, 0x9f, 0xff, 0xe0, 0xa, 0xff,
    0xfc, 0x0, 0x0, 0xb, 0xff, 0xff, 0x90, 0x0,
    0x0, 0x8f, 0xff, 0x60, 0xff, 0xff, 0x30, 0x0,
    0x0, 0x2f, 0xff, 0xf7, 0x55, 0x55, 0x56, 0xff,
    0xfa, 0x1f, 0xff, 0xf0, 0x0, 0x0, 0x0, 0xff,
    0xff, 0xff, 0xff, 0xff, 0xff, 0xff, 0xc1, 0xff,
    0xff, 0x0, 0x0, 0x0, 0xf, 0xff, 0xff, 0xff,
    0xff, 0xff, 0xff, 0xfc, 0xf, 0xff, 0xf2, 0x0,
    0x0, 0x2, 0xff, 0xff, 0x50, 0x0, 0x0, 0x0,
    0x0, 0x0, 0xaf, 0xff, 0xb0, 0x0, 0x0, 0xbf,
    0xff, 0xfd, 0x10, 0x0, 0x0, 0x50, 0x0, 0x3,
    0xff, 0xff, 0xd6, 0x36, 0xdf, 0xff, 0xff, 0xfe,
    0x74, 0x36, 0xcf, 0xa0, 0x0, 0x7, 0xff, 0xff,
    0xff, 0xff, 0xff, 0xfe, 0xff, 0xff, 0xff, 0xff,
    0xff, 0x80, 0x0, 0x6, 0xff, 0xff, 0xff, 0xff,
    0xd3, 0x1b, 0xff, 0xff, 0xff, 0xff, 0xd2, 0x0,
    0x0, 0x1, 0x7c, 0xef, 0xeb, 0x60, 0x0, 0x4,
    0xad, 0xff, 0xea, 0x50, 0x0,

    /* U+0154 "Ŕ" */
    0x0, 0x0, 0x0, 0x0, 0xcf, 0xff, 0x60, 0x0,
    0x0, 0x0, 0x0, 0x0, 0xcf, 0xfd, 0x20, 0x0,
    0x0, 0x0, 0x0, 0x0, 0xcf, 0xfa, 0x0, 0x0,
    0x0, 0x0, 0x0, 0x0, 0x48, 0x85, 0x0, 0x0,
    0x0, 0x0, 0x0, 0x0, 0x0, 0x0, 0x0, 0x0,
    0x0, 0x0, 0xd, 0xff, 0xff, 0xff, 0xff, 0xeb,
    0x71, 0x0, 0x0, 0xdf, 0xff, 0xff, 0xff, 0xff,
    0xff, 0xf7, 0x0, 0xd, 0xff, 0xff, 0xff, 0xff,
    0xff, 0xff, 0xf8, 0x0, 0xdf, 0xff, 0x96, 0x66,
    0x7a, 0xff, 0xff, 0xf3, 0xd, 0xff, 0xf6, 0x0,
    0x0, 0x2, 0xff, 0xff, 0x90, 0xdf, 0xff, 0x60,
    0x0, 0x0, 0x8, 0xff, 0xfd, 0xd, 0xff, 0xf6,
    0x0, 0x0, 0x0, 0x6f, 0xff, 0xe0, 0xdf, 0xff,
    0x60, 0x0, 0x0, 0x8, 0xff, 0xfc, 0xd, 0xff,
    0xf6, 0x0, 0x0, 0x2, 0xef, 0xff, 0x90, 0xdf,
    0xff, 0x84, 0x44, 0x69, 0xff, 0xff, 0xf3, 0xd,
    0xff, 0xff, 0xff, 0xff, 0xff, 0xff, 0xf8, 0x0,
    0xdf, 0xff, 0xff, 0xff, 0xff, 0xff, 0xf7, 0x0,
    0xd, 0xff, 0xff, 0xff, 0xff, 0xff, 0xf7, 0x0,
    0x0, 0xdf, 0xff, 0x60, 0x0, 0x6f, 0xff, 0xf2,
    0x0, 0xd, 0xff, 0xf6, 0x0, 0x0, 0xbf, 0xff,
    0xc0, 0x0, 0xdf, 0xff, 0x60, 0x0, 0x1, 0xef,
    0xff, 0x80, 0xd, 0xff, 0xf6, 0x0, 0x0, 0x4,
    0xff, 0xff, 0x30, 0xdf, 0xff, 0x60, 0x0, 0x0,
    0x9, 0xff, 0xfd, 0x0,

    /* U+0155 "ŕ" */
    0x0, 0x0, 0x0, 0x68, 0x88, 0x30, 0x0, 0x0,
    0x8f, 0xff, 0x80, 0x0, 0x0, 0x6f, 0xff, 0x60,
    0x0, 0x0, 0x4f, 0xfe, 0x40, 0x0, 0x0, 0x7,
    0x88, 0x20, 0x0, 0x0, 0x0, 0x0, 0x0, 0x0,
    0x0, 0x2f, 0xff, 0xc0, 0x6c, 0xe8, 0x2, 0xff,
    0xfd, 0xdf, 0xff, 0x90, 0x2f, 0xff, 0xff, 0xff,
    0xf9, 0x2, 0xff, 0xff, 0xff, 0x97, 0x40, 0x2f,
    0xff, 0xfc, 0x10, 0x0, 0x2, 0xff, 0xff, 0x30,
    0x0, 0x0, 0x2f, 0xff, 0xf0, 0x0, 0x0, 0x2,
    0xff, 0xfe, 0x0, 0x0, 0x0, 0x2f, 0xff, 0xe0,
    0x0, 0x0, 0x2, 0xff, 0xfe, 0x0, 0x0, 0x0,
    0x2f, 0xff, 0xe0, 0x0, 0x0, 0x2, 0xff, 0xfe,
    0x0, 0x0, 0x0, 0x2f, 0xff, 0xe0, 0x0, 0x0,
    0x2, 0xff, 0xfe, 0x0, 0x0, 0x0,

    /* U+0156 "Ŗ" */
    0xdf, 0xff, 0xff, 0xff, 0xfe, 0xb7, 0x10, 0x0,
    0xd, 0xff, 0xff, 0xff, 0xff, 0xff, 0xff, 0x70,
    0x0, 0xdf, 0xff, 0xff, 0xff, 0xff, 0xff, 0xff,
    0x80, 0xd, 0xff, 0xf9, 0x66, 0x67, 0xaf, 0xff,
    0xff, 0x30, 0xdf, 0xff, 0x60, 0x0, 0x0, 0x2f,
    0xff, 0xf9, 0xd, 0xff, 0xf6, 0x0, 0x0, 0x0,
    0x8f, 0xff, 0xd0, 0xdf, 0xff, 0x60, 0x0, 0x0,
    0x6, 0xff, 0xfe, 0xd, 0xff, 0xf6, 0x0, 0x0,
    0x0, 0x8f, 0xff, 0xc0, 0xdf, 0xff, 0x60, 0x0,
    0x0, 0x2e, 0xff, 0xf9, 0xd, 0xff, 0xf8, 0x44,
    0x46, 0x9f, 0xff, 0xff, 0x30, 0xdf, 0xff, 0xff,
    0xff, 0xff, 0xff, 0xff, 0x80, 0xd, 0xff, 0xff,
    0xff, 0xff, 0xff, 0xff, 0x70, 0x0, 0xdf, 0xff,
    0xff, 0xff, 0xff, 0xff, 0x70, 0x0, 0xd, 0xff,
    0xf6, 0x0, 0x6, 0xff, 0xff, 0x20, 0x0, 0xdf,
    0xff, 0x60, 0x0, 0xb, 0xff, 0xfc, 0x0, 0xd,
    0xff, 0xf6, 0x0, 0x0, 0x1e, 0xff, 0xf8, 0x0,
    0xdf, 0xff, 0x60, 0x0, 0x0, 0x4f, 0xff, 0xf3,
    0xd, 0xff, 0xf6, 0x0, 0x0, 0x0, 0x9f, 0xff,
    0xd0, 0x0, 0x0, 0x0, 0x0, 0x0, 0x0, 0x0,
    0x0, 0x0, 0x0, 0x0, 0x0, 0x0, 0x0, 0x0,
    0x0, 0x0, 0x0, 0x0, 0x0, 0xbf, 0xb0, 0x0,
    0x0, 0x0, 0x0, 0x0, 0x0, 0x3f, 0xff, 0x40,
    0x0, 0x0, 0x0, 0x0, 0x0, 0x0, 0xcf, 0xf1,
    0x0, 0x0, 0x0, 0x0, 0x0, 0x0, 0x8, 0xfa,
    0x0, 0x0, 0x0, 0x0, 0x0, 0x0, 0x0, 0xce,
    0x20, 0x0, 0x0, 0x0, 0x0,

    /* U+0157 "ŗ" */
    0x2f, 0xff, 0xc0, 0x6c, 0xe8, 0x2f, 0xff, 0xdd,
    0xff, 0xf9, 0x2f, 0xff, 0xff, 0xff, 0xf9, 0x2f,
    0xff, 0xff, 0xf9, 0x74, 0x2f, 0xff, 0xfc, 0x10,
    0x0, 0x2f, 0xff, 0xf3, 0x0, 0x0, 0x2f, 0xff,
    0xf0, 0x0, 0x0, 0x2f, 0xff, 0xe0, 0x0, 0x0,
    0x2f, 0xff, 0xe0, 0x0, 0x0, 0x2f, 0xff, 0xe0,
    0x0, 0x0, 0x2f, 0xff, 0xe0, 0x0, 0x0, 0x2f,
    0xff, 0xe0, 0x0, 0x0, 0x2f, 0xff, 0xe0, 0x0,
    0x0, 0x2f, 0xff, 0xe0, 0x0, 0x0, 0x0, 0x0,
    0x0, 0x0, 0x0, 0x0, 0x0, 0x0, 0x0, 0x0,
    0x4, 0xee, 0x50, 0x0, 0x0, 0xb, 0xff, 0xc0,
    0x0, 0x0, 0x5, 0xff, 0xa0, 0x0, 0x0, 0x0,
    0xff, 0x30, 0x0, 0x0, 0x4, 0xfa, 0x0, 0x0,
    0x0,

    /* U+0158 "Ř" */
    0x0, 0x1, 0x10, 0x0, 0x0, 0x11, 0x10, 0x0,
    0x0, 0x3, 0xff, 0xd2, 0x1, 0xdf, 0xf3, 0x0,
    0x0, 0x0, 0x3, 0xff, 0xe6, 0xef, 0xf4, 0x0,
    0x0, 0x0, 0x0, 0x4, 0xff, 0xff, 0xf5, 0x0,
    0x0, 0x0, 0x0, 0x0, 0x4, 0x88, 0x84, 0x0,
    0x0, 0x0, 0x0, 0x0, 0x0, 0x0, 0x0, 0x0,
    0x0, 0x0, 0x0, 0xdf, 0xff, 0xff, 0xff, 0xfe,
    0xb7, 0x10, 0x0, 0xd, 0xff, 0xff, 0xff, 0xff,
    0xff, 0xff, 0x70, 0x0, 0xdf, 0xff, 0xff, 0xff,
    0xff, 0xff, 0xff, 0x80, 0xd, 0xff, 0xf9, 0x66,
    0x67, 0xaf, 0xff, 0xff, 0x30, 0xdf, 0xff, 0x60,
    0x0, 0x0, 0x2f, 0xff, 0xf9, 0xd, 0xff, 0xf6,
    0x0, 0x0, 0x0, 0x8f, 0xff, 0xd0, 0xdf, 0xff,
    0x60, 0x0, 0x0, 0x6, 0xff, 0xfe, 0xd, 0xff,
    0xf6, 0x0, 0x0, 0x0, 0x8f, 0xff, 0xc0, 0xdf,
    0xff, 0x60, 0x0, 0x0, 0x2e, 0xff, 0xf9, 0xd,
    0xff, 0xf8, 0x44, 0x46, 0x9f, 0xff, 0xff, 0x30,
    0xdf, 0xff, 0xff, 0xff, 0xff, 0xff, 0xff, 0x80,
    0xd, 0xff, 0xff, 0xff, 0xff, 0xff, 0xff, 0x70,
    0x0, 0xdf, 0xff, 0xff, 0xff, 0xff, 0xff, 0x70,
    0x0, 0xd, 0xff, 0xf6, 0x0, 0x6, 0xff, 0xff,
    0x20, 0x0, 0xdf, 0xff, 0x60, 0x0, 0xb, 0xff,
    0xfc, 0x0, 0xd, 0xff, 0xf6, 0x0, 0x0, 0x1e,
    0xff, 0xf8, 0x0, 0xdf, 0xff, 0x60, 0x0, 0x0,
    0x4f, 0xff, 0xf3, 0xd, 0xff, 0xf6, 0x0, 0x0,
    0x0, 0x9f, 0xff, 0xd0,

    /* U+0159 "ř" */
    0x6, 0x87, 0x10, 0x0, 0x68, 0x81, 0x3, 0xff,
    0xe2, 0x9, 0xff, 0x90, 0x0, 0x4f, 0xfe, 0xbf,
    0xfb, 0x0, 0x0, 0x7, 0xff, 0xff, 0xd0, 0x0,
    0x0, 0x0, 0x68, 0x88, 0x10, 0x0, 0x0, 0x0,
    0x0, 0x0, 0x0, 0x0, 0x2, 0xff, 0xfc, 0x6,
    0xce, 0x80, 0x2, 0xff, 0xfd, 0xdf, 0xff, 0x90,
    0x2, 0xff, 0xff, 0xff, 0xff, 0x90, 0x2, 0xff,
    0xff, 0xff, 0x97, 0x40, 0x2, 0xff, 0xff, 0xc1,
    0x0, 0x0, 0x2, 0xff, 0xff, 0x30, 0x0, 0x0,
    0x2, 0xff, 0xff, 0x0, 0x0, 0x0, 0x2, 0xff,
    0xfe, 0x0, 0x0, 0x0, 0x2, 0xff, 0xfe, 0x0,
    0x0, 0x0, 0x2, 0xff, 0xfe, 0x0, 0x0, 0x0,
    0x2, 0xff, 0xfe, 0x0, 0x0, 0x0, 0x2, 0xff,
    0xfe, 0x0, 0x0, 0x0, 0x2, 0xff, 0xfe, 0x0,
    0x0, 0x0, 0x2, 0xff, 0xfe, 0x0, 0x0, 0x0,

    /* U+015A "Ś" */
    0x0, 0x0, 0x0, 0x0, 0x5, 0x88, 0x85, 0x0,
    0x0, 0x0, 0x0, 0x0, 0x4f, 0xff, 0xb0, 0x0,
    0x0, 0x0, 0x0, 0x3, 0xff, 0xf9, 0x0, 0x0,
    0x0, 0x0, 0x0, 0x2e, 0xff, 0x70, 0x0, 0x0,
    0x0, 0x0, 0x0, 0x58, 0x84, 0x0, 0x0, 0x0,
    0x0, 0x0, 0x0, 0x0, 0x0, 0x0, 0x0, 0x0,
    0x0, 0x0, 0x38, 0xce, 0xff, 0xdb, 0x72, 0x0,
    0x0, 0x1b, 0xff, 0xff, 0xff, 0xff, 0xff, 0xa0,
    0x0, 0xdf, 0xff, 0xff, 0xff, 0xff, 0xff, 0xb0,
    0x7, 0xff, 0xff, 0xb6, 0x56, 0x8c, 0xff, 0x40,
    0xc, 0xff, 0xf9, 0x0, 0x0, 0x0, 0x17, 0x0,
    0xe, 0xff, 0xf5, 0x0, 0x0, 0x0, 0x0, 0x0,
    0xc, 0xff, 0xfd, 0x40, 0x0, 0x0, 0x0, 0x0,
    0x6, 0xff, 0xff, 0xfe, 0xa7, 0x30, 0x0, 0x0,
    0x0, 0x8f, 0xff, 0xff, 0xff, 0xfe, 0x92, 0x0,
    0x0, 0x3, 0xaf, 0xff, 0xff, 0xff, 0xff, 0x70,
    0x0, 0x0, 0x0, 0x48, 0xcf, 0xff, 0xff, 0xf4,
    0x0, 0x0, 0x0, 0x0, 0x0, 0x6e, 0xff, 0xfb,
    0x0, 0x0, 0x0, 0x0, 0x0, 0x6, 0xff, 0xfd,
    0x2, 0xe6, 0x0, 0x0, 0x0, 0x9, 0xff, 0xfb,
    0x9, 0xff, 0xfb, 0x76, 0x57, 0xbf, 0xff, 0xf6,
    0x1f, 0xff, 0xff, 0xff, 0xff, 0xff, 0xff, 0xc0,
    0x6, 0xef, 0xff, 0xff, 0xff, 0xff, 0xfa, 0x0,
    0x0, 0x4, 0x8c, 0xef, 0xfe, 0xc8, 0x30, 0x0,

    /* U+015B "ś" */
    0x0, 0x0, 0x0, 0x2, 0x88, 0x87, 0x0, 0x0,
    0x0, 0x0, 0x2e, 0xff, 0xc2, 0x0, 0x0, 0x0,
    0x2, 0xef, 0xf9, 0x0, 0x0, 0x0, 0x0, 0x2e,
    0xff, 0x50, 0x0, 0x0, 0x0, 0x0, 0x0, 0x0,
    0x0, 0x0, 0x0, 0x0, 0x0, 0x0, 0x0, 0x0,
    0x0, 0x0, 0x0, 0x4, 0xad, 0xff, 0xec, 0x95,
    0x0, 0x0, 0xaf, 0xff, 0xff, 0xff, 0xff, 0x80,
    0x9, 0xff, 0xff, 0xff, 0xff, 0xff, 0x10, 0xf,
    0xff, 0xf6, 0x10, 0x25, 0xa9, 0x0, 0x1f, 0xff,
    0xd0, 0x0, 0x0, 0x0, 0x0, 0xf, 0xff, 0xfd,
    0x85, 0x30, 0x0, 0x0, 0x7, 0xff, 0xff, 0xff,
    0xff, 0xb4, 0x0, 0x0, 0x6c, 0xff, 0xff, 0xff,
    0xff, 0x60, 0x0, 0x0, 0x14, 0x7a, 0xef, 0xff,
    0xf0, 0x0, 0x0, 0x0, 0x0, 0xd, 0xff, 0xf2,
    0x8, 0xe9, 0x41, 0x1, 0x4e, 0xff, 0xf1, 0xf,
    0xff, 0xff, 0xff, 0xff, 0xff, 0xa0, 0x3f, 0xff,
    0xff, 0xff, 0xff, 0xfb, 0x0, 0x1, 0x6a, 0xdf,
    0xff, 0xda, 0x40, 0x0,

    /* U+015C "Ŝ" */
    0x0, 0x0, 0x0, 0x48, 0x88, 0x30, 0x0, 0x0,
    0x0, 0x0, 0x3, 0xff, 0xff, 0xf2, 0x0, 0x0,
    0x0, 0x0, 0x2e, 0xff, 0xaf, 0xfd, 0x10, 0x0,
    0x0, 0x1, 0xdf, 0xf4, 0x6, 0xff, 0xc0, 0x0,
    0x0, 0x4, 0x88, 0x30, 0x0, 0x48, 0x83, 0x0,
    0x0, 0x0, 0x0, 0x0, 0x0, 0x0, 0x0, 0x0,
    0x0, 0x0, 0x38, 0xce, 0xff, 0xdb, 0x72, 0x0,
    0x0, 0x1b, 0xff, 0xff, 0xff, 0xff, 0xff, 0xa0,
    0x0, 0xdf, 0xff, 0xff, 0xff, 0xff, 0xff, 0xb0,
    0x7, 0xff, 0xff, 0xb6, 0x56, 0x8c, 0xff, 0x40,
    0xc, 0xff, 0xf9, 0x0, 0x0, 0x0, 0x17, 0x0,
    0xe, 0xff, 0xf5, 0x0, 0x0, 0x0, 0x0, 0x0,
    0xc, 0xff, 0xfd, 0x40, 0x0, 0x0, 0x0, 0x0,
    0x6, 0xff, 0xff, 0xfe, 0xa7, 0x30, 0x0, 0x0,
    0x0, 0x8f, 0xff, 0xff, 0xff, 0xfe, 0x92, 0x0,
    0x0, 0x3, 0xaf, 0xff, 0xff, 0xff, 0xff, 0x70,
    0x0, 0x0, 0x0, 0x48, 0xcf, 0xff, 0xff, 0xf4,
    0x0, 0x0, 0x0, 0x0, 0x0, 0x6e, 0xff, 0xfb,
    0x0, 0x0, 0x0, 0x0, 0x0, 0x6, 0xff, 0xfd,
    0x2, 0xe6, 0x0, 0x0, 0x0, 0x9, 0xff, 0xfb,
    0x9, 0xff, 0xfb, 0x76, 0x57, 0xbf, 0xff, 0xf6,
    0x1f, 0xff, 0xff, 0xff, 0xff, 0xff, 0xff, 0xc0,
    0x6, 0xef, 0xff, 0xff, 0xff, 0xff, 0xfa, 0x0,
    0x0, 0x4, 0x8c, 0xef, 0xfe, 0xc8, 0x30, 0x0,

    /* U+015D "ŝ" */
    0x0, 0x0, 0x28, 0x88, 0x60, 0x0, 0x0, 0x0,
    0x1, 0xef, 0xff, 0xf8, 0x0, 0x0, 0x0, 0x1d,
    0xff, 0x7b, 0xff, 0x80, 0x0, 0x1, 0xdf, 0xe3,
    0x0, 0x8f, 0xf8, 0x0, 0x0, 0x0, 0x0, 0x0,
    0x0, 0x0, 0x0, 0x0, 0x0, 0x0, 0x0, 0x0,
    0x0, 0x0, 0x0, 0x4, 0xad, 0xff, 0xec, 0x95,
    0x0, 0x0, 0xaf, 0xff, 0xff, 0xff, 0xff, 0x80,
    0x9, 0xff, 0xff, 0xff, 0xff, 0xff, 0x10, 0xf,
    0xff, 0xf6, 0x10, 0x25, 0xa9, 0x0, 0x1f, 0xff,
    0xd0, 0x0, 0x0, 0x0, 0x0, 0xf, 0xff, 0xfd,
    0x85, 0x30, 0x0, 0x0, 0x7, 0xff, 0xff, 0xff,
    0xff, 0xb4, 0x0, 0x0, 0x6c, 0xff, 0xff, 0xff,
    0xff, 0x60, 0x0, 0x0, 0x14, 0x7a, 0xef, 0xff,
    0xf0, 0x0, 0x0, 0x0, 0x0, 0xd, 0xff, 0xf2,
    0x8, 0xe9, 0x41, 0x1, 0x4e, 0xff, 0xf1, 0xf,
    0xff, 0xff, 0xff, 0xff, 0xff, 0xa0, 0x3f, 0xff,
    0xff, 0xff, 0xff, 0xfb, 0x0, 0x1, 0x6a, 0xdf,
    0xff, 0xda, 0x40, 0x0,

    /* U+015E "Ş" */
    0x0, 0x0, 0x38, 0xce, 0xff, 0xdb, 0x72, 0x0,
    0x0, 0x1b, 0xff, 0xff, 0xff, 0xff, 0xff, 0xa0,
    0x0, 0xdf, 0xff, 0xff, 0xff, 0xff, 0xff, 0xb0,
    0x7, 0xff, 0xff, 0xb6, 0x56, 0x8c, 0xff, 0x40,
    0xc, 0xff, 0xf9, 0x0, 0x0, 0x0, 0x17, 0x0,
    0xe, 0xff, 0xf5, 0x0, 0x0, 0x0, 0x0, 0x0,
    0xc, 0xff, 0xfd, 0x40, 0x0, 0x0, 0x0, 0x0,
    0x6, 0xff, 0xff, 0xfe, 0xa7, 0x30, 0x0, 0x0,
    0x0, 0x8f, 0xff, 0xff, 0xff, 0xfe, 0x92, 0x0,
    0x0, 0x3, 0xaf, 0xff, 0xff, 0xff, 0xff, 0x70,
    0x0, 0x0, 0x0, 0x48, 0xcf, 0xff, 0xff, 0xf4,
    0x0, 0x0, 0x0, 0x0, 0x0, 0x6e, 0xff, 0xfb,
    0x0, 0x0, 0x0, 0x0, 0x0, 0x6, 0xff, 0xfd,
    0x2, 0xe6, 0x0, 0x0, 0x0, 0x9, 0xff, 0xfb,
    0x9, 0xff, 0xfb, 0x76, 0x57, 0xbf, 0xff, 0xf6,
    0x1f, 0xff, 0xff, 0xff, 0xff, 0xff, 0xff, 0xc0,
    0x6, 0xef, 0xff, 0xff, 0xff, 0xff, 0xfa, 0x0,
    0x0, 0x4, 0x8c, 0xef, 0xff, 0xc8, 0x30, 0x0,
    0x0, 0x0, 0x0, 0xe, 0xf4, 0x0, 0x0, 0x0,
    0x0, 0x0, 0x0, 0x1f, 0xfe, 0x70, 0x0, 0x0,
    0x0, 0x0, 0x0, 0x15, 0xaf, 0xf3, 0x0, 0x0,
    0x0, 0x0, 0x1, 0x20, 0x5f, 0xf5, 0x0, 0x0,
    0x0, 0x0, 0x8, 0xff, 0xff, 0xe1, 0x0, 0x0,
    0x0, 0x0, 0x6, 0xcd, 0xc8, 0x10, 0x0, 0x0,

    /* U+015F "ş" */
    0x0, 0x4, 0xad, 0xff, 0xec, 0x95, 0x0, 0x0,
    0xaf, 0xff, 0xff, 0xff, 0xff, 0x80, 0x9, 0xff,
    0xff, 0xff, 0xff, 0xff, 0x10, 0xf, 0xff, 0xf6,
    0x10, 0x25, 0xa9, 0x0, 0x1f, 0xff, 0xd0, 0x0,
    0x0, 0x0, 0x0, 0xf, 0xff, 0xfd, 0x85, 0x30,
    0x0, 0x0, 0x7, 0xff, 0xff, 0xff, 0xff, 0xb4,
    0x0, 0x0, 0x6c, 0xff, 0xff, 0xff, 0xff, 0x60,
    0x0, 0x0, 0x14, 0x7a, 0xef, 0xff, 0xf0, 0x0,
    0x0, 0x0, 0x0, 0xd, 0xff, 0xf2, 0x8, 0xe9,
    0x41, 0x1, 0x4e, 0xff, 0xf1, 0xf, 0xff, 0xff,
    0xff, 0xff, 0xff, 0xa0, 0x3f, 0xff, 0xff, 0xff,
    0xff, 0xfb, 0x0, 0x1, 0x6a, 0xdf, 0xff, 0xda,
    0x40, 0x0, 0x0, 0x0, 0x8, 0xfa, 0x0, 0x0,
    0x0, 0x0, 0x0, 0xc, 0xfe, 0x90, 0x0, 0x0,
    0x0, 0x0, 0x5, 0x7f, 0xf8, 0x0, 0x0, 0x0,
    0x0, 0x30, 0x1e, 0xfb, 0x0, 0x0, 0x0, 0x2,
    0xff, 0xff, 0xf5, 0x0, 0x0, 0x0, 0x2, 0xad,
    0xda, 0x30, 0x0, 0x0,

    /* U+0160 "Š" */
    0x0, 0x4, 0x88, 0x30, 0x0, 0x48, 0x83, 0x0,
    0x0, 0x1, 0xdf, 0xf4, 0x6, 0xff, 0xc0, 0x0,
    0x0, 0x0, 0x2e, 0xff, 0xaf, 0xfd, 0x10, 0x0,
    0x0, 0x0, 0x3, 0xff, 0xff, 0xf2, 0x0, 0x0,
    0x0, 0x0, 0x0, 0x48, 0x88, 0x30, 0x0, 0x0,
    0x0, 0x0, 0x0, 0x0, 0x0, 0x0, 0x0, 0x0,
    0x0, 0x0, 0x38, 0xce, 0xff, 0xdb, 0x72, 0x0,
    0x0, 0x1b, 0xff, 0xff, 0xff, 0xff, 0xff, 0xa0,
    0x0, 0xdf, 0xff, 0xff, 0xff, 0xff, 0xff, 0xb0,
    0x7, 0xff, 0xff, 0xb6, 0x56, 0x8c, 0xff, 0x40,
    0xc, 0xff, 0xf9, 0x0, 0x0, 0x0, 0x17, 0x0,
    0xe, 0xff, 0xf5, 0x0, 0x0, 0x0, 0x0, 0x0,
    0xc, 0xff, 0xfd, 0x40, 0x0, 0x0, 0x0, 0x0,
    0x6, 0xff, 0xff, 0xfe, 0xa7, 0x30, 0x0, 0x0,
    0x0, 0x8f, 0xff, 0xff, 0xff, 0xfe, 0x92, 0x0,
    0x0, 0x3, 0xaf, 0xff, 0xff, 0xff, 0xff, 0x70,
    0x0, 0x0, 0x0, 0x48, 0xcf, 0xff, 0xff, 0xf4,
    0x0, 0x0, 0x0, 0x0, 0x0, 0x6e, 0xff, 0xfb,
    0x0, 0x0, 0x0, 0x0, 0x0, 0x6, 0xff, 0xfd,
    0x2, 0xe6, 0x0, 0x0, 0x0, 0x9, 0xff, 0xfb,
    0x9, 0xff, 0xfb, 0x76, 0x57, 0xbf, 0xff, 0xf6,
    0x1f, 0xff, 0xff, 0xff, 0xff, 0xff, 0xff, 0xc0,
    0x6, 0xef, 0xff, 0xff, 0xff, 0xff, 0xfa, 0x0,
    0x0, 0x4, 0x8c, 0xef, 0xfe, 0xc8, 0x30, 0x0,

    /* U+0161 "š" */
    0x1, 0x78, 0x60, 0x0, 0x27, 0x86, 0x0, 0x0,
    0x7f, 0xfb, 0x4, 0xef, 0xe2, 0x0, 0x0, 0x7,
    0xff, 0xef, 0xfe, 0x20, 0x0, 0x0, 0x0, 0x8f,
    0xff, 0xe2, 0x0, 0x0, 0x0, 0x0, 0x0, 0x0,
    0x0, 0x0, 0x0, 0x0, 0x0, 0x0, 0x0, 0x0,
    0x0, 0x0, 0x0, 0x4, 0xad, 0xff, 0xec, 0x95,
    0x0, 0x0, 0xaf, 0xff, 0xff, 0xff, 0xff, 0x80,
    0x9, 0xff, 0xff, 0xff, 0xff, 0xff, 0x10, 0xf,
    0xff, 0xf6, 0x10, 0x25, 0xa9, 0x0, 0x1f, 0xff,
    0xd0, 0x0, 0x0, 0x0, 0x0, 0xf, 0xff, 0xfd,
    0x85, 0x30, 0x0, 0x0, 0x7, 0xff, 0xff, 0xff,
    0xff, 0xb4, 0x0, 0x0, 0x6c, 0xff, 0xff, 0xff,
    0xff, 0x60, 0x0, 0x0, 0x14, 0x7a, 0xef, 0xff,
    0xf0, 0x0, 0x0, 0x0, 0x0, 0xd, 0xff, 0xf2,
    0x8, 0xe9, 0x41, 0x1, 0x4e, 0xff, 0xf1, 0xf,
    0xff, 0xff, 0xff, 0xff, 0xff, 0xa0, 0x3f, 0xff,
    0xff, 0xff, 0xff, 0xfb, 0x0, 0x1, 0x6a, 0xdf,
    0xff, 0xda, 0x40, 0x0,

    /* U+0162 "Ţ" */
    0xef, 0xff, 0xff, 0xff, 0xff, 0xff, 0xff, 0xff,
    0xef, 0xff, 0xff, 0xff, 0xff, 0xff, 0xff, 0xff,
    0xef, 0xff, 0xff, 0xff, 0xff, 0xff, 0xff, 0xff,
    0x56, 0x66, 0x66, 0xff, 0xff, 0x76, 0x66, 0x65,
    0x0, 0x0, 0x1, 0xff, 0xff, 0x20, 0x0, 0x0,
    0x0, 0x0, 0x1, 0xff, 0xff, 0x20, 0x0, 0x0,
    0x0, 0x0, 0x1, 0xff, 0xff, 0x20, 0x0, 0x0,
    0x0, 0x0, 0x1, 0xff, 0xff, 0x20, 0x0, 0x0,
    0x0, 0x0, 0x1, 0xff, 0xff, 0x20, 0x0, 0x0,
    0x0, 0x0, 0x1, 0xff, 0xff, 0x20, 0x0, 0x0,
    0x0, 0x0, 0x1, 0xff, 0xff, 0x20, 0x0, 0x0,
    0x0, 0x0, 0x1, 0xff, 0xff, 0x20, 0x0, 0x0,
    0x0, 0x0, 0x1, 0xff, 0xff, 0x20, 0x0, 0x0,
    0x0, 0x0, 0x1, 0xff, 0xff, 0x20, 0x0, 0x0,
    0x0, 0x0, 0x1, 0xff, 0xff, 0x20, 0x0, 0x0,
    0x0, 0x0, 0x1, 0xff, 0xff, 0x20, 0x0, 0x0,
    0x0, 0x0, 0x1, 0xff, 0xff, 0x20, 0x0, 0x0,
    0x0, 0x0, 0x1, 0xff, 0xff, 0x20, 0x0, 0x0,
    0x0, 0x0, 0x0, 0x3f, 0xe0, 0x0, 0x0, 0x0,
    0x0, 0x0, 0x0, 0x7f, 0xe8, 0x0, 0x0, 0x0,
    0x0, 0x0, 0x0, 0x59, 0xef, 0xb0, 0x0, 0x0,
    0x0, 0x0, 0x1, 0x0, 0xbf, 0xf0, 0x0, 0x0,
    0x0, 0x0, 0xe, 0xee, 0xff, 0xa0, 0x0, 0x0,
    0x0, 0x0, 0x1b, 0xef, 0xd7, 0x0, 0x0, 0x0,

    /* U+0163 "ţ" */
    0x0, 0xaf, 0xff, 0x60, 0x0, 0x0, 0xa, 0xff,
    0xf6, 0x0, 0x0, 0x0, 0xaf, 0xff, 0x60, 0x0,
    0xc, 0xff, 0xff, 0xff, 0xff, 0xe0, 0xcf, 0xff,
    0xff, 0xff, 0xfe, 0xc, 0xff, 0xff, 0xff, 0xff,
    0xe0, 0x1, 0xaf, 0xff, 0x71, 0x10, 0x0, 0xa,
    0xff, 0xf6, 0x0, 0x0, 0x0, 0xaf, 0xff, 0x60,
    0x0, 0x0, 0xa, 0xff, 0xf6, 0x0, 0x0, 0x0,
    0xaf, 0xff, 0x60, 0x0, 0x0, 0xa, 0xff, 0xf6,
    0x0, 0x0, 0x0, 0x9f, 0xff, 0x80, 0x0, 0x0,
    0x7, 0xff, 0xfe, 0x53, 0x70, 0x0, 0x2f, 0xff,
    0xff, 0xff, 0x40, 0x0, 0x7f, 0xff, 0xff, 0xfa,
    0x0, 0x0, 0x4d, 0xff, 0xeb, 0x40, 0x0, 0x0,
    0x7f, 0xb0, 0x0, 0x0, 0x0, 0xb, 0xfe, 0x91,
    0x0, 0x0, 0x0, 0x57, 0xff, 0x90, 0x0, 0x0,
    0x30, 0x1e, 0xfc, 0x0, 0x0, 0x2f, 0xff, 0xff,
    0x60, 0x0, 0x2, 0xad, 0xda, 0x40, 0x0,

    /* U+0164 "Ť" */
    0x0, 0xa, 0xff, 0x60, 0x5, 0xff, 0xb0, 0x0,
    0x0, 0x0, 0xbf, 0xf9, 0x8f, 0xfc, 0x0, 0x0,
    0x0, 0x0, 0xb, 0xff, 0xff, 0xc0, 0x0, 0x0,
    0x0, 0x0, 0x0, 0x78, 0x87, 0x0, 0x0, 0x0,
    0x0, 0x0, 0x0, 0x0, 0x0, 0x0, 0x0, 0x0,
    0xef, 0xff, 0xff, 0xff, 0xff, 0xff, 0xff, 0xff,
    0xef, 0xff, 0xff, 0xff, 0xff, 0xff, 0xff, 0xff,
    0xef, 0xff, 0xff, 0xff, 0xff, 0xff, 0xff, 0xff,
    0x56, 0x66, 0x66, 0xff, 0xff, 0x76, 0x66, 0x65,
    0x0, 0x0, 0x1, 0xff, 0xff, 0x20, 0x0, 0x0,
    0x0, 0x0, 0x1, 0xff, 0xff, 0x20, 0x0, 0x0,
    0x0, 0x0, 0x1, 0xff, 0xff, 0x20, 0x0, 0x0,
    0x0, 0x0, 0x1, 0xff, 0xff, 0x20, 0x0, 0x0,
    0x0, 0x0, 0x1, 0xff, 0xff, 0x20, 0x0, 0x0,
    0x0, 0x0, 0x1, 0xff, 0xff, 0x20, 0x0, 0x0,
    0x0, 0x0, 0x1, 0xff, 0xff, 0x20, 0x0, 0x0,
    0x0, 0x0, 0x1, 0xff, 0xff, 0x20, 0x0, 0x0,
    0x0, 0x0, 0x1, 0xff, 0xff, 0x20, 0x0, 0x0,
    0x0, 0x0, 0x1, 0xff, 0xff, 0x20, 0x0, 0x0,
    0x0, 0x0, 0x1, 0xff, 0xff, 0x20, 0x0, 0x0,
    0x0, 0x0, 0x1, 0xff, 0xff, 0x20, 0x0, 0x0,
    0x0, 0x0, 0x1, 0xff, 0xff, 0x20, 0x0, 0x0,
    0x0, 0x0, 0x1, 0xff, 0xff, 0x20, 0x0, 0x0,

    /* U+0165 "ť" */
    0x0, 0x0, 0x0, 0x0, 0xdf, 0xf0, 0x0, 0x0,
    0x0, 0x0, 0xdf, 0xf0, 0x0, 0x0, 0x0, 0x0,
    0xdf, 0xd0, 0x0, 0x9f, 0xff, 0x60, 0xdf, 0xc0,
    0x0, 0xaf, 0xff, 0x60, 0xac, 0x80, 0x0, 0xaf,
    0xff, 0x60, 0x0, 0x0, 0xcf, 0xff, 0xff, 0xff,
    0xfe, 0x0, 0xcf, 0xff, 0xff, 0xff, 0xfe, 0x0,
    0xcf, 0xff, 0xff, 0xff, 0xfe, 0x0, 0x1, 0xaf,
    0xff, 0x71, 0x10, 0x0, 0x0, 0xaf, 0xff, 0x60,
    0x0, 0x0, 0x0, 0xaf, 0xff, 0x60, 0x0, 0x0,
    0x0, 0xaf, 0xff, 0x60, 0x0, 0x0, 0x0, 0xaf,
    0xff, 0x60, 0x0, 0x0, 0x0, 0xaf, 0xff, 0x60,
    0x0, 0x0, 0x0, 0x9f, 0xff, 0x80, 0x0, 0x0,
    0x0, 0x7f, 0xff, 0xe5, 0x37, 0x0, 0x0, 0x2f,
    0xff, 0xff, 0xff, 0x40, 0x0, 0x7, 0xff, 0xff,
    0xff, 0xa0, 0x0, 0x0, 0x4b, 0xef, 0xeb, 0x40,

    /* U+0166 "Ŧ" */
    0xef, 0xff, 0xff, 0xff, 0xff, 0xff, 0xff, 0xff,
    0xef, 0xff, 0xff, 0xff, 0xff, 0xff, 0xff, 0xff,
    0xef, 0xff, 0xff, 0xff, 0xff, 0xff, 0xff, 0xff,
    0x56, 0x66, 0x66, 0xff, 0xff, 0x76, 0x66, 0x65,
    0x0, 0x0, 0x1, 0xff, 0xff, 0x20, 0x0, 0x0,
    0x0, 0x0, 0x1, 0xff, 0xff, 0x20, 0x0, 0x0,
    0x0, 0x0, 0x1, 0xff, 0xff, 0x20, 0x0, 0x0,
    0x0, 0x0, 0x1, 0xff, 0xff, 0x20, 0x0, 0x0,
    0x0, 0x8f, 0xff, 0xff, 0xff, 0xff, 0xf9, 0x0,
    0x0, 0x8f, 0xff, 0xff, 0xff, 0xff, 0xf9, 0x0,
    0x0, 0x6c, 0xcc, 0xff, 0xff, 0xcc, 0xc7, 0x0,
    0x0, 0x0, 0x1, 0xff, 0xff, 0x20, 0x0, 0x0,
    0x0, 0x0, 0x1, 0xff, 0xff, 0x20, 0x0, 0x0,
    0x0, 0x0, 0x1, 0xff, 0xff, 0x20, 0x0, 0x0,
    0x0, 0x0, 0x1, 0xff, 0xff, 0x20, 0x0, 0x0,
    0x0, 0x0, 0x1, 0xff, 0xff, 0x20, 0x0, 0x0,
    0x0, 0x0, 0x1, 0xff, 0xff, 0x20, 0x0, 0x0,
    0x0, 0x0, 0x1, 0xff, 0xff, 0x20, 0x0, 0x0,

    /* U+0167 "ŧ" */
    0x0, 0x8f, 0xff, 0x80, 0x0, 0x0, 0x0, 0x8f,
    0xff, 0x80, 0x0, 0x0, 0x0, 0x8f, 0xff, 0x80,
    0x0, 0x0, 0xaf, 0xff, 0xff, 0xff, 0xff, 0x0,
    0xaf, 0xff, 0xff, 0xff, 0xff, 0x0, 0xaf, 0xff,
    0xff, 0xff, 0xff, 0x0, 0x1, 0x8f, 0xff, 0x91,
    0x11, 0x0, 0x0, 0x8f, 0xff, 0x80, 0x0, 0x0,
    0x25, 0xaf, 0xff, 0xb5, 0x50, 0x0, 0x9f, 0xff,
    0xff, 0xff, 0xf0, 0x0, 0x9f, 0xff, 0xff, 0xff,
    0xf0, 0x0, 0x0, 0x8f, 0xff, 0x80, 0x0, 0x0,
    0x0, 0x7f, 0xff, 0xa0, 0x0, 0x0, 0x0, 0x5f,
    0xff, 0xf6, 0x37, 0x0, 0x0, 0xe, 0xff, 0xff,
    0xff, 0x60, 0x0, 0x5, 0xff, 0xff, 0xff, 0xc0,
    0x0, 0x0, 0x3a, 0xef, 0xec, 0x50,

    /* U+0168 "Ũ" */
    0x0, 0x0, 0x4, 0x52, 0x0, 0x4, 0x62, 0x0,
    0x0, 0x0, 0x1d, 0xff, 0xfa, 0x22, 0xef, 0x50,
    0x0, 0x0, 0x8, 0xff, 0xff, 0xff, 0xff, 0xf1,
    0x0, 0x0, 0x0, 0xdf, 0x91, 0x5d, 0xff, 0xf6,
    0x0, 0x0, 0x0, 0x5, 0x51, 0x0, 0x3, 0x52,
    0x0, 0x0, 0x0, 0x0, 0x0, 0x0, 0x0, 0x0,
    0x0, 0x0, 0x0, 0xff, 0xff, 0x30, 0x0, 0x0,
    0x0, 0xaf, 0xff, 0x7f, 0xff, 0xf3, 0x0, 0x0,
    0x0, 0xa, 0xff, 0xf7, 0xff, 0xff, 0x30, 0x0,
    0x0, 0x0, 0xaf, 0xff, 0x7f, 0xff, 0xf3, 0x0,
    0x0, 0x0, 0xa, 0xff, 0xf7, 0xff, 0xff, 0x30,
    0x0, 0x0, 0x0, 0xaf, 0xff, 0x7f, 0xff, 0xf3,
    0x0, 0x0, 0x0, 0xa, 0xff, 0xf7, 0xff, 0xff,
    0x30, 0x0, 0x0, 0x0, 0xaf, 0xff, 0x7f, 0xff,
    0xf3, 0x0, 0x0, 0x0, 0xa, 0xff, 0xf7, 0xff,
    0xff, 0x30, 0x0, 0x0, 0x0, 0xaf, 0xff, 0x7f,
    0xff, 0xf3, 0x0, 0x0, 0x0, 0xa, 0xff, 0xf7,
    0xff, 0xff, 0x40, 0x0, 0x0, 0x0, 0xbf, 0xff,
    0x7e, 0xff, 0xf6, 0x0, 0x0, 0x0, 0xd, 0xff,
    0xf5, 0xaf, 0xff, 0xb0, 0x0, 0x0, 0x3, 0xff,
    0xff, 0x25, 0xff, 0xff, 0x70, 0x0, 0x2, 0xdf,
    0xff, 0xd0, 0xd, 0xff, 0xff, 0xd9, 0x9b, 0xff,
    0xff, 0xf5, 0x0, 0x3f, 0xff, 0xff, 0xff, 0xff,
    0xff, 0xfa, 0x0, 0x0, 0x2d, 0xff, 0xff, 0xff,
    0xff, 0xf8, 0x0, 0x0, 0x0, 0x5, 0xad, 0xff,
    0xec, 0x81, 0x0, 0x0,

    /* U+0169 "ũ" */
    0x0, 0x0, 0x3, 0x30, 0x0, 0x1, 0x10, 0x0,
    0x0, 0x2d, 0xff, 0xe6, 0x7, 0xfc, 0x0, 0x0,
    0xb, 0xff, 0xff, 0xff, 0xff, 0x70, 0x0, 0x0,
    0xff, 0x41, 0x8f, 0xff, 0xb0, 0x0, 0x0, 0x4,
    0x40, 0x0, 0x3, 0x20, 0x0, 0x0, 0x0, 0x0,
    0x0, 0x0, 0x0, 0x0, 0x0, 0x3f, 0xff, 0xd0,
    0x0, 0x0, 0x1f, 0xff, 0xf3, 0xff, 0xfd, 0x0,
    0x0, 0x1, 0xff, 0xff, 0x3f, 0xff, 0xd0, 0x0,
    0x0, 0x1f, 0xff, 0xf3, 0xff, 0xfd, 0x0, 0x0,
    0x1, 0xff, 0xff, 0x3f, 0xff, 0xd0, 0x0, 0x0,
    0x1f, 0xff, 0xf3, 0xff, 0xfd, 0x0, 0x0, 0x1,
    0xff, 0xff, 0x3f, 0xff, 0xd0, 0x0, 0x0, 0x1f,
    0xff, 0xf3, 0xff, 0xfe, 0x0, 0x0, 0x3, 0xff,
    0xff, 0x2f, 0xff, 0xf0, 0x0, 0x0, 0x6f, 0xff,
    0xf0, 0xff, 0xff, 0x70, 0x0, 0x1e, 0xff, 0xff,
    0xb, 0xff, 0xff, 0xb8, 0x9e, 0xff, 0xff, 0xf0,
    0x4f, 0xff, 0xff, 0xff, 0xff, 0xff, 0xff, 0x0,
    0x7f, 0xff, 0xff, 0xff, 0xbe, 0xff, 0xf0, 0x0,
    0x3a, 0xdf, 0xeb, 0x50, 0xef, 0xff,

    /* U+016A "Ū" */
    0x0, 0x8, 0xff, 0xff, 0xff, 0xff, 0xf1, 0x0,
    0x0, 0x0, 0x8f, 0xff, 0xff, 0xff, 0xff, 0x10,
    0x0, 0x0, 0x2, 0x44, 0x44, 0x44, 0x44, 0x40,
    0x0, 0x0, 0x0, 0x0, 0x0, 0x0, 0x0, 0x0,
    0x0, 0x0, 0x0, 0x0, 0x0, 0x0, 0x0, 0x0,
    0x0, 0x0, 0xf, 0xff, 0xf3, 0x0, 0x0, 0x0,
    0xa, 0xff, 0xf7, 0xff, 0xff, 0x30, 0x0, 0x0,
    0x0, 0xaf, 0xff, 0x7f, 0xff, 0xf3, 0x0, 0x0,
    0x0, 0xa, 0xff, 0xf7, 0xff, 0xff, 0x30, 0x0,
    0x0, 0x0, 0xaf, 0xff, 0x7f, 0xff, 0xf3, 0x0,
    0x0, 0x0, 0xa, 0xff, 0xf7, 0xff, 0xff, 0x30,
    0x0, 0x0, 0x0, 0xaf, 0xff, 0x7f, 0xff, 0xf3,
    0x0, 0x0, 0x0, 0xa, 0xff, 0xf7, 0xff, 0xff,
    0x30, 0x0, 0x0, 0x0, 0xaf, 0xff, 0x7f, 0xff,
    0xf3, 0x0, 0x0, 0x0, 0xa, 0xff, 0xf7, 0xff,
    0xff, 0x30, 0x0, 0x0, 0x0, 0xaf, 0xff, 0x7f,
    0xff, 0xf4, 0x0, 0x0, 0x0, 0xb, 0xff, 0xf7,
    0xef, 0xff, 0x60, 0x0, 0x0, 0x0, 0xdf, 0xff,
    0x5a, 0xff, 0xfb, 0x0, 0x0, 0x0, 0x3f, 0xff,
    0xf2, 0x5f, 0xff, 0xf7, 0x0, 0x0, 0x2d, 0xff,
    0xfd, 0x0, 0xdf, 0xff, 0xfd, 0x99, 0xbf, 0xff,
    0xff, 0x50, 0x3, 0xff, 0xff, 0xff, 0xff, 0xff,
    0xff, 0xa0, 0x0, 0x2, 0xdf, 0xff, 0xff, 0xff,
    0xff, 0x80, 0x0, 0x0, 0x0, 0x5a, 0xdf, 0xfe,
    0xc8, 0x10, 0x0, 0x0,

    /* U+016B "ū" */
    0x0, 0xf, 0xff, 0xff, 0xff, 0xff, 0xa0, 0x0,
    0x0, 0xff, 0xff, 0xff, 0xff, 0xfa, 0x0, 0x0,
    0x3, 0x44, 0x44, 0x44, 0x44, 0x20, 0x0, 0x0,
    0x0, 0x0, 0x0, 0x0, 0x0, 0x0, 0x0, 0x0,
    0x0, 0x0, 0x0, 0x0, 0x0, 0x3, 0xff, 0xfd,
    0x0, 0x0, 0x1, 0xff, 0xff, 0x3f, 0xff, 0xd0,
    0x0, 0x0, 0x1f, 0xff, 0xf3, 0xff, 0xfd, 0x0,
    0x0, 0x1, 0xff, 0xff, 0x3f, 0xff, 0xd0, 0x0,
    0x0, 0x1f, 0xff, 0xf3, 0xff, 0xfd, 0x0, 0x0,
    0x1, 0xff, 0xff, 0x3f, 0xff, 0xd0, 0x0, 0x0,
    0x1f, 0xff, 0xf3, 0xff, 0xfd, 0x0, 0x0, 0x1,
    0xff, 0xff, 0x3f, 0xff, 0xe0, 0x0, 0x0, 0x3f,
    0xff, 0xf2, 0xff, 0xff, 0x0, 0x0, 0x6, 0xff,
    0xff, 0xf, 0xff, 0xf7, 0x0, 0x1, 0xef, 0xff,
    0xf0, 0xbf, 0xff, 0xfb, 0x89, 0xef, 0xff, 0xff,
    0x4, 0xff, 0xff, 0xff, 0xff, 0xff, 0xff, 0xf0,
    0x7, 0xff, 0xff, 0xff, 0xfb, 0xef, 0xff, 0x0,
    0x3, 0xad, 0xfe, 0xb5, 0xe, 0xff, 0xf0,

    /* U+016C "Ŭ" */
    0x0, 0x3, 0x88, 0x0, 0x0, 0x48, 0x70, 0x0,
    0x0, 0x0, 0x4f, 0xfa, 0x10, 0x4e, 0xfd, 0x0,
    0x0, 0x0, 0x0, 0xbf, 0xff, 0xff, 0xff, 0x40,
    0x0, 0x0, 0x0, 0x0, 0x6d, 0xff, 0xea, 0x20,
    0x0, 0x0, 0x0, 0x0, 0x0, 0x0, 0x0, 0x0,
    0x0, 0x0, 0x0, 0x0, 0x0, 0x0, 0x0, 0x0,
    0x0, 0x0, 0x0, 0xff, 0xff, 0x30, 0x0, 0x0,
    0x0, 0xaf, 0xff, 0x7f, 0xff, 0xf3, 0x0, 0x0,
    0x0, 0xa, 0xff, 0xf7, 0xff, 0xff, 0x30, 0x0,
    0x0, 0x0, 0xaf, 0xff, 0x7f, 0xff, 0xf3, 0x0,
    0x0, 0x0, 0xa, 0xff, 0xf7, 0xff, 0xff, 0x30,
    0x0, 0x0, 0x0, 0xaf, 0xff, 0x7f, 0xff, 0xf3,
    0x0, 0x0, 0x0, 0xa, 0xff, 0xf7, 0xff, 0xff,
    0x30, 0x0, 0x0, 0x0, 0xaf, 0xff, 0x7f, 0xff,
    0xf3, 0x0, 0x0, 0x0, 0xa, 0xff, 0xf7, 0xff,
    0xff, 0x30, 0x0, 0x0, 0x0, 0xaf, 0xff, 0x7f,
    0xff, 0xf3, 0x0, 0x0, 0x0, 0xa, 0xff, 0xf7,
    0xff, 0xff, 0x40, 0x0, 0x0, 0x0, 0xbf, 0xff,
    0x7e, 0xff, 0xf6, 0x0, 0x0, 0x0, 0xd, 0xff,
    0xf5, 0xaf, 0xff, 0xb0, 0x0, 0x0, 0x3, 0xff,
    0xff, 0x25, 0xff, 0xff, 0x70, 0x0, 0x2, 0xdf,
    0xff, 0xd0, 0xd, 0xff, 0xff, 0xd9, 0x9b, 0xff,
    0xff, 0xf5, 0x0, 0x3f, 0xff, 0xff, 0xff, 0xff,
    0xff, 0xfa, 0x0, 0x0, 0x2d, 0xff, 0xff, 0xff,
    0xff, 0xf8, 0x0, 0x0, 0x0, 0x5, 0xad, 0xff,
    0xec, 0x81, 0x0, 0x0,

    /* U+016D "ŭ" */
    0x0, 0x7, 0x85, 0x0, 0x0, 0x78, 0x40, 0x0,
    0x0, 0xbf, 0xf5, 0x1, 0x8f, 0xf7, 0x0, 0x0,
    0x2, 0xff, 0xff, 0xff, 0xfc, 0x0, 0x0, 0x0,
    0x1, 0x9e, 0xff, 0xd7, 0x0, 0x0, 0x0, 0x0,
    0x0, 0x0, 0x0, 0x0, 0x0, 0x0, 0x0, 0x0,
    0x0, 0x0, 0x0, 0x0, 0x0, 0x3f, 0xff, 0xd0,
    0x0, 0x0, 0x1f, 0xff, 0xf3, 0xff, 0xfd, 0x0,
    0x0, 0x1, 0xff, 0xff, 0x3f, 0xff, 0xd0, 0x0,
    0x0, 0x1f, 0xff, 0xf3, 0xff, 0xfd, 0x0, 0x0,
    0x1, 0xff, 0xff, 0x3f, 0xff, 0xd0, 0x0, 0x0,
    0x1f, 0xff, 0xf3, 0xff, 0xfd, 0x0, 0x0, 0x1,
    0xff, 0xff, 0x3f, 0xff, 0xd0, 0x0, 0x0, 0x1f,
    0xff, 0xf3, 0xff, 0xfe, 0x0, 0x0, 0x3, 0xff,
    0xff, 0x2f, 0xff, 0xf0, 0x0, 0x0, 0x6f, 0xff,
    0xf0, 0xff, 0xff, 0x70, 0x0, 0x1e, 0xff, 0xff,
    0xb, 0xff, 0xff, 0xb8, 0x9e, 0xff, 0xff, 0xf0,
    0x4f, 0xff, 0xff, 0xff, 0xff, 0xff, 0xff, 0x0,
    0x7f, 0xff, 0xff, 0xff, 0xbe, 0xff, 0xf0, 0x0,
    0x3a, 0xdf, 0xeb, 0x50, 0xef, 0xff,

    /* U+016E "Ů" */
    0x0, 0x0, 0x0, 0x16, 0x74, 0x0, 0x0, 0x0,
    0x0, 0x0, 0x0, 0x3e, 0xff, 0xfa, 0x0, 0x0,
    0x0, 0x0, 0x0, 0xc, 0xf3, 0xa, 0xf4, 0x0,
    0x0, 0x0, 0x0, 0x0, 0xeb, 0x0, 0x3f, 0x70,
    0x0, 0x0, 0x0, 0x0, 0xb, 0xf3, 0x9, 0xf4,
    0x0, 0x0, 0x0, 0x0, 0x0, 0x2e, 0xff, 0xfa,
    0x0, 0x0, 0x0, 0x0, 0x0, 0x0, 0x16, 0x74,
    0x0, 0x0, 0x0, 0x0, 0x0, 0x0, 0x0, 0x0,
    0x0, 0x0, 0x0, 0x0, 0xff, 0xff, 0x30, 0x0,
    0x0, 0x0, 0xaf, 0xff, 0x7f, 0xff, 0xf3, 0x0,
    0x0, 0x0, 0xa, 0xff, 0xf7, 0xff, 0xff, 0x30,
    0x0, 0x0, 0x0, 0xaf, 0xff, 0x7f, 0xff, 0xf3,
    0x0, 0x0, 0x0, 0xa, 0xff, 0xf7, 0xff, 0xff,
    0x30, 0x0, 0x0, 0x0, 0xaf, 0xff, 0x7f, 0xff,
    0xf3, 0x0, 0x0, 0x0, 0xa, 0xff, 0xf7, 0xff,
    0xff, 0x30, 0x0, 0x0, 0x0, 0xaf, 0xff, 0x7f,
    0xff, 0xf3, 0x0, 0x0, 0x0, 0xa, 0xff, 0xf7,
    0xff, 0xff, 0x30, 0x0, 0x0, 0x0, 0xaf, 0xff,
    0x7f, 0xff, 0xf3, 0x0, 0x0, 0x0, 0xa, 0xff,
    0xf7, 0xff, 0xff, 0x40, 0x0, 0x0, 0x0, 0xbf,
    0xff, 0x7e, 0xff, 0xf6, 0x0, 0x0, 0x0, 0xd,
    0xff, 0xf5, 0xaf, 0xff, 0xb0, 0x0, 0x0, 0x3,
    0xff, 0xff, 0x25, 0xff, 0xff, 0x70, 0x0, 0x2,
    0xdf, 0xff, 0xd0, 0xd, 0xff, 0xff, 0xd9, 0x9b,
    0xff, 0xff, 0xf5, 0x0, 0x3f, 0xff, 0xff, 0xff,
    0xff, 0xff, 0xfa, 0x0, 0x0, 0x2d, 0xff, 0xff,
    0xff, 0xff, 0xf8, 0x0, 0x0, 0x0, 0x5, 0xad,
    0xff, 0xec, 0x81, 0x0, 0x0,

    /* U+016F "ů" */
    0x0, 0x0, 0x0, 0x37, 0x71, 0x0, 0x0, 0x0,
    0x0, 0x0, 0x8f, 0xff, 0xf4, 0x0, 0x0, 0x0,
    0x0, 0x2f, 0xb1, 0x2e, 0xd0, 0x0, 0x0, 0x0,
    0x5, 0xf5, 0x0, 0xaf, 0x0, 0x0, 0x0, 0x0,
    0x2f, 0xb1, 0x2e, 0xd0, 0x0, 0x0, 0x0, 0x0,
    0x8f, 0xff, 0xf4, 0x0, 0x0, 0x0, 0x0, 0x0,
    0x37, 0x61, 0x0, 0x0, 0x0, 0x0, 0x0, 0x0,
    0x0, 0x0, 0x0, 0x0, 0x3f, 0xff, 0xd0, 0x0,
    0x0, 0x1f, 0xff, 0xf3, 0xff, 0xfd, 0x0, 0x0,
    0x1, 0xff, 0xff, 0x3f, 0xff, 0xd0, 0x0, 0x0,
    0x1f, 0xff, 0xf3, 0xff, 0xfd, 0x0, 0x0, 0x1,
    0xff, 0xff, 0x3f, 0xff, 0xd0, 0x0, 0x0, 0x1f,
    0xff, 0xf3, 0xff, 0xfd, 0x0, 0x0, 0x1, 0xff,
    0xff, 0x3f, 0xff, 0xd0, 0x0, 0x0, 0x1f, 0xff,
    0xf3, 0xff, 0xfe, 0x0, 0x0, 0x3, 0xff, 0xff,
    0x2f, 0xff, 0xf0, 0x0, 0x0, 0x6f, 0xff, 0xf0,
    0xff, 0xff, 0x70, 0x0, 0x1e, 0xff, 0xff, 0xb,
    0xff, 0xff, 0xb8, 0x9e, 0xff, 0xff, 0xf0, 0x4f,
    0xff, 0xff, 0xff, 0xff, 0xff, 0xff, 0x0, 0x7f,
    0xff, 0xff, 0xff, 0xbe, 0xff, 0xf0, 0x0, 0x3a,
    0xdf, 0xeb, 0x50, 0xef, 0xff,

    /* U+0170 "Ű" */
    0x0, 0x0, 0x1, 0xab, 0xb6, 0x9, 0xbb, 0x90,
    0x0, 0x0, 0x0, 0x9f, 0xfe, 0x15, 0xff, 0xf3,
    0x0, 0x0, 0x0, 0x1f, 0xff, 0x30, 0xdf, 0xf7,
    0x0, 0x0, 0x0, 0x9, 0xff, 0x70, 0x5f, 0xfb,
    0x0, 0x0, 0x0, 0x0, 0x0, 0x0, 0x0, 0x0,
    0x0, 0x0, 0x0, 0x0, 0x0, 0x0, 0x0, 0x0,
    0x0, 0x0, 0x0, 0xff, 0xff, 0x30, 0x0, 0x0,
    0x0, 0xaf, 0xff, 0x7f, 0xff, 0xf3, 0x0, 0x0,
    0x0, 0xa, 0xff, 0xf7, 0xff, 0xff, 0x30, 0x0,
    0x0, 0x0, 0xaf, 0xff, 0x7f, 0xff, 0xf3, 0x0,
    0x0, 0x0, 0xa, 0xff, 0xf7, 0xff, 0xff, 0x30,
    0x0, 0x0, 0x0, 0xaf, 0xff, 0x7f, 0xff, 0xf3,
    0x0, 0x0, 0x0, 0xa, 0xff, 0xf7, 0xff, 0xff,
    0x30, 0x0, 0x0, 0x0, 0xaf, 0xff, 0x7f, 0xff,
    0xf3, 0x0, 0x0, 0x0, 0xa, 0xff, 0xf7, 0xff,
    0xff, 0x30, 0x0, 0x0, 0x0, 0xaf, 0xff, 0x7f,
    0xff, 0xf3, 0x0, 0x0, 0x0, 0xa, 0xff, 0xf7,
    0xff, 0xff, 0x40, 0x0, 0x0, 0x0, 0xbf, 0xff,
    0x7e, 0xff, 0xf6, 0x0, 0x0, 0x0, 0xd, 0xff,
    0xf5, 0xaf, 0xff, 0xb0, 0x0, 0x0, 0x3, 0xff,
    0xff, 0x25, 0xff, 0xff, 0x70, 0x0, 0x2, 0xdf,
    0xff, 0xd0, 0xd, 0xff, 0xff, 0xd9, 0x9b, 0xff,
    0xff, 0xf5, 0x0, 0x3f, 0xff, 0xff, 0xff, 0xff,
    0xff, 0xfa, 0x0, 0x0, 0x2d, 0xff, 0xff, 0xff,
    0xff, 0xf8, 0x0, 0x0, 0x0, 0x5, 0xad, 0xff,
    0xec, 0x81, 0x0, 0x0,

    /* U+0171 "ű" */
    0x0, 0x0, 0x6, 0xbb, 0xa1, 0x3b, 0xbb, 0x40,
    0x0, 0x0, 0xef, 0xf8, 0xb, 0xff, 0xc0, 0x0,
    0x0, 0x7f, 0xfc, 0x3, 0xff, 0xf2, 0x0, 0x0,
    0xe, 0xff, 0x20, 0xbf, 0xf5, 0x0, 0x0, 0x0,
    0x0, 0x0, 0x0, 0x0, 0x0, 0x0, 0x0, 0x0,
    0x0, 0x0, 0x0, 0x0, 0x0, 0x3f, 0xff, 0xd0,
    0x0, 0x0, 0x1f, 0xff, 0xf3, 0xff, 0xfd, 0x0,
    0x0, 0x1, 0xff, 0xff, 0x3f, 0xff, 0xd0, 0x0,
    0x0, 0x1f, 0xff, 0xf3, 0xff, 0xfd, 0x0, 0x0,
    0x1, 0xff, 0xff, 0x3f, 0xff, 0xd0, 0x0, 0x0,
    0x1f, 0xff, 0xf3, 0xff, 0xfd, 0x0, 0x0, 0x1,
    0xff, 0xff, 0x3f, 0xff, 0xd0, 0x0, 0x0, 0x1f,
    0xff, 0xf3, 0xff, 0xfe, 0x0, 0x0, 0x3, 0xff,
    0xff, 0x2f, 0xff, 0xf0, 0x0, 0x0, 0x6f, 0xff,
    0xf0, 0xff, 0xff, 0x70, 0x0, 0x1e, 0xff, 0xff,
    0xb, 0xff, 0xff, 0xb8, 0x9e, 0xff, 0xff, 0xf0,
    0x4f, 0xff, 0xff, 0xff, 0xff, 0xff, 0xff, 0x0,
    0x7f, 0xff, 0xff, 0xff, 0xbe, 0xff, 0xf0, 0x0,
    0x3a, 0xdf, 0xeb, 0x50, 0xef, 0xff,

    /* U+0172 "Ų" */
    0xff, 0xff, 0x30, 0x0, 0x0, 0x0, 0xaf, 0xff,
    0x7f, 0xff, 0xf3, 0x0, 0x0, 0x0, 0xa, 0xff,
    0xf7, 0xff, 0xff, 0x30, 0x0, 0x0, 0x0, 0xaf,
    0xff, 0x7f, 0xff, 0xf3, 0x0, 0x0, 0x0, 0xa,
    0xff, 0xf7, 0xff, 0xff, 0x30, 0x0, 0x0, 0x0,
    0xaf, 0xff, 0x7f, 0xff, 0xf3, 0x0, 0x0, 0x0,
    0xa, 0xff, 0xf7, 0xff, 0xff, 0x30, 0x0, 0x0,
    0x0, 0xaf, 0xff, 0x7f, 0xff, 0xf3, 0x0, 0x0,
    0x0, 0xa, 0xff, 0xf7, 0xff, 0xff, 0x30, 0x0,
    0x0, 0x0, 0xaf, 0xff, 0x7f, 0xff, 0xf3, 0x0,
    0x0, 0x0, 0xa, 0xff, 0xf7, 0xff, 0xff, 0x30,
    0x0, 0x0, 0x0, 0xbf, 0xff, 0x7e, 0xff, 0xf5,
    0x0, 0x0, 0x0, 0xd, 0xff, 0xf6, 0xbf, 0xff,
    0x90, 0x0, 0x0, 0x1, 0xff, 0xff, 0x37, 0xff,
    0xff, 0x30, 0x0, 0x0, 0xaf, 0xff, 0xe0, 0x1f,
    0xff, 0xff, 0x84, 0x36, 0xcf, 0xff, 0xf8, 0x0,
    0x6f, 0xff, 0xff, 0xff, 0xff, 0xff, 0xfd, 0x0,
    0x0, 0x7f, 0xff, 0xff, 0xff, 0xff, 0xfc, 0x10,
    0x0, 0x0, 0x2a, 0xff, 0xff, 0xff, 0xd6, 0x0,
    0x0, 0x0, 0x0, 0x0, 0x7f, 0xfc, 0x40, 0x0,
    0x0, 0x0, 0x0, 0x0, 0x2f, 0xf9, 0x0, 0x0,
    0x0, 0x0, 0x0, 0x0, 0x8, 0xff, 0x0, 0x0,
    0x0, 0x0, 0x0, 0x0, 0x0, 0x8f, 0xf5, 0x3,
    0x0, 0x0, 0x0, 0x0, 0x0, 0x3, 0xff, 0xff,
    0xf5, 0x0, 0x0, 0x0, 0x0, 0x0, 0x4, 0xce,
    0xfc, 0x40, 0x0, 0x0,

    /* U+0173 "ų" */
    0x3f, 0xff, 0xd0, 0x0, 0x0, 0x1f, 0xff, 0xf0,
    0x3f, 0xff, 0xd0, 0x0, 0x0, 0x1f, 0xff, 0xf0,
    0x3f, 0xff, 0xd0, 0x0, 0x0, 0x1f, 0xff, 0xf0,
    0x3f, 0xff, 0xd0, 0x0, 0x0, 0x1f, 0xff, 0xf0,
    0x3f, 0xff, 0xd0, 0x0, 0x0, 0x1f, 0xff, 0xf0,
    0x3f, 0xff, 0xd0, 0x0, 0x0, 0x1f, 0xff, 0xf0,
    0x3f, 0xff, 0xd0, 0x0, 0x0, 0x1f, 0xff, 0xf0,
    0x3f, 0xff, 0xe0, 0x0, 0x0, 0x3f, 0xff, 0xf0,
    0x2f, 0xff, 0xf0, 0x0, 0x0, 0x6f, 0xff, 0xf0,
    0xf, 0xff, 0xf7, 0x0, 0x1, 0xef, 0xff, 0xf0,
    0xb, 0xff, 0xff, 0xb8, 0x9e, 0xff, 0xff, 0xf0,
    0x4, 0xff, 0xff, 0xff, 0xff, 0xff, 0xff, 0xf0,
    0x0, 0x7f, 0xff, 0xff, 0xff, 0xbe, 0xff, 0xf0,
    0x0, 0x3, 0xad, 0xfe, 0xb5, 0xf, 0xff, 0xf0,
    0x0, 0x0, 0x0, 0x0, 0x0, 0x7f, 0xf9, 0x10,
    0x0, 0x0, 0x0, 0x0, 0x3, 0xff, 0x70, 0x0,
    0x0, 0x0, 0x0, 0x0, 0x8, 0xff, 0x0, 0x0,
    0x0, 0x0, 0x0, 0x0, 0x8, 0xff, 0x51, 0x40,
    0x0, 0x0, 0x0, 0x0, 0x3, 0xff, 0xff, 0xf4,
    0x0, 0x0, 0x0, 0x0, 0x0, 0x4c, 0xff, 0xc4,

    /* U+0174 "Ŵ" */
    0x0, 0x0, 0x0, 0x0, 0x0, 0x0, 0x3f, 0xff,
    0xf6, 0x0, 0x0, 0x0, 0x0, 0x0, 0x0, 0x0,
    0x0, 0x0, 0x0, 0x0, 0x3, 0xef, 0xfe, 0xff,
    0x60, 0x0, 0x0, 0x0, 0x0, 0x0, 0x0, 0x0,
    0x0, 0x0, 0x0, 0x2e, 0xfe, 0x31, 0xcf, 0xf6,
    0x0, 0x0, 0x0, 0x0, 0x0, 0x0, 0x0, 0x0,
    0x0, 0x0, 0x68, 0x71, 0x0, 0x7, 0x87, 0x10,
    0x0, 0x0, 0x0, 0x0, 0x0, 0x0, 0x0, 0x0,
    0x0, 0x0, 0x0, 0x0, 0x0, 0x0, 0x0, 0x0,
    0x0, 0x0, 0x0, 0x4f, 0xff, 0xf1, 0x0, 0x0,
    0x0, 0xd, 0xff, 0xf6, 0x0, 0x0, 0x0, 0x8,
    0xff, 0xf8, 0xe, 0xff, 0xf6, 0x0, 0x0, 0x0,
    0x2f, 0xff, 0xfb, 0x0, 0x0, 0x0, 0xd, 0xff,
    0xf2, 0x9, 0xff, 0xfb, 0x0, 0x0, 0x0, 0x8f,
    0xff, 0xff, 0x10, 0x0, 0x0, 0x3f, 0xff, 0xd0,
    0x4, 0xff, 0xff, 0x10, 0x0, 0x0, 0xdf, 0xff,
    0xff, 0x50, 0x0, 0x0, 0x8f, 0xff, 0x80, 0x0,
    0xef, 0xff, 0x60, 0x0, 0x2, 0xff, 0xff, 0xff,
    0xb0, 0x0, 0x0, 0xdf, 0xff, 0x20, 0x0, 0x9f,
    0xff, 0xb0, 0x0, 0x8, 0xff, 0xff, 0xff, 0xf0,
    0x0, 0x3, 0xff, 0xfd, 0x0, 0x0, 0x4f, 0xff,
    0xf1, 0x0, 0xd, 0xff, 0xe9, 0xff, 0xf5, 0x0,
    0x8, 0xff, 0xf8, 0x0, 0x0, 0xe, 0xff, 0xf5,
    0x0, 0x3f, 0xff, 0x94, 0xff, 0xfa, 0x0, 0xd,
    0xff, 0xf3, 0x0, 0x0, 0x9, 0xff, 0xfb, 0x0,
    0x8f, 0xff, 0x40, 0xef, 0xff, 0x0, 0x3f, 0xff,
    0xd0, 0x0, 0x0, 0x4, 0xff, 0xff, 0x0, 0xef,
    0xfe, 0x0, 0x9f, 0xff, 0x50, 0x8f, 0xff, 0x80,
    0x0, 0x0, 0x0, 0xef, 0xff, 0x53, 0xff, 0xf9,
    0x0, 0x4f, 0xff, 0xa0, 0xdf, 0xff, 0x30, 0x0,
    0x0, 0x0, 0x9f, 0xff, 0xa9, 0xff, 0xf4, 0x0,
    0xe, 0xff, 0xf3, 0xff, 0xfd, 0x0, 0x0, 0x0,
    0x0, 0x4f, 0xff, 0xfe, 0xff, 0xe0, 0x0, 0x9,
    0xff, 0xfd, 0xff, 0xf8, 0x0, 0x0, 0x0, 0x0,
    0xe, 0xff, 0xff, 0xff, 0x90, 0x0, 0x4, 0xff,
    0xff, 0xff, 0xf3, 0x0, 0x0, 0x0, 0x0, 0x9,
    0xff, 0xff, 0xff, 0x30, 0x0, 0x0, 0xff, 0xff,
    0xff, 0xd0, 0x0, 0x0, 0x0, 0x0, 0x4, 0xff,
    0xff, 0xfe, 0x0, 0x0, 0x0, 0xaf, 0xff, 0xff,
    0x80, 0x0, 0x0, 0x0, 0x0, 0x0, 0xef, 0xff,
    0xf8, 0x0, 0x0, 0x0, 0x4f, 0xff, 0xff, 0x30,
    0x0, 0x0, 0x0, 0x0, 0x0, 0x9f, 0xff, 0xf3,
    0x0, 0x0, 0x0, 0xf, 0xff, 0xfe, 0x0, 0x0,
    0x0,

    /* U+0175 "ŵ" */
    0x0, 0x0, 0x0, 0x0, 0x0, 0x68, 0x87, 0x10,
    0x0, 0x0, 0x0, 0x0, 0x0, 0x0, 0x0, 0x0,
    0x0, 0x8f, 0xff, 0xfc, 0x0, 0x0, 0x0, 0x0,
    0x0, 0x0, 0x0, 0x0, 0x0, 0x5f, 0xfe, 0xbf,
    0xfa, 0x0, 0x0, 0x0, 0x0, 0x0, 0x0, 0x0,
    0x0, 0x3f, 0xfd, 0x10, 0xaf, 0xf8, 0x0, 0x0,
    0x0, 0x0, 0x0, 0x0, 0x0, 0x6, 0x87, 0x10,
    0x0, 0x68, 0x71, 0x0, 0x0, 0x0, 0x0, 0x0,
    0x0, 0x0, 0x0, 0x0, 0x0, 0x0, 0x0, 0x0,
    0x0, 0x0, 0x0, 0xcf, 0xff, 0x0, 0x0, 0x0,
    0x9f, 0xff, 0x30, 0x0, 0x0, 0x6f, 0xff, 0x26,
    0xff, 0xf5, 0x0, 0x0, 0xe, 0xff, 0xf8, 0x0,
    0x0, 0xc, 0xff, 0xc0, 0x1f, 0xff, 0xb0, 0x0,
    0x5, 0xff, 0xff, 0xe0, 0x0, 0x2, 0xff, 0xf6,
    0x0, 0xbf, 0xff, 0x10, 0x0, 0xbf, 0xff, 0xff,
    0x30, 0x0, 0x8f, 0xff, 0x10, 0x5, 0xff, 0xf6,
    0x0, 0x1f, 0xff, 0xff, 0xf9, 0x0, 0xd, 0xff,
    0xb0, 0x0, 0xf, 0xff, 0xc0, 0x6, 0xff, 0xfd,
    0xff, 0xe0, 0x3, 0xff, 0xf5, 0x0, 0x0, 0xaf,
    0xff, 0x10, 0xcf, 0xfc, 0x5f, 0xff, 0x40, 0x9f,
    0xff, 0x0, 0x0, 0x4, 0xff, 0xf7, 0x2f, 0xff,
    0x60, 0xff, 0xfa, 0xe, 0xff, 0x90, 0x0, 0x0,
    0xe, 0xff, 0xd7, 0xff, 0xf0, 0xa, 0xff, 0xf5,
    0xff, 0xf4, 0x0, 0x0, 0x0, 0x8f, 0xff, 0xef,
    0xfa, 0x0, 0x4f, 0xff, 0xef, 0xfe, 0x0, 0x0,
    0x0, 0x3, 0xff, 0xff, 0xff, 0x40, 0x0, 0xef,
    0xff, 0xff, 0x80, 0x0, 0x0, 0x0, 0xd, 0xff,
    0xff, 0xe0, 0x0, 0x8, 0xff, 0xff, 0xf2, 0x0,
    0x0, 0x0, 0x0, 0x7f, 0xff, 0xf8, 0x0, 0x0,
    0x2f, 0xff, 0xfc, 0x0, 0x0, 0x0, 0x0, 0x1,
    0xff, 0xff, 0x20, 0x0, 0x0, 0xdf, 0xff, 0x70,
    0x0, 0x0,

    /* U+0176 "Ŷ" */
    0x0, 0x0, 0x0, 0x0, 0x11, 0x10, 0x0, 0x0,
    0x0, 0x0, 0x0, 0x0, 0x0, 0x8f, 0xff, 0xf3,
    0x0, 0x0, 0x0, 0x0, 0x0, 0x0, 0x8f, 0xfd,
    0xff, 0xe2, 0x0, 0x0, 0x0, 0x0, 0x0, 0x7f,
    0xfb, 0x4, 0xef, 0xe2, 0x0, 0x0, 0x0, 0x0,
    0x18, 0x87, 0x0, 0x2, 0x88, 0x60, 0x0, 0x0,
    0x0, 0x0, 0x0, 0x0, 0x0, 0x0, 0x0, 0x0,
    0x0, 0x1f, 0xff, 0xf6, 0x0, 0x0, 0x0, 0x0,
    0x7f, 0xff, 0xa0, 0x7f, 0xff, 0xe1, 0x0, 0x0,
    0x0, 0x2f, 0xff, 0xf1, 0x0, 0xdf, 0xff, 0x90,
    0x0, 0x0, 0xb, 0xff, 0xf7, 0x0, 0x3, 0xff,
    0xff, 0x30, 0x0, 0x5, 0xff, 0xfd, 0x0, 0x0,
    0xa, 0xff, 0xfc, 0x0, 0x0, 0xef, 0xff, 0x30,
    0x0, 0x0, 0x1e, 0xff, 0xf6, 0x0, 0x8f, 0xff,
    0x90, 0x0, 0x0, 0x0, 0x6f, 0xff, 0xf1, 0x2f,
    0xff, 0xe1, 0x0, 0x0, 0x0, 0x0, 0xcf, 0xff,
    0xac, 0xff, 0xf6, 0x0, 0x0, 0x0, 0x0, 0x3,
    0xff, 0xff, 0xff, 0xfc, 0x0, 0x0, 0x0, 0x0,
    0x0, 0x9, 0xff, 0xff, 0xff, 0x30, 0x0, 0x0,
    0x0, 0x0, 0x0, 0x1e, 0xff, 0xff, 0x90, 0x0,
    0x0, 0x0, 0x0, 0x0, 0x0, 0x6f, 0xff, 0xf0,
    0x0, 0x0, 0x0, 0x0, 0x0, 0x0, 0x5, 0xff,
    0xfe, 0x0, 0x0, 0x0, 0x0, 0x0, 0x0, 0x0,
    0x5f, 0xff, 0xe0, 0x0, 0x0, 0x0, 0x0, 0x0,
    0x0, 0x5, 0xff, 0xfe, 0x0, 0x0, 0x0, 0x0,
    0x0, 0x0, 0x0, 0x5f, 0xff, 0xe0, 0x0, 0x0,
    0x0, 0x0, 0x0, 0x0, 0x5, 0xff, 0xfe, 0x0,
    0x0, 0x0, 0x0, 0x0, 0x0, 0x0, 0x5f, 0xff,
    0xe0, 0x0, 0x0, 0x0,

    /* U+0177 "ŷ" */
    0x0, 0x0, 0x0, 0x48, 0x88, 0x30, 0x0, 0x0,
    0x0, 0x0, 0x0, 0x3f, 0xff, 0xff, 0x20, 0x0,
    0x0, 0x0, 0x0, 0x1e, 0xff, 0xaf, 0xfe, 0x10,
    0x0, 0x0, 0x0, 0xd, 0xff, 0x50, 0x5f, 0xfc,
    0x0, 0x0, 0x0, 0x4, 0x88, 0x30, 0x0, 0x48,
    0x84, 0x0, 0x0, 0x0, 0x0, 0x0, 0x0, 0x0,
    0x0, 0x0, 0x0, 0xf, 0xff, 0xf3, 0x0, 0x0,
    0x0, 0x5f, 0xff, 0x80, 0x8f, 0xff, 0x90, 0x0,
    0x0, 0xc, 0xff, 0xf1, 0x2, 0xff, 0xff, 0x10,
    0x0, 0x3, 0xff, 0xfa, 0x0, 0xa, 0xff, 0xf7,
    0x0, 0x0, 0x9f, 0xff, 0x30, 0x0, 0x4f, 0xff,
    0xd0, 0x0, 0x1f, 0xff, 0xc0, 0x0, 0x0, 0xdf,
    0xff, 0x40, 0x7, 0xff, 0xf6, 0x0, 0x0, 0x6,
    0xff, 0xfb, 0x0, 0xdf, 0xfe, 0x0, 0x0, 0x0,
    0xe, 0xff, 0xf1, 0x4f, 0xff, 0x80, 0x0, 0x0,
    0x0, 0x8f, 0xff, 0x8b, 0xff, 0xf1, 0x0, 0x0,
    0x0, 0x1, 0xff, 0xfe, 0xff, 0xfa, 0x0, 0x0,
    0x0, 0x0, 0xa, 0xff, 0xff, 0xff, 0x30, 0x0,
    0x0, 0x0, 0x0, 0x3f, 0xff, 0xff, 0xc0, 0x0,
    0x0, 0x0, 0x0, 0x0, 0xcf, 0xff, 0xf5, 0x0,
    0x0, 0x0, 0x0, 0x0, 0x5, 0xff, 0xfe, 0x0,
    0x0, 0x0, 0x0, 0x0, 0x0, 0x7f, 0xff, 0x80,
    0x0, 0x0, 0x0, 0x1d, 0x64, 0x7f, 0xff, 0xf1,
    0x0, 0x0, 0x0, 0x9, 0xff, 0xff, 0xff, 0xf7,
    0x0, 0x0, 0x0, 0x1, 0xff, 0xff, 0xff, 0xfa,
    0x0, 0x0, 0x0, 0x0, 0x3, 0xae, 0xfe, 0xb4,
    0x0, 0x0, 0x0, 0x0, 0x0,

    /* U+0178 "Ÿ" */
    0x0, 0x0, 0x2, 0xde, 0x60, 0xb, 0xf9, 0x0,
    0x0, 0x0, 0x0, 0x0, 0x9f, 0xfe, 0x5, 0xff,
    0xf2, 0x0, 0x0, 0x0, 0x0, 0x7, 0xff, 0xc0,
    0x2f, 0xff, 0x10, 0x0, 0x0, 0x0, 0x0, 0x6,
    0x71, 0x0, 0x47, 0x20, 0x0, 0x0, 0x0, 0x0,
    0x0, 0x0, 0x0, 0x0, 0x0, 0x0, 0x0, 0x1,
    0xff, 0xff, 0x60, 0x0, 0x0, 0x0, 0x7, 0xff,
    0xfa, 0x7, 0xff, 0xfe, 0x10, 0x0, 0x0, 0x2,
    0xff, 0xff, 0x10, 0xd, 0xff, 0xf9, 0x0, 0x0,
    0x0, 0xbf, 0xff, 0x70, 0x0, 0x3f, 0xff, 0xf3,
    0x0, 0x0, 0x5f, 0xff, 0xd0, 0x0, 0x0, 0xaf,
    0xff, 0xc0, 0x0, 0xe, 0xff, 0xf3, 0x0, 0x0,
    0x1, 0xef, 0xff, 0x60, 0x8, 0xff, 0xf9, 0x0,
    0x0, 0x0, 0x6, 0xff, 0xff, 0x12, 0xff, 0xfe,
    0x10, 0x0, 0x0, 0x0, 0xc, 0xff, 0xfa, 0xcf,
    0xff, 0x60, 0x0, 0x0, 0x0, 0x0, 0x3f, 0xff,
    0xff, 0xff, 0xc0, 0x0, 0x0, 0x0, 0x0, 0x0,
    0x9f, 0xff, 0xff, 0xf3, 0x0, 0x0, 0x0, 0x0,
    0x0, 0x1, 0xef, 0xff, 0xf9, 0x0, 0x0, 0x0,
    0x0, 0x0, 0x0, 0x6, 0xff, 0xff, 0x0, 0x0,
    0x0, 0x0, 0x0, 0x0, 0x0, 0x5f, 0xff, 0xe0,
    0x0, 0x0, 0x0, 0x0, 0x0, 0x0, 0x5, 0xff,
    0xfe, 0x0, 0x0, 0x0, 0x0, 0x0, 0x0, 0x0,
    0x5f, 0xff, 0xe0, 0x0, 0x0, 0x0, 0x0, 0x0,
    0x0, 0x5, 0xff, 0xfe, 0x0, 0x0, 0x0, 0x0,
    0x0, 0x0, 0x0, 0x5f, 0xff, 0xe0, 0x0, 0x0,
    0x0, 0x0, 0x0, 0x0, 0x5, 0xff, 0xfe, 0x0,
    0x0, 0x0, 0x0,

    /* U+0179 "Ź" */
    0x0, 0x0, 0x0, 0x0, 0x6, 0xff, 0xfb, 0x10,
    0x0, 0x0, 0x0, 0x0, 0x6, 0xff, 0xf7, 0x0,
    0x0, 0x0, 0x0, 0x0, 0x6, 0xff, 0xd3, 0x0,
    0x0, 0x0, 0x0, 0x0, 0x1, 0x78, 0x71, 0x0,
    0x0, 0x0, 0x0, 0x0, 0x0, 0x0, 0x0, 0x0,
    0x0, 0x0, 0x0, 0xcf, 0xff, 0xff, 0xff, 0xff,
    0xff, 0xff, 0xf8, 0xc, 0xff, 0xff, 0xff, 0xff,
    0xff, 0xff, 0xff, 0x80, 0xcf, 0xff, 0xff, 0xff,
    0xff, 0xff, 0xff, 0xf7, 0x4, 0x66, 0x66, 0x66,
    0x66, 0x8f, 0xff, 0xfc, 0x0, 0x0, 0x0, 0x0,
    0x0, 0x1e, 0xff, 0xfe, 0x10, 0x0, 0x0, 0x0,
    0x0, 0xc, 0xff, 0xff, 0x30, 0x0, 0x0, 0x0,
    0x0, 0xa, 0xff, 0xff, 0x50, 0x0, 0x0, 0x0,
    0x0, 0x7, 0xff, 0xff, 0x70, 0x0, 0x0, 0x0,
    0x0, 0x5, 0xff, 0xff, 0xa0, 0x0, 0x0, 0x0,
    0x0, 0x3, 0xff, 0xff, 0xc0, 0x0, 0x0, 0x0,
    0x0, 0x1, 0xef, 0xff, 0xe1, 0x0, 0x0, 0x0,
    0x0, 0x0, 0xcf, 0xff, 0xf3, 0x0, 0x0, 0x0,
    0x0, 0x0, 0xaf, 0xff, 0xf5, 0x0, 0x0, 0x0,
    0x0, 0x0, 0x8f, 0xff, 0xf7, 0x0, 0x0, 0x0,
    0x0, 0x0, 0x5f, 0xff, 0xfe, 0x66, 0x66, 0x66,
    0x66, 0x65, 0xf, 0xff, 0xff, 0xff, 0xff, 0xff,
    0xff, 0xff, 0xe0, 0xff, 0xff, 0xff, 0xff, 0xff,
    0xff, 0xff, 0xfe, 0xf, 0xff, 0xff, 0xff, 0xff,
    0xff, 0xff, 0xff, 0xe0,

    /* U+017A "ź" */
    0x0, 0x0, 0x0, 0x0, 0x78, 0x88, 0x20, 0x0,
    0x0, 0x0, 0x9, 0xff, 0xf7, 0x0, 0x0, 0x0,
    0x0, 0x7f, 0xff, 0x50, 0x0, 0x0, 0x0, 0x5,
    0xff, 0xe3, 0x0, 0x0, 0x0, 0x0, 0x7, 0x87,
    0x10, 0x0, 0x0, 0x0, 0x0, 0x0, 0x0, 0x0,
    0x0, 0x0, 0xe, 0xff, 0xff, 0xff, 0xff, 0xff,
    0xf2, 0xe, 0xff, 0xff, 0xff, 0xff, 0xff, 0xf2,
    0xe, 0xff, 0xff, 0xff, 0xff, 0xff, 0xe1, 0x0,
    0x11, 0x11, 0x16, 0xff, 0xff, 0x40, 0x0, 0x0,
    0x0, 0x3f, 0xff, 0xf6, 0x0, 0x0, 0x0, 0x1,
    0xef, 0xff, 0x90, 0x0, 0x0, 0x0, 0xc, 0xff,
    0xfb, 0x0, 0x0, 0x0, 0x0, 0xaf, 0xff, 0xd0,
    0x0, 0x0, 0x0, 0x8, 0xff, 0xfe, 0x20, 0x0,
    0x0, 0x0, 0x5f, 0xff, 0xf3, 0x0, 0x0, 0x0,
    0x3, 0xff, 0xff, 0x71, 0x11, 0x11, 0x10, 0xe,
    0xff, 0xff, 0xff, 0xff, 0xff, 0xf6, 0x1f, 0xff,
    0xff, 0xff, 0xff, 0xff, 0xf6, 0x1f, 0xff, 0xff,
    0xff, 0xff, 0xff, 0xf6,

    /* U+017B "Ż" */
    0x0, 0x0, 0x0, 0x6, 0xee, 0x50, 0x0, 0x0,
    0x0, 0x0, 0x0, 0x1, 0xff, 0xff, 0x0, 0x0,
    0x0, 0x0, 0x0, 0x0, 0x2f, 0xff, 0xf0, 0x0,
    0x0, 0x0, 0x0, 0x0, 0x0, 0xbf, 0xf9, 0x0,
    0x0, 0x0, 0x0, 0x0, 0x0, 0x0, 0x33, 0x0,
    0x0, 0x0, 0x0, 0x0, 0x0, 0x0, 0x0, 0x0,
    0x0, 0x0, 0x0, 0xc, 0xff, 0xff, 0xff, 0xff,
    0xff, 0xff, 0xff, 0x80, 0xcf, 0xff, 0xff, 0xff,
    0xff, 0xff, 0xff, 0xf8, 0xc, 0xff, 0xff, 0xff,
    0xff, 0xff, 0xff, 0xff, 0x70, 0x46, 0x66, 0x66,
    0x66, 0x68, 0xff, 0xff, 0xc0, 0x0, 0x0, 0x0,
    0x0, 0x1, 0xef, 0xff, 0xe1, 0x0, 0x0, 0x0,
    0x0, 0x0, 0xcf, 0xff, 0xf3, 0x0, 0x0, 0x0,
    0x0, 0x0, 0xaf, 0xff, 0xf5, 0x0, 0x0, 0x0,
    0x0, 0x0, 0x7f, 0xff, 0xf7, 0x0, 0x0, 0x0,
    0x0, 0x0, 0x5f, 0xff, 0xfa, 0x0, 0x0, 0x0,
    0x0, 0x0, 0x3f, 0xff, 0xfc, 0x0, 0x0, 0x0,
    0x0, 0x0, 0x1e, 0xff, 0xfe, 0x10, 0x0, 0x0,
    0x0, 0x0, 0xc, 0xff, 0xff, 0x30, 0x0, 0x0,
    0x0, 0x0, 0xa, 0xff, 0xff, 0x50, 0x0, 0x0,
    0x0, 0x0, 0x8, 0xff, 0xff, 0x70, 0x0, 0x0,
    0x0, 0x0, 0x5, 0xff, 0xff, 0xe6, 0x66, 0x66,
    0x66, 0x66, 0x50, 0xff, 0xff, 0xff, 0xff, 0xff,
    0xff, 0xff, 0xfe, 0xf, 0xff, 0xff, 0xff, 0xff,
    0xff, 0xff, 0xff, 0xe0, 0xff, 0xff, 0xff, 0xff,
    0xff, 0xff, 0xff, 0xfe,

    /* U+017C "ż" */
    0x0, 0x0, 0x4, 0xde, 0x70, 0x0, 0x0, 0x0,
    0x0, 0xe, 0xff, 0xf2, 0x0, 0x0, 0x0, 0x0,
    0xf, 0xff, 0xf4, 0x0, 0x0, 0x0, 0x0, 0x8,
    0xff, 0xc0, 0x0, 0x0, 0x0, 0x0, 0x0, 0x34,
    0x0, 0x0, 0x0, 0x0, 0x0, 0x0, 0x0, 0x0,
    0x0, 0x0, 0xe, 0xff, 0xff, 0xff, 0xff, 0xff,
    0xf2, 0xe, 0xff, 0xff, 0xff, 0xff, 0xff, 0xf2,
    0xe, 0xff, 0xff, 0xff, 0xff, 0xff, 0xe1, 0x0,
    0x11, 0x11, 0x16, 0xff, 0xff, 0x40, 0x0, 0x0,
    0x0, 0x3f, 0xff, 0xf6, 0x0, 0x0, 0x0, 0x1,
    0xef, 0xff, 0x90, 0x0, 0x0, 0x0, 0xc, 0xff,
    0xfb, 0x0, 0x0, 0x0, 0x0, 0xaf, 0xff, 0xd0,
    0x0, 0x0, 0x0, 0x8, 0xff, 0xfe, 0x20, 0x0,
    0x0, 0x0, 0x5f, 0xff, 0xf3, 0x0, 0x0, 0x0,
    0x3, 0xff, 0xff, 0x71, 0x11, 0x11, 0x10, 0xe,
    0xff, 0xff, 0xff, 0xff, 0xff, 0xf6, 0x1f, 0xff,
    0xff, 0xff, 0xff, 0xff, 0xf6, 0x1f, 0xff, 0xff,
    0xff, 0xff, 0xff, 0xf6,

    /* U+017D "Ž" */
    0x0, 0x0, 0xcf, 0xf5, 0x0, 0x6f, 0xfa, 0x0,
    0x0, 0x0, 0x0, 0xcf, 0xf8, 0x9f, 0xfa, 0x0,
    0x0, 0x0, 0x0, 0x0, 0xcf, 0xff, 0xfb, 0x0,
    0x0, 0x0, 0x0, 0x0, 0x0, 0x78, 0x87, 0x0,
    0x0, 0x0, 0x0, 0x0, 0x0, 0x0, 0x0, 0x0,
    0x0, 0x0, 0x0, 0xcf, 0xff, 0xff, 0xff, 0xff,
    0xff, 0xff, 0xf8, 0xc, 0xff, 0xff, 0xff, 0xff,
    0xff, 0xff, 0xff, 0x80, 0xcf, 0xff, 0xff, 0xff,
    0xff, 0xff, 0xff, 0xf7, 0x4, 0x66, 0x66, 0x66,
    0x66, 0x8f, 0xff, 0xfc, 0x0, 0x0, 0x0, 0x0,
    0x0, 0x1e, 0xff, 0xfe, 0x10, 0x0, 0x0, 0x0,
    0x0, 0xc, 0xff, 0xff, 0x30, 0x0, 0x0, 0x0,
    0x0, 0xa, 0xff, 0xff, 0x50, 0x0, 0x0, 0x0,
    0x0, 0x7, 0xff, 0xff, 0x70, 0x0, 0x0, 0x0,
    0x0, 0x5, 0xff, 0xff, 0xa0, 0x0, 0x0, 0x0,
    0x0, 0x3, 0xff, 0xff, 0xc0, 0x0, 0x0, 0x0,
    0x0, 0x1, 0xef, 0xff, 0xe1, 0x0, 0x0, 0x0,
    0x0, 0x0, 0xcf, 0xff, 0xf3, 0x0, 0x0, 0x0,
    0x0, 0x0, 0xaf, 0xff, 0xf5, 0x0, 0x0, 0x0,
    0x0, 0x0, 0x8f, 0xff, 0xf7, 0x0, 0x0, 0x0,
    0x0, 0x0, 0x5f, 0xff, 0xfe, 0x66, 0x66, 0x66,
    0x66, 0x65, 0xf, 0xff, 0xff, 0xff, 0xff, 0xff,
    0xff, 0xff, 0xe0, 0xff, 0xff, 0xff, 0xff, 0xff,
    0xff, 0xff, 0xfe, 0xf, 0xff, 0xff, 0xff, 0xff,
    0xff, 0xff, 0xff, 0xe0,

    /* U+017E "ž" */
    0x0, 0x68, 0x71, 0x0, 0x6, 0x87, 0x10, 0x0,
    0x3f, 0xfd, 0x20, 0xaf, 0xf8, 0x0, 0x0, 0x5,
    0xff, 0xeb, 0xff, 0xa0, 0x0, 0x0, 0x0, 0x8f,
    0xff, 0xfc, 0x0, 0x0, 0x0, 0x0, 0x6, 0x88,
    0x71, 0x0, 0x0, 0x0, 0x0, 0x0, 0x0, 0x0,
    0x0, 0x0, 0xe, 0xff, 0xff, 0xff, 0xff, 0xff,
    0xf2, 0xe, 0xff, 0xff, 0xff, 0xff, 0xff, 0xf2,
    0xe, 0xff, 0xff, 0xff, 0xff, 0xff, 0xe1, 0x0,
    0x11, 0x11, 0x16, 0xff, 0xff, 0x40, 0x0, 0x0,
    0x0, 0x3f, 0xff, 0xf6, 0x0, 0x0, 0x0, 0x1,
    0xef, 0xff, 0x90, 0x0, 0x0, 0x0, 0xc, 0xff,
    0xfb, 0x0, 0x0, 0x0, 0x0, 0xaf, 0xff, 0xd0,
    0x0, 0x0, 0x0, 0x8, 0xff, 0xfe, 0x20, 0x0,
    0x0, 0x0, 0x5f, 0xff, 0xf3, 0x0, 0x0, 0x0,
    0x3, 0xff, 0xff, 0x71, 0x11, 0x11, 0x10, 0xe,
    0xff, 0xff, 0xff, 0xff, 0xff, 0xf6, 0x1f, 0xff,
    0xff, 0xff, 0xff, 0xff, 0xf6, 0x1f, 0xff, 0xff,
    0xff, 0xff, 0xff, 0xf6,

    /* U+017F "ſ" */
    0x0, 0x0, 0x0, 0x1, 0x10, 0x0, 0x0, 0x0,
    0x3b, 0xff, 0xff, 0xa0, 0x0, 0x4, 0xff, 0xff,
    0xff, 0xc0, 0x0, 0xe, 0xff, 0xff, 0xff, 0x60,
    0x0, 0x3f, 0xff, 0xf4, 0x2, 0x0, 0x0, 0x5f,
    0xff, 0xc0, 0x0, 0x0, 0x8f, 0xff, 0xff, 0xb0,
    0x0, 0x0, 0x8f, 0xff, 0xff, 0xb0, 0x0, 0x0,
    0x8f, 0xff, 0xff, 0xb0, 0x0, 0x0, 0x1, 0x6f,
    0xff, 0xb0, 0x0, 0x0, 0x0, 0x5f, 0xff, 0xb0,
    0x0, 0x0, 0x0, 0x5f, 0xff, 0xb0, 0x0, 0x0,
    0x0, 0x5f, 0xff, 0xb0, 0x0, 0x0, 0x0, 0x5f,
    0xff, 0xb0, 0x0, 0x0, 0x0, 0x5f, 0xff, 0xb0,
    0x0, 0x0, 0x0, 0x5f, 0xff, 0xb0, 0x0, 0x0,
    0x0, 0x5f, 0xff, 0xb0, 0x0, 0x0, 0x0, 0x5f,
    0xff, 0xb0, 0x0, 0x0, 0x0, 0x5f, 0xff, 0xb0,
    0x0, 0x0, 0x0, 0x5f, 0xff, 0xb0, 0x0, 0x0,

    /* U+0400 "Ѐ" */
    0x0, 0xaf, 0xff, 0x80, 0x0, 0x0, 0x0, 0x0,
    0x0, 0x6f, 0xff, 0x80, 0x0, 0x0, 0x0, 0x0,
    0x0, 0x2d, 0xff, 0x80, 0x0, 0x0, 0x0, 0x0,
    0x0, 0x7, 0x88, 0x20, 0x0, 0x0, 0x0, 0x0,
    0x0, 0x0, 0x0, 0x0, 0x0, 0xb, 0xff, 0xff,
    0xff, 0xff, 0xff, 0xff, 0xf0, 0xbf, 0xff, 0xff,
    0xff, 0xff, 0xff, 0xff, 0xb, 0xff, 0xff, 0xff,
    0xff, 0xff, 0xff, 0xf0, 0xbf, 0xff, 0xa5, 0x55,
    0x55, 0x55, 0x55, 0xb, 0xff, 0xf7, 0x0, 0x0,
    0x0, 0x0, 0x0, 0xbf, 0xff, 0x70, 0x0, 0x0,
    0x0, 0x0, 0xb, 0xff, 0xf7, 0x0, 0x0, 0x0,
    0x0, 0x0, 0xbf, 0xff, 0xff, 0xff, 0xff, 0xff,
    0xe0, 0xb, 0xff, 0xff, 0xff, 0xff, 0xff, 0xfe,
    0x0, 0xbf, 0xff, 0xff, 0xff, 0xff, 0xff, 0xe0,
    0xb, 0xff, 0xf9, 0x33, 0x33, 0x33, 0x33, 0x0,
    0xbf, 0xff, 0x70, 0x0, 0x0, 0x0, 0x0, 0xb,
    0xff, 0xf7, 0x0, 0x0, 0x0, 0x0, 0x0, 0xbf,
    0xff, 0x70, 0x0, 0x0, 0x0, 0x0, 0xb, 0xff,
    0xfa, 0x55, 0x55, 0x55, 0x55, 0x51, 0xbf, 0xff,
    0xff, 0xff, 0xff, 0xff, 0xff, 0x5b, 0xff, 0xff,
    0xff, 0xff, 0xff, 0xff, 0xf5, 0xbf, 0xff, 0xff,
    0xff, 0xff, 0xff, 0xff, 0x50,

    /* U+0401 "Ё" */
    0x0, 0xa, 0xfa, 0x0, 0x6f, 0xd2, 0x0, 0x0,
    0x3, 0xff, 0xf4, 0xf, 0xff, 0x80, 0x0, 0x0,
    0x1f, 0xff, 0x20, 0xdf, 0xf6, 0x0, 0x0, 0x0,
    0x37, 0x30, 0x1, 0x75, 0x0, 0x0, 0x0, 0x0,
    0x0, 0x0, 0x0, 0x0, 0x0, 0xb, 0xff, 0xff,
    0xff, 0xff, 0xff, 0xff, 0xf0, 0xbf, 0xff, 0xff,
    0xff, 0xff, 0xff, 0xff, 0xb, 0xff, 0xff, 0xff,
    0xff, 0xff, 0xff, 0xf0, 0xbf, 0xff, 0xa5, 0x55,
    0x55, 0x55, 0x55, 0xb, 0xff, 0xf7, 0x0, 0x0,
    0x0, 0x0, 0x0, 0xbf, 0xff, 0x70, 0x0, 0x0,
    0x0, 0x0, 0xb, 0xff, 0xf7, 0x0, 0x0, 0x0,
    0x0, 0x0, 0xbf, 0xff, 0xff, 0xff, 0xff, 0xff,
    0xe0, 0xb, 0xff, 0xff, 0xff, 0xff, 0xff, 0xfe,
    0x0, 0xbf, 0xff, 0xff, 0xff, 0xff, 0xff, 0xe0,
    0xb, 0xff, 0xf9, 0x33, 0x33, 0x33, 0x33, 0x0,
    0xbf, 0xff, 0x70, 0x0, 0x0, 0x0, 0x0, 0xb,
    0xff, 0xf7, 0x0, 0x0, 0x0, 0x0, 0x0, 0xbf,
    0xff, 0x70, 0x0, 0x0, 0x0, 0x0, 0xb, 0xff,
    0xfa, 0x55, 0x55, 0x55, 0x55, 0x51, 0xbf, 0xff,
    0xff, 0xff, 0xff, 0xff, 0xff, 0x5b, 0xff, 0xff,
    0xff, 0xff, 0xff, 0xff, 0xf5, 0xbf, 0xff, 0xff,
    0xff, 0xff, 0xff, 0xff, 0x50,

    /* U+0402 "Ђ" */
    0x9f, 0xff, 0xff, 0xff, 0xff, 0xff, 0xff, 0xff,
    0xf0, 0x0, 0x0, 0x9f, 0xff, 0xff, 0xff, 0xff,
    0xff, 0xff, 0xff, 0xf0, 0x0, 0x0, 0x9f, 0xff,
    0xff, 0xff, 0xff, 0xff, 0xff, 0xff, 0xf0, 0x0,
    0x0, 0x36, 0x66, 0x66, 0xdf, 0xff, 0x96, 0x66,
    0x66, 0x50, 0x0, 0x0, 0x0, 0x0, 0x0, 0xcf,
    0xff, 0x60, 0x0, 0x0, 0x0, 0x0, 0x0, 0x0,
    0x0, 0x0, 0xcf, 0xff, 0x60, 0x0, 0x0, 0x0,
    0x0, 0x0, 0x0, 0x0, 0x0, 0xcf, 0xff, 0x60,
    0x1, 0x22, 0x0, 0x0, 0x0, 0x0, 0x0, 0x0,
    0xcf, 0xff, 0xcc, 0xff, 0xff, 0xfc, 0x60, 0x0,
    0x0, 0x0, 0x0, 0xcf, 0xff, 0xff, 0xff, 0xff,
    0xff, 0xfb, 0x0, 0x0, 0x0, 0x0, 0xcf, 0xff,
    0xff, 0xff, 0xff, 0xff, 0xff, 0x90, 0x0, 0x0,
    0x0, 0xcf, 0xff, 0xe9, 0x53, 0x47, 0xef, 0xff,
    0xf0, 0x0, 0x0, 0x0, 0xcf, 0xff, 0x60, 0x0,
    0x0, 0x3f, 0xff, 0xf4, 0x0, 0x0, 0x0, 0xcf,
    0xff, 0x60, 0x0, 0x0, 0xe, 0xff, 0xf5, 0x0,
    0x0, 0x0, 0xcf, 0xff, 0x60, 0x0, 0x0, 0x1f,
    0xff, 0xf3, 0x0, 0x0, 0x0, 0xcf, 0xff, 0x60,
    0x2, 0x24, 0xcf, 0xff, 0xf1, 0x0, 0x0, 0x0,
    0xcf, 0xff, 0x60, 0xd, 0xff, 0xff, 0xff, 0x90,
    0x0, 0x0, 0x0, 0xcf, 0xff, 0x60, 0xf, 0xff,
    0xff, 0xfc, 0x0, 0x0, 0x0, 0x0, 0xcf, 0xff,
    0x60, 0x1f, 0xff, 0xfd, 0x60, 0x0, 0x0, 0x0,
    0x0, 0x0, 0x0, 0x0, 0x0, 0x22, 0x0, 0x0,
    0x0,

    /* U+0403 "Ѓ" */
    0x0, 0x0, 0x0, 0x1d, 0xff, 0xf5, 0x0, 0x0,
    0x0, 0x1, 0xdf, 0xfc, 0x20, 0x0, 0x0, 0x0,
    0x1d, 0xff, 0x90, 0x0, 0x0, 0x0, 0x0, 0x58,
    0x84, 0x0, 0x0, 0x0, 0x0, 0x0, 0x0, 0x0,
    0x0, 0x0, 0x0, 0xbf, 0xff, 0xff, 0xff, 0xff,
    0xff, 0xf1, 0xbf, 0xff, 0xff, 0xff, 0xff, 0xff,
    0xf1, 0xbf, 0xff, 0xff, 0xff, 0xff, 0xff, 0xf1,
    0xbf, 0xff, 0xa6, 0x66, 0x66, 0x66, 0x60, 0xbf,
    0xff, 0x60, 0x0, 0x0, 0x0, 0x0, 0xbf, 0xff,
    0x60, 0x0, 0x0, 0x0, 0x0, 0xbf, 0xff, 0x60,
    0x0, 0x0, 0x0, 0x0, 0xbf, 0xff, 0x60, 0x0,
    0x0, 0x0, 0x0, 0xbf, 0xff, 0x60, 0x0, 0x0,
    0x0, 0x0, 0xbf, 0xff, 0x60, 0x0, 0x0, 0x0,
    0x0, 0xbf, 0xff, 0x60, 0x0, 0x0, 0x0, 0x0,
    0xbf, 0xff, 0x70, 0x0, 0x0, 0x0, 0x0, 0xbf,
    0xff, 0x70, 0x0, 0x0, 0x0, 0x0, 0xbf, 0xff,
    0x70, 0x0, 0x0, 0x0, 0x0, 0xbf, 0xff, 0x70,
    0x0, 0x0, 0x0, 0x0, 0xbf, 0xff, 0x70, 0x0,
    0x0, 0x0, 0x0, 0xbf, 0xff, 0x70, 0x0, 0x0,
    0x0, 0x0, 0xbf, 0xff, 0x70, 0x0, 0x0, 0x0,
    0x0,

    /* U+0404 "Є" */
    0x0, 0x0, 0x3, 0x8c, 0xef, 0xec, 0x94, 0x0,
    0x0, 0x0, 0x2, 0xbf, 0xff, 0xff, 0xff, 0xff,
    0xc3, 0x0, 0x0, 0x4e, 0xff, 0xff, 0xff, 0xff,
    0xff, 0xff, 0x50, 0x2, 0xff, 0xff, 0xfe, 0xb9,
    0x9c, 0xff, 0xff, 0xa0, 0xc, 0xff, 0xff, 0x60,
    0x0, 0x0, 0x19, 0xf6, 0x0, 0x4f, 0xff, 0xf4,
    0x0, 0x0, 0x0, 0x0, 0x10, 0x0, 0x9f, 0xff,
    0xb0, 0x0, 0x0, 0x0, 0x0, 0x0, 0x0, 0xdf,
    0xff, 0xff, 0xff, 0xff, 0xfe, 0x0, 0x0, 0x0,
    0xef, 0xff, 0xff, 0xff, 0xff, 0xfe, 0x0, 0x0,
    0x0, 0xef, 0xff, 0xff, 0xff, 0xff, 0xfe, 0x0,
    0x0, 0x0, 0xdf, 0xff, 0xb2, 0x22, 0x22, 0x22,
    0x0, 0x0, 0x0, 0x9f, 0xff, 0xf1, 0x0, 0x0,
    0x0, 0x0, 0x0, 0x0, 0x4f, 0xff, 0xfa, 0x0,
    0x0, 0x0, 0x1, 0x80, 0x0, 0xc, 0xff, 0xff,
    0xa0, 0x0, 0x0, 0x4d, 0xfb, 0x0, 0x2, 0xff,
    0xff, 0xff, 0xa9, 0xad, 0xff, 0xff, 0xb0, 0x0,
    0x4e, 0xff, 0xff, 0xff, 0xff, 0xff, 0xff, 0x50,
    0x0, 0x2, 0xbf, 0xff, 0xff, 0xff, 0xff, 0xc3,
    0x0, 0x0, 0x0, 0x3, 0x8c, 0xef, 0xed, 0x94,
    0x0, 0x0,

    /* U+0405 "Ѕ" */
    0x0, 0x0, 0x27, 0xce, 0xff, 0xeb, 0x83, 0x0,
    0x0, 0x0, 0x8f, 0xff, 0xff, 0xff, 0xff, 0xfc,
    0x10, 0x0, 0xaf, 0xff, 0xff, 0xff, 0xff, 0xff,
    0xe0, 0x0, 0x3f, 0xff, 0xfc, 0x75, 0x57, 0xbf,
    0xf8, 0x0, 0x8, 0xff, 0xfc, 0x0, 0x0, 0x0,
    0x7, 0x10, 0x0, 0xaf, 0xff, 0x90, 0x0, 0x0,
    0x0, 0x0, 0x0, 0x8, 0xff, 0xff, 0x60, 0x0,
    0x0, 0x0, 0x0, 0x0, 0x2f, 0xff, 0xff, 0xfb,
    0x84, 0x0, 0x0, 0x0, 0x0, 0x5f, 0xff, 0xff,
    0xff, 0xff, 0xa3, 0x0, 0x0, 0x0, 0x28, 0xff,
    0xff, 0xff, 0xff, 0xfa, 0x0, 0x0, 0x0, 0x0,
    0x38, 0xbf, 0xff, 0xff, 0xf8, 0x0, 0x0, 0x0,
    0x0, 0x0, 0x4, 0xdf, 0xff, 0xe0, 0x0, 0x0,
    0x0, 0x0, 0x0, 0x3, 0xff, 0xff, 0x0, 0xd,
    0x81, 0x0, 0x0, 0x0, 0x5f, 0xff, 0xf0, 0x5,
    0xff, 0xfc, 0x86, 0x56, 0x9f, 0xff, 0xfa, 0x0,
    0xdf, 0xff, 0xff, 0xff, 0xff, 0xff, 0xfe, 0x20,
    0x3, 0xcf, 0xff, 0xff, 0xff, 0xff, 0xfc, 0x20,
    0x0, 0x0, 0x27, 0xbd, 0xff, 0xed, 0x94, 0x0,
    0x0,

    /* U+0406 "І" */
    0xbf, 0xff, 0x7b, 0xff, 0xf7, 0xbf, 0xff, 0x7b,
    0xff, 0xf7, 0xbf, 0xff, 0x7b, 0xff, 0xf7, 0xbf,
    0xff, 0x7b, 0xff, 0xf7, 0xbf, 0xff, 0x7b, 0xff,
    0xf7, 0xbf, 0xff, 0x7b, 0xff, 0xf7, 0xbf, 0xff,
    0x7b, 0xff, 0xf7, 0xbf, 0xff, 0x7b, 0xff, 0xf7,
    0xbf, 0xff, 0x7b, 0xff, 0xf7,

    /* U+0407 "Ї" */
    0x8, 0xfb, 0x0, 0x5e, 0xd3, 0x2f, 0xff, 0x60,
    0xdf, 0xfa, 0xe, 0xff, 0x30, 0xbf, 0xf8, 0x2,
    0x74, 0x0, 0x17, 0x60, 0x0, 0x0, 0x0, 0x0,
    0x0, 0x0, 0xd, 0xff, 0xf6, 0x0, 0x0, 0xd,
    0xff, 0xf6, 0x0, 0x0, 0xd, 0xff, 0xf6, 0x0,
    0x0, 0xd, 0xff, 0xf6, 0x0, 0x0, 0xd, 0xff,
    0xf6, 0x0, 0x0, 0xd, 0xff, 0xf6, 0x0, 0x0,
    0xd, 0xff, 0xf6, 0x0, 0x0, 0xd, 0xff, 0xf6,
    0x0, 0x0, 0xd, 0xff, 0xf6, 0x0, 0x0, 0xd,
    0xff, 0xf6, 0x0, 0x0, 0xd, 0xff, 0xf6, 0x0,
    0x0, 0xd, 0xff, 0xf6, 0x0, 0x0, 0xd, 0xff,
    0xf6, 0x0, 0x0, 0xd, 0xff, 0xf6, 0x0, 0x0,
    0xd, 0xff, 0xf6, 0x0, 0x0, 0xd, 0xff, 0xf6,
    0x0, 0x0, 0xd, 0xff, 0xf6, 0x0, 0x0, 0xd,
    0xff, 0xf6, 0x0,

    /* U+0408 "Ј" */
    0x0, 0xcf, 0xff, 0xff, 0xff, 0xff, 0xc0, 0xc,
    0xff, 0xff, 0xff, 0xff, 0xfc, 0x0, 0xcf, 0xff,
    0xff, 0xff, 0xff, 0xc0, 0x4, 0x55, 0x55, 0x59,
    0xff, 0xfc, 0x0, 0x0, 0x0, 0x0, 0x6f, 0xff,
    0xc0, 0x0, 0x0, 0x0, 0x6, 0xff, 0xfc, 0x0,
    0x0, 0x0, 0x0, 0x6f, 0xff, 0xc0, 0x0, 0x0,
    0x0, 0x6, 0xff, 0xfc, 0x0, 0x0, 0x0, 0x0,
    0x6f, 0xff, 0xc0, 0x0, 0x0, 0x0, 0x6, 0xff,
    0xfc, 0x0, 0x0, 0x0, 0x0, 0x6f, 0xff, 0xc0,
    0x0, 0x0, 0x0, 0x6, 0xff, 0xfc, 0x0, 0x10,
    0x0, 0x0, 0x7f, 0xff, 0xb0, 0x2e, 0x70, 0x0,
    0xd, 0xff, 0xf9, 0x1d, 0xff, 0xc7, 0x7c, 0xff,
    0xff, 0x46, 0xff, 0xff, 0xff, 0xff, 0xff, 0xc0,
    0x8, 0xff, 0xff, 0xff, 0xff, 0xd1, 0x0, 0x2,
    0x8d, 0xef, 0xeb, 0x60, 0x0,

    /* U+0409 "Љ" */
    0x0, 0x0, 0x8f, 0xff, 0xff, 0xff, 0xff, 0xff,
    0xff, 0xf0, 0x0, 0x0, 0x0, 0x0, 0x0, 0x0,
    0x0, 0x8, 0xff, 0xff, 0xff, 0xff, 0xff, 0xff,
    0xff, 0x0, 0x0, 0x0, 0x0, 0x0, 0x0, 0x0,
    0x0, 0x9f, 0xff, 0xff, 0xff, 0xff, 0xff, 0xff,
    0xf0, 0x0, 0x0, 0x0, 0x0, 0x0, 0x0, 0x0,
    0xa, 0xff, 0xf6, 0x66, 0x66, 0x6f, 0xff, 0xff,
    0x0, 0x0, 0x0, 0x0, 0x0, 0x0, 0x0, 0x0,
    0xaf, 0xff, 0x0, 0x0, 0x0, 0xff, 0xff, 0xf0,
    0x0, 0x0, 0x0, 0x0, 0x0, 0x0, 0x0, 0xb,
    0xff, 0xf0, 0x0, 0x0, 0xf, 0xff, 0xff, 0x11,
    0x11, 0x0, 0x0, 0x0, 0x0, 0x0, 0x0, 0xbf,
    0xff, 0x0, 0x0, 0x0, 0xff, 0xff, 0xff, 0xff,
    0xff, 0xfd, 0x82, 0x0, 0x0, 0x0, 0xc, 0xff,
    0xe0, 0x0, 0x0, 0xf, 0xff, 0xff, 0xff, 0xff,
    0xff, 0xff, 0xf5, 0x0, 0x0, 0x0, 0xdf, 0xfe,
    0x0, 0x0, 0x0, 0xff, 0xff, 0xff, 0xff, 0xff,
    0xff, 0xff, 0xf3, 0x0, 0x0, 0xe, 0xff, 0xc0,
    0x0, 0x0, 0xf, 0xff, 0xff, 0x0, 0x0, 0x27,
    0xff, 0xff, 0xa0, 0x0, 0x0, 0xff, 0xfb, 0x0,
    0x0, 0x0, 0xff, 0xff, 0xf0, 0x0, 0x0, 0x8,
    0xff, 0xfe, 0x0, 0x0, 0x3f, 0xff, 0x90, 0x0,
    0x0, 0xf, 0xff, 0xff, 0x0, 0x0, 0x0, 0x4f,
    0xff, 0xf0, 0x0, 0x8, 0xff, 0xf6, 0x0, 0x0,
    0x0, 0xff, 0xff, 0xf0, 0x0, 0x0, 0x5, 0xff,
    0xff, 0x0, 0x2, 0xef, 0xff, 0x30, 0x0, 0x0,
    0xf, 0xff, 0xff, 0x0, 0x0, 0x0, 0xbf, 0xff,
    0xc0, 0x4b, 0xff, 0xff, 0xe0, 0x0, 0x0, 0x0,
    0xff, 0xff, 0xf1, 0x11, 0x14, 0xaf, 0xff, 0xf7,
    0x7, 0xff, 0xff, 0xf8, 0x0, 0x0, 0x0, 0xf,
    0xff, 0xff, 0xff, 0xff, 0xff, 0xff, 0xfd, 0x0,
    0x8f, 0xff, 0xfd, 0x0, 0x0, 0x0, 0x0, 0xff,
    0xff, 0xff, 0xff, 0xff, 0xff, 0xfc, 0x10, 0x9,
    0xff, 0xe9, 0x10, 0x0, 0x0, 0x0, 0xf, 0xff,
    0xff, 0xff, 0xff, 0xfd, 0xa4, 0x0, 0x0,

    /* U+040A "Њ" */
    0xbf, 0xff, 0x70, 0x0, 0x0, 0x0, 0x9f, 0xff,
    0x90, 0x0, 0x0, 0x0, 0x0, 0x0, 0xbf, 0xff,
    0x70, 0x0, 0x0, 0x0, 0x9f, 0xff, 0x90, 0x0,
    0x0, 0x0, 0x0, 0x0, 0xbf, 0xff, 0x70, 0x0,
    0x0, 0x0, 0x9f, 0xff, 0x90, 0x0, 0x0, 0x0,
    0x0, 0x0, 0xbf, 0xff, 0x70, 0x0, 0x0, 0x0,
    0x9f, 0xff, 0x90, 0x0, 0x0, 0x0, 0x0, 0x0,
    0xbf, 0xff, 0x70, 0x0, 0x0, 0x0, 0x9f, 0xff,
    0x90, 0x0, 0x0, 0x0, 0x0, 0x0, 0xbf, 0xff,
    0x70, 0x0, 0x0, 0x0, 0x9f, 0xff, 0x90, 0x0,
    0x0, 0x0, 0x0, 0x0, 0xbf, 0xff, 0xa6, 0x66,
    0x66, 0x66, 0xbf, 0xff, 0xc6, 0x66, 0x65, 0x41,
    0x0, 0x0, 0xbf, 0xff, 0xff, 0xff, 0xff, 0xff,
    0xff, 0xff, 0xff, 0xff, 0xff, 0xff, 0xc4, 0x0,
    0xbf, 0xff, 0xff, 0xff, 0xff, 0xff, 0xff, 0xff,
    0xff, 0xff, 0xff, 0xff, 0xff, 0x60, 0xbf, 0xff,
    0xff, 0xff, 0xff, 0xff, 0xff, 0xff, 0xd9, 0x99,
    0x9b, 0xff, 0xff, 0xf2, 0xbf, 0xff, 0x70, 0x0,
    0x0, 0x0, 0x9f, 0xff, 0x90, 0x0, 0x0, 0x3f,
    0xff, 0xf7, 0xbf, 0xff, 0x70, 0x0, 0x0, 0x0,
    0x9f, 0xff, 0x90, 0x0, 0x0, 0xa, 0xff, 0xfa,
    0xbf, 0xff, 0x70, 0x0, 0x0, 0x0, 0x9f, 0xff,
    0x90, 0x0, 0x0, 0x9, 0xff, 0xfa, 0xbf, 0xff,
    0x70, 0x0, 0x0, 0x0, 0x9f, 0xff, 0x90, 0x0,
    0x0, 0xd, 0xff, 0xf9, 0xbf, 0xff, 0x70, 0x0,
    0x0, 0x0, 0x9f, 0xff, 0xa1, 0x11, 0x14, 0xcf,
    0xff, 0xf4, 0xbf, 0xff, 0x70, 0x0, 0x0, 0x0,
    0x9f, 0xff, 0xff, 0xff, 0xff, 0xff, 0xff, 0xb0,
    0xbf, 0xff, 0x70, 0x0, 0x0, 0x0, 0x9f, 0xff,
    0xff, 0xff, 0xff, 0xff, 0xfb, 0x0, 0xbf, 0xff,
    0x70, 0x0, 0x0, 0x0, 0x9f, 0xff, 0xff, 0xff,
    0xff, 0xda, 0x40, 0x0,

    /* U+040B "Ћ" */
    0x9f, 0xff, 0xff, 0xff, 0xff, 0xff, 0xff, 0xff,
    0xc0, 0x0, 0x0, 0x9f, 0xff, 0xff, 0xff, 0xff,
    0xff, 0xff, 0xff, 0xc0, 0x0, 0x0, 0x9f, 0xff,
    0xff, 0xff, 0xff, 0xff, 0xff, 0xff, 0xc0, 0x0,
    0x0, 0x36, 0x66, 0x66, 0xef, 0xff, 0x96, 0x66,
    0x66, 0x40, 0x0, 0x0, 0x0, 0x0, 0x0, 0xdf,
    0xff, 0x50, 0x0, 0x0, 0x0, 0x0, 0x0, 0x0,
    0x0, 0x0, 0xdf, 0xff, 0x50, 0x0, 0x0, 0x0,
    0x0, 0x0, 0x0, 0x0, 0x0, 0xdf, 0xff, 0x50,
    0x0, 0x0, 0x0, 0x0, 0x0, 0x0, 0x0, 0x0,
    0xdf, 0xff, 0x98, 0xce, 0xff, 0xd8, 0x20, 0x0,
    0x0, 0x0, 0x0, 0xdf, 0xff, 0xff, 0xff, 0xff,
    0xff, 0xf5, 0x0, 0x0, 0x0, 0x0, 0xdf, 0xff,
    0xff, 0xff, 0xff, 0xff, 0xff, 0x40, 0x0, 0x0,
    0x0, 0xdf, 0xff, 0xfe, 0xa8, 0xae, 0xff, 0xff,
    0xc0, 0x0, 0x0, 0x0, 0xdf, 0xff, 0x70, 0x0,
    0x0, 0xbf, 0xff, 0xf1, 0x0, 0x0, 0x0, 0xdf,
    0xff, 0x50, 0x0, 0x0, 0x2f, 0xff, 0xf3, 0x0,
    0x0, 0x0, 0xdf, 0xff, 0x50, 0x0, 0x0, 0xe,
    0xff, 0xf4, 0x0, 0x0, 0x0, 0xdf, 0xff, 0x50,
    0x0, 0x0, 0xd, 0xff, 0xf4, 0x0, 0x0, 0x0,
    0xdf, 0xff, 0x50, 0x0, 0x0, 0xd, 0xff, 0xf4,
    0x0, 0x0, 0x0, 0xdf, 0xff, 0x50, 0x0, 0x0,
    0xd, 0xff, 0xf4, 0x0, 0x0, 0x0, 0xdf, 0xff,
    0x50, 0x0, 0x0, 0xd, 0xff, 0xf4,

    /* U+040C "Ќ" */
    0x0, 0x0, 0x0, 0x0, 0x9f, 0xff, 0x90, 0x0,
    0x0, 0x0, 0x0, 0x0, 0x9f, 0xfe, 0x50, 0x0,
    0x0, 0x0, 0x0, 0x0, 0x9f, 0xfc, 0x10, 0x0,
    0x0, 0x0, 0x0, 0x0, 0x28, 0x86, 0x0, 0x0,
    0x0, 0x0, 0x0, 0x0, 0x0, 0x0, 0x0, 0x0,
    0x0, 0x0, 0xc, 0xff, 0xf6, 0x0, 0x0, 0x0,
    0x2f, 0xff, 0xf4, 0xcf, 0xff, 0x60, 0x0, 0x0,
    0xb, 0xff, 0xfa, 0xc, 0xff, 0xf6, 0x0, 0x0,
    0x6, 0xff, 0xfe, 0x10, 0xcf, 0xff, 0x60, 0x0,
    0x1, 0xef, 0xff, 0x50, 0xc, 0xff, 0xf6, 0x0,
    0x0, 0xaf, 0xff, 0xa0, 0x0, 0xcf, 0xff, 0x60,
    0x0, 0x4f, 0xff, 0xe1, 0x0, 0xc, 0xff, 0xf6,
    0x0, 0xe, 0xff, 0xf5, 0x0, 0x0, 0xcf, 0xff,
    0xa7, 0x7a, 0xff, 0xfa, 0x0, 0x0, 0xc, 0xff,
    0xff, 0xff, 0xff, 0xfe, 0x10, 0x0, 0x0, 0xcf,
    0xff, 0xff, 0xff, 0xff, 0xf1, 0x0, 0x0, 0xc,
    0xff, 0xff, 0xff, 0xff, 0xff, 0xb0, 0x0, 0x0,
    0xcf, 0xff, 0x60, 0x5, 0xff, 0xff, 0x60, 0x0,
    0xc, 0xff, 0xf6, 0x0, 0xa, 0xff, 0xff, 0x20,
    0x0, 0xcf, 0xff, 0x60, 0x0, 0x1e, 0xff, 0xfc,
    0x0, 0xc, 0xff, 0xf6, 0x0, 0x0, 0x5f, 0xff,
    0xf7, 0x0, 0xcf, 0xff, 0x60, 0x0, 0x0, 0xaf,
    0xff, 0xf2, 0xc, 0xff, 0xf6, 0x0, 0x0, 0x1,
    0xef, 0xff, 0xc0, 0xcf, 0xff, 0x60, 0x0, 0x0,
    0x4, 0xff, 0xff, 0x70,

    /* U+040D "Ѝ" */
    0x0, 0x4, 0xef, 0xfe, 0x20, 0x0, 0x0, 0x0,
    0x0, 0x0, 0x0, 0x1b, 0xff, 0xe2, 0x0, 0x0,
    0x0, 0x0, 0x0, 0x0, 0x0, 0x7f, 0xfe, 0x20,
    0x0, 0x0, 0x0, 0x0, 0x0, 0x0, 0x3, 0x88,
    0x60, 0x0, 0x0, 0x0, 0x0, 0x0, 0x0, 0x0,
    0x0, 0x0, 0x0, 0x0, 0x0, 0xbf, 0xff, 0x70,
    0x0, 0x0, 0x0, 0x4f, 0xff, 0xf1, 0xbf, 0xff,
    0x70, 0x0, 0x0, 0x1, 0xef, 0xff, 0xf1, 0xbf,
    0xff, 0x70, 0x0, 0x0, 0xb, 0xff, 0xff, 0xf1,
    0xbf, 0xff, 0x70, 0x0, 0x0, 0x7f, 0xff, 0xff,
    0xf1, 0xbf, 0xff, 0x70, 0x0, 0x3, 0xff, 0xff,
    0xff, 0xf1, 0xbf, 0xff, 0x70, 0x0, 0x1e, 0xff,
    0xff, 0xff, 0xf1, 0xbf, 0xff, 0x70, 0x0, 0xaf,
    0xff, 0xdf, 0xff, 0xf1, 0xbf, 0xff, 0x70, 0x6,
    0xff, 0xfe, 0x2f, 0xff, 0xf1, 0xbf, 0xff, 0x70,
    0x3f, 0xff, 0xf4, 0x1f, 0xff, 0xf1, 0xbf, 0xff,
    0x70, 0xdf, 0xff, 0x80, 0x1f, 0xff, 0xf1, 0xbf,
    0xff, 0x7a, 0xff, 0xfc, 0x0, 0x1f, 0xff, 0xf1,
    0xbf, 0xff, 0xcf, 0xff, 0xe2, 0x0, 0x1f, 0xff,
    0xf1, 0xbf, 0xff, 0xff, 0xff, 0x50, 0x0, 0x1f,
    0xff, 0xf1, 0xbf, 0xff, 0xff, 0xf9, 0x0, 0x0,
    0x1f, 0xff, 0xf1, 0xbf, 0xff, 0xff, 0xc0, 0x0,
    0x0, 0x1f, 0xff, 0xf1, 0xbf, 0xff, 0xff, 0x20,
    0x0, 0x0, 0x1f, 0xff, 0xf1, 0xbf, 0xff, 0xf5,
    0x0, 0x0, 0x0, 0x1f, 0xff, 0xf1, 0xbf, 0xff,
    0x90, 0x0, 0x0, 0x0, 0x1f, 0xff, 0xf1,

    /* U+040E "Ў" */
    0x0, 0x0, 0xaf, 0xf4, 0x0, 0x9, 0xff, 0x50,
    0x0, 0x0, 0x0, 0x7, 0xff, 0xc2, 0x15, 0xff,
    0xf1, 0x0, 0x0, 0x0, 0x0, 0xd, 0xff, 0xff,
    0xff, 0xf8, 0x0, 0x0, 0x0, 0x0, 0x0, 0x8,
    0xdf, 0xfe, 0xb5, 0x0, 0x0, 0x0, 0x0, 0x0,
    0x0, 0x0, 0x0, 0x0, 0x0, 0x0, 0x0, 0x7,
    0xff, 0xfe, 0x0, 0x0, 0x0, 0x0, 0xb, 0xff,
    0xf6, 0xe, 0xff, 0xf7, 0x0, 0x0, 0x0, 0x3,
    0xff, 0xfd, 0x0, 0x6f, 0xff, 0xe0, 0x0, 0x0,
    0x0, 0xbf, 0xff, 0x50, 0x0, 0xdf, 0xff, 0x70,
    0x0, 0x0, 0x4f, 0xff, 0xc0, 0x0, 0x5, 0xff,
    0xfe, 0x0, 0x0, 0xc, 0xff, 0xf3, 0x0, 0x0,
    0xc, 0xff, 0xf7, 0x0, 0x4, 0xff, 0xfb, 0x0,
    0x0, 0x0, 0x3f, 0xff, 0xe0, 0x0, 0xcf, 0xff,
    0x20, 0x0, 0x0, 0x0, 0xaf, 0xff, 0x70, 0x5f,
    0xff, 0x90, 0x0, 0x0, 0x0, 0x2, 0xff, 0xfe,
    0x1d, 0xff, 0xf1, 0x0, 0x0, 0x0, 0x0, 0x9,
    0xff, 0xfc, 0xff, 0xf8, 0x0, 0x0, 0x0, 0x0,
    0x0, 0x1f, 0xff, 0xff, 0xfe, 0x0, 0x0, 0x0,
    0x0, 0x0, 0x0, 0x8f, 0xff, 0xff, 0x60, 0x0,
    0x0, 0x0, 0x0, 0x0, 0x0, 0xef, 0xff, 0xd0,
    0x0, 0x0, 0x0, 0x0, 0x0, 0x0, 0xd, 0xff,
    0xf5, 0x0, 0x0, 0x0, 0x0, 0x1, 0x52, 0x3b,
    0xff, 0xfc, 0x0, 0x0, 0x0, 0x0, 0x0, 0x6f,
    0xff, 0xff, 0xff, 0x20, 0x0, 0x0, 0x0, 0x0,
    0xb, 0xff, 0xff, 0xff, 0x40, 0x0, 0x0, 0x0,
    0x0, 0x0, 0xef, 0xff, 0xfb, 0x20, 0x0, 0x0,
    0x0, 0x0, 0x0, 0x0, 0x24, 0x41, 0x0, 0x0,
    0x0, 0x0, 0x0, 0x0,

    /* U+040F "Џ" */
    0xbf, 0xff, 0x70, 0x0, 0x0, 0x0, 0x7f, 0xff,
    0xcb, 0xff, 0xf7, 0x0, 0x0, 0x0, 0x7, 0xff,
    0xfc, 0xbf, 0xff, 0x70, 0x0, 0x0, 0x0, 0x7f,
    0xff, 0xcb, 0xff, 0xf7, 0x0, 0x0, 0x0, 0x7,
    0xff, 0xfc, 0xbf, 0xff, 0x70, 0x0, 0x0, 0x0,
    0x7f, 0xff, 0xcb, 0xff, 0xf7, 0x0, 0x0, 0x0,
    0x7, 0xff, 0xfc, 0xbf, 0xff, 0x70, 0x0, 0x0,
    0x0, 0x7f, 0xff, 0xcb, 0xff, 0xf7, 0x0, 0x0,
    0x0, 0x7, 0xff, 0xfc, 0xbf, 0xff, 0x70, 0x0,
    0x0, 0x0, 0x7f, 0xff, 0xcb, 0xff, 0xf7, 0x0,
    0x0, 0x0, 0x7, 0xff, 0xfc, 0xbf, 0xff, 0x70,
    0x0, 0x0, 0x0, 0x7f, 0xff, 0xcb, 0xff, 0xf7,
    0x0, 0x0, 0x0, 0x7, 0xff, 0xfc, 0xbf, 0xff,
    0x70, 0x0, 0x0, 0x0, 0x7f, 0xff, 0xcb, 0xff,
    0xf7, 0x0, 0x0, 0x0, 0x7, 0xff, 0xfc, 0xbf,
    0xff, 0xa6, 0x66, 0x66, 0x66, 0xaf, 0xff, 0xcb,
    0xff, 0xff, 0xff, 0xff, 0xff, 0xff, 0xff, 0xfc,
    0xbf, 0xff, 0xff, 0xff, 0xff, 0xff, 0xff, 0xff,
    0xcb, 0xff, 0xff, 0xff, 0xff, 0xff, 0xff, 0xff,
    0xfc, 0x0, 0x0, 0x0, 0x7f, 0xff, 0x70, 0x0,
    0x0, 0x0, 0x0, 0x0, 0x7, 0xff, 0xf7, 0x0,
    0x0, 0x0, 0x0, 0x0, 0x0, 0x7f, 0xff, 0x70,
    0x0, 0x0, 0x0, 0x0, 0x0, 0x7, 0xff, 0xf7,
    0x0, 0x0, 0x0,

    /* U+0410 "А" */
    0x0, 0x0, 0x0, 0x0, 0xef, 0xff, 0xb0, 0x0,
    0x0, 0x0, 0x0, 0x0, 0x0, 0x0, 0x5f, 0xff,
    0xff, 0x20, 0x0, 0x0, 0x0, 0x0, 0x0, 0x0,
    0xd, 0xff, 0xff, 0xf9, 0x0, 0x0, 0x0, 0x0,
    0x0, 0x0, 0x4, 0xff, 0xff, 0xff, 0xf1, 0x0,
    0x0, 0x0, 0x0, 0x0, 0x0, 0xbf, 0xff, 0xaf,
    0xff, 0x80, 0x0, 0x0, 0x0, 0x0, 0x0, 0x2f,
    0xff, 0xc1, 0xff, 0xfe, 0x0, 0x0, 0x0, 0x0,
    0x0, 0x9, 0xff, 0xf5, 0xa, 0xff, 0xf6, 0x0,
    0x0, 0x0, 0x0, 0x1, 0xff, 0xfe, 0x0, 0x3f,
    0xff, 0xd0, 0x0, 0x0, 0x0, 0x0, 0x8f, 0xff,
    0x80, 0x0, 0xcf, 0xff, 0x50, 0x0, 0x0, 0x0,
    0xe, 0xff, 0xf1, 0x0, 0x5, 0xff, 0xfc, 0x0,
    0x0, 0x0, 0x6, 0xff, 0xfa, 0x0, 0x0, 0xe,
    0xff, 0xf3, 0x0, 0x0, 0x0, 0xdf, 0xff, 0xff,
    0xff, 0xff, 0xff, 0xff, 0xa0, 0x0, 0x0, 0x5f,
    0xff, 0xff, 0xff, 0xff, 0xff, 0xff, 0xff, 0x20,
    0x0, 0xc, 0xff, 0xff, 0xff, 0xff, 0xff, 0xff,
    0xff, 0xf9, 0x0, 0x3, 0xff, 0xff, 0x22, 0x22,
    0x22, 0x22, 0x5f, 0xff, 0xf1, 0x0, 0xaf, 0xff,
    0x90, 0x0, 0x0, 0x0, 0x0, 0xdf, 0xff, 0x70,
    0x2f, 0xff, 0xf2, 0x0, 0x0, 0x0, 0x0, 0x6,
    0xff, 0xfe, 0x9, 0xff, 0xfb, 0x0, 0x0, 0x0,
    0x0, 0x0, 0xf, 0xff, 0xf6,

    /* U+0411 "Б" */
    0xbf, 0xff, 0xff, 0xff, 0xff, 0xff, 0xff, 0xf0,
    0xb, 0xff, 0xff, 0xff, 0xff, 0xff, 0xff, 0xff,
    0x0, 0xbf, 0xff, 0xff, 0xff, 0xff, 0xff, 0xff,
    0xf0, 0xb, 0xff, 0xf9, 0x44, 0x44, 0x44, 0x44,
    0x44, 0x0, 0xbf, 0xff, 0x70, 0x0, 0x0, 0x0,
    0x0, 0x0, 0xb, 0xff, 0xf7, 0x0, 0x0, 0x0,
    0x0, 0x0, 0x0, 0xbf, 0xff, 0x70, 0x0, 0x0,
    0x0, 0x0, 0x0, 0xb, 0xff, 0xff, 0xff, 0xff,
    0xff, 0xd9, 0x30, 0x0, 0xbf, 0xff, 0xff, 0xff,
    0xff, 0xff, 0xff, 0x90, 0xb, 0xff, 0xff, 0xff,
    0xff, 0xff, 0xff, 0xff, 0x70, 0xbf, 0xff, 0x70,
    0x0, 0x2, 0x5e, 0xff, 0xff, 0xb, 0xff, 0xf7,
    0x0, 0x0, 0x0, 0x4f, 0xff, 0xf2, 0xbf, 0xff,
    0x70, 0x0, 0x0, 0x1, 0xff, 0xff, 0x3b, 0xff,
    0xf7, 0x0, 0x0, 0x0, 0x4f, 0xff, 0xf1, 0xbf,
    0xff, 0x71, 0x11, 0x12, 0x6e, 0xff, 0xfd, 0xb,
    0xff, 0xff, 0xff, 0xff, 0xff, 0xff, 0xff, 0x40,
    0xbf, 0xff, 0xff, 0xff, 0xff, 0xff, 0xfe, 0x50,
    0xb, 0xff, 0xff, 0xff, 0xff, 0xfe, 0xb7, 0x10,
    0x0,

    /* U+0412 "В" */
    0xbf, 0xff, 0xff, 0xff, 0xff, 0xeb, 0x60, 0x0,
    0xb, 0xff, 0xff, 0xff, 0xff, 0xff, 0xff, 0xe3,
    0x0, 0xbf, 0xff, 0xff, 0xff, 0xff, 0xff, 0xff,
    0xe0, 0xb, 0xff, 0xf7, 0x11, 0x11, 0x3b, 0xff,
    0xff, 0x50, 0xbf, 0xff, 0x70, 0x0, 0x0, 0xf,
    0xff, 0xf6, 0xb, 0xff, 0xf7, 0x0, 0x0, 0x0,
    0xef, 0xff, 0x40, 0xbf, 0xff, 0x70, 0x0, 0x0,
    0x8f, 0xff, 0xd0, 0xb, 0xff, 0xff, 0xee, 0xee,
    0xff, 0xff, 0xd2, 0x0, 0xbf, 0xff, 0xff, 0xff,
    0xff, 0xff, 0xf7, 0x0, 0xb, 0xff, 0xff, 0xff,
    0xff, 0xff, 0xff, 0xfd, 0x10, 0xbf, 0xff, 0x70,
    0x0, 0x0, 0x3c, 0xff, 0xfb, 0xb, 0xff, 0xf7,
    0x0, 0x0, 0x0, 0x2f, 0xff, 0xf1, 0xbf, 0xff,
    0x70, 0x0, 0x0, 0x0, 0xff, 0xff, 0x4b, 0xff,
    0xf7, 0x0, 0x0, 0x0, 0x3f, 0xff, 0xf3, 0xbf,
    0xff, 0x71, 0x11, 0x12, 0x5d, 0xff, 0xff, 0xb,
    0xff, 0xff, 0xff, 0xff, 0xff, 0xff, 0xff, 0x70,
    0xbf, 0xff, 0xff, 0xff, 0xff, 0xff, 0xff, 0x80,
    0xb, 0xff, 0xff, 0xff, 0xff, 0xfe, 0xc9, 0x20,
    0x0,

    /* U+0413 "Г" */
    0xbf, 0xff, 0xff, 0xff, 0xff, 0xff, 0xf1, 0xbf,
    0xff, 0xff, 0xff, 0xff, 0xff, 0xf1, 0xbf, 0xff,
    0xff, 0xff, 0xff, 0xff, 0xf1, 0xbf, 0xff, 0xa6,
    0x66, 0x66, 0x66, 0x60, 0xbf, 0xff, 0x60, 0x0,
    0x0, 0x0, 0x0, 0xbf, 0xff, 0x60, 0x0, 0x0,
    0x0, 0x0, 0xbf, 0xff, 0x60, 0x0, 0x0, 0x0,
    0x0, 0xbf, 0xff, 0x60, 0x0, 0x0, 0x0, 0x0,
    0xbf, 0xff, 0x60, 0x0, 0x0, 0x0, 0x0, 0xbf,
    0xff, 0x60, 0x0, 0x0, 0x0, 0x0, 0xbf, 0xff,
    0x60, 0x0, 0x0, 0x0, 0x0, 0xbf, 0xff, 0x70,
    0x0, 0x0, 0x0, 0x0, 0xbf, 0xff, 0x70, 0x0,
    0x0, 0x0, 0x0, 0xbf, 0xff, 0x70, 0x0, 0x0,
    0x0, 0x0, 0xbf, 0xff, 0x70, 0x0, 0x0, 0x0,
    0x0, 0xbf, 0xff, 0x70, 0x0, 0x0, 0x0, 0x0,
    0xbf, 0xff, 0x70, 0x0, 0x0, 0x0, 0x0, 0xbf,
    0xff, 0x70, 0x0, 0x0, 0x0, 0x0,

    /* U+0414 "Д" */
    0x0, 0x0, 0x8f, 0xff, 0xff, 0xff, 0xff, 0xff,
    0xff, 0x70, 0x0, 0x0, 0x0, 0x8f, 0xff, 0xff,
    0xff, 0xff, 0xff, 0xff, 0x70, 0x0, 0x0, 0x0,
    0x9f, 0xff, 0xff, 0xff, 0xff, 0xff, 0xff, 0x70,
    0x0, 0x0, 0x0, 0xaf, 0xff, 0x66, 0x66, 0x66,
    0xcf, 0xff, 0x70, 0x0, 0x0, 0x0, 0xaf, 0xff,
    0x0, 0x0, 0x0, 0xaf, 0xff, 0x70, 0x0, 0x0,
    0x0, 0xbf, 0xff, 0x0, 0x0, 0x0, 0xaf, 0xff,
    0x70, 0x0, 0x0, 0x0, 0xcf, 0xff, 0x0, 0x0,
    0x0, 0xaf, 0xff, 0x70, 0x0, 0x0, 0x0, 0xcf,
    0xfe, 0x0, 0x0, 0x0, 0xaf, 0xff, 0x70, 0x0,
    0x0, 0x0, 0xef, 0xfd, 0x0, 0x0, 0x0, 0xaf,
    0xff, 0x70, 0x0, 0x0, 0x0, 0xff, 0xfc, 0x0,
    0x0, 0x0, 0xaf, 0xff, 0x70, 0x0, 0x0, 0x2,
    0xff, 0xf9, 0x0, 0x0, 0x0, 0xaf, 0xff, 0x70,
    0x0, 0x0, 0x5, 0xff, 0xf7, 0x0, 0x0, 0x0,
    0xaf, 0xff, 0x70, 0x0, 0x0, 0xa, 0xff, 0xf3,
    0x0, 0x0, 0x0, 0xaf, 0xff, 0x70, 0x0, 0x0,
    0x2f, 0xff, 0xd0, 0x0, 0x0, 0x0, 0xaf, 0xff,
    0x70, 0x0, 0x37, 0xef, 0xff, 0xa6, 0x66, 0x66,
    0x66, 0xcf, 0xff, 0xb6, 0x60, 0x9f, 0xff, 0xff,
    0xff, 0xff, 0xff, 0xff, 0xff, 0xff, 0xff, 0xf0,
    0x9f, 0xff, 0xff, 0xff, 0xff, 0xff, 0xff, 0xff,
    0xff, 0xff, 0xf0, 0x9f, 0xff, 0xff, 0xff, 0xff,
    0xff, 0xff, 0xff, 0xff, 0xff, 0xf0, 0x9f, 0xff,
    0x40, 0x0, 0x0, 0x0, 0x0, 0x0, 0xd, 0xff,
    0xf0, 0x9f, 0xff, 0x40, 0x0, 0x0, 0x0, 0x0,
    0x0, 0xd, 0xff, 0xf0, 0x9f, 0xff, 0x40, 0x0,
    0x0, 0x0, 0x0, 0x0, 0xd, 0xff, 0xf0, 0x7b,
    0xbb, 0x30, 0x0, 0x0, 0x0, 0x0, 0x0, 0x9,
    0xbb, 0xb0,

    /* U+0415 "Е" */
    0xbf, 0xff, 0xff, 0xff, 0xff, 0xff, 0xff, 0xb,
    0xff, 0xff, 0xff, 0xff, 0xff, 0xff, 0xf0, 0xbf,
    0xff, 0xff, 0xff, 0xff, 0xff, 0xff, 0xb, 0xff,
    0xfa, 0x55, 0x55, 0x55, 0x55, 0x50, 0xbf, 0xff,
    0x70, 0x0, 0x0, 0x0, 0x0, 0xb, 0xff, 0xf7,
    0x0, 0x0, 0x0, 0x0, 0x0, 0xbf, 0xff, 0x70,
    0x0, 0x0, 0x0, 0x0, 0xb, 0xff, 0xff, 0xff,
    0xff, 0xff, 0xfe, 0x0, 0xbf, 0xff, 0xff, 0xff,
    0xff, 0xff, 0xe0, 0xb, 0xff, 0xff, 0xff, 0xff,
    0xff, 0xfe, 0x0, 0xbf, 0xff, 0x93, 0x33, 0x33,
    0x33, 0x30, 0xb, 0xff, 0xf7, 0x0, 0x0, 0x0,
    0x0, 0x0, 0xbf, 0xff, 0x70, 0x0, 0x0, 0x0,
    0x0, 0xb, 0xff, 0xf7, 0x0, 0x0, 0x0, 0x0,
    0x0, 0xbf, 0xff, 0xa5, 0x55, 0x55, 0x55, 0x55,
    0x1b, 0xff, 0xff, 0xff, 0xff, 0xff, 0xff, 0xf5,
    0xbf, 0xff, 0xff, 0xff, 0xff, 0xff, 0xff, 0x5b,
    0xff, 0xff, 0xff, 0xff, 0xff, 0xff, 0xf5,

    /* U+0416 "Ж" */
    0x1f, 0xff, 0xf6, 0x0, 0x0, 0x0, 0xff, 0xff,
    0x20, 0x0, 0x0, 0x5f, 0xff, 0xf1, 0x7, 0xff,
    0xfe, 0x0, 0x0, 0x0, 0xff, 0xff, 0x20, 0x0,
    0x0, 0xdf, 0xff, 0x80, 0x0, 0xdf, 0xff, 0x70,
    0x0, 0x0, 0xff, 0xff, 0x20, 0x0, 0x6, 0xff,
    0xfe, 0x0, 0x0, 0x4f, 0xff, 0xf1, 0x0, 0x0,
    0xff, 0xff, 0x20, 0x0, 0xe, 0xff, 0xf5, 0x0,
    0x0, 0xb, 0xff, 0xf8, 0x0, 0x0, 0xff, 0xff,
    0x20, 0x0, 0x8f, 0xff, 0xc0, 0x0, 0x0, 0x2,
    0xff, 0xff, 0x10, 0x0, 0xff, 0xff, 0x20, 0x1,
    0xff, 0xff, 0x30, 0x0, 0x0, 0x0, 0x9f, 0xff,
    0xa0, 0x0, 0xff, 0xff, 0x20, 0x9, 0xff, 0xfa,
    0x0, 0x0, 0x0, 0x0, 0x1e, 0xff, 0xf7, 0x77,
    0xff, 0xff, 0x87, 0x7f, 0xff, 0xf1, 0x0, 0x0,
    0x0, 0x0, 0x6, 0xff, 0xff, 0xff, 0xff, 0xff,
    0xff, 0xff, 0xff, 0x70, 0x0, 0x0, 0x0, 0x0,
    0x9, 0xff, 0xff, 0xff, 0xff, 0xff, 0xff, 0xff,
    0xff, 0xa0, 0x0, 0x0, 0x0, 0x0, 0x3f, 0xff,
    0xff, 0xff, 0xff, 0xff, 0xff, 0xff, 0xff, 0xf4,
    0x0, 0x0, 0x0, 0x0, 0xcf, 0xff, 0xe1, 0x0,
    0xff, 0xff, 0x20, 0xe, 0xff, 0xfd, 0x0, 0x0,
    0x0, 0x6, 0xff, 0xff, 0x60, 0x0, 0xff, 0xff,
    0x20, 0x5, 0xff, 0xff, 0x70, 0x0, 0x0, 0x1e,
    0xff, 0xfd, 0x0, 0x0, 0xff, 0xff, 0x20, 0x0,
    0xcf, 0xff, 0xf1, 0x0, 0x0, 0x9f, 0xff, 0xf3,
    0x0, 0x0, 0xff, 0xff, 0x20, 0x0, 0x3f, 0xff,
    0xfa, 0x0, 0x2, 0xff, 0xff, 0xa0, 0x0, 0x0,
    0xff, 0xff, 0x20, 0x0, 0x9, 0xff, 0xff, 0x30,
    0xc, 0xff, 0xff, 0x10, 0x0, 0x0, 0xff, 0xff,
    0x20, 0x0, 0x1, 0xef, 0xff, 0xd0, 0x5f, 0xff,
    0xf7, 0x0, 0x0, 0x0, 0xff, 0xff, 0x20, 0x0,
    0x0, 0x6f, 0xff, 0xf6,

    /* U+0417 "З" */
    0x0, 0x4, 0x8b, 0xef, 0xfe, 0xc9, 0x50, 0x0,
    0x0, 0x2d, 0xff, 0xff, 0xff, 0xff, 0xff, 0xe5,
    0x0, 0x0, 0xff, 0xff, 0xff, 0xff, 0xff, 0xff,
    0xf5, 0x0, 0x9, 0xfe, 0xb8, 0x76, 0x7b, 0xff,
    0xff, 0xe0, 0x0, 0x23, 0x0, 0x0, 0x0, 0x6,
    0xff, 0xff, 0x10, 0x0, 0x0, 0x0, 0x0, 0x0,
    0x3f, 0xff, 0xf0, 0x0, 0x0, 0x2, 0x22, 0x22,
    0x4c, 0xff, 0xf9, 0x0, 0x0, 0x5, 0xff, 0xff,
    0xff, 0xff, 0xfc, 0x10, 0x0, 0x0, 0x5f, 0xff,
    0xff, 0xff, 0xff, 0x40, 0x0, 0x0, 0x5, 0xff,
    0xff, 0xff, 0xff, 0xff, 0x90, 0x0, 0x0, 0x0,
    0x0, 0x0, 0x27, 0xff, 0xff, 0x50, 0x0, 0x0,
    0x0, 0x0, 0x0, 0x8, 0xff, 0xfb, 0x0, 0x0,
    0x0, 0x0, 0x0, 0x0, 0x6f, 0xff, 0xd0, 0xc,
    0x40, 0x0, 0x0, 0x0, 0x1d, 0xff, 0xfb, 0x6,
    0xff, 0xea, 0x76, 0x56, 0x9e, 0xff, 0xff, 0x60,
    0xdf, 0xff, 0xff, 0xff, 0xff, 0xff, 0xff, 0xb0,
    0x7, 0xef, 0xff, 0xff, 0xff, 0xff, 0xff, 0x80,
    0x0, 0x0, 0x59, 0xce, 0xff, 0xed, 0xa6, 0x10,
    0x0,

    /* U+0418 "И" */
    0xbf, 0xff, 0x70, 0x0, 0x0, 0x0, 0x4f, 0xff,
    0xf1, 0xbf, 0xff, 0x70, 0x0, 0x0, 0x1, 0xef,
    0xff, 0xf1, 0xbf, 0xff, 0x70, 0x0, 0x0, 0xb,
    0xff, 0xff, 0xf1, 0xbf, 0xff, 0x70, 0x0, 0x0,
    0x7f, 0xff, 0xff, 0xf1, 0xbf, 0xff, 0x70, 0x0,
    0x3, 0xff, 0xff, 0xff, 0xf1, 0xbf, 0xff, 0x70,
    0x0, 0x1e, 0xff, 0xff, 0xff, 0xf1, 0xbf, 0xff,
    0x70, 0x0, 0xaf, 0xff, 0xdf, 0xff, 0xf1, 0xbf,
    0xff, 0x70, 0x6, 0xff, 0xfe, 0x2f, 0xff, 0xf1,
    0xbf, 0xff, 0x70, 0x3f, 0xff, 0xf4, 0x1f, 0xff,
    0xf1, 0xbf, 0xff, 0x70, 0xdf, 0xff, 0x80, 0x1f,
    0xff, 0xf1, 0xbf, 0xff, 0x7a, 0xff, 0xfc, 0x0,
    0x1f, 0xff, 0xf1, 0xbf, 0xff, 0xcf, 0xff, 0xe2,
    0x0, 0x1f, 0xff, 0xf1, 0xbf, 0xff, 0xff, 0xff,
    0x50, 0x0, 0x1f, 0xff, 0xf1, 0xbf, 0xff, 0xff,
    0xf9, 0x0, 0x0, 0x1f, 0xff, 0xf1, 0xbf, 0xff,
    0xff, 0xc0, 0x0, 0x0, 0x1f, 0xff, 0xf1, 0xbf,
    0xff, 0xff, 0x20, 0x0, 0x0, 0x1f, 0xff, 0xf1,
    0xbf, 0xff, 0xf5, 0x0, 0x0, 0x0, 0x1f, 0xff,
    0xf1, 0xbf, 0xff, 0x90, 0x0, 0x0, 0x0, 0x1f,
    0xff, 0xf1,

    /* U+0419 "Й" */
    0x0, 0x5, 0xff, 0x90, 0x0, 0x4f, 0xfa, 0x0,
    0x0, 0x0, 0x1, 0xff, 0xf4, 0x13, 0xcf, 0xf6,
    0x0, 0x0, 0x0, 0x0, 0x8f, 0xff, 0xff, 0xff,
    0xc0, 0x0, 0x0, 0x0, 0x0, 0x5, 0xbe, 0xff,
    0xd8, 0x0, 0x0, 0x0, 0x0, 0x0, 0x0, 0x0,
    0x0, 0x0, 0x0, 0x0, 0x0, 0xbf, 0xff, 0x70,
    0x0, 0x0, 0x0, 0x4f, 0xff, 0xf1, 0xbf, 0xff,
    0x70, 0x0, 0x0, 0x1, 0xef, 0xff, 0xf1, 0xbf,
    0xff, 0x70, 0x0, 0x0, 0xb, 0xff, 0xff, 0xf1,
    0xbf, 0xff, 0x70, 0x0, 0x0, 0x7f, 0xff, 0xff,
    0xf1, 0xbf, 0xff, 0x70, 0x0, 0x3, 0xff, 0xff,
    0xff, 0xf1, 0xbf, 0xff, 0x70, 0x0, 0x1e, 0xff,
    0xff, 0xff, 0xf1, 0xbf, 0xff, 0x70, 0x0, 0xaf,
    0xff, 0xdf, 0xff, 0xf1, 0xbf, 0xff, 0x70, 0x6,
    0xff, 0xfe, 0x2f, 0xff, 0xf1, 0xbf, 0xff, 0x70,
    0x3f, 0xff, 0xf4, 0x1f, 0xff, 0xf1, 0xbf, 0xff,
    0x70, 0xdf, 0xff, 0x80, 0x1f, 0xff, 0xf1, 0xbf,
    0xff, 0x7a, 0xff, 0xfc, 0x0, 0x1f, 0xff, 0xf1,
    0xbf, 0xff, 0xcf, 0xff, 0xe2, 0x0, 0x1f, 0xff,
    0xf1, 0xbf, 0xff, 0xff, 0xff, 0x50, 0x0, 0x1f,
    0xff, 0xf1, 0xbf, 0xff, 0xff, 0xf9, 0x0, 0x0,
    0x1f, 0xff, 0xf1, 0xbf, 0xff, 0xff, 0xc0, 0x0,
    0x0, 0x1f, 0xff, 0xf1, 0xbf, 0xff, 0xff, 0x20,
    0x0, 0x0, 0x1f, 0xff, 0xf1, 0xbf, 0xff, 0xf5,
    0x0, 0x0, 0x0, 0x1f, 0xff, 0xf1, 0xbf, 0xff,
    0x90, 0x0, 0x0, 0x0, 0x1f, 0xff, 0xf1,

    /* U+041A "К" */
    0xcf, 0xff, 0x60, 0x0, 0x0, 0x2, 0xff, 0xff,
    0x4c, 0xff, 0xf6, 0x0, 0x0, 0x0, 0xbf, 0xff,
    0xa0, 0xcf, 0xff, 0x60, 0x0, 0x0, 0x6f, 0xff,
    0xe1, 0xc, 0xff, 0xf6, 0x0, 0x0, 0x1e, 0xff,
    0xf5, 0x0, 0xcf, 0xff, 0x60, 0x0, 0xa, 0xff,
    0xfa, 0x0, 0xc, 0xff, 0xf6, 0x0, 0x4, 0xff,
    0xfe, 0x10, 0x0, 0xcf, 0xff, 0x60, 0x0, 0xef,
    0xff, 0x50, 0x0, 0xc, 0xff, 0xfa, 0x77, 0xaf,
    0xff, 0xa0, 0x0, 0x0, 0xcf, 0xff, 0xff, 0xff,
    0xff, 0xe1, 0x0, 0x0, 0xc, 0xff, 0xff, 0xff,
    0xff, 0xff, 0x10, 0x0, 0x0, 0xcf, 0xff, 0xff,
    0xff, 0xff, 0xfb, 0x0, 0x0, 0xc, 0xff, 0xf6,
    0x0, 0x5f, 0xff, 0xf6, 0x0, 0x0, 0xcf, 0xff,
    0x60, 0x0, 0xaf, 0xff, 0xf2, 0x0, 0xc, 0xff,
    0xf6, 0x0, 0x1, 0xef, 0xff, 0xc0, 0x0, 0xcf,
    0xff, 0x60, 0x0, 0x5, 0xff, 0xff, 0x70, 0xc,
    0xff, 0xf6, 0x0, 0x0, 0xa, 0xff, 0xff, 0x20,
    0xcf, 0xff, 0x60, 0x0, 0x0, 0x1e, 0xff, 0xfc,
    0xc, 0xff, 0xf6, 0x0, 0x0, 0x0, 0x4f, 0xff,
    0xf7,

    /* U+041B "Л" */
    0x0, 0x0, 0x8f, 0xff, 0xff, 0xff, 0xff, 0xff,
    0xff, 0x70, 0x0, 0x8, 0xff, 0xff, 0xff, 0xff,
    0xff, 0xff, 0xf7, 0x0, 0x0, 0x9f, 0xff, 0xff,
    0xff, 0xff, 0xff, 0xff, 0x70, 0x0, 0xa, 0xff,
    0xf6, 0x66, 0x66, 0x6c, 0xff, 0xf7, 0x0, 0x0,
    0xaf, 0xff, 0x0, 0x0, 0x0, 0xaf, 0xff, 0x70,
    0x0, 0xb, 0xff, 0xf0, 0x0, 0x0, 0xa, 0xff,
    0xf7, 0x0, 0x0, 0xbf, 0xff, 0x0, 0x0, 0x0,
    0xaf, 0xff, 0x70, 0x0, 0xc, 0xff, 0xe0, 0x0,
    0x0, 0xa, 0xff, 0xf7, 0x0, 0x0, 0xdf, 0xfe,
    0x0, 0x0, 0x0, 0xaf, 0xff, 0x70, 0x0, 0xe,
    0xff, 0xc0, 0x0, 0x0, 0xa, 0xff, 0xf7, 0x0,
    0x0, 0xff, 0xfb, 0x0, 0x0, 0x0, 0xaf, 0xff,
    0x70, 0x0, 0x3f, 0xff, 0x90, 0x0, 0x0, 0xa,
    0xff, 0xf7, 0x0, 0x8, 0xff, 0xf6, 0x0, 0x0,
    0x0, 0xaf, 0xff, 0x70, 0x2, 0xef, 0xff, 0x30,
    0x0, 0x0, 0xa, 0xff, 0xf7, 0x4b, 0xff, 0xff,
    0xe0, 0x0, 0x0, 0x0, 0xaf, 0xff, 0x77, 0xff,
    0xff, 0xf8, 0x0, 0x0, 0x0, 0xa, 0xff, 0xf7,
    0x8f, 0xff, 0xfd, 0x0, 0x0, 0x0, 0x0, 0xaf,
    0xff, 0x79, 0xff, 0xe9, 0x10, 0x0, 0x0, 0x0,
    0xa, 0xff, 0xf7,

    /* U+041C "М" */
    0xbf, 0xff, 0x10, 0x0, 0x0, 0x0, 0x0, 0x0,
    0x1f, 0xff, 0xbb, 0xff, 0xfa, 0x0, 0x0, 0x0,
    0x0, 0x0, 0xa, 0xff, 0xfc, 0xbf, 0xff, 0xf4,
    0x0, 0x0, 0x0, 0x0, 0x3, 0xff, 0xff, 0xcb,
    0xff, 0xff, 0xd0, 0x0, 0x0, 0x0, 0x0, 0xdf,
    0xff, 0xfc, 0xbf, 0xff, 0xff, 0x70, 0x0, 0x0,
    0x0, 0x6f, 0xff, 0xff, 0xcb, 0xff, 0xff, 0xff,
    0x20, 0x0, 0x0, 0x1f, 0xff, 0xff, 0xfc, 0xbf,
    0xff, 0xff, 0xfb, 0x0, 0x0, 0xa, 0xff, 0xff,
    0xff, 0xcb, 0xff, 0xfe, 0xff, 0xf5, 0x0, 0x3,
    0xff, 0xfd, 0xff, 0xfc, 0xbf, 0xff, 0x5f, 0xff,
    0xe0, 0x0, 0xdf, 0xff, 0x4f, 0xff, 0xcb, 0xff,
    0xf3, 0x7f, 0xff, 0x80, 0x6f, 0xff, 0x63, 0xff,
    0xfc, 0xbf, 0xff, 0x30, 0xdf, 0xff, 0x4e, 0xff,
    0xc0, 0x3f, 0xff, 0xcb, 0xff, 0xf3, 0x4, 0xff,
    0xff, 0xff, 0xf3, 0x3, 0xff, 0xfc, 0xbf, 0xff,
    0x30, 0xa, 0xff, 0xff, 0xf9, 0x0, 0x3f, 0xff,
    0xcb, 0xff, 0xf3, 0x0, 0x1f, 0xff, 0xfe, 0x10,
    0x2, 0xff, 0xfc, 0xbf, 0xff, 0x30, 0x0, 0x6f,
    0xff, 0x60, 0x0, 0x2f, 0xff, 0xcb, 0xff, 0xf3,
    0x0, 0x0, 0xcf, 0xc0, 0x0, 0x2, 0xff, 0xfc,
    0xbf, 0xff, 0x30, 0x0, 0x0, 0x10, 0x0, 0x0,
    0x2f, 0xff, 0xcb, 0xff, 0xf3, 0x0, 0x0, 0x0,
    0x0, 0x0, 0x2, 0xff, 0xfc,

    /* U+041D "Н" */
    0xbf, 0xff, 0x70, 0x0, 0x0, 0x0, 0x4f, 0xff,
    0xfb, 0xff, 0xf7, 0x0, 0x0, 0x0, 0x4, 0xff,
    0xff, 0xbf, 0xff, 0x70, 0x0, 0x0, 0x0, 0x4f,
    0xff, 0xfb, 0xff, 0xf7, 0x0, 0x0, 0x0, 0x4,
    0xff, 0xff, 0xbf, 0xff, 0x70, 0x0, 0x0, 0x0,
    0x4f, 0xff, 0xfb, 0xff, 0xf7, 0x0, 0x0, 0x0,
    0x4, 0xff, 0xff, 0xbf, 0xff, 0x70, 0x0, 0x0,
    0x0, 0x4f, 0xff, 0xfb, 0xff, 0xff, 0xff, 0xff,
    0xff, 0xff, 0xff, 0xff, 0xbf, 0xff, 0xff, 0xff,
    0xff, 0xff, 0xff, 0xff, 0xfb, 0xff, 0xff, 0xff,
    0xff, 0xff, 0xff, 0xff, 0xff, 0xbf, 0xff, 0xb8,
    0x88, 0x88, 0x88, 0xaf, 0xff, 0xfb, 0xff, 0xf7,
    0x0, 0x0, 0x0, 0x4, 0xff, 0xff, 0xbf, 0xff,
    0x70, 0x0, 0x0, 0x0, 0x4f, 0xff, 0xfb, 0xff,
    0xf7, 0x0, 0x0, 0x0, 0x4, 0xff, 0xff, 0xbf,
    0xff, 0x70, 0x0, 0x0, 0x0, 0x4f, 0xff, 0xfb,
    0xff, 0xf7, 0x0, 0x0, 0x0, 0x4, 0xff, 0xff,
    0xbf, 0xff, 0x70, 0x0, 0x0, 0x0, 0x4f, 0xff,
    0xfb, 0xff, 0xf7, 0x0, 0x0, 0x0, 0x4, 0xff,
    0xff,

    /* U+041E "О" */
    0x0, 0x0, 0x0, 0x17, 0xbe, 0xff, 0xdb, 0x61,
    0x0, 0x0, 0x0, 0x0, 0x1, 0x9f, 0xff, 0xff,
    0xff, 0xff, 0xf8, 0x0, 0x0, 0x0, 0x2, 0xef,
    0xff, 0xff, 0xff, 0xff, 0xff, 0xfd, 0x10, 0x0,
    0x2, 0xef, 0xff, 0xff, 0xb9, 0x9c, 0xff, 0xff,
    0xfd, 0x10, 0x0, 0xbf, 0xff, 0xfa, 0x10, 0x0,
    0x1, 0xbf, 0xff, 0xfa, 0x0, 0x4f, 0xff, 0xf8,
    0x0, 0x0, 0x0, 0x0, 0xaf, 0xff, 0xf2, 0xa,
    0xff, 0xfd, 0x0, 0x0, 0x0, 0x0, 0x0, 0xef,
    0xff, 0x80, 0xdf, 0xff, 0x70, 0x0, 0x0, 0x0,
    0x0, 0x9, 0xff, 0xfc, 0xf, 0xff, 0xf4, 0x0,
    0x0, 0x0, 0x0, 0x0, 0x6f, 0xff, 0xd0, 0xff,
    0xff, 0x40, 0x0, 0x0, 0x0, 0x0, 0x6, 0xff,
    0xfd, 0xd, 0xff, 0xf7, 0x0, 0x0, 0x0, 0x0,
    0x0, 0x9f, 0xff, 0xc0, 0xaf, 0xff, 0xd0, 0x0,
    0x0, 0x0, 0x0, 0xe, 0xff, 0xf8, 0x4, 0xff,
    0xff, 0x80, 0x0, 0x0, 0x0, 0xa, 0xff, 0xff,
    0x20, 0xb, 0xff, 0xff, 0x91, 0x0, 0x0, 0x1b,
    0xff, 0xff, 0xa0, 0x0, 0x2e, 0xff, 0xff, 0xfb,
    0x99, 0xcf, 0xff, 0xff, 0xd1, 0x0, 0x0, 0x2e,
    0xff, 0xff, 0xff, 0xff, 0xff, 0xff, 0xd1, 0x0,
    0x0, 0x0, 0x19, 0xff, 0xff, 0xff, 0xff, 0xff,
    0x80, 0x0, 0x0, 0x0, 0x0, 0x1, 0x7b, 0xef,
    0xfe, 0xb6, 0x10, 0x0, 0x0,

    /* U+041F "П" */
    0xbf, 0xff, 0xff, 0xff, 0xff, 0xff, 0xff, 0xff,
    0xdb, 0xff, 0xff, 0xff, 0xff, 0xff, 0xff, 0xff,
    0xfd, 0xbf, 0xff, 0xff, 0xff, 0xff, 0xff, 0xff,
    0xff, 0xdb, 0xff, 0xfa, 0x66, 0x66, 0x66, 0x69,
    0xff, 0xfd, 0xbf, 0xff, 0x70, 0x0, 0x0, 0x0,
    0x5f, 0xff, 0xdb, 0xff, 0xf7, 0x0, 0x0, 0x0,
    0x5, 0xff, 0xfd, 0xbf, 0xff, 0x70, 0x0, 0x0,
    0x0, 0x5f, 0xff, 0xdb, 0xff, 0xf7, 0x0, 0x0,
    0x0, 0x5, 0xff, 0xfd, 0xbf, 0xff, 0x70, 0x0,
    0x0, 0x0, 0x5f, 0xff, 0xdb, 0xff, 0xf7, 0x0,
    0x0, 0x0, 0x5, 0xff, 0xfd, 0xbf, 0xff, 0x70,
    0x0, 0x0, 0x0, 0x5f, 0xff, 0xdb, 0xff, 0xf7,
    0x0, 0x0, 0x0, 0x5, 0xff, 0xfd, 0xbf, 0xff,
    0x70, 0x0, 0x0, 0x0, 0x5f, 0xff, 0xdb, 0xff,
    0xf7, 0x0, 0x0, 0x0, 0x5, 0xff, 0xfd, 0xbf,
    0xff, 0x70, 0x0, 0x0, 0x0, 0x5f, 0xff, 0xdb,
    0xff, 0xf7, 0x0, 0x0, 0x0, 0x5, 0xff, 0xfd,
    0xbf, 0xff, 0x70, 0x0, 0x0, 0x0, 0x5f, 0xff,
    0xdb, 0xff, 0xf7, 0x0, 0x0, 0x0, 0x5, 0xff,
    0xfd,

    /* U+0420 "Р" */
    0xbf, 0xff, 0xff, 0xff, 0xfe, 0xc7, 0x20, 0x0,
    0xb, 0xff, 0xff, 0xff, 0xff, 0xff, 0xff, 0x80,
    0x0, 0xbf, 0xff, 0xff, 0xff, 0xff, 0xff, 0xff,
    0x90, 0xb, 0xff, 0xfa, 0x66, 0x67, 0x9f, 0xff,
    0xff, 0x40, 0xbf, 0xff, 0x70, 0x0, 0x0, 0x1e,
    0xff, 0xfb, 0xb, 0xff, 0xf7, 0x0, 0x0, 0x0,
    0x6f, 0xff, 0xe0, 0xbf, 0xff, 0x70, 0x0, 0x0,
    0x4, 0xff, 0xff, 0xb, 0xff, 0xf7, 0x0, 0x0,
    0x0, 0x6f, 0xff, 0xe0, 0xbf, 0xff, 0x70, 0x0,
    0x0, 0x1e, 0xff, 0xfb, 0xb, 0xff, 0xfa, 0x66,
    0x67, 0x9f, 0xff, 0xff, 0x40, 0xbf, 0xff, 0xff,
    0xff, 0xff, 0xff, 0xff, 0x90, 0xb, 0xff, 0xff,
    0xff, 0xff, 0xff, 0xff, 0x80, 0x0, 0xbf, 0xff,
    0xff, 0xff, 0xfe, 0xc7, 0x20, 0x0, 0xb, 0xff,
    0xf7, 0x0, 0x0, 0x0, 0x0, 0x0, 0x0, 0xbf,
    0xff, 0x70, 0x0, 0x0, 0x0, 0x0, 0x0, 0xb,
    0xff, 0xf7, 0x0, 0x0, 0x0, 0x0, 0x0, 0x0,
    0xbf, 0xff, 0x70, 0x0, 0x0, 0x0, 0x0, 0x0,
    0xb, 0xff, 0xf7, 0x0, 0x0, 0x0, 0x0, 0x0,
    0x0,

    /* U+0421 "С" */
    0x0, 0x0, 0x1, 0x7b, 0xef, 0xfd, 0xa6, 0x10,
    0x0, 0x0, 0x1, 0x9f, 0xff, 0xff, 0xff, 0xff,
    0xe6, 0x0, 0x0, 0x2e, 0xff, 0xff, 0xff, 0xff,
    0xff, 0xff, 0xa0, 0x2, 0xef, 0xff, 0xff, 0xc9,
    0x9b, 0xff, 0xff, 0xd1, 0xb, 0xff, 0xff, 0xa1,
    0x0, 0x0, 0x19, 0xfc, 0x10, 0x4f, 0xff, 0xf8,
    0x0, 0x0, 0x0, 0x0, 0x40, 0x0, 0x9f, 0xff,
    0xd0, 0x0, 0x0, 0x0, 0x0, 0x0, 0x0, 0xdf,
    0xff, 0x70, 0x0, 0x0, 0x0, 0x0, 0x0, 0x0,
    0xff, 0xff, 0x50, 0x0, 0x0, 0x0, 0x0, 0x0,
    0x0, 0xff, 0xff, 0x50, 0x0, 0x0, 0x0, 0x0,
    0x0, 0x0, 0xdf, 0xff, 0x70, 0x0, 0x0, 0x0,
    0x0, 0x0, 0x0, 0x9f, 0xff, 0xd0, 0x0, 0x0,
    0x0, 0x0, 0x0, 0x0, 0x4f, 0xff, 0xf8, 0x0,
    0x0, 0x0, 0x0, 0x50, 0x0, 0xb, 0xff, 0xff,
    0xa1, 0x0, 0x0, 0x19, 0xfc, 0x10, 0x2, 0xef,
    0xff, 0xff, 0xb9, 0x9b, 0xff, 0xff, 0xe1, 0x0,
    0x3e, 0xff, 0xff, 0xff, 0xff, 0xff, 0xff, 0x90,
    0x0, 0x1, 0xaf, 0xff, 0xff, 0xff, 0xff, 0xe6,
    0x0, 0x0, 0x0, 0x2, 0x7b, 0xef, 0xfd, 0xa6,
    0x10, 0x0,

    /* U+0422 "Т" */
    0x9f, 0xff, 0xff, 0xff, 0xff, 0xff, 0xff, 0xff,
    0x29, 0xff, 0xff, 0xff, 0xff, 0xff, 0xff, 0xff,
    0xf2, 0x9f, 0xff, 0xff, 0xff, 0xff, 0xff, 0xff,
    0xff, 0x23, 0x66, 0x66, 0x6e, 0xff, 0xf9, 0x66,
    0x66, 0x61, 0x0, 0x0, 0x0, 0xdf, 0xff, 0x50,
    0x0, 0x0, 0x0, 0x0, 0x0, 0xd, 0xff, 0xf5,
    0x0, 0x0, 0x0, 0x0, 0x0, 0x0, 0xdf, 0xff,
    0x50, 0x0, 0x0, 0x0, 0x0, 0x0, 0xd, 0xff,
    0xf5, 0x0, 0x0, 0x0, 0x0, 0x0, 0x0, 0xdf,
    0xff, 0x50, 0x0, 0x0, 0x0, 0x0, 0x0, 0xd,
    0xff, 0xf5, 0x0, 0x0, 0x0, 0x0, 0x0, 0x0,
    0xdf, 0xff, 0x50, 0x0, 0x0, 0x0, 0x0, 0x0,
    0xd, 0xff, 0xf5, 0x0, 0x0, 0x0, 0x0, 0x0,
    0x0, 0xdf, 0xff, 0x50, 0x0, 0x0, 0x0, 0x0,
    0x0, 0xd, 0xff, 0xf5, 0x0, 0x0, 0x0, 0x0,
    0x0, 0x0, 0xdf, 0xff, 0x50, 0x0, 0x0, 0x0,
    0x0, 0x0, 0xd, 0xff, 0xf5, 0x0, 0x0, 0x0,
    0x0, 0x0, 0x0, 0xdf, 0xff, 0x50, 0x0, 0x0,
    0x0, 0x0, 0x0, 0xd, 0xff, 0xf5, 0x0, 0x0,
    0x0,

    /* U+0423 "У" */
    0x7f, 0xff, 0xe0, 0x0, 0x0, 0x0, 0x0, 0xbf,
    0xff, 0x60, 0xef, 0xff, 0x70, 0x0, 0x0, 0x0,
    0x3f, 0xff, 0xd0, 0x6, 0xff, 0xfe, 0x0, 0x0,
    0x0, 0xb, 0xff, 0xf5, 0x0, 0xd, 0xff, 0xf7,
    0x0, 0x0, 0x4, 0xff, 0xfc, 0x0, 0x0, 0x5f,
    0xff, 0xe0, 0x0, 0x0, 0xcf, 0xff, 0x30, 0x0,
    0x0, 0xcf, 0xff, 0x70, 0x0, 0x4f, 0xff, 0xb0,
    0x0, 0x0, 0x3, 0xff, 0xfe, 0x0, 0xc, 0xff,
    0xf2, 0x0, 0x0, 0x0, 0xa, 0xff, 0xf7, 0x5,
    0xff, 0xf9, 0x0, 0x0, 0x0, 0x0, 0x2f, 0xff,
    0xe1, 0xdf, 0xff, 0x10, 0x0, 0x0, 0x0, 0x0,
    0x9f, 0xff, 0xcf, 0xff, 0x80, 0x0, 0x0, 0x0,
    0x0, 0x1, 0xff, 0xff, 0xff, 0xe0, 0x0, 0x0,
    0x0, 0x0, 0x0, 0x8, 0xff, 0xff, 0xf6, 0x0,
    0x0, 0x0, 0x0, 0x0, 0x0, 0xe, 0xff, 0xfd,
    0x0, 0x0, 0x0, 0x0, 0x0, 0x0, 0x0, 0xdf,
    0xff, 0x50, 0x0, 0x0, 0x0, 0x0, 0x15, 0x23,
    0xbf, 0xff, 0xc0, 0x0, 0x0, 0x0, 0x0, 0x6,
    0xff, 0xff, 0xff, 0xf2, 0x0, 0x0, 0x0, 0x0,
    0x0, 0xbf, 0xff, 0xff, 0xf4, 0x0, 0x0, 0x0,
    0x0, 0x0, 0xe, 0xff, 0xff, 0xb2, 0x0, 0x0,
    0x0, 0x0, 0x0, 0x0, 0x2, 0x44, 0x10, 0x0,
    0x0, 0x0, 0x0, 0x0, 0x0,

    /* U+0424 "Ф" */
    0x0, 0x0, 0x0, 0x0, 0x0, 0x48, 0x88, 0x20,
    0x0, 0x0, 0x0, 0x0, 0x0, 0x0, 0x0, 0x0,
    0x0, 0x9f, 0xff, 0x40, 0x0, 0x0, 0x0, 0x0,
    0x0, 0x0, 0x0, 0x2, 0x56, 0xcf, 0xff, 0x96,
    0x41, 0x0, 0x0, 0x0, 0x0, 0x0, 0x29, 0xff,
    0xff, 0xff, 0xff, 0xff, 0xff, 0xd7, 0x0, 0x0,
    0x0, 0x7, 0xff, 0xff, 0xff, 0xff, 0xff, 0xff,
    0xff, 0xff, 0xe3, 0x0, 0x0, 0x7f, 0xff, 0xff,
    0xfc, 0xdf, 0xff, 0xcd, 0xff, 0xff, 0xff, 0x30,
    0x2, 0xff, 0xff, 0xe5, 0x0, 0x9f, 0xff, 0x40,
    0x17, 0xff, 0xff, 0xd0, 0xa, 0xff, 0xfd, 0x10,
    0x0, 0x9f, 0xff, 0x40, 0x0, 0x3f, 0xff, 0xf5,
    0xe, 0xff, 0xf4, 0x0, 0x0, 0x9f, 0xff, 0x40,
    0x0, 0x9, 0xff, 0xf9, 0xf, 0xff, 0xf0, 0x0,
    0x0, 0x9f, 0xff, 0x40, 0x0, 0x4, 0xff, 0xfb,
    0x1f, 0xff, 0xf0, 0x0, 0x0, 0x9f, 0xff, 0x40,
    0x0, 0x4, 0xff, 0xfc, 0xf, 0xff, 0xf2, 0x0,
    0x0, 0x9f, 0xff, 0x40, 0x0, 0x6, 0xff, 0xfb,
    0xc, 0xff, 0xf8, 0x0, 0x0, 0x9f, 0xff, 0x40,
    0x0, 0xc, 0xff, 0xf7, 0x7, 0xff, 0xff, 0x70,
    0x0, 0x9f, 0xff, 0x40, 0x0, 0xaf, 0xff, 0xf2,
    0x0, 0xdf, 0xff, 0xfd, 0x84, 0xaf, 0xff, 0x64,
    0x8e, 0xff, 0xff, 0x90, 0x0, 0x2e, 0xff, 0xff,
    0xff, 0xff, 0xff, 0xff, 0xff, 0xff, 0xfb, 0x0,
    0x0, 0x1, 0xbf, 0xff, 0xff, 0xff, 0xff, 0xff,
    0xff, 0xff, 0x70, 0x0, 0x0, 0x0, 0x2, 0x8b,
    0xef, 0xff, 0xff, 0xfe, 0xda, 0x61, 0x0, 0x0,
    0x0, 0x0, 0x0, 0x0, 0x0, 0x9f, 0xff, 0x40,
    0x0, 0x0, 0x0, 0x0, 0x0, 0x0, 0x0, 0x0,
    0x0, 0x9f, 0xff, 0x40, 0x0, 0x0, 0x0, 0x0,

    /* U+0425 "Х" */
    0x1e, 0xff, 0xfd, 0x0, 0x0, 0x0, 0x4f, 0xff,
    0xfa, 0x0, 0x4f, 0xff, 0xf9, 0x0, 0x0, 0x1e,
    0xff, 0xfe, 0x10, 0x0, 0x9f, 0xff, 0xf4, 0x0,
    0xa, 0xff, 0xff, 0x40, 0x0, 0x0, 0xdf, 0xff,
    0xe1, 0x5, 0xff, 0xff, 0x80, 0x0, 0x0, 0x3,
    0xff, 0xff, 0xa1, 0xef, 0xff, 0xd0, 0x0, 0x0,
    0x0, 0x8, 0xff, 0xff, 0xdf, 0xff, 0xf2, 0x0,
    0x0, 0x0, 0x0, 0xc, 0xff, 0xff, 0xff, 0xf7,
    0x0, 0x0, 0x0, 0x0, 0x0, 0x2f, 0xff, 0xff,
    0xfb, 0x0, 0x0, 0x0, 0x0, 0x0, 0x0, 0x7f,
    0xff, 0xff, 0x20, 0x0, 0x0, 0x0, 0x0, 0x0,
    0xb, 0xff, 0xff, 0xf9, 0x0, 0x0, 0x0, 0x0,
    0x0, 0x7, 0xff, 0xff, 0xff, 0xf4, 0x0, 0x0,
    0x0, 0x0, 0x2, 0xff, 0xff, 0xff, 0xff, 0xe1,
    0x0, 0x0, 0x0, 0x0, 0xdf, 0xff, 0xe6, 0xff,
    0xff, 0xa0, 0x0, 0x0, 0x0, 0x8f, 0xff, 0xf4,
    0xa, 0xff, 0xff, 0x50, 0x0, 0x0, 0x4f, 0xff,
    0xf9, 0x0, 0xe, 0xff, 0xff, 0x10, 0x0, 0x1e,
    0xff, 0xfd, 0x0, 0x0, 0x3f, 0xff, 0xfc, 0x0,
    0xa, 0xff, 0xff, 0x30, 0x0, 0x0, 0x8f, 0xff,
    0xf7, 0x6, 0xff, 0xff, 0x70, 0x0, 0x0, 0x0,
    0xcf, 0xff, 0xf3,

    /* U+0426 "Ц" */
    0xbf, 0xff, 0x70, 0x0, 0x0, 0x0, 0x7f, 0xff,
    0xc0, 0x0, 0xbf, 0xff, 0x70, 0x0, 0x0, 0x0,
    0x7f, 0xff, 0xc0, 0x0, 0xbf, 0xff, 0x70, 0x0,
    0x0, 0x0, 0x7f, 0xff, 0xc0, 0x0, 0xbf, 0xff,
    0x70, 0x0, 0x0, 0x0, 0x7f, 0xff, 0xc0, 0x0,
    0xbf, 0xff, 0x70, 0x0, 0x0, 0x0, 0x7f, 0xff,
    0xc0, 0x0, 0xbf, 0xff, 0x70, 0x0, 0x0, 0x0,
    0x7f, 0xff, 0xc0, 0x0, 0xbf, 0xff, 0x70, 0x0,
    0x0, 0x0, 0x7f, 0xff, 0xc0, 0x0, 0xbf, 0xff,
    0x70, 0x0, 0x0, 0x0, 0x7f, 0xff, 0xc0, 0x0,
    0xbf, 0xff, 0x70, 0x0, 0x0, 0x0, 0x7f, 0xff,
    0xc0, 0x0, 0xbf, 0xff, 0x70, 0x0, 0x0, 0x0,
    0x7f, 0xff, 0xc0, 0x0, 0xbf, 0xff, 0x70, 0x0,
    0x0, 0x0, 0x7f, 0xff, 0xc0, 0x0, 0xbf, 0xff,
    0x70, 0x0, 0x0, 0x0, 0x7f, 0xff, 0xc0, 0x0,
    0xbf, 0xff, 0x70, 0x0, 0x0, 0x0, 0x7f, 0xff,
    0xc0, 0x0, 0xbf, 0xff, 0x70, 0x0, 0x0, 0x0,
    0x7f, 0xff, 0xc0, 0x0, 0xbf, 0xff, 0xa6, 0x66,
    0x66, 0x66, 0xaf, 0xff, 0xd6, 0x62, 0xbf, 0xff,
    0xff, 0xff, 0xff, 0xff, 0xff, 0xff, 0xff, 0xf5,
    0xbf, 0xff, 0xff, 0xff, 0xff, 0xff, 0xff, 0xff,
    0xff, 0xf5, 0xbf, 0xff, 0xff, 0xff, 0xff, 0xff,
    0xff, 0xff, 0xff, 0xf5, 0x0, 0x0, 0x0, 0x0,
    0x0, 0x0, 0x0, 0x8, 0xff, 0xf5, 0x0, 0x0,
    0x0, 0x0, 0x0, 0x0, 0x0, 0x8, 0xff, 0xf5,
    0x0, 0x0, 0x0, 0x0, 0x0, 0x0, 0x0, 0x8,
    0xff, 0xf5, 0x0, 0x0, 0x0, 0x0, 0x0, 0x0,
    0x0, 0x6, 0xcc, 0xc4,

    /* U+0427 "Ч" */
    0x6f, 0xff, 0xb0, 0x0, 0x0, 0x0, 0x7f, 0xff,
    0xb6, 0xff, 0xfb, 0x0, 0x0, 0x0, 0x7, 0xff,
    0xfb, 0x6f, 0xff, 0xb0, 0x0, 0x0, 0x0, 0x7f,
    0xff, 0xb6, 0xff, 0xfb, 0x0, 0x0, 0x0, 0x7,
    0xff, 0xfb, 0x6f, 0xff, 0xb0, 0x0, 0x0, 0x0,
    0x7f, 0xff, 0xb6, 0xff, 0xfc, 0x0, 0x0, 0x0,
    0x7, 0xff, 0xfb, 0x5f, 0xff, 0xe0, 0x0, 0x0,
    0x0, 0x7f, 0xff, 0xb3, 0xff, 0xff, 0x60, 0x0,
    0x0, 0x7, 0xff, 0xfb, 0xe, 0xff, 0xff, 0x72,
    0x1, 0x37, 0xdf, 0xff, 0xb0, 0x7f, 0xff, 0xff,
    0xff, 0xff, 0xff, 0xff, 0xfb, 0x0, 0xaf, 0xff,
    0xff, 0xff, 0xff, 0xff, 0xff, 0xb0, 0x0, 0x6d,
    0xff, 0xff, 0xff, 0xed, 0xff, 0xfb, 0x0, 0x0,
    0x2, 0x56, 0x65, 0x20, 0x7f, 0xff, 0xb0, 0x0,
    0x0, 0x0, 0x0, 0x0, 0x7, 0xff, 0xfb, 0x0,
    0x0, 0x0, 0x0, 0x0, 0x0, 0x7f, 0xff, 0xb0,
    0x0, 0x0, 0x0, 0x0, 0x0, 0x7, 0xff, 0xfb,
    0x0, 0x0, 0x0, 0x0, 0x0, 0x0, 0x7f, 0xff,
    0xb0, 0x0, 0x0, 0x0, 0x0, 0x0, 0x7, 0xff,
    0xfb,

    /* U+0428 "Ш" */
    0xbf, 0xff, 0x70, 0x0, 0x0, 0xdf, 0xff, 0x60,
    0x0, 0x0, 0xef, 0xff, 0x4b, 0xff, 0xf7, 0x0,
    0x0, 0xd, 0xff, 0xf6, 0x0, 0x0, 0xe, 0xff,
    0xf4, 0xbf, 0xff, 0x70, 0x0, 0x0, 0xdf, 0xff,
    0x60, 0x0, 0x0, 0xef, 0xff, 0x4b, 0xff, 0xf7,
    0x0, 0x0, 0xd, 0xff, 0xf6, 0x0, 0x0, 0xe,
    0xff, 0xf4, 0xbf, 0xff, 0x70, 0x0, 0x0, 0xdf,
    0xff, 0x60, 0x0, 0x0, 0xef, 0xff, 0x4b, 0xff,
    0xf7, 0x0, 0x0, 0xd, 0xff, 0xf6, 0x0, 0x0,
    0xe, 0xff, 0xf4, 0xbf, 0xff, 0x70, 0x0, 0x0,
    0xdf, 0xff, 0x60, 0x0, 0x0, 0xef, 0xff, 0x4b,
    0xff, 0xf7, 0x0, 0x0, 0xd, 0xff, 0xf6, 0x0,
    0x0, 0xe, 0xff, 0xf4, 0xbf, 0xff, 0x70, 0x0,
    0x0, 0xdf, 0xff, 0x60, 0x0, 0x0, 0xef, 0xff,
    0x4b, 0xff, 0xf7, 0x0, 0x0, 0xd, 0xff, 0xf6,
    0x0, 0x0, 0xe, 0xff, 0xf4, 0xbf, 0xff, 0x70,
    0x0, 0x0, 0xdf, 0xff, 0x60, 0x0, 0x0, 0xef,
    0xff, 0x4b, 0xff, 0xf7, 0x0, 0x0, 0xd, 0xff,
    0xf6, 0x0, 0x0, 0xe, 0xff, 0xf4, 0xbf, 0xff,
    0x70, 0x0, 0x0, 0xdf, 0xff, 0x60, 0x0, 0x0,
    0xef, 0xff, 0x4b, 0xff, 0xf7, 0x0, 0x0, 0xd,
    0xff, 0xf6, 0x0, 0x0, 0xe, 0xff, 0xf4, 0xbf,
    0xff, 0xa6, 0x66, 0x66, 0xef, 0xff, 0x96, 0x66,
    0x66, 0xff, 0xff, 0x4b, 0xff, 0xff, 0xff, 0xff,
    0xff, 0xff, 0xff, 0xff, 0xff, 0xff, 0xff, 0xf4,
    0xbf, 0xff, 0xff, 0xff, 0xff, 0xff, 0xff, 0xff,
    0xff, 0xff, 0xff, 0xff, 0x4b, 0xff, 0xff, 0xff,
    0xff, 0xff, 0xff, 0xff, 0xff, 0xff, 0xff, 0xff,
    0xf4,

    /* U+0429 "Щ" */
    0xbf, 0xff, 0x70, 0x0, 0x0, 0xdf, 0xff, 0x60,
    0x0, 0x0, 0xef, 0xff, 0x40, 0xb, 0xff, 0xf7,
    0x0, 0x0, 0xd, 0xff, 0xf6, 0x0, 0x0, 0xe,
    0xff, 0xf4, 0x0, 0xbf, 0xff, 0x70, 0x0, 0x0,
    0xdf, 0xff, 0x60, 0x0, 0x0, 0xef, 0xff, 0x40,
    0xb, 0xff, 0xf7, 0x0, 0x0, 0xd, 0xff, 0xf6,
    0x0, 0x0, 0xe, 0xff, 0xf4, 0x0, 0xbf, 0xff,
    0x70, 0x0, 0x0, 0xdf, 0xff, 0x60, 0x0, 0x0,
    0xef, 0xff, 0x40, 0xb, 0xff, 0xf7, 0x0, 0x0,
    0xd, 0xff, 0xf6, 0x0, 0x0, 0xe, 0xff, 0xf4,
    0x0, 0xbf, 0xff, 0x70, 0x0, 0x0, 0xdf, 0xff,
    0x60, 0x0, 0x0, 0xef, 0xff, 0x40, 0xb, 0xff,
    0xf7, 0x0, 0x0, 0xd, 0xff, 0xf6, 0x0, 0x0,
    0xe, 0xff, 0xf4, 0x0, 0xbf, 0xff, 0x70, 0x0,
    0x0, 0xdf, 0xff, 0x60, 0x0, 0x0, 0xef, 0xff,
    0x40, 0xb, 0xff, 0xf7, 0x0, 0x0, 0xd, 0xff,
    0xf6, 0x0, 0x0, 0xe, 0xff, 0xf4, 0x0, 0xbf,
    0xff, 0x70, 0x0, 0x0, 0xdf, 0xff, 0x60, 0x0,
    0x0, 0xef, 0xff, 0x40, 0xb, 0xff, 0xf7, 0x0,
    0x0, 0xd, 0xff, 0xf6, 0x0, 0x0, 0xe, 0xff,
    0xf4, 0x0, 0xbf, 0xff, 0x70, 0x0, 0x0, 0xdf,
    0xff, 0x60, 0x0, 0x0, 0xef, 0xff, 0x40, 0xb,
    0xff, 0xf7, 0x0, 0x0, 0xd, 0xff, 0xf6, 0x0,
    0x0, 0xe, 0xff, 0xf4, 0x0, 0xbf, 0xff, 0xa6,
    0x66, 0x66, 0xef, 0xff, 0x96, 0x66, 0x66, 0xff,
    0xff, 0xa6, 0x4b, 0xff, 0xff, 0xff, 0xff, 0xff,
    0xff, 0xff, 0xff, 0xff, 0xff, 0xff, 0xff, 0xfc,
    0xbf, 0xff, 0xff, 0xff, 0xff, 0xff, 0xff, 0xff,
    0xff, 0xff, 0xff, 0xff, 0xff, 0xcb, 0xff, 0xff,
    0xff, 0xff, 0xff, 0xff, 0xff, 0xff, 0xff, 0xff,
    0xff, 0xff, 0xfc, 0x0, 0x0, 0x0, 0x0, 0x0,
    0x0, 0x0, 0x0, 0x0, 0x0, 0x0, 0x2f, 0xff,
    0xc0, 0x0, 0x0, 0x0, 0x0, 0x0, 0x0, 0x0,
    0x0, 0x0, 0x0, 0x2, 0xff, 0xfc, 0x0, 0x0,
    0x0, 0x0, 0x0, 0x0, 0x0, 0x0, 0x0, 0x0,
    0x0, 0x2f, 0xff, 0xc0, 0x0, 0x0, 0x0, 0x0,
    0x0, 0x0, 0x0, 0x0, 0x0, 0x0, 0x1, 0x88,
    0x86,

    /* U+042A "Ъ" */
    0x9f, 0xff, 0xff, 0xff, 0xfa, 0x0, 0x0, 0x0,
    0x0, 0x0, 0x0, 0x9f, 0xff, 0xff, 0xff, 0xfa,
    0x0, 0x0, 0x0, 0x0, 0x0, 0x0, 0x9f, 0xff,
    0xff, 0xff, 0xfa, 0x0, 0x0, 0x0, 0x0, 0x0,
    0x0, 0x36, 0x66, 0x6a, 0xff, 0xfa, 0x0, 0x0,
    0x0, 0x0, 0x0, 0x0, 0x0, 0x0, 0x7, 0xff,
    0xfa, 0x0, 0x0, 0x0, 0x0, 0x0, 0x0, 0x0,
    0x0, 0x7, 0xff, 0xfb, 0x11, 0x11, 0x10, 0x0,
    0x0, 0x0, 0x0, 0x0, 0x7, 0xff, 0xff, 0xff,
    0xff, 0xff, 0xd9, 0x30, 0x0, 0x0, 0x0, 0x7,
    0xff, 0xff, 0xff, 0xff, 0xff, 0xff, 0xf7, 0x0,
    0x0, 0x0, 0x7, 0xff, 0xff, 0xff, 0xff, 0xff,
    0xff, 0xff, 0x50, 0x0, 0x0, 0x7, 0xff, 0xfa,
    0x0, 0x0, 0x16, 0xff, 0xff, 0xd0, 0x0, 0x0,
    0x7, 0xff, 0xfa, 0x0, 0x0, 0x0, 0x5f, 0xff,
    0xf1, 0x0, 0x0, 0x7, 0xff, 0xfa, 0x0, 0x0,
    0x0, 0x1f, 0xff, 0xf2, 0x0, 0x0, 0x7, 0xff,
    0xfa, 0x0, 0x0, 0x0, 0x2f, 0xff, 0xf1, 0x0,
    0x0, 0x7, 0xff, 0xfa, 0x0, 0x0, 0x0, 0x8f,
    0xff, 0xf0, 0x0, 0x0, 0x7, 0xff, 0xfb, 0x11,
    0x11, 0x39, 0xff, 0xff, 0xa0, 0x0, 0x0, 0x7,
    0xff, 0xff, 0xff, 0xff, 0xff, 0xff, 0xfe, 0x10,
    0x0, 0x0, 0x7, 0xff, 0xff, 0xff, 0xff, 0xff,
    0xff, 0xd2, 0x0, 0x0, 0x0, 0x7, 0xff, 0xff,
    0xff, 0xff, 0xfd, 0xa5, 0x0, 0x0,

    /* U+042B "Ы" */
    0xbf, 0xff, 0x70, 0x0, 0x0, 0x0, 0x0, 0x0,
    0x0, 0xbf, 0xff, 0x7b, 0xff, 0xf7, 0x0, 0x0,
    0x0, 0x0, 0x0, 0x0, 0xb, 0xff, 0xf7, 0xbf,
    0xff, 0x70, 0x0, 0x0, 0x0, 0x0, 0x0, 0x0,
    0xbf, 0xff, 0x7b, 0xff, 0xf7, 0x0, 0x0, 0x0,
    0x0, 0x0, 0x0, 0xb, 0xff, 0xf7, 0xbf, 0xff,
    0x70, 0x0, 0x0, 0x0, 0x0, 0x0, 0x0, 0xbf,
    0xff, 0x7b, 0xff, 0xf7, 0x11, 0x11, 0x0, 0x0,
    0x0, 0x0, 0xb, 0xff, 0xf7, 0xbf, 0xff, 0xff,
    0xff, 0xff, 0xfc, 0x81, 0x0, 0x0, 0xbf, 0xff,
    0x7b, 0xff, 0xff, 0xff, 0xff, 0xff, 0xff, 0xf4,
    0x0, 0xb, 0xff, 0xf7, 0xbf, 0xff, 0xff, 0xff,
    0xff, 0xff, 0xff, 0xf2, 0x0, 0xbf, 0xff, 0x7b,
    0xff, 0xf7, 0x0, 0x0, 0x28, 0xff, 0xff, 0x90,
    0xb, 0xff, 0xf7, 0xbf, 0xff, 0x70, 0x0, 0x0,
    0x9, 0xff, 0xfd, 0x0, 0xbf, 0xff, 0x7b, 0xff,
    0xf7, 0x0, 0x0, 0x0, 0x5f, 0xff, 0xf0, 0xb,
    0xff, 0xf7, 0xbf, 0xff, 0x70, 0x0, 0x0, 0x6,
    0xff, 0xfe, 0x0, 0xbf, 0xff, 0x7b, 0xff, 0xf7,
    0x0, 0x0, 0x0, 0xcf, 0xff, 0xb0, 0xb, 0xff,
    0xf7, 0xbf, 0xff, 0x71, 0x11, 0x14, 0xbf, 0xff,
    0xf6, 0x0, 0xbf, 0xff, 0x7b, 0xff, 0xff, 0xff,
    0xff, 0xff, 0xff, 0xfc, 0x0, 0xb, 0xff, 0xf7,
    0xbf, 0xff, 0xff, 0xff, 0xff, 0xff, 0xfb, 0x10,
    0x0, 0xbf, 0xff, 0x7b, 0xff, 0xff, 0xff, 0xff,
    0xfd, 0x94, 0x0, 0x0, 0xb, 0xff, 0xf7,

    /* U+042C "Ь" */
    0xbf, 0xff, 0x70, 0x0, 0x0, 0x0, 0x0, 0x0,
    0xbf, 0xff, 0x70, 0x0, 0x0, 0x0, 0x0, 0x0,
    0xbf, 0xff, 0x70, 0x0, 0x0, 0x0, 0x0, 0x0,
    0xbf, 0xff, 0x70, 0x0, 0x0, 0x0, 0x0, 0x0,
    0xbf, 0xff, 0x70, 0x0, 0x0, 0x0, 0x0, 0x0,
    0xbf, 0xff, 0x71, 0x11, 0x10, 0x0, 0x0, 0x0,
    0xbf, 0xff, 0xff, 0xff, 0xff, 0xfc, 0x81, 0x0,
    0xbf, 0xff, 0xff, 0xff, 0xff, 0xff, 0xff, 0x40,
    0xbf, 0xff, 0xff, 0xff, 0xff, 0xff, 0xff, 0xf2,
    0xbf, 0xff, 0x70, 0x0, 0x2, 0x8f, 0xff, 0xf9,
    0xbf, 0xff, 0x70, 0x0, 0x0, 0x9, 0xff, 0xfd,
    0xbf, 0xff, 0x70, 0x0, 0x0, 0x5, 0xff, 0xff,
    0xbf, 0xff, 0x70, 0x0, 0x0, 0x6, 0xff, 0xfe,
    0xbf, 0xff, 0x70, 0x0, 0x0, 0xc, 0xff, 0xfb,
    0xbf, 0xff, 0x71, 0x11, 0x14, 0xbf, 0xff, 0xf6,
    0xbf, 0xff, 0xff, 0xff, 0xff, 0xff, 0xff, 0xc0,
    0xbf, 0xff, 0xff, 0xff, 0xff, 0xff, 0xfb, 0x10,
    0xbf, 0xff, 0xff, 0xff, 0xff, 0xd9, 0x40, 0x0,

    /* U+042D "Э" */
    0x0, 0x1, 0x6b, 0xdf, 0xfe, 0xb6, 0x10, 0x0,
    0x0, 0x0, 0x7f, 0xff, 0xff, 0xff, 0xff, 0xf7,
    0x0, 0x0, 0xb, 0xff, 0xff, 0xff, 0xff, 0xff,
    0xff, 0xb0, 0x0, 0x2e, 0xff, 0xfe, 0xb9, 0xac,
    0xff, 0xff, 0xfa, 0x0, 0x1, 0xcf, 0x60, 0x0,
    0x0, 0x2b, 0xff, 0xff, 0x50, 0x0, 0x2, 0x0,
    0x0, 0x0, 0x0, 0xcf, 0xff, 0xd0, 0x0, 0x0,
    0x0, 0x0, 0x0, 0x0, 0x3f, 0xff, 0xf2, 0x0,
    0x0, 0x5, 0xff, 0xff, 0xff, 0xff, 0xff, 0xf6,
    0x0, 0x0, 0x5, 0xff, 0xff, 0xff, 0xff, 0xff,
    0xf7, 0x0, 0x0, 0x5, 0xff, 0xff, 0xff, 0xff,
    0xff, 0xf7, 0x0, 0x0, 0x0, 0x22, 0x22, 0x22,
    0x3f, 0xff, 0xf6, 0x0, 0x0, 0x0, 0x0, 0x0,
    0x0, 0x6f, 0xff, 0xf2, 0x0, 0x25, 0x0, 0x0,
    0x0, 0x2, 0xef, 0xff, 0xd0, 0x3, 0xef, 0x80,
    0x0, 0x0, 0x3d, 0xff, 0xff, 0x50, 0x3f, 0xff,
    0xff, 0xb9, 0x9c, 0xff, 0xff, 0xfa, 0x0, 0xb,
    0xff, 0xff, 0xff, 0xff, 0xff, 0xff, 0xb0, 0x0,
    0x0, 0x7f, 0xff, 0xff, 0xff, 0xff, 0xf7, 0x0,
    0x0, 0x0, 0x1, 0x6b, 0xdf, 0xfe, 0xb6, 0x10,
    0x0, 0x0,

    /* U+042E "Ю" */
    0xbf, 0xff, 0x70, 0x0, 0x0, 0x0, 0x49, 0xde,
    0xfe, 0xc8, 0x20, 0x0, 0x0, 0xbf, 0xff, 0x70,
    0x0, 0x0, 0x4d, 0xff, 0xff, 0xff, 0xff, 0xfa,
    0x10, 0x0, 0xbf, 0xff, 0x70, 0x0, 0x7, 0xff,
    0xff, 0xff, 0xff, 0xff, 0xff, 0xe3, 0x0, 0xbf,
    0xff, 0x70, 0x0, 0x7f, 0xff, 0xff, 0xda, 0x9b,
    0xff, 0xff, 0xfe, 0x20, 0xbf, 0xff, 0x70, 0x2,
    0xff, 0xff, 0xe5, 0x0, 0x0, 0x9, 0xff, 0xff,
    0xb0, 0xbf, 0xff, 0x70, 0x9, 0xff, 0xff, 0x30,
    0x0, 0x0, 0x0, 0x8f, 0xff, 0xf3, 0xbf, 0xff,
    0x70, 0xe, 0xff, 0xf8, 0x0, 0x0, 0x0, 0x0,
    0xe, 0xff, 0xf9, 0xbf, 0xff, 0xff, 0xff, 0xff,
    0xf2, 0x0, 0x0, 0x0, 0x0, 0x8, 0xff, 0xfc,
    0xbf, 0xff, 0xff, 0xff, 0xff, 0xf0, 0x0, 0x0,
    0x0, 0x0, 0x5, 0xff, 0xfe, 0xbf, 0xff, 0xff,
    0xff, 0xff, 0xf0, 0x0, 0x0, 0x0, 0x0, 0x5,
    0xff, 0xfe, 0xbf, 0xff, 0xc9, 0xaf, 0xff, 0xf2,
    0x0, 0x0, 0x0, 0x0, 0x8, 0xff, 0xfc, 0xbf,
    0xff, 0x70, 0xe, 0xff, 0xf8, 0x0, 0x0, 0x0,
    0x0, 0xd, 0xff, 0xf9, 0xbf, 0xff, 0x70, 0x9,
    0xff, 0xff, 0x30, 0x0, 0x0, 0x0, 0x8f, 0xff,
    0xf3, 0xbf, 0xff, 0x70, 0x1, 0xff, 0xff, 0xe5,
    0x0, 0x0, 0x8, 0xff, 0xff, 0xb0, 0xbf, 0xff,
    0x70, 0x0, 0x6f, 0xff, 0xff, 0xda, 0x9b, 0xff,
    0xff, 0xfe, 0x20, 0xbf, 0xff, 0x70, 0x0, 0x6,
    0xff, 0xff, 0xff, 0xff, 0xff, 0xff, 0xe3, 0x0,
    0xbf, 0xff, 0x70, 0x0, 0x0, 0x3d, 0xff, 0xff,
    0xff, 0xff, 0xfa, 0x10, 0x0, 0xbf, 0xff, 0x70,
    0x0, 0x0, 0x0, 0x49, 0xde, 0xfe, 0xc8, 0x20,
    0x0, 0x0,

    /* U+042F "Я" */
    0x0, 0x1, 0x6b, 0xdf, 0xff, 0xff, 0xff, 0xfc,
    0x0, 0x5e, 0xff, 0xff, 0xff, 0xff, 0xff, 0xfc,
    0x6, 0xff, 0xff, 0xff, 0xff, 0xff, 0xff, 0xfc,
    0x1f, 0xff, 0xff, 0xa7, 0x66, 0x69, 0xff, 0xfc,
    0x8f, 0xff, 0xf2, 0x0, 0x0, 0x5, 0xff, 0xfc,
    0xcf, 0xff, 0x90, 0x0, 0x0, 0x5, 0xff, 0xfc,
    0xdf, 0xff, 0x60, 0x0, 0x0, 0x5, 0xff, 0xfc,
    0xdf, 0xff, 0x70, 0x0, 0x0, 0x5, 0xff, 0xfc,
    0xaf, 0xff, 0xd0, 0x0, 0x0, 0x5, 0xff, 0xfc,
    0x5f, 0xff, 0xfb, 0x30, 0x0, 0x5, 0xff, 0xfc,
    0xc, 0xff, 0xff, 0xff, 0xff, 0xff, 0xff, 0xfc,
    0x1, 0xcf, 0xff, 0xff, 0xff, 0xff, 0xff, 0xfc,
    0x0, 0x7, 0xff, 0xff, 0xff, 0xff, 0xff, 0xfc,
    0x0, 0xb, 0xff, 0xfa, 0x44, 0x48, 0xff, 0xfc,
    0x0, 0x6f, 0xff, 0xe0, 0x0, 0x5, 0xff, 0xfc,
    0x2, 0xff, 0xff, 0x40, 0x0, 0x5, 0xff, 0xfc,
    0xc, 0xff, 0xf9, 0x0, 0x0, 0x5, 0xff, 0xfc,
    0x8f, 0xff, 0xd0, 0x0, 0x0, 0x5, 0xff, 0xfc,

    /* U+0430 "а" */
    0x0, 0x5, 0xad, 0xff, 0xec, 0x81, 0x0, 0x0,
    0x4e, 0xff, 0xff, 0xff, 0xff, 0xf5, 0x0, 0x3,
    0xff, 0xff, 0xff, 0xff, 0xff, 0xf3, 0x0, 0xa,
    0xe9, 0x53, 0x47, 0xef, 0xff, 0xa0, 0x0, 0x10,
    0x0, 0x0, 0x4, 0xff, 0xff, 0x0, 0x0, 0x1,
    0x44, 0x55, 0x5f, 0xff, 0xf1, 0x0, 0x5d, 0xff,
    0xff, 0xff, 0xff, 0xff, 0x10, 0x6f, 0xff, 0xff,
    0xff, 0xff, 0xff, 0xf2, 0xe, 0xff, 0xf6, 0x10,
    0x0, 0xff, 0xff, 0x22, 0xff, 0xfd, 0x0, 0x0,
    0x1f, 0xff, 0xf2, 0x1f, 0xff, 0xf2, 0x0, 0xb,
    0xff, 0xff, 0x20, 0xcf, 0xff, 0xfc, 0xbf, 0xff,
    0xff, 0xf2, 0x2, 0xef, 0xff, 0xff, 0xfe, 0xcf,
    0xff, 0x20, 0x1, 0x8d, 0xff, 0xd9, 0x1a, 0xff,
    0xf2,

    /* U+0431 "б" */
    0x0, 0x0, 0x0, 0x0, 0x0, 0x0, 0x0, 0x0,
    0x0, 0x0, 0x0, 0x0, 0x2, 0x58, 0xcf, 0x60,
    0x0, 0x0, 0x2, 0x7b, 0xff, 0xff, 0xff, 0x90,
    0x0, 0x1, 0xaf, 0xff, 0xff, 0xff, 0xff, 0xb0,
    0x0, 0x2e, 0xff, 0xff, 0xff, 0xff, 0xc9, 0x50,
    0x1, 0xef, 0xff, 0xfd, 0x95, 0x20, 0x0, 0x0,
    0x9, 0xff, 0xfd, 0x40, 0x0, 0x0, 0x0, 0x0,
    0xf, 0xff, 0xe1, 0x0, 0x0, 0x0, 0x0, 0x0,
    0x5f, 0xff, 0x71, 0x8d, 0xff, 0xd9, 0x20, 0x0,
    0x9f, 0xff, 0x8f, 0xff, 0xff, 0xff, 0xf7, 0x0,
    0xbf, 0xff, 0xff, 0xff, 0xff, 0xff, 0xff, 0x60,
    0xcf, 0xff, 0xfe, 0x62, 0x26, 0xef, 0xff, 0xf1,
    0xcf, 0xff, 0xf3, 0x0, 0x0, 0x2f, 0xff, 0xf6,
    0xbf, 0xff, 0xb0, 0x0, 0x0, 0xa, 0xff, 0xf9,
    0x9f, 0xff, 0x90, 0x0, 0x0, 0x8, 0xff, 0xfa,
    0x6f, 0xff, 0xc0, 0x0, 0x0, 0xa, 0xff, 0xf8,
    0x2f, 0xff, 0xf5, 0x0, 0x0, 0x3f, 0xff, 0xf4,
    0xa, 0xff, 0xff, 0x72, 0x26, 0xff, 0xff, 0xd0,
    0x1, 0xef, 0xff, 0xff, 0xff, 0xff, 0xfe, 0x20,
    0x0, 0x2d, 0xff, 0xff, 0xff, 0xff, 0xc2, 0x0,
    0x0, 0x0, 0x5a, 0xdf, 0xfd, 0xa5, 0x0, 0x0,

    /* U+0432 "в" */
    0xf, 0xff, 0xff, 0xff, 0xfe, 0xb5, 0x0, 0x0,
    0xff, 0xff, 0xff, 0xff, 0xff, 0xfb, 0x0, 0xf,
    0xff, 0xeb, 0xbb, 0xcf, 0xff, 0xf6, 0x0, 0xff,
    0xfa, 0x0, 0x0, 0x6f, 0xff, 0xa0, 0xf, 0xff,
    0xa0, 0x0, 0x2, 0xff, 0xf9, 0x0, 0xff, 0xfa,
    0x0, 0x1, 0xaf, 0xff, 0x30, 0xf, 0xff, 0xff,
    0xff, 0xff, 0xff, 0x50, 0x0, 0xff, 0xff, 0xff,
    0xff, 0xff, 0xfa, 0x0, 0xf, 0xff, 0xc5, 0x55,
    0x6a, 0xff, 0xfa, 0x0, 0xff, 0xfa, 0x0, 0x0,
    0xc, 0xff, 0xf0, 0xf, 0xff, 0xa0, 0x0, 0x0,
    0xef, 0xff, 0x10, 0xff, 0xfe, 0xbb, 0xbc, 0xff,
    0xff, 0xd0, 0xf, 0xff, 0xff, 0xff, 0xff, 0xff,
    0xf3, 0x0, 0xff, 0xff, 0xff, 0xff, 0xfd, 0x81,
    0x0,

    /* U+0433 "г" */
    0xf, 0xff, 0xff, 0xff, 0xff, 0xff, 0x20, 0xff,
    0xff, 0xff, 0xff, 0xff, 0xf2, 0xf, 0xff, 0xff,
    0xff, 0xff, 0xff, 0x20, 0xff, 0xff, 0x44, 0x44,
    0x44, 0x40, 0xf, 0xff, 0xf0, 0x0, 0x0, 0x0,
    0x0, 0xff, 0xff, 0x0, 0x0, 0x0, 0x0, 0xf,
    0xff, 0xf0, 0x0, 0x0, 0x0, 0x0, 0xff, 0xff,
    0x0, 0x0, 0x0, 0x0, 0xf, 0xff, 0xf0, 0x0,
    0x0, 0x0, 0x0, 0xff, 0xff, 0x0, 0x0, 0x0,
    0x0, 0xf, 0xff, 0xf0, 0x0, 0x0, 0x0, 0x0,
    0xff, 0xff, 0x0, 0x0, 0x0, 0x0, 0xf, 0xff,
    0xf0, 0x0, 0x0, 0x0, 0x0, 0xff, 0xff, 0x0,
    0x0, 0x0, 0x0,

    /* U+0434 "д" */
    0x0, 0x9, 0xff, 0xff, 0xff, 0xff, 0xff, 0xfa,
    0x0, 0x0, 0x9, 0xff, 0xff, 0xff, 0xff, 0xff,
    0xfa, 0x0, 0x0, 0xa, 0xff, 0xff, 0xff, 0xff,
    0xff, 0xfa, 0x0, 0x0, 0xb, 0xff, 0xf4, 0x44,
    0x49, 0xff, 0xfa, 0x0, 0x0, 0xb, 0xff, 0xf0,
    0x0, 0x7, 0xff, 0xfa, 0x0, 0x0, 0xd, 0xff,
    0xe0, 0x0, 0x7, 0xff, 0xfa, 0x0, 0x0, 0xe,
    0xff, 0xd0, 0x0, 0x7, 0xff, 0xfa, 0x0, 0x0,
    0xf, 0xff, 0xb0, 0x0, 0x7, 0xff, 0xfa, 0x0,
    0x0, 0x3f, 0xff, 0x90, 0x0, 0x7, 0xff, 0xfa,
    0x0, 0x0, 0x8f, 0xff, 0x50, 0x0, 0x7, 0xff,
    0xfa, 0x0, 0x37, 0xff, 0xfe, 0x44, 0x44, 0x49,
    0xff, 0xfb, 0x42, 0xbf, 0xff, 0xff, 0xff, 0xff,
    0xff, 0xff, 0xff, 0xfa, 0xbf, 0xff, 0xff, 0xff,
    0xff, 0xff, 0xff, 0xff, 0xfa, 0xbf, 0xff, 0xff,
    0xff, 0xff, 0xff, 0xff, 0xff, 0xfa, 0xbf, 0xff,
    0x0, 0x0, 0x0, 0x0, 0x2, 0xff, 0xfa, 0xbf,
    0xff, 0x0, 0x0, 0x0, 0x0, 0x2, 0xff, 0xfa,
    0xbf, 0xff, 0x0, 0x0, 0x0, 0x0, 0x2, 0xff,
    0xf9,

    /* U+0435 "е" */
    0x0, 0x0, 0x17, 0xce, 0xfd, 0xa4, 0x0, 0x0,
    0x0, 0x6, 0xff, 0xff, 0xff, 0xff, 0xc2, 0x0,
    0x0, 0x8f, 0xff, 0xff, 0xff, 0xff, 0xfd, 0x10,
    0x4, 0xff, 0xff, 0x72, 0x13, 0xbf, 0xff, 0xa0,
    0xb, 0xff, 0xf5, 0x0, 0x0, 0xc, 0xff, 0xf1,
    0xf, 0xff, 0xf5, 0x55, 0x55, 0x59, 0xff, 0xf5,
    0x2f, 0xff, 0xff, 0xff, 0xff, 0xff, 0xff, 0xf7,
    0x2f, 0xff, 0xff, 0xff, 0xff, 0xff, 0xff, 0xf8,
    0xf, 0xff, 0xf1, 0x0, 0x0, 0x0, 0x0, 0x0,
    0xb, 0xff, 0xfb, 0x0, 0x0, 0x0, 0x40, 0x0,
    0x3, 0xff, 0xff, 0xd6, 0x44, 0x7d, 0xf6, 0x0,
    0x0, 0x7f, 0xff, 0xff, 0xff, 0xff, 0xff, 0x40,
    0x0, 0x5, 0xef, 0xff, 0xff, 0xff, 0xfa, 0x0,
    0x0, 0x0, 0x16, 0xbd, 0xff, 0xd9, 0x30, 0x0,

    /* U+0436 "ж" */
    0x3f, 0xff, 0xf1, 0x0, 0x2, 0xff, 0xfd, 0x0,
    0x0, 0x5f, 0xff, 0xe0, 0xa, 0xff, 0xf9, 0x0,
    0x2, 0xff, 0xfd, 0x0, 0x0, 0xdf, 0xff, 0x60,
    0x2, 0xff, 0xff, 0x10, 0x2, 0xff, 0xfd, 0x0,
    0x6, 0xff, 0xfc, 0x0, 0x0, 0x8f, 0xff, 0xa0,
    0x2, 0xff, 0xfd, 0x0, 0xe, 0xff, 0xf3, 0x0,
    0x0, 0xe, 0xff, 0xf2, 0x2, 0xff, 0xfd, 0x0,
    0x7f, 0xff, 0xa0, 0x0, 0x0, 0x5, 0xff, 0xfb,
    0x35, 0xff, 0xfe, 0x33, 0xff, 0xff, 0x10, 0x0,
    0x0, 0x0, 0xcf, 0xff, 0xff, 0xff, 0xff, 0xff,
    0xff, 0xf8, 0x0, 0x0, 0x0, 0x0, 0xbf, 0xff,
    0xff, 0xff, 0xff, 0xff, 0xff, 0xf6, 0x0, 0x0,
    0x0, 0x5, 0xff, 0xff, 0xff, 0xff, 0xff, 0xff,
    0xff, 0xff, 0x10, 0x0, 0x0, 0x1e, 0xff, 0xfa,
    0x2, 0xff, 0xfd, 0x0, 0xef, 0xff, 0xb0, 0x0,
    0x0, 0xaf, 0xff, 0xf1, 0x2, 0xff, 0xfd, 0x0,
    0x5f, 0xff, 0xf5, 0x0, 0x4, 0xff, 0xff, 0x60,
    0x2, 0xff, 0xfd, 0x0, 0xb, 0xff, 0xfe, 0x10,
    0xd, 0xff, 0xfd, 0x0, 0x2, 0xff, 0xfd, 0x0,
    0x2, 0xff, 0xff, 0x90, 0x8f, 0xff, 0xf3, 0x0,
    0x2, 0xff, 0xfd, 0x0, 0x0, 0x8f, 0xff, 0xf4,

    /* U+0437 "з" */
    0x0, 0x49, 0xdf, 0xfe, 0xda, 0x50, 0x0, 0xd,
    0xff, 0xff, 0xff, 0xff, 0xfd, 0x20, 0x8, 0xff,
    0xff, 0xff, 0xff, 0xff, 0xd0, 0x2, 0xc7, 0x32,
    0x12, 0x7f, 0xff, 0xf3, 0x0, 0x0, 0x0, 0x0,
    0xe, 0xff, 0xf1, 0x0, 0x0, 0x77, 0x78, 0xcf,
    0xff, 0x80, 0x0, 0x0, 0xff, 0xff, 0xff, 0xf8,
    0x0, 0x0, 0x0, 0xff, 0xff, 0xff, 0xff, 0x90,
    0x0, 0x0, 0x0, 0x0, 0x2c, 0xff, 0xf5, 0x0,
    0x0, 0x0, 0x0, 0x8, 0xff, 0xf9, 0xa, 0xc7,
    0x31, 0x12, 0x6f, 0xff, 0xf8, 0xf, 0xff, 0xff,
    0xff, 0xff, 0xff, 0xf1, 0x4f, 0xff, 0xff, 0xff,
    0xff, 0xfd, 0x30, 0x1, 0x6a, 0xdf, 0xff, 0xda,
    0x50, 0x0,

    /* U+0438 "и" */
    0xf, 0xff, 0xf0, 0x0, 0x0, 0x9, 0xff, 0xf8,
    0xf, 0xff, 0xf0, 0x0, 0x0, 0x6f, 0xff, 0xf8,
    0xf, 0xff, 0xf0, 0x0, 0x4, 0xff, 0xff, 0xf8,
    0xf, 0xff, 0xf0, 0x0, 0x2e, 0xff, 0xff, 0xf8,
    0xf, 0xff, 0xf0, 0x0, 0xdf, 0xff, 0xff, 0xf8,
    0xf, 0xff, 0xf0, 0xb, 0xff, 0xff, 0xff, 0xf8,
    0xf, 0xff, 0xf0, 0x8f, 0xff, 0xc8, 0xff, 0xf8,
    0xf, 0xff, 0xf5, 0xff, 0xfe, 0x18, 0xff, 0xf8,
    0xf, 0xff, 0xff, 0xff, 0xf3, 0x8, 0xff, 0xf8,
    0xf, 0xff, 0xff, 0xff, 0x50, 0x8, 0xff, 0xf8,
    0xf, 0xff, 0xff, 0xf8, 0x0, 0x8, 0xff, 0xf8,
    0xf, 0xff, 0xff, 0xb0, 0x0, 0x8, 0xff, 0xf8,
    0xf, 0xff, 0xfd, 0x0, 0x0, 0x8, 0xff, 0xf8,
    0xf, 0xff, 0xf2, 0x0, 0x0, 0x8, 0xff, 0xf8,

    /* U+0439 "й" */
    0x0, 0x4, 0x88, 0x0, 0x1, 0x88, 0x40, 0x0,
    0x0, 0x8, 0xff, 0x30, 0x4, 0xff, 0x80, 0x0,
    0x0, 0x4, 0xff, 0xb2, 0x3d, 0xff, 0x40, 0x0,
    0x0, 0x0, 0xbf, 0xff, 0xff, 0xfb, 0x0, 0x0,
    0x0, 0x0, 0x8, 0xdf, 0xfd, 0x70, 0x0, 0x0,
    0x0, 0x0, 0x0, 0x0, 0x0, 0x0, 0x0, 0x0,
    0xf, 0xff, 0xf0, 0x0, 0x0, 0x9, 0xff, 0xf8,
    0xf, 0xff, 0xf0, 0x0, 0x0, 0x6f, 0xff, 0xf8,
    0xf, 0xff, 0xf0, 0x0, 0x4, 0xff, 0xff, 0xf8,
    0xf, 0xff, 0xf0, 0x0, 0x2e, 0xff, 0xff, 0xf8,
    0xf, 0xff, 0xf0, 0x0, 0xdf, 0xff, 0xff, 0xf8,
    0xf, 0xff, 0xf0, 0xb, 0xff, 0xff, 0xff, 0xf8,
    0xf, 0xff, 0xf0, 0x8f, 0xff, 0xc8, 0xff, 0xf8,
    0xf, 0xff, 0xf5, 0xff, 0xfe, 0x18, 0xff, 0xf8,
    0xf, 0xff, 0xff, 0xff, 0xf3, 0x8, 0xff, 0xf8,
    0xf, 0xff, 0xff, 0xff, 0x50, 0x8, 0xff, 0xf8,
    0xf, 0xff, 0xff, 0xf8, 0x0, 0x8, 0xff, 0xf8,
    0xf, 0xff, 0xff, 0xb0, 0x0, 0x8, 0xff, 0xf8,
    0xf, 0xff, 0xfd, 0x0, 0x0, 0x8, 0xff, 0xf8,
    0xf, 0xff, 0xf2, 0x0, 0x0, 0x8, 0xff, 0xf8,

    /* U+043A "к" */
    0xf, 0xff, 0xf0, 0x0, 0x0, 0x5f, 0xff, 0xe1,
    0xf, 0xff, 0xf0, 0x0, 0x1, 0xef, 0xff, 0x40,
    0xf, 0xff, 0xf0, 0x0, 0xa, 0xff, 0xf8, 0x0,
    0xf, 0xff, 0xf0, 0x0, 0x4f, 0xff, 0xd0, 0x0,
    0xf, 0xff, 0xf0, 0x1, 0xef, 0xff, 0x30, 0x0,
    0xf, 0xff, 0xf3, 0x3a, 0xff, 0xf7, 0x0, 0x0,
    0xf, 0xff, 0xff, 0xff, 0xff, 0xc0, 0x0, 0x0,
    0xf, 0xff, 0xff, 0xff, 0xff, 0xb0, 0x0, 0x0,
    0xf, 0xff, 0xff, 0xff, 0xff, 0xf7, 0x0, 0x0,
    0xf, 0xff, 0xf0, 0x8, 0xff, 0xff, 0x40, 0x0,
    0xf, 0xff, 0xf0, 0x0, 0xcf, 0xff, 0xe1, 0x0,
    0xf, 0xff, 0xf0, 0x0, 0x1e, 0xff, 0xfb, 0x0,
    0xf, 0xff, 0xf0, 0x0, 0x4, 0xff, 0xff, 0x80,
    0xf, 0xff, 0xf0, 0x0, 0x0, 0x8f, 0xff, 0xf4,

    /* U+043B "л" */
    0x0, 0x9, 0xff, 0xff, 0xff, 0xff, 0xff, 0xf5,
    0x0, 0xa, 0xff, 0xff, 0xff, 0xff, 0xff, 0xf5,
    0x0, 0xb, 0xff, 0xff, 0xff, 0xff, 0xff, 0xf5,
    0x0, 0xb, 0xff, 0xe4, 0x44, 0x4c, 0xff, 0xf5,
    0x0, 0xc, 0xff, 0xd0, 0x0, 0xb, 0xff, 0xf5,
    0x0, 0xc, 0xff, 0xc0, 0x0, 0xb, 0xff, 0xf5,
    0x0, 0xe, 0xff, 0xb0, 0x0, 0xb, 0xff, 0xf5,
    0x0, 0xf, 0xff, 0x90, 0x0, 0xb, 0xff, 0xf5,
    0x0, 0x2f, 0xff, 0x80, 0x0, 0xb, 0xff, 0xf5,
    0x0, 0x8f, 0xff, 0x50, 0x0, 0xb, 0xff, 0xf5,
    0x5a, 0xff, 0xff, 0x10, 0x0, 0xb, 0xff, 0xf5,
    0xaf, 0xff, 0xfc, 0x0, 0x0, 0xb, 0xff, 0xf5,
    0xbf, 0xff, 0xf3, 0x0, 0x0, 0xb, 0xff, 0xf5,
    0xcf, 0xfd, 0x50, 0x0, 0x0, 0xb, 0xff, 0xf5,

    /* U+043C "м" */
    0xf, 0xff, 0xf7, 0x0, 0x0, 0x0, 0x0, 0xdf,
    0xff, 0x30, 0xff, 0xff, 0xf1, 0x0, 0x0, 0x0,
    0x7f, 0xff, 0xf3, 0xf, 0xff, 0xff, 0x90, 0x0,
    0x0, 0x1f, 0xff, 0xff, 0x30, 0xff, 0xff, 0xff,
    0x20, 0x0, 0xa, 0xff, 0xff, 0xf3, 0xf, 0xff,
    0xff, 0xfa, 0x0, 0x3, 0xff, 0xff, 0xff, 0x30,
    0xff, 0xff, 0xff, 0xf3, 0x0, 0xcf, 0xff, 0xff,
    0xf3, 0xf, 0xff, 0x9d, 0xff, 0xc0, 0x6f, 0xff,
    0x8f, 0xff, 0x30, 0xff, 0xf9, 0x4f, 0xff, 0x6e,
    0xff, 0x76, 0xff, 0xf3, 0xf, 0xff, 0x90, 0xbf,
    0xff, 0xff, 0xd0, 0x6f, 0xff, 0x30, 0xff, 0xf9,
    0x2, 0xff, 0xff, 0xf4, 0x6, 0xff, 0xf3, 0xf,
    0xff, 0x90, 0x8, 0xff, 0xfb, 0x0, 0x6f, 0xff,
    0x40, 0xff, 0xf9, 0x0, 0xe, 0xff, 0x20, 0x6,
    0xff, 0xf4, 0xf, 0xff, 0x90, 0x0, 0x5a, 0x60,
    0x0, 0x6f, 0xff, 0x40, 0xff, 0xf9, 0x0, 0x0,
    0x0, 0x0, 0x6, 0xff, 0xf4,

    /* U+043D "н" */
    0xf, 0xff, 0xf0, 0x0, 0x0, 0xf, 0xff, 0xf2,
    0xf, 0xff, 0xf0, 0x0, 0x0, 0xf, 0xff, 0xf2,
    0xf, 0xff, 0xf0, 0x0, 0x0, 0xf, 0xff, 0xf2,
    0xf, 0xff, 0xf0, 0x0, 0x0, 0xf, 0xff, 0xf2,
    0xf, 0xff, 0xf0, 0x0, 0x0, 0xf, 0xff, 0xf2,
    0xf, 0xff, 0xf4, 0x44, 0x44, 0x4f, 0xff, 0xf2,
    0xf, 0xff, 0xff, 0xff, 0xff, 0xff, 0xff, 0xf2,
    0xf, 0xff, 0xff, 0xff, 0xff, 0xff, 0xff, 0xf2,
    0xf, 0xff, 0xff, 0xff, 0xff, 0xff, 0xff, 0xf2,
    0xf, 0xff, 0xf0, 0x0, 0x0, 0xf, 0xff, 0xf2,
    0xf, 0xff, 0xf0, 0x0, 0x0, 0xf, 0xff, 0xf2,
    0xf, 0xff, 0xf0, 0x0, 0x0, 0xf, 0xff, 0xf2,
    0xf, 0xff, 0xf0, 0x0, 0x0, 0xf, 0xff, 0xf2,
    0xf, 0xff, 0xf0, 0x0, 0x0, 0xf, 0xff, 0xf2,

    /* U+043E "о" */
    0x0, 0x0, 0x17, 0xce, 0xfe, 0xc7, 0x10, 0x0,
    0x0, 0x0, 0x6f, 0xff, 0xff, 0xff, 0xff, 0x60,
    0x0, 0x0, 0x7f, 0xff, 0xff, 0xff, 0xff, 0xff,
    0x70, 0x0, 0x3f, 0xff, 0xfd, 0x75, 0x7e, 0xff,
    0xff, 0x30, 0xb, 0xff, 0xfb, 0x0, 0x0, 0xc,
    0xff, 0xfa, 0x0, 0xff, 0xff, 0x20, 0x0, 0x0,
    0x3f, 0xff, 0xf0, 0x1f, 0xff, 0xf0, 0x0, 0x0,
    0x0, 0xff, 0xff, 0x12, 0xff, 0xff, 0x0, 0x0,
    0x0, 0xf, 0xff, 0xf1, 0xf, 0xff, 0xf2, 0x0,
    0x0, 0x3, 0xff, 0xff, 0x0, 0xbf, 0xff, 0xb0,
    0x0, 0x0, 0xcf, 0xff, 0xa0, 0x3, 0xff, 0xff,
    0xd7, 0x57, 0xef, 0xff, 0xf3, 0x0, 0x7, 0xff,
    0xff, 0xff, 0xff, 0xff, 0xf7, 0x0, 0x0, 0x6,
    0xff, 0xff, 0xff, 0xff, 0xf6, 0x0, 0x0, 0x0,
    0x1, 0x7c, 0xef, 0xec, 0x71, 0x0, 0x0,

    /* U+043F "п" */
    0xf, 0xff, 0xff, 0xff, 0xff, 0xff, 0xff, 0xd0,
    0xff, 0xff, 0xff, 0xff, 0xff, 0xff, 0xfd, 0xf,
    0xff, 0xff, 0xff, 0xff, 0xff, 0xff, 0xd0, 0xff,
    0xff, 0x44, 0x44, 0x46, 0xff, 0xfd, 0xf, 0xff,
    0xf0, 0x0, 0x0, 0x3f, 0xff, 0xd0, 0xff, 0xff,
    0x0, 0x0, 0x3, 0xff, 0xfd, 0xf, 0xff, 0xf0,
    0x0, 0x0, 0x3f, 0xff, 0xd0, 0xff, 0xff, 0x0,
    0x0, 0x3, 0xff, 0xfd, 0xf, 0xff, 0xf0, 0x0,
    0x0, 0x3f, 0xff, 0xd0, 0xff, 0xff, 0x0, 0x0,
    0x3, 0xff, 0xfd, 0xf, 0xff, 0xf0, 0x0, 0x0,
    0x3f, 0xff, 0xd0, 0xff, 0xff, 0x0, 0x0, 0x3,
    0xff, 0xfd, 0xf, 0xff, 0xf0, 0x0, 0x0, 0x3f,
    0xff, 0xd0, 0xff, 0xff, 0x0, 0x0, 0x3, 0xff,
    0xfd,

    /* U+0440 "р" */
    0x1f, 0xff, 0xc1, 0x8d, 0xff, 0xd9, 0x30, 0x0,
    0x1, 0xff, 0xfe, 0xef, 0xff, 0xff, 0xff, 0x80,
    0x0, 0x1f, 0xff, 0xff, 0xff, 0xff, 0xff, 0xff,
    0x90, 0x1, 0xff, 0xff, 0xfa, 0x31, 0x3b, 0xff,
    0xff, 0x40, 0x1f, 0xff, 0xfa, 0x0, 0x0, 0xa,
    0xff, 0xfb, 0x1, 0xff, 0xff, 0x20, 0x0, 0x0,
    0x2f, 0xff, 0xf0, 0x1f, 0xff, 0xf0, 0x0, 0x0,
    0x0, 0xff, 0xff, 0x11, 0xff, 0xff, 0x0, 0x0,
    0x0, 0xf, 0xff, 0xf1, 0x1f, 0xff, 0xf3, 0x0,
    0x0, 0x3, 0xff, 0xff, 0x1, 0xff, 0xff, 0xc0,
    0x0, 0x0, 0xcf, 0xff, 0xb0, 0x1f, 0xff, 0xff,
    0xd7, 0x57, 0xef, 0xff, 0xf5, 0x1, 0xff, 0xff,
    0xff, 0xff, 0xff, 0xff, 0xfa, 0x0, 0x1f, 0xff,
    0xfc, 0xff, 0xff, 0xff, 0xf9, 0x0, 0x1, 0xff,
    0xff, 0x6, 0xcf, 0xfd, 0x93, 0x0, 0x0, 0x1f,
    0xff, 0xf0, 0x0, 0x0, 0x0, 0x0, 0x0, 0x1,
    0xff, 0xff, 0x0, 0x0, 0x0, 0x0, 0x0, 0x0,
    0x1f, 0xff, 0xf0, 0x0, 0x0, 0x0, 0x0, 0x0,
    0x1, 0xff, 0xff, 0x0, 0x0, 0x0, 0x0, 0x0,
    0x0, 0x1f, 0xff, 0xf0, 0x0, 0x0, 0x0, 0x0,
    0x0, 0x0,

    /* U+0441 "с" */
    0x0, 0x0, 0x16, 0xbe, 0xfe, 0xc7, 0x10, 0x0,
    0x0, 0x5e, 0xff, 0xff, 0xff, 0xfe, 0x40, 0x0,
    0x7f, 0xff, 0xff, 0xff, 0xff, 0xff, 0x30, 0x3f,
    0xff, 0xfe, 0x75, 0x6d, 0xff, 0xf8, 0xb, 0xff,
    0xfc, 0x0, 0x0, 0xb, 0xb3, 0x0, 0xff, 0xff,
    0x20, 0x0, 0x0, 0x0, 0x0, 0x1f, 0xff, 0xf0,
    0x0, 0x0, 0x0, 0x0, 0x2, 0xff, 0xff, 0x0,
    0x0, 0x0, 0x0, 0x0, 0xf, 0xff, 0xf2, 0x0,
    0x0, 0x0, 0x0, 0x0, 0xbf, 0xff, 0xb0, 0x0,
    0x0, 0xbb, 0x30, 0x3, 0xff, 0xff, 0xd7, 0x56,
    0xdf, 0xff, 0x80, 0x7, 0xff, 0xff, 0xff, 0xff,
    0xff, 0xf3, 0x0, 0x6, 0xff, 0xff, 0xff, 0xff,
    0xe4, 0x0, 0x0, 0x1, 0x7c, 0xef, 0xec, 0x71,
    0x0,

    /* U+0442 "т" */
    0xcf, 0xff, 0xff, 0xff, 0xff, 0xff, 0xfb, 0xcf,
    0xff, 0xff, 0xff, 0xff, 0xff, 0xfb, 0xcf, 0xff,
    0xff, 0xff, 0xff, 0xff, 0xfb, 0x34, 0x44, 0x5f,
    0xff, 0xf4, 0x44, 0x43, 0x0, 0x0, 0x1f, 0xff,
    0xf0, 0x0, 0x0, 0x0, 0x0, 0x1f, 0xff, 0xf0,
    0x0, 0x0, 0x0, 0x0, 0x1f, 0xff, 0xf0, 0x0,
    0x0, 0x0, 0x0, 0x1f, 0xff, 0xf0, 0x0, 0x0,
    0x0, 0x0, 0x1f, 0xff, 0xf0, 0x0, 0x0, 0x0,
    0x0, 0x1f, 0xff, 0xf0, 0x0, 0x0, 0x0, 0x0,
    0x1f, 0xff, 0xf0, 0x0, 0x0, 0x0, 0x0, 0x1f,
    0xff, 0xf0, 0x0, 0x0, 0x0, 0x0, 0x1f, 0xff,
    0xf0, 0x0, 0x0, 0x0, 0x0, 0x1f, 0xff, 0xf0,
    0x0, 0x0,

    /* U+0443 "у" */
    0xc, 0xff, 0xf6, 0x0, 0x0, 0x0, 0x2f, 0xff,
    0xc0, 0x5f, 0xff, 0xc0, 0x0, 0x0, 0x9, 0xff,
    0xf5, 0x0, 0xef, 0xff, 0x30, 0x0, 0x0, 0xff,
    0xfe, 0x0, 0x7, 0xff, 0xfa, 0x0, 0x0, 0x6f,
    0xff, 0x70, 0x0, 0x1f, 0xff, 0xf1, 0x0, 0xd,
    0xff, 0xf1, 0x0, 0x0, 0x9f, 0xff, 0x70, 0x4,
    0xff, 0xf9, 0x0, 0x0, 0x2, 0xff, 0xfe, 0x0,
    0xaf, 0xff, 0x20, 0x0, 0x0, 0xb, 0xff, 0xf5,
    0x1f, 0xff, 0xb0, 0x0, 0x0, 0x0, 0x4f, 0xff,
    0xb8, 0xff, 0xf4, 0x0, 0x0, 0x0, 0x0, 0xdf,
    0xff, 0xef, 0xfd, 0x0, 0x0, 0x0, 0x0, 0x6,
    0xff, 0xff, 0xff, 0x60, 0x0, 0x0, 0x0, 0x0,
    0xf, 0xff, 0xff, 0xf0, 0x0, 0x0, 0x0, 0x0,
    0x0, 0x9f, 0xff, 0xf9, 0x0, 0x0, 0x0, 0x0,
    0x0, 0x2, 0xff, 0xff, 0x20, 0x0, 0x0, 0x0,
    0x0, 0x0, 0x3f, 0xff, 0xb0, 0x0, 0x0, 0x0,
    0xc, 0x74, 0x5e, 0xff, 0xf3, 0x0, 0x0, 0x0,
    0x6, 0xff, 0xff, 0xff, 0xfa, 0x0, 0x0, 0x0,
    0x0, 0xdf, 0xff, 0xff, 0xfc, 0x10, 0x0, 0x0,
    0x0, 0x2, 0x9d, 0xfe, 0xc6, 0x0, 0x0, 0x0,
    0x0, 0x0,

    /* U+0444 "ф" */
    0x0, 0x0, 0x0, 0x0, 0xd, 0xff, 0xe0, 0x0,
    0x0, 0x0, 0x0, 0x0, 0x0, 0x0, 0x0, 0xd,
    0xff, 0xe0, 0x0, 0x0, 0x0, 0x0, 0x0, 0x0,
    0x0, 0x0, 0xd, 0xff, 0xe0, 0x0, 0x0, 0x0,
    0x0, 0x0, 0x0, 0x0, 0x0, 0xd, 0xff, 0xe0,
    0x0, 0x0, 0x0, 0x0, 0x0, 0x0, 0x0, 0x0,
    0xd, 0xff, 0xe0, 0x0, 0x0, 0x0, 0x0, 0x0,
    0x0, 0x17, 0xbe, 0xff, 0xff, 0xff, 0xeb, 0x60,
    0x0, 0x0, 0x0, 0x8, 0xff, 0xff, 0xff, 0xff,
    0xff, 0xff, 0xff, 0x60, 0x0, 0x0, 0xaf, 0xff,
    0xff, 0xff, 0xff, 0xff, 0xff, 0xff, 0xf9, 0x0,
    0x5, 0xff, 0xff, 0xb5, 0x1d, 0xff, 0xe1, 0x4b,
    0xff, 0xff, 0x50, 0xc, 0xff, 0xf8, 0x0, 0xd,
    0xff, 0xe0, 0x0, 0x7f, 0xff, 0xd0, 0xf, 0xff,
    0xf0, 0x0, 0xd, 0xff, 0xe0, 0x0, 0xd, 0xff,
    0xf1, 0x2f, 0xff, 0xc0, 0x0, 0xd, 0xff, 0xe0,
    0x0, 0xa, 0xff, 0xf3, 0x2f, 0xff, 0xc0, 0x0,
    0xd, 0xff, 0xe0, 0x0, 0xa, 0xff, 0xf3, 0xf,
    0xff, 0xf0, 0x0, 0xd, 0xff, 0xe0, 0x0, 0xd,
    0xff, 0xf1, 0xb, 0xff, 0xf8, 0x0, 0xd, 0xff,
    0xe0, 0x0, 0x6f, 0xff, 0xd0, 0x4, 0xff, 0xff,
    0xa3, 0xd, 0xff, 0xe0, 0x39, 0xff, 0xff, 0x60,
    0x0, 0x9f, 0xff, 0xff, 0xff, 0xff, 0xff, 0xff,
    0xff, 0xfa, 0x0, 0x0, 0x7, 0xff, 0xff, 0xff,
    0xff, 0xff, 0xff, 0xff, 0x80, 0x0, 0x0, 0x0,
    0x17, 0xcf, 0xff, 0xff, 0xff, 0xfc, 0x81, 0x0,
    0x0, 0x0, 0x0, 0x0, 0x0, 0x2d, 0xff, 0xe2,
    0x0, 0x0, 0x0, 0x0, 0x0, 0x0, 0x0, 0x0,
    0xd, 0xff, 0xe0, 0x0, 0x0, 0x0, 0x0, 0x0,
    0x0, 0x0, 0x0, 0xd, 0xff, 0xe0, 0x0, 0x0,
    0x0, 0x0, 0x0, 0x0, 0x0, 0x0, 0xd, 0xff,
    0xe0, 0x0, 0x0, 0x0, 0x0, 0x0, 0x0, 0x0,
    0x0, 0xd, 0xff, 0xe0, 0x0, 0x0, 0x0, 0x0,

    /* U+0445 "х" */
    0x5f, 0xff, 0xf3, 0x0, 0x0, 0x9f, 0xff, 0xb0,
    0x9, 0xff, 0xfd, 0x0, 0x4, 0xff, 0xfe, 0x10,
    0x0, 0xdf, 0xff, 0xa0, 0x1e, 0xff, 0xf3, 0x0,
    0x0, 0x2f, 0xff, 0xf6, 0xcf, 0xff, 0x70, 0x0,
    0x0, 0x6, 0xff, 0xff, 0xff, 0xfb, 0x0, 0x0,
    0x0, 0x0, 0xaf, 0xff, 0xff, 0xe1, 0x0, 0x0,
    0x0, 0x0, 0xd, 0xff, 0xff, 0x30, 0x0, 0x0,
    0x0, 0x0, 0x1e, 0xff, 0xff, 0x60, 0x0, 0x0,
    0x0, 0x0, 0xbf, 0xff, 0xff, 0xf3, 0x0, 0x0,
    0x0, 0x7, 0xff, 0xff, 0xff, 0xfe, 0x10, 0x0,
    0x0, 0x4f, 0xff, 0xf2, 0xcf, 0xff, 0xb0, 0x0,
    0x1, 0xef, 0xff, 0x50, 0x1f, 0xff, 0xf7, 0x0,
    0xc, 0xff, 0xf9, 0x0, 0x5, 0xff, 0xff, 0x30,
    0x8f, 0xff, 0xd0, 0x0, 0x0, 0xaf, 0xff, 0xe1,

    /* U+0446 "ц" */
    0xf, 0xff, 0xf0, 0x0, 0x0, 0x6f, 0xff, 0xa0,
    0x0, 0xff, 0xff, 0x0, 0x0, 0x6, 0xff, 0xfa,
    0x0, 0xf, 0xff, 0xf0, 0x0, 0x0, 0x6f, 0xff,
    0xa0, 0x0, 0xff, 0xff, 0x0, 0x0, 0x6, 0xff,
    0xfa, 0x0, 0xf, 0xff, 0xf0, 0x0, 0x0, 0x6f,
    0xff, 0xa0, 0x0, 0xff, 0xff, 0x0, 0x0, 0x6,
    0xff, 0xfa, 0x0, 0xf, 0xff, 0xf0, 0x0, 0x0,
    0x6f, 0xff, 0xa0, 0x0, 0xff, 0xff, 0x0, 0x0,
    0x6, 0xff, 0xfa, 0x0, 0xf, 0xff, 0xf0, 0x0,
    0x0, 0x6f, 0xff, 0xa0, 0x0, 0xff, 0xff, 0x0,
    0x0, 0x6, 0xff, 0xfa, 0x0, 0xf, 0xff, 0xf4,
    0x44, 0x44, 0x8f, 0xff, 0xc4, 0x30, 0xff, 0xff,
    0xff, 0xff, 0xff, 0xff, 0xff, 0xfb, 0xf, 0xff,
    0xff, 0xff, 0xff, 0xff, 0xff, 0xff, 0xb0, 0xff,
    0xff, 0xff, 0xff, 0xff, 0xff, 0xff, 0xfb, 0x0,
    0x0, 0x0, 0x0, 0x0, 0x0, 0x1f, 0xff, 0xb0,
    0x0, 0x0, 0x0, 0x0, 0x0, 0x1, 0xff, 0xfb,
    0x0, 0x0, 0x0, 0x0, 0x0, 0x0, 0xf, 0xff,
    0xa0,

    /* U+0447 "ч" */
    0x2f, 0xff, 0xe0, 0x0, 0x0, 0x8f, 0xff, 0x82,
    0xff, 0xfe, 0x0, 0x0, 0x8, 0xff, 0xf8, 0x2f,
    0xff, 0xe0, 0x0, 0x0, 0x8f, 0xff, 0x82, 0xff,
    0xfe, 0x0, 0x0, 0x8, 0xff, 0xf8, 0x2f, 0xff,
    0xe0, 0x0, 0x0, 0x8f, 0xff, 0x81, 0xff, 0xff,
    0x10, 0x0, 0x8, 0xff, 0xf8, 0xe, 0xff, 0xfc,
    0x31, 0x36, 0xdf, 0xff, 0x80, 0x8f, 0xff, 0xff,
    0xff, 0xff, 0xff, 0xf8, 0x0, 0xcf, 0xff, 0xff,
    0xff, 0xff, 0xff, 0x80, 0x0, 0x6c, 0xef, 0xec,
    0x79, 0xff, 0xf8, 0x0, 0x0, 0x0, 0x0, 0x0,
    0x8f, 0xff, 0x80, 0x0, 0x0, 0x0, 0x0, 0x8,
    0xff, 0xf8, 0x0, 0x0, 0x0, 0x0, 0x0, 0x8f,
    0xff, 0x80, 0x0, 0x0, 0x0, 0x0, 0x8, 0xff,
    0xf8,

    /* U+0448 "ш" */
    0xf, 0xff, 0xf0, 0x0, 0x5, 0xff, 0xfa, 0x0,
    0x0, 0xbf, 0xff, 0x40, 0xff, 0xff, 0x0, 0x0,
    0x5f, 0xff, 0xa0, 0x0, 0xb, 0xff, 0xf4, 0xf,
    0xff, 0xf0, 0x0, 0x5, 0xff, 0xfa, 0x0, 0x0,
    0xbf, 0xff, 0x40, 0xff, 0xff, 0x0, 0x0, 0x5f,
    0xff, 0xa0, 0x0, 0xb, 0xff, 0xf4, 0xf, 0xff,
    0xf0, 0x0, 0x5, 0xff, 0xfa, 0x0, 0x0, 0xbf,
    0xff, 0x40, 0xff, 0xff, 0x0, 0x0, 0x5f, 0xff,
    0xa0, 0x0, 0xb, 0xff, 0xf4, 0xf, 0xff, 0xf0,
    0x0, 0x5, 0xff, 0xfa, 0x0, 0x0, 0xbf, 0xff,
    0x40, 0xff, 0xff, 0x0, 0x0, 0x5f, 0xff, 0xa0,
    0x0, 0xb, 0xff, 0xf4, 0xf, 0xff, 0xf0, 0x0,
    0x5, 0xff, 0xfa, 0x0, 0x0, 0xbf, 0xff, 0x40,
    0xff, 0xff, 0x0, 0x0, 0x5f, 0xff, 0xa0, 0x0,
    0xb, 0xff, 0xf4, 0xf, 0xff, 0xf4, 0x44, 0x48,
    0xff, 0xfc, 0x44, 0x44, 0xcf, 0xff, 0x40, 0xff,
    0xff, 0xff, 0xff, 0xff, 0xff, 0xff, 0xff, 0xff,
    0xff, 0xf4, 0xf, 0xff, 0xff, 0xff, 0xff, 0xff,
    0xff, 0xff, 0xff, 0xff, 0xff, 0x40, 0xff, 0xff,
    0xff, 0xff, 0xff, 0xff, 0xff, 0xff, 0xff, 0xff,
    0xf4,

    /* U+0449 "щ" */
    0xf, 0xff, 0xf0, 0x0, 0x5, 0xff, 0xfa, 0x0,
    0x0, 0xbf, 0xff, 0x40, 0x0, 0xff, 0xff, 0x0,
    0x0, 0x5f, 0xff, 0xa0, 0x0, 0xb, 0xff, 0xf4,
    0x0, 0xf, 0xff, 0xf0, 0x0, 0x5, 0xff, 0xfa,
    0x0, 0x0, 0xbf, 0xff, 0x40, 0x0, 0xff, 0xff,
    0x0, 0x0, 0x5f, 0xff, 0xa0, 0x0, 0xb, 0xff,
    0xf4, 0x0, 0xf, 0xff, 0xf0, 0x0, 0x5, 0xff,
    0xfa, 0x0, 0x0, 0xbf, 0xff, 0x40, 0x0, 0xff,
    0xff, 0x0, 0x0, 0x5f, 0xff, 0xa0, 0x0, 0xb,
    0xff, 0xf4, 0x0, 0xf, 0xff, 0xf0, 0x0, 0x5,
    0xff, 0xfa, 0x0, 0x0, 0xbf, 0xff, 0x40, 0x0,
    0xff, 0xff, 0x0, 0x0, 0x5f, 0xff, 0xa0, 0x0,
    0xb, 0xff, 0xf4, 0x0, 0xf, 0xff, 0xf0, 0x0,
    0x5, 0xff, 0xfa, 0x0, 0x0, 0xbf, 0xff, 0x40,
    0x0, 0xff, 0xff, 0x0, 0x0, 0x5f, 0xff, 0xa0,
    0x0, 0xb, 0xff, 0xf4, 0x0, 0xf, 0xff, 0xf4,
    0x44, 0x48, 0xff, 0xfc, 0x44, 0x44, 0xff, 0xff,
    0x94, 0x10, 0xff, 0xff, 0xff, 0xff, 0xff, 0xff,
    0xff, 0xff, 0xff, 0xff, 0xff, 0xf4, 0xf, 0xff,
    0xff, 0xff, 0xff, 0xff, 0xff, 0xff, 0xff, 0xff,
    0xff, 0xff, 0x40, 0xff, 0xff, 0xff, 0xff, 0xff,
    0xff, 0xff, 0xff, 0xff, 0xff, 0xff, 0xf4, 0x0,
    0x0, 0x0, 0x0, 0x0, 0x0, 0x0, 0x0, 0x0,
    0x0, 0x8f, 0xff, 0x40, 0x0, 0x0, 0x0, 0x0,
    0x0, 0x0, 0x0, 0x0, 0x0, 0x8, 0xff, 0xf4,
    0x0, 0x0, 0x0, 0x0, 0x0, 0x0, 0x0, 0x0,
    0x0, 0x0, 0x48, 0x88, 0x20,

    /* U+044A "ъ" */
    0xcf, 0xff, 0xff, 0xff, 0x40, 0x0, 0x0, 0x0,
    0x0, 0xcf, 0xff, 0xff, 0xff, 0x40, 0x0, 0x0,
    0x0, 0x0, 0xcf, 0xff, 0xff, 0xff, 0x40, 0x0,
    0x0, 0x0, 0x0, 0x34, 0x44, 0xdf, 0xff, 0x40,
    0x0, 0x0, 0x0, 0x0, 0x0, 0x0, 0xcf, 0xff,
    0xb9, 0x99, 0x85, 0x10, 0x0, 0x0, 0x0, 0xcf,
    0xff, 0xff, 0xff, 0xff, 0xf7, 0x0, 0x0, 0x0,
    0xcf, 0xff, 0xff, 0xff, 0xff, 0xff, 0x60, 0x0,
    0x0, 0xcf, 0xff, 0x40, 0x1, 0xaf, 0xff, 0xe0,
    0x0, 0x0, 0xcf, 0xff, 0x40, 0x0, 0xf, 0xff,
    0xf1, 0x0, 0x0, 0xcf, 0xff, 0x40, 0x0, 0xf,
    0xff, 0xf1, 0x0, 0x0, 0xcf, 0xff, 0x40, 0x0,
    0x8f, 0xff, 0xe0, 0x0, 0x0, 0xcf, 0xff, 0xdd,
    0xde, 0xff, 0xff, 0x80, 0x0, 0x0, 0xcf, 0xff,
    0xff, 0xff, 0xff, 0xfb, 0x0, 0x0, 0x0, 0xcf,
    0xff, 0xff, 0xff, 0xea, 0x50, 0x0,

    /* U+044B "ы" */
    0xf, 0xff, 0xf0, 0x0, 0x0, 0x0, 0x0, 0xa,
    0xff, 0xf6, 0xf, 0xff, 0xf0, 0x0, 0x0, 0x0,
    0x0, 0xa, 0xff, 0xf6, 0xf, 0xff, 0xf0, 0x0,
    0x0, 0x0, 0x0, 0xa, 0xff, 0xf6, 0xf, 0xff,
    0xf0, 0x0, 0x0, 0x0, 0x0, 0xa, 0xff, 0xf6,
    0xf, 0xff, 0xf9, 0x99, 0x87, 0x40, 0x0, 0xa,
    0xff, 0xf6, 0xf, 0xff, 0xff, 0xff, 0xff, 0xfe,
    0x40, 0xa, 0xff, 0xf6, 0xf, 0xff, 0xff, 0xff,
    0xff, 0xff, 0xf2, 0xa, 0xff, 0xf6, 0xf, 0xff,
    0xf0, 0x0, 0x3c, 0xff, 0xf9, 0xa, 0xff, 0xf6,
    0xf, 0xff, 0xf0, 0x0, 0x4, 0xff, 0xfc, 0xa,
    0xff, 0xf6, 0xf, 0xff, 0xf0, 0x0, 0x4, 0xff,
    0xfc, 0xa, 0xff, 0xf6, 0xf, 0xff, 0xf0, 0x0,
    0x1b, 0xff, 0xfa, 0xa, 0xff, 0xf6, 0xf, 0xff,
    0xfd, 0xdd, 0xff, 0xff, 0xf3, 0xa, 0xff, 0xf6,
    0xf, 0xff, 0xff, 0xff, 0xff, 0xff, 0x70, 0xa,
    0xff, 0xf6, 0xf, 0xff, 0xff, 0xff, 0xfd, 0x93,
    0x0, 0xa, 0xff, 0xf6,

    /* U+044C "ь" */
    0xf, 0xff, 0xf0, 0x0, 0x0, 0x0, 0x0, 0x0,
    0xff, 0xff, 0x0, 0x0, 0x0, 0x0, 0x0, 0xf,
    0xff, 0xf0, 0x0, 0x0, 0x0, 0x0, 0x0, 0xff,
    0xff, 0x0, 0x0, 0x0, 0x0, 0x0, 0xf, 0xff,
    0xf9, 0x99, 0x87, 0x51, 0x0, 0x0, 0xff, 0xff,
    0xff, 0xff, 0xff, 0xf7, 0x0, 0xf, 0xff, 0xff,
    0xff, 0xff, 0xff, 0xf6, 0x0, 0xff, 0xff, 0x0,
    0x2, 0xaf, 0xff, 0xe0, 0xf, 0xff, 0xf0, 0x0,
    0x1, 0xff, 0xff, 0x10, 0xff, 0xff, 0x0, 0x0,
    0xf, 0xff, 0xf1, 0xf, 0xff, 0xf0, 0x0, 0x8,
    0xff, 0xfe, 0x0, 0xff, 0xff, 0xdd, 0xdf, 0xff,
    0xff, 0x80, 0xf, 0xff, 0xff, 0xff, 0xff, 0xff,
    0xa0, 0x0, 0xff, 0xff, 0xff, 0xff, 0xea, 0x40,
    0x0,

    /* U+044D "э" */
    0x0, 0x17, 0xce, 0xfe, 0xc8, 0x20, 0x0, 0x0,
    0x7f, 0xff, 0xff, 0xff, 0xff, 0x90, 0x0, 0x5f,
    0xff, 0xff, 0xff, 0xff, 0xff, 0xb0, 0x0, 0x7f,
    0xd6, 0x21, 0x26, 0xef, 0xff, 0x80, 0x0, 0x30,
    0x0, 0x0, 0x1, 0xdf, 0xff, 0x10, 0x0, 0x3,
    0xbb, 0xbb, 0xbd, 0xff, 0xf5, 0x0, 0x0, 0x4f,
    0xff, 0xff, 0xff, 0xff, 0x70, 0x0, 0x4, 0xff,
    0xff, 0xff, 0xff, 0xf7, 0x0, 0x0, 0x0, 0x0,
    0x0, 0xaf, 0xff, 0x50, 0x8, 0x20, 0x0, 0x0,
    0x4f, 0xff, 0xf1, 0xa, 0xff, 0x72, 0x13, 0x8f,
    0xff, 0xf9, 0x5, 0xff, 0xff, 0xff, 0xff, 0xff,
    0xfc, 0x0, 0x7, 0xff, 0xff, 0xff, 0xff, 0xf9,
    0x0, 0x0, 0x1, 0x7c, 0xef, 0xec, 0x82, 0x0,
    0x0,

    /* U+044E "ю" */
    0xf, 0xff, 0xf0, 0x0, 0x0, 0x28, 0xde, 0xfd,
    0xa4, 0x0, 0x0, 0xf, 0xff, 0xf0, 0x0, 0x9,
    0xff, 0xff, 0xff, 0xff, 0xb1, 0x0, 0xf, 0xff,
    0xf0, 0x0, 0xbf, 0xff, 0xff, 0xff, 0xff, 0xfd,
    0x10, 0xf, 0xff, 0xf0, 0x6, 0xff, 0xff, 0x82,
    0x15, 0xef, 0xff, 0xa0, 0xf, 0xff, 0xf0, 0xd,
    0xff, 0xf7, 0x0, 0x0, 0x2f, 0xff, 0xf2, 0xf,
    0xff, 0xff, 0xff, 0xff, 0xe0, 0x0, 0x0, 0xa,
    0xff, 0xf6, 0xf, 0xff, 0xff, 0xff, 0xff, 0xc0,
    0x0, 0x0, 0x7, 0xff, 0xf8, 0xf, 0xff, 0xff,
    0xff, 0xff, 0xc0, 0x0, 0x0, 0x7, 0xff, 0xf8,
    0xf, 0xff, 0xf7, 0x7f, 0xff, 0xf0, 0x0, 0x0,
    0xb, 0xff, 0xf6, 0xf, 0xff, 0xf0, 0xb, 0xff,
    0xf9, 0x0, 0x0, 0x4f, 0xff, 0xf2, 0xf, 0xff,
    0xf0, 0x4, 0xff, 0xff, 0xc6, 0x59, 0xff, 0xff,
    0xb0, 0xf, 0xff, 0xf0, 0x0, 0x9f, 0xff, 0xff,
    0xff, 0xff, 0xfe, 0x10, 0xf, 0xff, 0xf0, 0x0,
    0x8, 0xff, 0xff, 0xff, 0xff, 0xc1, 0x0, 0xf,
    0xff, 0xf0, 0x0, 0x0, 0x28, 0xde, 0xfd, 0xa4,
    0x0, 0x0,

    /* U+044F "я" */
    0x0, 0x1, 0x8c, 0xef, 0xff, 0xff, 0xff, 0x60,
    0x6, 0xff, 0xff, 0xff, 0xff, 0xff, 0xf6, 0x4,
    0xff, 0xff, 0xff, 0xff, 0xff, 0xff, 0x60, 0xbf,
    0xff, 0xe7, 0x44, 0x46, 0xff, 0xf6, 0xe, 0xff,
    0xf5, 0x0, 0x0, 0x3f, 0xff, 0x60, 0xef, 0xff,
    0x30, 0x0, 0x3, 0xff, 0xf6, 0xc, 0xff, 0xf9,
    0x0, 0x0, 0x3f, 0xff, 0x60, 0x5f, 0xff, 0xfd,
    0xaa, 0xab, 0xff, 0xf6, 0x0, 0x8f, 0xff, 0xff,
    0xff, 0xff, 0xff, 0x60, 0x0, 0x4f, 0xff, 0xff,
    0xff, 0xff, 0xf6, 0x0, 0xb, 0xff, 0xf7, 0x0,
    0x3f, 0xff, 0x60, 0x7, 0xff, 0xfc, 0x0, 0x3,
    0xff, 0xf6, 0x2, 0xff, 0xff, 0x20, 0x0, 0x3f,
    0xff, 0x60, 0xdf, 0xff, 0x70, 0x0, 0x3, 0xff,
    0xf6,

    /* U+0450 "ѐ" */
    0x0, 0x7, 0x88, 0x82, 0x0, 0x0, 0x0, 0x0,
    0x0, 0x2, 0xdf, 0xfe, 0x20, 0x0, 0x0, 0x0,
    0x0, 0x0, 0x9, 0xff, 0xe2, 0x0, 0x0, 0x0,
    0x0, 0x0, 0x0, 0x5f, 0xfe, 0x20, 0x0, 0x0,
    0x0, 0x0, 0x0, 0x0, 0x0, 0x0, 0x0, 0x0,
    0x0, 0x0, 0x0, 0x0, 0x0, 0x0, 0x0, 0x0,
    0x0, 0x0, 0x17, 0xce, 0xfd, 0xa4, 0x0, 0x0,
    0x0, 0x6, 0xff, 0xff, 0xff, 0xff, 0xc2, 0x0,
    0x0, 0x8f, 0xff, 0xff, 0xff, 0xff, 0xfd, 0x10,
    0x4, 0xff, 0xff, 0x72, 0x13, 0xbf, 0xff, 0xa0,
    0xb, 0xff, 0xf5, 0x0, 0x0, 0xc, 0xff, 0xf1,
    0xf, 0xff, 0xf5, 0x55, 0x55, 0x59, 0xff, 0xf5,
    0x2f, 0xff, 0xff, 0xff, 0xff, 0xff, 0xff, 0xf7,
    0x2f, 0xff, 0xff, 0xff, 0xff, 0xff, 0xff, 0xf8,
    0xf, 0xff, 0xf1, 0x0, 0x0, 0x0, 0x0, 0x0,
    0xb, 0xff, 0xfb, 0x0, 0x0, 0x0, 0x40, 0x0,
    0x3, 0xff, 0xff, 0xd6, 0x44, 0x7d, 0xf6, 0x0,
    0x0, 0x7f, 0xff, 0xff, 0xff, 0xff, 0xff, 0x40,
    0x0, 0x5, 0xef, 0xff, 0xff, 0xff, 0xfa, 0x0,
    0x0, 0x0, 0x16, 0xbd, 0xff, 0xd9, 0x30, 0x0,

    /* U+0451 "ё" */
    0x0, 0x0, 0x37, 0x30, 0x1, 0x75, 0x0, 0x0,
    0x0, 0x1, 0xff, 0xf2, 0xc, 0xff, 0x60, 0x0,
    0x0, 0x3, 0xff, 0xf4, 0xe, 0xff, 0x90, 0x0,
    0x0, 0x0, 0xaf, 0xb0, 0x6, 0xed, 0x20, 0x0,
    0x0, 0x0, 0x0, 0x0, 0x0, 0x0, 0x0, 0x0,
    0x0, 0x0, 0x0, 0x0, 0x0, 0x0, 0x0, 0x0,
    0x0, 0x0, 0x17, 0xce, 0xfd, 0xa4, 0x0, 0x0,
    0x0, 0x6, 0xff, 0xff, 0xff, 0xff, 0xc2, 0x0,
    0x0, 0x8f, 0xff, 0xff, 0xff, 0xff, 0xfd, 0x10,
    0x4, 0xff, 0xff, 0x72, 0x13, 0xbf, 0xff, 0xa0,
    0xb, 0xff, 0xf5, 0x0, 0x0, 0xc, 0xff, 0xf1,
    0xf, 0xff, 0xf5, 0x55, 0x55, 0x59, 0xff, 0xf5,
    0x2f, 0xff, 0xff, 0xff, 0xff, 0xff, 0xff, 0xf7,
    0x2f, 0xff, 0xff, 0xff, 0xff, 0xff, 0xff, 0xf8,
    0xf, 0xff, 0xf1, 0x0, 0x0, 0x0, 0x0, 0x0,
    0xb, 0xff, 0xfb, 0x0, 0x0, 0x0, 0x40, 0x0,
    0x3, 0xff, 0xff, 0xd6, 0x44, 0x7d, 0xf6, 0x0,
    0x0, 0x7f, 0xff, 0xff, 0xff, 0xff, 0xff, 0x40,
    0x0, 0x5, 0xef, 0xff, 0xff, 0xff, 0xfa, 0x0,
    0x0, 0x0, 0x16, 0xbd, 0xff, 0xd9, 0x30, 0x0,

    /* U+0452 "ђ" */
    0x0, 0xf, 0xff, 0xc0, 0x0, 0x0, 0x0, 0x0,
    0x0, 0x8f, 0xff, 0xff, 0xff, 0xff, 0xff, 0xb0,
    0x0, 0x0, 0x8f, 0xff, 0xff, 0xff, 0xff, 0xff,
    0xb0, 0x0, 0x0, 0x35, 0x5f, 0xff, 0xd5, 0x55,
    0x55, 0x30, 0x0, 0x0, 0x0, 0xf, 0xff, 0xc0,
    0x0, 0x0, 0x0, 0x0, 0x0, 0x0, 0xf, 0xff,
    0xc0, 0x5b, 0xef, 0xea, 0x40, 0x0, 0x0, 0xf,
    0xff, 0xdb, 0xff, 0xff, 0xff, 0xf8, 0x0, 0x0,
    0xf, 0xff, 0xff, 0xff, 0xff, 0xff, 0xff, 0x50,
    0x0, 0xf, 0xff, 0xff, 0xe9, 0x8b, 0xff, 0xff,
    0xc0, 0x0, 0xf, 0xff, 0xfd, 0x10, 0x0, 0x7f,
    0xff, 0xf0, 0x0, 0xf, 0xff, 0xf4, 0x0, 0x0,
    0xf, 0xff, 0xf2, 0x0, 0xf, 0xff, 0xf1, 0x0,
    0x0, 0xd, 0xff, 0xf3, 0x0, 0xf, 0xff, 0xf0,
    0x0, 0x0, 0xd, 0xff, 0xf3, 0x0, 0xf, 0xff,
    0xf0, 0x0, 0x0, 0xd, 0xff, 0xf3, 0x0, 0xf,
    0xff, 0xf0, 0x0, 0x0, 0xd, 0xff, 0xf3, 0x0,
    0xf, 0xff, 0xf0, 0x0, 0x0, 0xd, 0xff, 0xf3,
    0x0, 0xf, 0xff, 0xf0, 0x0, 0x0, 0xd, 0xff,
    0xf3, 0x0, 0xf, 0xff, 0xf0, 0x0, 0x0, 0xd,
    0xff, 0xf3, 0x0, 0xf, 0xff, 0xf0, 0x0, 0x0,
    0xd, 0xff, 0xf3, 0x0, 0x0, 0x0, 0x0, 0x0,
    0x0, 0xe, 0xff, 0xf2, 0x0, 0x0, 0x0, 0x0,
    0x3, 0x53, 0x8f, 0xff, 0xf0, 0x0, 0x0, 0x0,
    0x0, 0xa, 0xff, 0xff, 0xff, 0x90, 0x0, 0x0,
    0x0, 0x0, 0xf, 0xff, 0xff, 0xfd, 0x10, 0x0,
    0x0, 0x0, 0x0, 0x19, 0xdf, 0xfd, 0x80, 0x0,

    /* U+0453 "ѓ" */
    0x0, 0x0, 0x0, 0x3, 0x88, 0x86, 0x0, 0x0,
    0x0, 0x3, 0xff, 0xfd, 0x10, 0x0, 0x0, 0x1,
    0xef, 0xfb, 0x0, 0x0, 0x0, 0x1, 0xdf, 0xf8,
    0x0, 0x0, 0x0, 0x0, 0x48, 0x85, 0x0, 0x0,
    0x0, 0x0, 0x0, 0x0, 0x0, 0x0, 0x0, 0xf,
    0xff, 0xff, 0xff, 0xff, 0xff, 0x20, 0xff, 0xff,
    0xff, 0xff, 0xff, 0xf2, 0xf, 0xff, 0xff, 0xff,
    0xff, 0xff, 0x20, 0xff, 0xff, 0x44, 0x44, 0x44,
    0x40, 0xf, 0xff, 0xf0, 0x0, 0x0, 0x0, 0x0,
    0xff, 0xff, 0x0, 0x0, 0x0, 0x0, 0xf, 0xff,
    0xf0, 0x0, 0x0, 0x0, 0x0, 0xff, 0xff, 0x0,
    0x0, 0x0, 0x0, 0xf, 0xff, 0xf0, 0x0, 0x0,
    0x0, 0x0, 0xff, 0xff, 0x0, 0x0, 0x0, 0x0,
    0xf, 0xff, 0xf0, 0x0, 0x0, 0x0, 0x0, 0xff,
    0xff, 0x0, 0x0, 0x0, 0x0, 0xf, 0xff, 0xf0,
    0x0, 0x0, 0x0, 0x0, 0xff, 0xff, 0x0, 0x0,
    0x0, 0x0,

    /* U+0454 "є" */
    0x0, 0x0, 0x16, 0xbd, 0xfe, 0xd9, 0x40, 0x0,
    0x0, 0x5e, 0xff, 0xff, 0xff, 0xff, 0xb1, 0x0,
    0x6f, 0xff, 0xff, 0xff, 0xff, 0xff, 0xb0, 0x3f,
    0xff, 0xf9, 0x31, 0x24, 0xaf, 0xb1, 0xb, 0xff,
    0xf4, 0x0, 0x0, 0x0, 0x20, 0x0, 0xff, 0xff,
    0xcc, 0xcc, 0xc7, 0x0, 0x0, 0x2f, 0xff, 0xff,
    0xff, 0xff, 0xa0, 0x0, 0x2, 0xff, 0xff, 0xff,
    0xff, 0xfa, 0x0, 0x0, 0xf, 0xff, 0xf1, 0x0,
    0x0, 0x0, 0x0, 0x0, 0xbf, 0xff, 0xa0, 0x0,
    0x0, 0x9, 0x20, 0x3, 0xff, 0xff, 0xb4, 0x11,
    0x5d, 0xfe, 0x20, 0x6, 0xff, 0xff, 0xff, 0xff,
    0xff, 0xfb, 0x0, 0x5, 0xef, 0xff, 0xff, 0xff,
    0xfb, 0x10, 0x0, 0x1, 0x6b, 0xef, 0xed, 0x93,
    0x0,

    /* U+0455 "ѕ" */
    0x0, 0x2, 0x8c, 0xef, 0xfd, 0xa6, 0x10, 0x0,
    0x6f, 0xff, 0xff, 0xff, 0xff, 0xd0, 0x4, 0xff,
    0xff, 0xff, 0xff, 0xff, 0x60, 0xb, 0xff, 0xf9,
    0x20, 0x23, 0x8c, 0x0, 0xc, 0xff, 0xf2, 0x0,
    0x0, 0x0, 0x0, 0xa, 0xff, 0xfe, 0x96, 0x41,
    0x0, 0x0, 0x3, 0xff, 0xff, 0xff, 0xff, 0xc6,
    0x0, 0x0, 0x3b, 0xff, 0xff, 0xff, 0xff, 0xb0,
    0x0, 0x0, 0x4, 0x69, 0xdf, 0xff, 0xf4, 0x0,
    0x10, 0x0, 0x0, 0x8, 0xff, 0xf7, 0x3, 0xfa,
    0x52, 0x0, 0x2c, 0xff, 0xf6, 0xa, 0xff, 0xff,
    0xff, 0xff, 0xff, 0xe1, 0xd, 0xff, 0xff, 0xff,
    0xff, 0xfe, 0x30, 0x0, 0x49, 0xce, 0xff, 0xeb,
    0x60, 0x0,

    /* U+0456 "і" */
    0x8, 0xee, 0x80, 0x5f, 0xff, 0xf5, 0x7f, 0xff,
    0xf6, 0x2e, 0xff, 0xe1, 0x1, 0x66, 0x10, 0x0,
    0x0, 0x0, 0x1f, 0xff, 0xf0, 0x1f, 0xff, 0xf0,
    0x1f, 0xff, 0xf0, 0x1f, 0xff, 0xf0, 0x1f, 0xff,
    0xf0, 0x1f, 0xff, 0xf0, 0x1f, 0xff, 0xf0, 0x1f,
    0xff, 0xf0, 0x1f, 0xff, 0xf0, 0x1f, 0xff, 0xf0,
    0x1f, 0xff, 0xf0, 0x1f, 0xff, 0xf0, 0x1f, 0xff,
    0xf0, 0x1f, 0xff, 0xf0,

    /* U+0457 "ї" */
    0x5e, 0xc1, 0x3d, 0xe3, 0xdf, 0xf6, 0xaf, 0xfa,
    0xbf, 0xf4, 0x7f, 0xf8, 0x17, 0x40, 0x6, 0x60,
    0x0, 0x0, 0x0, 0x0, 0x2, 0xff, 0xfe, 0x0,
    0x2, 0xff, 0xfe, 0x0, 0x2, 0xff, 0xfe, 0x0,
    0x2, 0xff, 0xfe, 0x0, 0x2, 0xff, 0xfe, 0x0,
    0x2, 0xff, 0xfe, 0x0, 0x2, 0xff, 0xfe, 0x0,
    0x2, 0xff, 0xfe, 0x0, 0x2, 0xff, 0xfe, 0x0,
    0x2, 0xff, 0xfe, 0x0, 0x2, 0xff, 0xfe, 0x0,
    0x2, 0xff, 0xfe, 0x0, 0x2, 0xff, 0xfe, 0x0,
    0x2, 0xff, 0xfe, 0x0,

    /* U+0458 "ј" */
    0x0, 0x0, 0x1, 0x66, 0x10, 0x0, 0x0, 0x2e,
    0xff, 0xe1, 0x0, 0x0, 0x7f, 0xff, 0xf7, 0x0,
    0x0, 0x5f, 0xff, 0xf4, 0x0, 0x0, 0x8, 0xee,
    0x80, 0x0, 0x0, 0x0, 0x0, 0x0, 0x0, 0x0,
    0x0, 0x0, 0x0, 0x0, 0x0, 0xf, 0xff, 0xf0,
    0x0, 0x0, 0xf, 0xff, 0xf0, 0x0, 0x0, 0xf,
    0xff, 0xf0, 0x0, 0x0, 0xf, 0xff, 0xf0, 0x0,
    0x0, 0xf, 0xff, 0xf0, 0x0, 0x0, 0xf, 0xff,
    0xf0, 0x0, 0x0, 0xf, 0xff, 0xf0, 0x0, 0x0,
    0xf, 0xff, 0xf0, 0x0, 0x0, 0xf, 0xff, 0xf0,
    0x0, 0x0, 0xf, 0xff, 0xf0, 0x0, 0x0, 0xf,
    0xff, 0xf0, 0x0, 0x0, 0xf, 0xff, 0xf0, 0x0,
    0x0, 0xf, 0xff, 0xf0, 0x0, 0x0, 0xf, 0xff,
    0xf0, 0x0, 0x0, 0x2f, 0xff, 0xf0, 0x4, 0x43,
    0xbf, 0xff, 0xc0, 0xd, 0xff, 0xff, 0xff, 0x60,
    0x3f, 0xff, 0xff, 0xfa, 0x0, 0x2a, 0xdf, 0xfc,
    0x60, 0x0,

    /* U+0459 "љ" */
    0x0, 0x9, 0xff, 0xff, 0xff, 0xff, 0xff, 0xfb,
    0x0, 0x0, 0x0, 0x0, 0x0, 0x0, 0xaf, 0xff,
    0xff, 0xff, 0xff, 0xff, 0xb0, 0x0, 0x0, 0x0,
    0x0, 0x0, 0xb, 0xff, 0xff, 0xff, 0xff, 0xff,
    0xfb, 0x0, 0x0, 0x0, 0x0, 0x0, 0x0, 0xbf,
    0xfe, 0x44, 0x44, 0xff, 0xff, 0xb0, 0x0, 0x0,
    0x0, 0x0, 0x0, 0xc, 0xff, 0xd0, 0x0, 0xf,
    0xff, 0xff, 0x99, 0x88, 0x62, 0x0, 0x0, 0x0,
    0xcf, 0xfc, 0x0, 0x0, 0xff, 0xff, 0xff, 0xff,
    0xff, 0xfb, 0x10, 0x0, 0xe, 0xff, 0xb0, 0x0,
    0xf, 0xff, 0xff, 0xff, 0xff, 0xff, 0xfc, 0x0,
    0x0, 0xff, 0xf9, 0x0, 0x0, 0xff, 0xff, 0xb0,
    0x1, 0x6f, 0xff, 0xf4, 0x0, 0x2f, 0xff, 0x80,
    0x0, 0xf, 0xff, 0xfb, 0x0, 0x0, 0xbf, 0xff,
    0x70, 0x8, 0xff, 0xf5, 0x0, 0x0, 0xff, 0xff,
    0xb0, 0x0, 0xa, 0xff, 0xf7, 0x5a, 0xff, 0xff,
    0x10, 0x0, 0xf, 0xff, 0xfb, 0x0, 0x3, 0xff,
    0xff, 0x4a, 0xff, 0xff, 0xc0, 0x0, 0x0, 0xff,
    0xff, 0xfc, 0xcd, 0xff, 0xff, 0xd0, 0xbf, 0xff,
    0xf3, 0x0, 0x0, 0xf, 0xff, 0xff, 0xff, 0xff,
    0xff, 0xe2, 0xc, 0xff, 0xd5, 0x0, 0x0, 0x0,
    0xff, 0xff, 0xff, 0xff, 0xec, 0x70, 0x0,

    /* U+045A "њ" */
    0xf, 0xff, 0xf0, 0x0, 0x0, 0x3f, 0xff, 0xd0,
    0x0, 0x0, 0x0, 0x0, 0xf, 0xff, 0xf0, 0x0,
    0x0, 0x3f, 0xff, 0xd0, 0x0, 0x0, 0x0, 0x0,
    0xf, 0xff, 0xf0, 0x0, 0x0, 0x3f, 0xff, 0xd0,
    0x0, 0x0, 0x0, 0x0, 0xf, 0xff, 0xf0, 0x0,
    0x0, 0x3f, 0xff, 0xd0, 0x0, 0x0, 0x0, 0x0,
    0xf, 0xff, 0xf0, 0x0, 0x0, 0x3f, 0xff, 0xd0,
    0x0, 0x0, 0x0, 0x0, 0xf, 0xff, 0xff, 0xff,
    0xff, 0xff, 0xff, 0xff, 0xff, 0xfe, 0xb5, 0x0,
    0xf, 0xff, 0xff, 0xff, 0xff, 0xff, 0xff, 0xff,
    0xff, 0xff, 0xff, 0xb0, 0xf, 0xff, 0xff, 0xff,
    0xff, 0xff, 0xff, 0xfc, 0xcd, 0xff, 0xff, 0xf6,
    0xf, 0xff, 0xf4, 0x44, 0x44, 0x6f, 0xff, 0xd0,
    0x0, 0xb, 0xff, 0xfb, 0xf, 0xff, 0xf0, 0x0,
    0x0, 0x3f, 0xff, 0xd0, 0x0, 0x6, 0xff, 0xfc,
    0xf, 0xff, 0xf0, 0x0, 0x0, 0x3f, 0xff, 0xd0,
    0x0, 0xb, 0xff, 0xf9, 0xf, 0xff, 0xf0, 0x0,
    0x0, 0x3f, 0xff, 0xfc, 0xcc, 0xef, 0xff, 0xf3,
    0xf, 0xff, 0xf0, 0x0, 0x0, 0x3f, 0xff, 0xff,
    0xff, 0xff, 0xff, 0x60, 0xf, 0xff, 0xf0, 0x0,
    0x0, 0x3f, 0xff, 0xff, 0xff, 0xfd, 0x92, 0x0,

    /* U+045B "ћ" */
    0x0, 0x0, 0x0, 0x0, 0x0, 0x0, 0x0, 0x0,
    0x0, 0x0, 0x0, 0xf, 0xff, 0xf0, 0x0, 0x0,
    0x0, 0x0, 0x0, 0x2, 0x22, 0xff, 0xff, 0x22,
    0x22, 0x20, 0x0, 0x0, 0x3, 0xff, 0xff, 0xff,
    0xff, 0xff, 0xff, 0x60, 0x0, 0x0, 0x3f, 0xff,
    0xff, 0xff, 0xff, 0xff, 0xf6, 0x0, 0x0, 0x0,
    0x0, 0xf, 0xff, 0xf0, 0x0, 0x0, 0x0, 0x0,
    0x0, 0x0, 0x0, 0xff, 0xff, 0x5, 0xbe, 0xfe,
    0xa4, 0x0, 0x0, 0x0, 0xf, 0xff, 0xfb, 0xff,
    0xff, 0xff, 0xf8, 0x0, 0x0, 0x0, 0xff, 0xff,
    0xff, 0xff, 0xff, 0xff, 0xf5, 0x0, 0x0, 0xf,
    0xff, 0xff, 0xe9, 0x8b, 0xff, 0xff, 0xc0, 0x0,
    0x0, 0xff, 0xff, 0xd1, 0x0, 0x7, 0xff, 0xff,
    0x0, 0x0, 0xf, 0xff, 0xf4, 0x0, 0x0, 0xf,
    0xff, 0xf2, 0x0, 0x0, 0xff, 0xff, 0x10, 0x0,
    0x0, 0xdf, 0xff, 0x30, 0x0, 0xf, 0xff, 0xf0,
    0x0, 0x0, 0xd, 0xff, 0xf3, 0x0, 0x0, 0xff,
    0xff, 0x0, 0x0, 0x0, 0xdf, 0xff, 0x30, 0x0,
    0xf, 0xff, 0xf0, 0x0, 0x0, 0xd, 0xff, 0xf3,
    0x0, 0x0, 0xff, 0xff, 0x0, 0x0, 0x0, 0xdf,
    0xff, 0x30, 0x0, 0xf, 0xff, 0xf0, 0x0, 0x0,
    0xd, 0xff, 0xf3, 0x0, 0x0, 0xff, 0xff, 0x0,
    0x0, 0x0, 0xdf, 0xff, 0x30, 0x0, 0xf, 0xff,
    0xf0, 0x0, 0x0, 0xd, 0xff, 0xf3,

    /* U+045C "ќ" */
    0x0, 0x0, 0x0, 0x0, 0x48, 0x88, 0x60, 0x0,
    0x0, 0x0, 0x0, 0x3, 0xff, 0xfc, 0x10, 0x0,
    0x0, 0x0, 0x0, 0x2e, 0xff, 0xb0, 0x0, 0x0,
    0x0, 0x0, 0x1, 0xdf, 0xf8, 0x0, 0x0, 0x0,
    0x0, 0x0, 0x4, 0x88, 0x50, 0x0, 0x0, 0x0,
    0x0, 0x0, 0x0, 0x0, 0x0, 0x0, 0x0, 0x0,
    0xf, 0xff, 0xf0, 0x0, 0x0, 0x5f, 0xff, 0xe1,
    0xf, 0xff, 0xf0, 0x0, 0x1, 0xef, 0xff, 0x40,
    0xf, 0xff, 0xf0, 0x0, 0xa, 0xff, 0xf8, 0x0,
    0xf, 0xff, 0xf0, 0x0, 0x4f, 0xff, 0xd0, 0x0,
    0xf, 0xff, 0xf0, 0x1, 0xef, 0xff, 0x30, 0x0,
    0xf, 0xff, 0xf3, 0x3a, 0xff, 0xf7, 0x0, 0x0,
    0xf, 0xff, 0xff, 0xff, 0xff, 0xc0, 0x0, 0x0,
    0xf, 0xff, 0xff, 0xff, 0xff, 0xb0, 0x0, 0x0,
    0xf, 0xff, 0xff, 0xff, 0xff, 0xf7, 0x0, 0x0,
    0xf, 0xff, 0xf0, 0x8, 0xff, 0xff, 0x40, 0x0,
    0xf, 0xff, 0xf0, 0x0, 0xcf, 0xff, 0xe1, 0x0,
    0xf, 0xff, 0xf0, 0x0, 0x1e, 0xff, 0xfb, 0x0,
    0xf, 0xff, 0xf0, 0x0, 0x4, 0xff, 0xff, 0x80,
    0xf, 0xff, 0xf0, 0x0, 0x0, 0x8f, 0xff, 0xf4,

    /* U+045D "ѝ" */
    0x0, 0x27, 0x88, 0x70, 0x0, 0x0, 0x0, 0x0,
    0x0, 0x6, 0xff, 0xfb, 0x0, 0x0, 0x0, 0x0,
    0x0, 0x0, 0x4e, 0xff, 0x90, 0x0, 0x0, 0x0,
    0x0, 0x0, 0x2, 0xdf, 0xf7, 0x0, 0x0, 0x0,
    0x0, 0x0, 0x0, 0x17, 0x87, 0x10, 0x0, 0x0,
    0x0, 0x0, 0x0, 0x0, 0x0, 0x0, 0x0, 0x0,
    0xf, 0xff, 0xf0, 0x0, 0x0, 0x9, 0xff, 0xf8,
    0xf, 0xff, 0xf0, 0x0, 0x0, 0x6f, 0xff, 0xf8,
    0xf, 0xff, 0xf0, 0x0, 0x4, 0xff, 0xff, 0xf8,
    0xf, 0xff, 0xf0, 0x0, 0x2e, 0xff, 0xff, 0xf8,
    0xf, 0xff, 0xf0, 0x0, 0xdf, 0xff, 0xff, 0xf8,
    0xf, 0xff, 0xf0, 0xb, 0xff, 0xff, 0xff, 0xf8,
    0xf, 0xff, 0xf0, 0x8f, 0xff, 0xc8, 0xff, 0xf8,
    0xf, 0xff, 0xf5, 0xff, 0xfe, 0x18, 0xff, 0xf8,
    0xf, 0xff, 0xff, 0xff, 0xf3, 0x8, 0xff, 0xf8,
    0xf, 0xff, 0xff, 0xff, 0x50, 0x8, 0xff, 0xf8,
    0xf, 0xff, 0xff, 0xf8, 0x0, 0x8, 0xff, 0xf8,
    0xf, 0xff, 0xff, 0xb0, 0x0, 0x8, 0xff, 0xf8,
    0xf, 0xff, 0xfd, 0x0, 0x0, 0x8, 0xff, 0xf8,
    0xf, 0xff, 0xf2, 0x0, 0x0, 0x8, 0xff, 0xf8,

    /* U+045E "ў" */
    0x0, 0x0, 0x78, 0x60, 0x0, 0x38, 0x82, 0x0,
    0x0, 0x0, 0xd, 0xfe, 0x0, 0x9, 0xff, 0x30,
    0x0, 0x0, 0x0, 0x9f, 0xf8, 0x15, 0xff, 0xe0,
    0x0, 0x0, 0x0, 0x2, 0xef, 0xff, 0xff, 0xf6,
    0x0, 0x0, 0x0, 0x0, 0x2, 0xae, 0xff, 0xb4,
    0x0, 0x0, 0x0, 0x0, 0x0, 0x0, 0x0, 0x0,
    0x0, 0x0, 0x0, 0xc, 0xff, 0xf6, 0x0, 0x0,
    0x0, 0x2f, 0xff, 0xc0, 0x5f, 0xff, 0xc0, 0x0,
    0x0, 0x9, 0xff, 0xf5, 0x0, 0xef, 0xff, 0x30,
    0x0, 0x0, 0xff, 0xfe, 0x0, 0x7, 0xff, 0xfa,
    0x0, 0x0, 0x6f, 0xff, 0x70, 0x0, 0x1f, 0xff,
    0xf1, 0x0, 0xd, 0xff, 0xf1, 0x0, 0x0, 0x9f,
    0xff, 0x70, 0x4, 0xff, 0xf9, 0x0, 0x0, 0x2,
    0xff, 0xfe, 0x0, 0xaf, 0xff, 0x20, 0x0, 0x0,
    0xb, 0xff, 0xf5, 0x1f, 0xff, 0xb0, 0x0, 0x0,
    0x0, 0x4f, 0xff, 0xb8, 0xff, 0xf4, 0x0, 0x0,
    0x0, 0x0, 0xdf, 0xff, 0xef, 0xfd, 0x0, 0x0,
    0x0, 0x0, 0x6, 0xff, 0xff, 0xff, 0x60, 0x0,
    0x0, 0x0, 0x0, 0xf, 0xff, 0xff, 0xf0, 0x0,
    0x0, 0x0, 0x0, 0x0, 0x9f, 0xff, 0xf9, 0x0,
    0x0, 0x0, 0x0, 0x0, 0x2, 0xff, 0xff, 0x20,
    0x0, 0x0, 0x0, 0x0, 0x0, 0x3f, 0xff, 0xb0,
    0x0, 0x0, 0x0, 0xc, 0x74, 0x5e, 0xff, 0xf3,
    0x0, 0x0, 0x0, 0x6, 0xff, 0xff, 0xff, 0xfa,
    0x0, 0x0, 0x0, 0x0, 0xdf, 0xff, 0xff, 0xfc,
    0x10, 0x0, 0x0, 0x0, 0x2, 0x9d, 0xfe, 0xc6,
    0x0, 0x0, 0x0, 0x0, 0x0,

    /* U+045F "џ" */
    0xf, 0xff, 0xf0, 0x0, 0x0, 0xdf, 0xff, 0x30,
    0xff, 0xff, 0x0, 0x0, 0xd, 0xff, 0xf3, 0xf,
    0xff, 0xf0, 0x0, 0x0, 0xdf, 0xff, 0x30, 0xff,
    0xff, 0x0, 0x0, 0xd, 0xff, 0xf3, 0xf, 0xff,
    0xf0, 0x0, 0x0, 0xdf, 0xff, 0x30, 0xff, 0xff,
    0x0, 0x0, 0xd, 0xff, 0xf3, 0xf, 0xff, 0xf0,
    0x0, 0x0, 0xdf, 0xff, 0x30, 0xff, 0xff, 0x0,
    0x0, 0xd, 0xff, 0xf3, 0xf, 0xff, 0xf0, 0x0,
    0x0, 0xdf, 0xff, 0x30, 0xff, 0xff, 0x0, 0x0,
    0xd, 0xff, 0xf3, 0xf, 0xff, 0xf4, 0x44, 0x44,
    0xdf, 0xff, 0x30, 0xff, 0xff, 0xff, 0xff, 0xff,
    0xff, 0xf3, 0xf, 0xff, 0xff, 0xff, 0xff, 0xff,
    0xff, 0x30, 0xff, 0xff, 0xff, 0xff, 0xff, 0xff,
    0xf3, 0x0, 0x0, 0x4, 0xff, 0xf8, 0x0, 0x0,
    0x0, 0x0, 0x0, 0x4f, 0xff, 0x80, 0x0, 0x0,
    0x0, 0x0, 0x4, 0xff, 0xf8, 0x0, 0x0, 0x0,

    /* U+2010 "‐" */
    0x23, 0x33, 0x33, 0x32, 0xaf, 0xff, 0xff, 0xfb,
    0xaf, 0xff, 0xff, 0xfb, 0xaf, 0xff, 0xff, 0xfb,

    /* U+2012 "‒" */
    0x67, 0x77, 0x77, 0x77, 0x77, 0x77, 0x77, 0x77,
    0xd, 0xff, 0xff, 0xff, 0xff, 0xff, 0xff, 0xff,
    0xf1, 0xdf, 0xff, 0xff, 0xff, 0xff, 0xff, 0xff,
    0xff, 0x10,

    /* U+2013 "–" */
    0x77, 0x77, 0x77, 0x77, 0x77, 0x77, 0x7f, 0xff,
    0xff, 0xff, 0xff, 0xff, 0xff, 0xff, 0xff, 0xff,
    0xff, 0xff, 0xff, 0xf0,

    /* U+2014 "—" */
    0x77, 0x77, 0x77, 0x77, 0x77, 0x77, 0x77, 0x77,
    0x77, 0x77, 0x77, 0x77, 0x77, 0xff, 0xff, 0xff,
    0xff, 0xff, 0xff, 0xff, 0xff, 0xff, 0xff, 0xff,
    0xff, 0xff, 0xff, 0xff, 0xff, 0xff, 0xff, 0xff,
    0xff, 0xff, 0xff, 0xff, 0xff, 0xff, 0xff,

    /* U+2015 "―" */
    0x77, 0x77, 0x77, 0x77, 0x77, 0x77, 0x77, 0x77,
    0x77, 0x77, 0x77, 0x77, 0x77, 0xff, 0xff, 0xff,
    0xff, 0xff, 0xff, 0xff, 0xff, 0xff, 0xff, 0xff,
    0xff, 0xff, 0xff, 0xff, 0xff, 0xff, 0xff, 0xff,
    0xff, 0xff, 0xff, 0xff, 0xff, 0xff, 0xff,

    /* U+2018 "‘" */
    0x0, 0xb, 0xb6, 0x0, 0x6f, 0xf5, 0x0, 0xcf,
    0xf0, 0x3, 0xff, 0xc0, 0x9, 0xff, 0xc1, 0xf,
    0xff, 0xfa, 0x1f, 0xff, 0xfd, 0xe, 0xff, 0xfa,
    0x3, 0xcf, 0xb1,

    /* U+2019 "’" */
    0x0, 0x8a, 0x70, 0xb, 0xff, 0xf8, 0xf, 0xff,
    0xfd, 0xf, 0xff, 0xfd, 0x5, 0xff, 0xf8, 0x0,
    0xdf, 0xf2, 0x2, 0xff, 0xc0, 0x6, 0xff, 0x50,
    0xb, 0xfe, 0x0,

    /* U+201A "‚" */
    0x0, 0x8a, 0x70, 0xb, 0xff, 0xf8, 0xf, 0xff,
    0xfd, 0xf, 0xff, 0xfd, 0x5, 0xff, 0xf8, 0x0,
    0xdf, 0xf2, 0x2, 0xff, 0xb0, 0x6, 0xff, 0x50,
    0xb, 0xfe, 0x0,

    /* U+201C "“" */
    0x0, 0xb, 0xb6, 0x0, 0xa, 0xb7, 0x0, 0x6,
    0xff, 0x50, 0x4, 0xff, 0x70, 0x0, 0xcf, 0xf0,
    0x0, 0xaf, 0xf2, 0x0, 0x3f, 0xfc, 0x0, 0x1f,
    0xfe, 0x0, 0x9, 0xff, 0xc1, 0x7, 0xff, 0xd2,
    0x0, 0xff, 0xff, 0xa0, 0xdf, 0xff, 0xc0, 0x1f,
    0xff, 0xfd, 0xf, 0xff, 0xff, 0x0, 0xef, 0xff,
    0xa0, 0xcf, 0xff, 0xc0, 0x3, 0xcf, 0xb1, 0x2,
    0xcf, 0xc2, 0x0,

    /* U+201D "”" */
    0x0, 0x8a, 0x70, 0x0, 0x7a, 0x80, 0x0, 0xbf,
    0xff, 0x80, 0x9f, 0xff, 0xb0, 0xf, 0xff, 0xfd,
    0xe, 0xff, 0xff, 0x0, 0xff, 0xff, 0xd0, 0xdf,
    0xff, 0xf0, 0x5, 0xff, 0xf8, 0x3, 0xef, 0xfb,
    0x0, 0xd, 0xff, 0x20, 0xb, 0xff, 0x40, 0x2,
    0xff, 0xc0, 0x0, 0xff, 0xe0, 0x0, 0x6f, 0xf5,
    0x0, 0x4f, 0xf7, 0x0, 0xb, 0xfe, 0x0, 0x8,
    0xff, 0x10, 0x0,

    /* U+201E "„" */
    0x0, 0x8a, 0x70, 0x0, 0x7a, 0x80, 0x0, 0xbf,
    0xff, 0x80, 0x9f, 0xff, 0xb0, 0xf, 0xff, 0xfd,
    0xe, 0xff, 0xff, 0x0, 0xff, 0xff, 0xd0, 0xdf,
    0xff, 0xf0, 0x5, 0xff, 0xf8, 0x3, 0xef, 0xfa,
    0x0, 0xd, 0xff, 0x20, 0xb, 0xff, 0x40, 0x2,
    0xff, 0xb0, 0x0, 0xff, 0xd0, 0x0, 0x6f, 0xf5,
    0x0, 0x4f, 0xf7, 0x0, 0xb, 0xfe, 0x0, 0x8,
    0xff, 0x10, 0x0,

    /* U+2020 "†" */
    0x0, 0x0, 0x5, 0xff, 0xfb, 0x0, 0x0, 0x0,
    0x0, 0x0, 0x5f, 0xff, 0xb0, 0x0, 0x0, 0x0,
    0x0, 0x5, 0xff, 0xfb, 0x0, 0x0, 0x0, 0x0,
    0x0, 0x5f, 0xff, 0xb0, 0x0, 0x0, 0x0, 0x0,
    0x5, 0xff, 0xfb, 0x0, 0x0, 0x0, 0x44, 0x44,
    0x8f, 0xff, 0xc4, 0x44, 0x42, 0x3f, 0xff, 0xff,
    0xff, 0xff, 0xff, 0xff, 0x93, 0xff, 0xff, 0xff,
    0xff, 0xff, 0xff, 0xf9, 0x3f, 0xff, 0xff, 0xff,
    0xff, 0xff, 0xff, 0x90, 0x0, 0x0, 0x5f, 0xff,
    0xb0, 0x0, 0x0, 0x0, 0x0, 0x5, 0xff, 0xfb,
    0x0, 0x0, 0x0, 0x0, 0x0, 0x5f, 0xff, 0xb0,
    0x0, 0x0, 0x0, 0x0, 0x5, 0xff, 0xfb, 0x0,
    0x0, 0x0, 0x0, 0x0, 0x5f, 0xff, 0xb0, 0x0,
    0x0, 0x0, 0x0, 0x5, 0xff, 0xfb, 0x0, 0x0,
    0x0, 0x0, 0x0, 0x5f, 0xff, 0xb0, 0x0, 0x0,
    0x0, 0x0, 0x5, 0xff, 0xfb, 0x0, 0x0, 0x0,
    0x0, 0x0, 0x5f, 0xff, 0xb0, 0x0, 0x0, 0x0,
    0x0, 0x5, 0xff, 0xfb, 0x0, 0x0, 0x0, 0x0,
    0x0, 0x5f, 0xff, 0xb0, 0x0, 0x0, 0x0, 0x0,
    0x5, 0xff, 0xfb, 0x0, 0x0, 0x0, 0x0, 0x0,
    0x5f, 0xff, 0xb0, 0x0, 0x0, 0x0, 0x0, 0x5,
    0xff, 0xfb, 0x0, 0x0, 0x0,

    /* U+2021 "‡" */
    0x0, 0x0, 0x5, 0xff, 0xfb, 0x0, 0x0, 0x0,
    0x0, 0x0, 0x5f, 0xff, 0xb0, 0x0, 0x0, 0x0,
    0x0, 0x5, 0xff, 0xfb, 0x0, 0x0, 0x0, 0x0,
    0x0, 0x5f, 0xff, 0xb0, 0x0, 0x0, 0x0, 0x0,
    0x5, 0xff, 0xfb, 0x0, 0x0, 0x1, 0x55, 0x55,
    0x8f, 0xff, 0xc5, 0x55, 0x52, 0x3f, 0xff, 0xff,
    0xff, 0xff, 0xff, 0xff, 0x93, 0xff, 0xff, 0xff,
    0xff, 0xff, 0xff, 0xf9, 0x3f, 0xff, 0xff, 0xff,
    0xff, 0xff, 0xff, 0x90, 0x0, 0x0, 0x5f, 0xff,
    0xb0, 0x0, 0x0, 0x0, 0x0, 0x5, 0xff, 0xfb,
    0x0, 0x0, 0x0, 0x0, 0x0, 0x5f, 0xff, 0xb0,
    0x0, 0x0, 0x0, 0x0, 0x5, 0xff, 0xfb, 0x0,
    0x0, 0x0, 0x0, 0x0, 0x5f, 0xff, 0xb0, 0x0,
    0x0, 0x3f, 0xff, 0xff, 0xff, 0xff, 0xff, 0xff,
    0x93, 0xff, 0xff, 0xff, 0xff, 0xff, 0xff, 0xf9,
    0x3f, 0xff, 0xff, 0xff, 0xff, 0xff, 0xff, 0x91,
    0x55, 0x55, 0x8f, 0xff, 0xc5, 0x55, 0x52, 0x0,
    0x0, 0x5, 0xff, 0xfb, 0x0, 0x0, 0x0, 0x0,
    0x0, 0x5f, 0xff, 0xb0, 0x0, 0x0, 0x0, 0x0,
    0x5, 0xff, 0xfb, 0x0, 0x0, 0x0, 0x0, 0x0,
    0x5f, 0xff, 0xb0, 0x0, 0x0, 0x0, 0x0, 0x5,
    0xff, 0xfb, 0x0, 0x0, 0x0,

    /* U+2022 "•" */
    0x0, 0x47, 0x50, 0x0, 0xaf, 0xff, 0xd1, 0x5f,
    0xff, 0xff, 0xa8, 0xff, 0xff, 0xfd, 0x7f, 0xff,
    0xff, 0xc1, 0xff, 0xff, 0xf5, 0x3, 0xcf, 0xd6,
    0x0,

    /* U+2026 "…" */
    0x2, 0xce, 0xa1, 0x0, 0x3c, 0xea, 0x10, 0x3,
    0xce, 0xa0, 0xd, 0xff, 0xfa, 0x0, 0xef, 0xff,
    0xa0, 0xe, 0xff, 0xf9, 0x1f, 0xff, 0xfd, 0x2,
    0xff, 0xff, 0xd0, 0x2f, 0xff, 0xfc, 0xd, 0xff,
    0xfa, 0x0, 0xef, 0xff, 0x90, 0xe, 0xff, 0xf9,
    0x3, 0xcf, 0xb1, 0x0, 0x3d, 0xfa, 0x10, 0x3,
    0xdf, 0xa1,

    /* U+20AC "€" */
    0x0, 0x0, 0x0, 0x0, 0x16, 0xbd, 0xff, 0xec,
    0x72, 0x0, 0x0, 0x0, 0x0, 0x0, 0x8f, 0xff,
    0xff, 0xff, 0xff, 0xf9, 0x10, 0x0, 0x0, 0x2,
    0xdf, 0xff, 0xff, 0xff, 0xff, 0xff, 0xfd, 0x10,
    0x0, 0x1, 0xdf, 0xff, 0xff, 0xca, 0x9a, 0xdf,
    0xff, 0xe4, 0x0, 0x0, 0xaf, 0xff, 0xfa, 0x10,
    0x0, 0x0, 0x4d, 0xc1, 0x0, 0x22, 0x3f, 0xff,
    0xfa, 0x22, 0x22, 0x21, 0x0, 0x0, 0x0, 0x3f,
    0xff, 0xff, 0xff, 0xff, 0xff, 0xff, 0xc0, 0x0,
    0x0, 0x3, 0xff, 0xff, 0xff, 0xff, 0xff, 0xff,
    0xfc, 0x0, 0x0, 0x0, 0x0, 0xb, 0xff, 0xf9,
    0x0, 0x0, 0x0, 0x0, 0x0, 0x0, 0x3, 0xff,
    0xff, 0xff, 0xff, 0xff, 0xff, 0xfc, 0x0, 0x0,
    0x0, 0x3f, 0xff, 0xff, 0xff, 0xff, 0xff, 0xff,
    0xc0, 0x0, 0x0, 0x0, 0x22, 0x4f, 0xff, 0xf9,
    0x22, 0x22, 0x21, 0x0, 0x0, 0x0, 0x0, 0x0,
    0xbf, 0xff, 0xf2, 0x0, 0x0, 0x0, 0x7, 0x60,
    0x0, 0x0, 0x3, 0xff, 0xff, 0xf5, 0x0, 0x0,
    0x9, 0xff, 0x60, 0x0, 0x0, 0x7, 0xff, 0xff,
    0xfd, 0xa9, 0xbf, 0xff, 0xff, 0x50, 0x0, 0x0,
    0x8, 0xff, 0xff, 0xff, 0xff, 0xff, 0xff, 0xc1,
    0x0, 0x0, 0x0, 0x4, 0xdf, 0xff, 0xff, 0xff,
    0xff, 0x90, 0x0, 0x0, 0x0, 0x0, 0x0, 0x5a,
    0xdf, 0xfe, 0xb7, 0x20, 0x0
};


/*---------------------
 *  GLYPH DESCRIPTION
 *--------------------*/

static const lv_font_fmt_txt_glyph_dsc_t glyph_dsc[] = {
    {.bitmap_index = 0, .adv_w = 0, .box_w = 0, .box_h = 0, .ofs_x = 0, .ofs_y = 0} /* id = 0 reserved */,
    {.bitmap_index = 0, .adv_w = 118, .box_w = 0, .box_h = 0, .ofs_x = 0, .ofs_y = 0},
    {.bitmap_index = 0, .adv_w = 120, .box_w = 6, .box_h = 18, .ofs_x = 1, .ofs_y = 0},
    {.bitmap_index = 54, .adv_w = 182, .box_w = 10, .box_h = 8, .ofs_x = 1, .ofs_y = 10},
    {.bitmap_index = 94, .adv_w = 300, .box_w = 19, .box_h = 18, .ofs_x = 0, .ofs_y = 0},
    {.bitmap_index = 265, .adv_w = 265, .box_w = 16, .box_h = 25, .ofs_x = 0, .ofs_y = -3},
    {.bitmap_index = 465, .adv_w = 365, .box_w = 23, .box_h = 18, .ofs_x = 0, .ofs_y = 0},
    {.bitmap_index = 672, .adv_w = 303, .box_w = 19, .box_h = 18, .ofs_x = 0, .ofs_y = 0},
    {.bitmap_index = 843, .adv_w = 96, .box_w = 4, .box_h = 8, .ofs_x = 1, .ofs_y = 10},
    {.bitmap_index = 859, .adv_w = 149, .box_w = 9, .box_h = 24, .ofs_x = 1, .ofs_y = -5},
    {.bitmap_index = 967, .adv_w = 149, .box_w = 8, .box_h = 24, .ofs_x = 0, .ofs_y = -5},
    {.bitmap_index = 1063, .adv_w = 181, .box_w = 11, .box_h = 11, .ofs_x = 0, .ofs_y = 9},
    {.bitmap_index = 1124, .adv_w = 249, .box_w = 13, .box_h = 12, .ofs_x = 1, .ofs_y = 3},
    {.bitmap_index = 1202, .adv_w = 109, .box_w = 6, .box_h = 9, .ofs_x = 0, .ofs_y = -4},
    {.bitmap_index = 1229, .adv_w = 161, .box_w = 8, .box_h = 4, .ofs_x = 1, .ofs_y = 6},
    {.bitmap_index = 1245, .adv_w = 109, .box_w = 6, .box_h = 5, .ofs_x = 0, .ofs_y = 0},
    {.bitmap_index = 1260, .adv_w = 163, .box_w = 13, .box_h = 24, .ofs_x = -1, .ofs_y = -3},
    {.bitmap_index = 1416, .adv_w = 282, .box_w = 16, .box_h = 18, .ofs_x = 1, .ofs_y = 0},
    {.bitmap_index = 1560, .adv_w = 163, .box_w = 9, .box_h = 18, .ofs_x = 0, .ofs_y = 0},
    {.bitmap_index = 1641, .adv_w = 245, .box_w = 15, .box_h = 18, .ofs_x = 0, .ofs_y = 0},
    {.bitmap_index = 1776, .adv_w = 246, .box_w = 16, .box_h = 18, .ofs_x = -1, .ofs_y = 0},
    {.bitmap_index = 1920, .adv_w = 287, .box_w = 18, .box_h = 18, .ofs_x = 0, .ofs_y = 0},
    {.bitmap_index = 2082, .adv_w = 248, .box_w = 15, .box_h = 18, .ofs_x = 0, .ofs_y = 0},
    {.bitmap_index = 2217, .adv_w = 265, .box_w = 16, .box_h = 18, .ofs_x = 1, .ofs_y = 0},
    {.bitmap_index = 2361, .adv_w = 258, .box_w = 16, .box_h = 18, .ofs_x = 0, .ofs_y = 0},
    {.bitmap_index = 2505, .adv_w = 275, .box_w = 17, .box_h = 18, .ofs_x = 0, .ofs_y = 0},
    {.bitmap_index = 2658, .adv_w = 265, .box_w = 16, .box_h = 18, .ofs_x = 0, .ofs_y = 0},
    {.bitmap_index = 2802, .adv_w = 109, .box_w = 6, .box_h = 14, .ofs_x = 0, .ofs_y = 0},
    {.bitmap_index = 2844, .adv_w = 109, .box_w = 6, .box_h = 18, .ofs_x = 0, .ofs_y = -4},
    {.bitmap_index = 2898, .adv_w = 249, .box_w = 13, .box_h = 14, .ofs_x = 1, .ofs_y = 2},
    {.bitmap_index = 2989, .adv_w = 249, .box_w = 13, .box_h = 10, .ofs_x = 1, .ofs_y = 4},
    {.bitmap_index = 3054, .adv_w = 249, .box_w = 13, .box_h = 14, .ofs_x = 1, .ofs_y = 2},
    {.bitmap_index = 3145, .adv_w = 245, .box_w = 15, .box_h = 18, .ofs_x = -1, .ofs_y = 0},
    {.bitmap_index = 3280, .adv_w = 431, .box_w = 25, .box_h = 23, .ofs_x = 1, .ofs_y = -5},
    {.bitmap_index = 3568, .adv_w = 319, .box_w = 22, .box_h = 18, .ofs_x = -1, .ofs_y = 0},
    {.bitmap_index = 3766, .adv_w = 318, .box_w = 17, .box_h = 18, .ofs_x = 2, .ofs_y = 0},
    {.bitmap_index = 3919, .adv_w = 301, .box_w = 18, .box_h = 18, .ofs_x = 1, .ofs_y = 0},
    {.bitmap_index = 4081, .adv_w = 344, .box_w = 19, .box_h = 18, .ofs_x = 2, .ofs_y = 0},
    {.bitmap_index = 4252, .adv_w = 279, .box_w = 15, .box_h = 18, .ofs_x = 2, .ofs_y = 0},
    {.bitmap_index = 4387, .adv_w = 266, .box_w = 14, .box_h = 18, .ofs_x = 2, .ofs_y = 0},
    {.bitmap_index = 4513, .adv_w = 321, .box_w = 18, .box_h = 18, .ofs_x = 1, .ofs_y = 0},
    {.bitmap_index = 4675, .adv_w = 336, .box_w = 17, .box_h = 18, .ofs_x = 2, .ofs_y = 0},
    {.bitmap_index = 4828, .adv_w = 136, .box_w = 5, .box_h = 18, .ofs_x = 2, .ofs_y = 0},
    {.bitmap_index = 4873, .adv_w = 225, .box_w = 14, .box_h = 18, .ofs_x = -1, .ofs_y = 0},
    {.bitmap_index = 4999, .adv_w = 308, .box_w = 18, .box_h = 18, .ofs_x = 2, .ofs_y = 0},
    {.bitmap_index = 5161, .adv_w = 251, .box_w = 14, .box_h = 18, .ofs_x = 2, .ofs_y = 0},
    {.bitmap_index = 5287, .adv_w = 397, .box_w = 21, .box_h = 18, .ofs_x = 2, .ofs_y = 0},
    {.bitmap_index = 5476, .adv_w = 336, .box_w = 17, .box_h = 18, .ofs_x = 2, .ofs_y = 0},
    {.bitmap_index = 5629, .adv_w = 351, .box_w = 20, .box_h = 18, .ofs_x = 1, .ofs_y = 0},
    {.bitmap_index = 5809, .adv_w = 305, .box_w = 16, .box_h = 18, .ofs_x = 2, .ofs_y = 0},
    {.bitmap_index = 5953, .adv_w = 351, .box_w = 21, .box_h = 23, .ofs_x = 1, .ofs_y = -5},
    {.bitmap_index = 6195, .adv_w = 306, .box_w = 17, .box_h = 18, .ofs_x = 2, .ofs_y = 0},
    {.bitmap_index = 6348, .adv_w = 265, .box_w = 16, .box_h = 18, .ofs_x = 0, .ofs_y = 0},
    {.bitmap_index = 6492, .adv_w = 257, .box_w = 16, .box_h = 18, .ofs_x = 0, .ofs_y = 0},
    {.bitmap_index = 6636, .adv_w = 328, .box_w = 17, .box_h = 18, .ofs_x = 2, .ofs_y = 0},
    {.bitmap_index = 6789, .adv_w = 310, .box_w = 21, .box_h = 18, .ofs_x = -1, .ofs_y = 0},
    {.bitmap_index = 6978, .adv_w = 484, .box_w = 30, .box_h = 18, .ofs_x = 0, .ofs_y = 0},
    {.bitmap_index = 7248, .adv_w = 297, .box_w = 19, .box_h = 18, .ofs_x = 0, .ofs_y = 0},
    {.bitmap_index = 7419, .adv_w = 281, .box_w = 19, .box_h = 18, .ofs_x = -1, .ofs_y = 0},
    {.bitmap_index = 7590, .adv_w = 279, .box_w = 17, .box_h = 18, .ofs_x = 0, .ofs_y = 0},
    {.bitmap_index = 7743, .adv_w = 153, .box_w = 8, .box_h = 24, .ofs_x = 2, .ofs_y = -5},
    {.bitmap_index = 7839, .adv_w = 163, .box_w = 14, .box_h = 24, .ofs_x = -2, .ofs_y = -3},
    {.bitmap_index = 8007, .adv_w = 153, .box_w = 8, .box_h = 24, .ofs_x = 0, .ofs_y = -5},
    {.bitmap_index = 8103, .adv_w = 250, .box_w = 14, .box_h = 11, .ofs_x = 1, .ofs_y = 4},
    {.bitmap_index = 8180, .adv_w = 208, .box_w = 13, .box_h = 3, .ofs_x = 0, .ofs_y = -2},
    {.bitmap_index = 8200, .adv_w = 250, .box_w = 9, .box_h = 4, .ofs_x = 2, .ofs_y = 16},
    {.bitmap_index = 8218, .adv_w = 257, .box_w = 15, .box_h = 14, .ofs_x = 0, .ofs_y = 0},
    {.bitmap_index = 8323, .adv_w = 287, .box_w = 17, .box_h = 20, .ofs_x = 1, .ofs_y = 0},
    {.bitmap_index = 8493, .adv_w = 246, .box_w = 15, .box_h = 14, .ofs_x = 0, .ofs_y = 0},
    {.bitmap_index = 8598, .adv_w = 288, .box_w = 17, .box_h = 20, .ofs_x = 0, .ofs_y = 0},
    {.bitmap_index = 8768, .adv_w = 262, .box_w = 16, .box_h = 14, .ofs_x = 0, .ofs_y = 0},
    {.bitmap_index = 8880, .adv_w = 161, .box_w = 11, .box_h = 20, .ofs_x = 0, .ofs_y = 0},
    {.bitmap_index = 8990, .adv_w = 291, .box_w = 17, .box_h = 19, .ofs_x = 0, .ofs_y = -5},
    {.bitmap_index = 9152, .adv_w = 287, .box_w = 16, .box_h = 20, .ofs_x = 1, .ofs_y = 0},
    {.bitmap_index = 9312, .adv_w = 125, .box_w = 6, .box_h = 20, .ofs_x = 1, .ofs_y = 0},
    {.bitmap_index = 9372, .adv_w = 128, .box_w = 10, .box_h = 26, .ofs_x = -3, .ofs_y = -5},
    {.bitmap_index = 9502, .adv_w = 272, .box_w = 17, .box_h = 20, .ofs_x = 1, .ofs_y = 0},
    {.bitmap_index = 9672, .adv_w = 125, .box_w = 5, .box_h = 20, .ofs_x = 1, .ofs_y = 0},
    {.bitmap_index = 9722, .adv_w = 436, .box_w = 25, .box_h = 14, .ofs_x = 1, .ofs_y = 0},
    {.bitmap_index = 9897, .adv_w = 287, .box_w = 16, .box_h = 14, .ofs_x = 1, .ofs_y = 0},
    {.bitmap_index = 10009, .adv_w = 272, .box_w = 17, .box_h = 14, .ofs_x = 0, .ofs_y = 0},
    {.bitmap_index = 10128, .adv_w = 287, .box_w = 17, .box_h = 19, .ofs_x = 1, .ofs_y = -5},
    {.bitmap_index = 10290, .adv_w = 287, .box_w = 17, .box_h = 19, .ofs_x = 0, .ofs_y = -5},
    {.bitmap_index = 10452, .adv_w = 179, .box_w = 10, .box_h = 14, .ofs_x = 1, .ofs_y = 0},
    {.bitmap_index = 10522, .adv_w = 221, .box_w = 14, .box_h = 14, .ofs_x = 0, .ofs_y = 0},
    {.bitmap_index = 10620, .adv_w = 181, .box_w = 11, .box_h = 17, .ofs_x = 0, .ofs_y = 0},
    {.bitmap_index = 10714, .adv_w = 286, .box_w = 15, .box_h = 14, .ofs_x = 1, .ofs_y = 0},
    {.bitmap_index = 10819, .adv_w = 249, .box_w = 17, .box_h = 14, .ofs_x = -1, .ofs_y = 0},
    {.bitmap_index = 10938, .adv_w = 390, .box_w = 25, .box_h = 14, .ofs_x = 0, .ofs_y = 0},
    {.bitmap_index = 11113, .adv_w = 248, .box_w = 16, .box_h = 14, .ofs_x = 0, .ofs_y = 0},
    {.bitmap_index = 11225, .adv_w = 249, .box_w = 17, .box_h = 19, .ofs_x = -1, .ofs_y = -5},
    {.bitmap_index = 11387, .adv_w = 226, .box_w = 14, .box_h = 14, .ofs_x = 0, .ofs_y = 0},
    {.bitmap_index = 11485, .adv_w = 163, .box_w = 9, .box_h = 24, .ofs_x = 1, .ofs_y = -5},
    {.bitmap_index = 11593, .adv_w = 129, .box_w = 4, .box_h = 24, .ofs_x = 2, .ofs_y = -5},
    {.bitmap_index = 11641, .adv_w = 163, .box_w = 9, .box_h = 24, .ofs_x = 0, .ofs_y = -5},
    {.bitmap_index = 11749, .adv_w = 249, .box_w = 14, .box_h = 5, .ofs_x = 1, .ofs_y = 6},
    {.bitmap_index = 11784, .adv_w = 118, .box_w = 0, .box_h = 0, .ofs_x = 0, .ofs_y = 0},
    {.bitmap_index = 11784, .adv_w = 120, .box_w = 6, .box_h = 18, .ofs_x = 1, .ofs_y = -4},
    {.bitmap_index = 11838, .adv_w = 246, .box_w = 15, .box_h = 20, .ofs_x = 0, .ofs_y = -3},
    {.bitmap_index = 11988, .adv_w = 278, .box_w = 18, .box_h = 18, .ofs_x = 0, .ofs_y = 0},
    {.bitmap_index = 12150, .adv_w = 291, .box_w = 18, .box_h = 17, .ofs_x = 0, .ofs_y = 0},
    {.bitmap_index = 12303, .adv_w = 306, .box_w = 21, .box_h = 18, .ofs_x = -1, .ofs_y = 0},
    {.bitmap_index = 12492, .adv_w = 129, .box_w = 4, .box_h = 24, .ofs_x = 2, .ofs_y = -5},
    {.bitmap_index = 12540, .adv_w = 217, .box_w = 14, .box_h = 21, .ofs_x = 0, .ofs_y = -3},
    {.bitmap_index = 12687, .adv_w = 250, .box_w = 10, .box_h = 4, .ofs_x = 3, .ofs_y = 16},
    {.bitmap_index = 12707, .adv_w = 327, .box_w = 19, .box_h = 18, .ofs_x = 1, .ofs_y = 0},
    {.bitmap_index = 12878, .adv_w = 171, .box_w = 10, .box_h = 9, .ofs_x = 0, .ofs_y = 11},
    {.bitmap_index = 12923, .adv_w = 236, .box_w = 15, .box_h = 11, .ofs_x = 0, .ofs_y = 2},
    {.bitmap_index = 13006, .adv_w = 249, .box_w = 13, .box_h = 9, .ofs_x = 1, .ofs_y = 2},
    {.bitmap_index = 13065, .adv_w = 327, .box_w = 19, .box_h = 18, .ofs_x = 1, .ofs_y = 0},
    {.bitmap_index = 13236, .adv_w = 250, .box_w = 11, .box_h = 3, .ofs_x = 2, .ofs_y = 16},
    {.bitmap_index = 13253, .adv_w = 174, .box_w = 10, .box_h = 9, .ofs_x = 0, .ofs_y = 9},
    {.bitmap_index = 13298, .adv_w = 249, .box_w = 13, .box_h = 17, .ofs_x = 1, .ofs_y = 0},
    {.bitmap_index = 13409, .adv_w = 179, .box_w = 11, .box_h = 11, .ofs_x = 0, .ofs_y = 9},
    {.bitmap_index = 13470, .adv_w = 179, .box_w = 11, .box_h = 11, .ofs_x = 0, .ofs_y = 9},
    {.bitmap_index = 13531, .adv_w = 250, .box_w = 9, .box_h = 4, .ofs_x = 5, .ofs_y = 16},
    {.bitmap_index = 13549, .adv_w = 287, .box_w = 16, .box_h = 19, .ofs_x = 1, .ofs_y = -5},
    {.bitmap_index = 13701, .adv_w = 285, .box_w = 16, .box_h = 22, .ofs_x = 0, .ofs_y = -3},
    {.bitmap_index = 13877, .adv_w = 126, .box_w = 6, .box_h = 5, .ofs_x = 1, .ofs_y = 5},
    {.bitmap_index = 13892, .adv_w = 250, .box_w = 7, .box_h = 6, .ofs_x = 4, .ofs_y = -6},
    {.bitmap_index = 13913, .adv_w = 179, .box_w = 9, .box_h = 11, .ofs_x = 1, .ofs_y = 9},
    {.bitmap_index = 13963, .adv_w = 178, .box_w = 11, .box_h = 9, .ofs_x = 0, .ofs_y = 11},
    {.bitmap_index = 14013, .adv_w = 236, .box_w = 14, .box_h = 11, .ofs_x = 0, .ofs_y = 2},
    {.bitmap_index = 14090, .adv_w = 434, .box_w = 26, .box_h = 18, .ofs_x = 1, .ofs_y = 0},
    {.bitmap_index = 14324, .adv_w = 434, .box_w = 26, .box_h = 18, .ofs_x = 1, .ofs_y = 0},
    {.bitmap_index = 14558, .adv_w = 434, .box_w = 27, .box_h = 18, .ofs_x = 0, .ofs_y = 0},
    {.bitmap_index = 14801, .adv_w = 245, .box_w = 15, .box_h = 19, .ofs_x = 1, .ofs_y = -5},
    {.bitmap_index = 14944, .adv_w = 319, .box_w = 22, .box_h = 23, .ofs_x = -1, .ofs_y = 0},
    {.bitmap_index = 15197, .adv_w = 319, .box_w = 22, .box_h = 23, .ofs_x = -1, .ofs_y = 0},
    {.bitmap_index = 15450, .adv_w = 319, .box_w = 22, .box_h = 23, .ofs_x = -1, .ofs_y = 0},
    {.bitmap_index = 15703, .adv_w = 319, .box_w = 22, .box_h = 24, .ofs_x = -1, .ofs_y = 0},
    {.bitmap_index = 15967, .adv_w = 319, .box_w = 22, .box_h = 23, .ofs_x = -1, .ofs_y = 0},
    {.bitmap_index = 16220, .adv_w = 319, .box_w = 22, .box_h = 25, .ofs_x = -1, .ofs_y = 0},
    {.bitmap_index = 16495, .adv_w = 449, .box_w = 28, .box_h = 18, .ofs_x = -1, .ofs_y = 0},
    {.bitmap_index = 16747, .adv_w = 301, .box_w = 18, .box_h = 24, .ofs_x = 1, .ofs_y = -6},
    {.bitmap_index = 16963, .adv_w = 279, .box_w = 15, .box_h = 23, .ofs_x = 2, .ofs_y = 0},
    {.bitmap_index = 17136, .adv_w = 279, .box_w = 15, .box_h = 23, .ofs_x = 2, .ofs_y = 0},
    {.bitmap_index = 17309, .adv_w = 279, .box_w = 15, .box_h = 23, .ofs_x = 2, .ofs_y = 0},
    {.bitmap_index = 17482, .adv_w = 279, .box_w = 15, .box_h = 23, .ofs_x = 2, .ofs_y = 0},
    {.bitmap_index = 17655, .adv_w = 136, .box_w = 9, .box_h = 23, .ofs_x = -2, .ofs_y = 0},
    {.bitmap_index = 17759, .adv_w = 136, .box_w = 9, .box_h = 23, .ofs_x = 1, .ofs_y = 0},
    {.bitmap_index = 17863, .adv_w = 136, .box_w = 11, .box_h = 23, .ofs_x = -1, .ofs_y = 0},
    {.bitmap_index = 17990, .adv_w = 136, .box_w = 10, .box_h = 23, .ofs_x = -1, .ofs_y = 0},
    {.bitmap_index = 18105, .adv_w = 349, .box_w = 21, .box_h = 18, .ofs_x = 0, .ofs_y = 0},
    {.bitmap_index = 18294, .adv_w = 336, .box_w = 17, .box_h = 24, .ofs_x = 2, .ofs_y = 0},
    {.bitmap_index = 18498, .adv_w = 351, .box_w = 20, .box_h = 24, .ofs_x = 1, .ofs_y = 0},
    {.bitmap_index = 18738, .adv_w = 351, .box_w = 20, .box_h = 24, .ofs_x = 1, .ofs_y = 0},
    {.bitmap_index = 18978, .adv_w = 351, .box_w = 20, .box_h = 24, .ofs_x = 1, .ofs_y = 0},
    {.bitmap_index = 19218, .adv_w = 351, .box_w = 20, .box_h = 24, .ofs_x = 1, .ofs_y = 0},
    {.bitmap_index = 19458, .adv_w = 351, .box_w = 20, .box_h = 24, .ofs_x = 1, .ofs_y = 0},
    {.bitmap_index = 19698, .adv_w = 249, .box_w = 12, .box_h = 12, .ofs_x = 2, .ofs_y = 3},
    {.bitmap_index = 19770, .adv_w = 351, .box_w = 20, .box_h = 22, .ofs_x = 1, .ofs_y = -2},
    {.bitmap_index = 19990, .adv_w = 328, .box_w = 17, .box_h = 24, .ofs_x = 2, .ofs_y = 0},
    {.bitmap_index = 20194, .adv_w = 328, .box_w = 17, .box_h = 24, .ofs_x = 2, .ofs_y = 0},
    {.bitmap_index = 20398, .adv_w = 328, .box_w = 17, .box_h = 24, .ofs_x = 2, .ofs_y = 0},
    {.bitmap_index = 20602, .adv_w = 328, .box_w = 17, .box_h = 24, .ofs_x = 2, .ofs_y = 0},
    {.bitmap_index = 20806, .adv_w = 281, .box_w = 19, .box_h = 24, .ofs_x = -1, .ofs_y = 0},
    {.bitmap_index = 21034, .adv_w = 305, .box_w = 16, .box_h = 18, .ofs_x = 2, .ofs_y = 0},
    {.bitmap_index = 21178, .adv_w = 288, .box_w = 17, .box_h = 20, .ofs_x = 1, .ofs_y = 0},
    {.bitmap_index = 21348, .adv_w = 257, .box_w = 15, .box_h = 20, .ofs_x = 0, .ofs_y = 0},
    {.bitmap_index = 21498, .adv_w = 257, .box_w = 15, .box_h = 20, .ofs_x = 0, .ofs_y = 0},
    {.bitmap_index = 21648, .adv_w = 257, .box_w = 15, .box_h = 20, .ofs_x = 0, .ofs_y = 0},
    {.bitmap_index = 21798, .adv_w = 257, .box_w = 15, .box_h = 20, .ofs_x = 0, .ofs_y = 0},
    {.bitmap_index = 21948, .adv_w = 257, .box_w = 15, .box_h = 20, .ofs_x = 0, .ofs_y = 0},
    {.bitmap_index = 22098, .adv_w = 257, .box_w = 15, .box_h = 22, .ofs_x = 0, .ofs_y = 0},
    {.bitmap_index = 22263, .adv_w = 414, .box_w = 26, .box_h = 14, .ofs_x = 0, .ofs_y = 0},
    {.bitmap_index = 22445, .adv_w = 246, .box_w = 15, .box_h = 20, .ofs_x = 0, .ofs_y = -6},
    {.bitmap_index = 22595, .adv_w = 262, .box_w = 16, .box_h = 20, .ofs_x = 0, .ofs_y = 0},
    {.bitmap_index = 22755, .adv_w = 262, .box_w = 16, .box_h = 20, .ofs_x = 0, .ofs_y = 0},
    {.bitmap_index = 22915, .adv_w = 262, .box_w = 16, .box_h = 20, .ofs_x = 0, .ofs_y = 0},
    {.bitmap_index = 23075, .adv_w = 262, .box_w = 16, .box_h = 20, .ofs_x = 0, .ofs_y = 0},
    {.bitmap_index = 23235, .adv_w = 125, .box_w = 9, .box_h = 20, .ofs_x = -2, .ofs_y = 0},
    {.bitmap_index = 23325, .adv_w = 125, .box_w = 9, .box_h = 20, .ofs_x = 1, .ofs_y = 0},
    {.bitmap_index = 23415, .adv_w = 125, .box_w = 10, .box_h = 20, .ofs_x = -1, .ofs_y = 0},
    {.bitmap_index = 23515, .adv_w = 125, .box_w = 8, .box_h = 19, .ofs_x = 0, .ofs_y = 0},
    {.bitmap_index = 23591, .adv_w = 255, .box_w = 15, .box_h = 20, .ofs_x = 0, .ofs_y = 0},
    {.bitmap_index = 23741, .adv_w = 287, .box_w = 16, .box_h = 20, .ofs_x = 1, .ofs_y = 0},
    {.bitmap_index = 23901, .adv_w = 272, .box_w = 17, .box_h = 20, .ofs_x = 0, .ofs_y = 0},
    {.bitmap_index = 24071, .adv_w = 272, .box_w = 17, .box_h = 20, .ofs_x = 0, .ofs_y = 0},
    {.bitmap_index = 24241, .adv_w = 272, .box_w = 17, .box_h = 20, .ofs_x = 0, .ofs_y = 0},
    {.bitmap_index = 24411, .adv_w = 272, .box_w = 17, .box_h = 20, .ofs_x = 0, .ofs_y = 0},
    {.bitmap_index = 24581, .adv_w = 272, .box_w = 17, .box_h = 20, .ofs_x = 0, .ofs_y = 0},
    {.bitmap_index = 24751, .adv_w = 249, .box_w = 13, .box_h = 15, .ofs_x = 1, .ofs_y = 2},
    {.bitmap_index = 24849, .adv_w = 272, .box_w = 17, .box_h = 18, .ofs_x = 0, .ofs_y = -2},
    {.bitmap_index = 25002, .adv_w = 286, .box_w = 15, .box_h = 20, .ofs_x = 1, .ofs_y = 0},
    {.bitmap_index = 25152, .adv_w = 286, .box_w = 15, .box_h = 20, .ofs_x = 1, .ofs_y = 0},
    {.bitmap_index = 25302, .adv_w = 286, .box_w = 15, .box_h = 20, .ofs_x = 1, .ofs_y = 0},
    {.bitmap_index = 25452, .adv_w = 286, .box_w = 15, .box_h = 20, .ofs_x = 1, .ofs_y = 0},
    {.bitmap_index = 25602, .adv_w = 249, .box_w = 17, .box_h = 25, .ofs_x = -1, .ofs_y = -5},
    {.bitmap_index = 25815, .adv_w = 287, .box_w = 17, .box_h = 24, .ofs_x = 1, .ofs_y = -5},
    {.bitmap_index = 26019, .adv_w = 249, .box_w = 17, .box_h = 25, .ofs_x = -1, .ofs_y = -5},
    {.bitmap_index = 26232, .adv_w = 319, .box_w = 22, .box_h = 23, .ofs_x = -1, .ofs_y = 0},
    {.bitmap_index = 26485, .adv_w = 257, .box_w = 15, .box_h = 19, .ofs_x = 0, .ofs_y = 0},
    {.bitmap_index = 26628, .adv_w = 319, .box_w = 22, .box_h = 24, .ofs_x = -1, .ofs_y = 0},
    {.bitmap_index = 26892, .adv_w = 257, .box_w = 15, .box_h = 20, .ofs_x = 0, .ofs_y = 0},
    {.bitmap_index = 27042, .adv_w = 319, .box_w = 22, .box_h = 24, .ofs_x = -1, .ofs_y = -6},
    {.bitmap_index = 27306, .adv_w = 257, .box_w = 15, .box_h = 20, .ofs_x = 0, .ofs_y = -6},
    {.bitmap_index = 27456, .adv_w = 301, .box_w = 18, .box_h = 24, .ofs_x = 1, .ofs_y = 0},
    {.bitmap_index = 27672, .adv_w = 246, .box_w = 15, .box_h = 20, .ofs_x = 0, .ofs_y = 0},
    {.bitmap_index = 27822, .adv_w = 301, .box_w = 18, .box_h = 24, .ofs_x = 1, .ofs_y = 0},
    {.bitmap_index = 28038, .adv_w = 246, .box_w = 15, .box_h = 20, .ofs_x = 0, .ofs_y = 0},
    {.bitmap_index = 28188, .adv_w = 301, .box_w = 18, .box_h = 25, .ofs_x = 1, .ofs_y = 0},
    {.bitmap_index = 28413, .adv_w = 246, .box_w = 15, .box_h = 21, .ofs_x = 0, .ofs_y = 0},
    {.bitmap_index = 28571, .adv_w = 301, .box_w = 18, .box_h = 24, .ofs_x = 1, .ofs_y = 0},
    {.bitmap_index = 28787, .adv_w = 246, .box_w = 15, .box_h = 20, .ofs_x = 0, .ofs_y = 0},
    {.bitmap_index = 28937, .adv_w = 344, .box_w = 19, .box_h = 23, .ofs_x = 2, .ofs_y = 0},
    {.bitmap_index = 29156, .adv_w = 288, .box_w = 22, .box_h = 21, .ofs_x = 0, .ofs_y = 0},
    {.bitmap_index = 29387, .adv_w = 349, .box_w = 21, .box_h = 18, .ofs_x = 0, .ofs_y = 0},
    {.bitmap_index = 29576, .adv_w = 288, .box_w = 19, .box_h = 19, .ofs_x = 0, .ofs_y = 0},
    {.bitmap_index = 29757, .adv_w = 279, .box_w = 15, .box_h = 23, .ofs_x = 2, .ofs_y = 0},
    {.bitmap_index = 29930, .adv_w = 262, .box_w = 16, .box_h = 19, .ofs_x = 0, .ofs_y = 0},
    {.bitmap_index = 30082, .adv_w = 279, .box_w = 15, .box_h = 24, .ofs_x = 2, .ofs_y = 0},
    {.bitmap_index = 30262, .adv_w = 262, .box_w = 16, .box_h = 20, .ofs_x = 0, .ofs_y = 0},
    {.bitmap_index = 30422, .adv_w = 279, .box_w = 15, .box_h = 24, .ofs_x = 2, .ofs_y = 0},
    {.bitmap_index = 30602, .adv_w = 262, .box_w = 16, .box_h = 21, .ofs_x = 0, .ofs_y = 0},
    {.bitmap_index = 30770, .adv_w = 279, .box_w = 15, .box_h = 24, .ofs_x = 2, .ofs_y = -6},
    {.bitmap_index = 30950, .adv_w = 262, .box_w = 16, .box_h = 20, .ofs_x = 0, .ofs_y = -6},
    {.bitmap_index = 31110, .adv_w = 279, .box_w = 15, .box_h = 23, .ofs_x = 2, .ofs_y = 0},
    {.bitmap_index = 31283, .adv_w = 262, .box_w = 16, .box_h = 20, .ofs_x = 0, .ofs_y = 0},
    {.bitmap_index = 31443, .adv_w = 321, .box_w = 18, .box_h = 24, .ofs_x = 1, .ofs_y = 0},
    {.bitmap_index = 31659, .adv_w = 291, .box_w = 17, .box_h = 25, .ofs_x = 0, .ofs_y = -5},
    {.bitmap_index = 31872, .adv_w = 321, .box_w = 18, .box_h = 24, .ofs_x = 1, .ofs_y = 0},
    {.bitmap_index = 32088, .adv_w = 291, .box_w = 17, .box_h = 25, .ofs_x = 0, .ofs_y = -5},
    {.bitmap_index = 32301, .adv_w = 321, .box_w = 18, .box_h = 25, .ofs_x = 1, .ofs_y = 0},
    {.bitmap_index = 32526, .adv_w = 291, .box_w = 17, .box_h = 26, .ofs_x = 0, .ofs_y = -5},
    {.bitmap_index = 32747, .adv_w = 321, .box_w = 18, .box_h = 24, .ofs_x = 1, .ofs_y = -6},
    {.bitmap_index = 32963, .adv_w = 291, .box_w = 17, .box_h = 26, .ofs_x = 0, .ofs_y = -5},
    {.bitmap_index = 33184, .adv_w = 336, .box_w = 17, .box_h = 23, .ofs_x = 2, .ofs_y = 0},
    {.bitmap_index = 33380, .adv_w = 287, .box_w = 19, .box_h = 24, .ofs_x = -2, .ofs_y = 0},
    {.bitmap_index = 33608, .adv_w = 347, .box_w = 22, .box_h = 18, .ofs_x = 0, .ofs_y = 0},
    {.bitmap_index = 33806, .adv_w = 292, .box_w = 17, .box_h = 20, .ofs_x = 0, .ofs_y = 0},
    {.bitmap_index = 33976, .adv_w = 136, .box_w = 10, .box_h = 24, .ofs_x = -1, .ofs_y = 0},
    {.bitmap_index = 34096, .adv_w = 125, .box_w = 10, .box_h = 20, .ofs_x = -1, .ofs_y = 0},
    {.bitmap_index = 34196, .adv_w = 136, .box_w = 9, .box_h = 23, .ofs_x = 0, .ofs_y = 0},
    {.bitmap_index = 34300, .adv_w = 125, .box_w = 8, .box_h = 19, .ofs_x = 0, .ofs_y = 0},
    {.bitmap_index = 34376, .adv_w = 136, .box_w = 11, .box_h = 24, .ofs_x = -1, .ofs_y = 0},
    {.bitmap_index = 34508, .adv_w = 125, .box_w = 10, .box_h = 20, .ofs_x = -1, .ofs_y = 0},
    {.bitmap_index = 34608, .adv_w = 136, .box_w = 6, .box_h = 24, .ofs_x = 2, .ofs_y = -6},
    {.bitmap_index = 34680, .adv_w = 125, .box_w = 6, .box_h = 26, .ofs_x = 1, .ofs_y = -6},
    {.bitmap_index = 34758, .adv_w = 136, .box_w = 5, .box_h = 24, .ofs_x = 2, .ofs_y = 0},
    {.bitmap_index = 34818, .adv_w = 125, .box_w = 5, .box_h = 14, .ofs_x = 1, .ofs_y = 0},
    {.bitmap_index = 34853, .adv_w = 301, .box_w = 16, .box_h = 18, .ofs_x = 1, .ofs_y = 0},
    {.bitmap_index = 34997, .adv_w = 253, .box_w = 14, .box_h = 26, .ofs_x = 1, .ofs_y = -5},
    {.bitmap_index = 35179, .adv_w = 225, .box_w = 14, .box_h = 24, .ofs_x = -1, .ofs_y = 0},
    {.bitmap_index = 35347, .adv_w = 128, .box_w = 12, .box_h = 25, .ofs_x = -3, .ofs_y = -5},
    {.bitmap_index = 35497, .adv_w = 308, .box_w = 18, .box_h = 25, .ofs_x = 2, .ofs_y = -7},
    {.bitmap_index = 35722, .adv_w = 272, .box_w = 17, .box_h = 27, .ofs_x = 1, .ofs_y = -7},
    {.bitmap_index = 35952, .adv_w = 272, .box_w = 17, .box_h = 14, .ofs_x = 1, .ofs_y = 0},
    {.bitmap_index = 36071, .adv_w = 251, .box_w = 15, .box_h = 23, .ofs_x = 1, .ofs_y = 0},
    {.bitmap_index = 36244, .adv_w = 125, .box_w = 9, .box_h = 24, .ofs_x = 1, .ofs_y = 0},
    {.bitmap_index = 36352, .adv_w = 251, .box_w = 14, .box_h = 25, .ofs_x = 2, .ofs_y = -7},
    {.bitmap_index = 36527, .adv_w = 125, .box_w = 5, .box_h = 27, .ofs_x = 1, .ofs_y = -7},
    {.bitmap_index = 36595, .adv_w = 251, .box_w = 14, .box_h = 19, .ofs_x = 2, .ofs_y = 0},
    {.bitmap_index = 36728, .adv_w = 125, .box_w = 11, .box_h = 20, .ofs_x = 1, .ofs_y = 0},
    {.bitmap_index = 36838, .adv_w = 251, .box_w = 14, .box_h = 18, .ofs_x = 2, .ofs_y = 0},
    {.bitmap_index = 36964, .adv_w = 189, .box_w = 11, .box_h = 20, .ofs_x = 1, .ofs_y = 0},
    {.bitmap_index = 37074, .adv_w = 257, .box_w = 17, .box_h = 18, .ofs_x = -1, .ofs_y = 0},
    {.bitmap_index = 37227, .adv_w = 136, .box_w = 11, .box_h = 20, .ofs_x = -1, .ofs_y = 0},
    {.bitmap_index = 37337, .adv_w = 336, .box_w = 17, .box_h = 23, .ofs_x = 2, .ofs_y = 0},
    {.bitmap_index = 37533, .adv_w = 287, .box_w = 16, .box_h = 20, .ofs_x = 1, .ofs_y = 0},
    {.bitmap_index = 37693, .adv_w = 336, .box_w = 17, .box_h = 25, .ofs_x = 2, .ofs_y = -7},
    {.bitmap_index = 37906, .adv_w = 287, .box_w = 16, .box_h = 21, .ofs_x = 1, .ofs_y = -7},
    {.bitmap_index = 38074, .adv_w = 336, .box_w = 17, .box_h = 23, .ofs_x = 2, .ofs_y = 0},
    {.bitmap_index = 38270, .adv_w = 287, .box_w = 16, .box_h = 20, .ofs_x = 1, .ofs_y = 0},
    {.bitmap_index = 38430, .adv_w = 329, .box_w = 20, .box_h = 20, .ofs_x = -1, .ofs_y = 0},
    {.bitmap_index = 38630, .adv_w = 336, .box_w = 17, .box_h = 23, .ofs_x = 2, .ofs_y = -5},
    {.bitmap_index = 38826, .adv_w = 287, .box_w = 16, .box_h = 19, .ofs_x = 1, .ofs_y = -5},
    {.bitmap_index = 38978, .adv_w = 351, .box_w = 20, .box_h = 23, .ofs_x = 1, .ofs_y = 0},
    {.bitmap_index = 39208, .adv_w = 272, .box_w = 17, .box_h = 19, .ofs_x = 0, .ofs_y = 0},
    {.bitmap_index = 39370, .adv_w = 351, .box_w = 20, .box_h = 24, .ofs_x = 1, .ofs_y = 0},
    {.bitmap_index = 39610, .adv_w = 272, .box_w = 17, .box_h = 20, .ofs_x = 0, .ofs_y = 0},
    {.bitmap_index = 39780, .adv_w = 351, .box_w = 20, .box_h = 24, .ofs_x = 1, .ofs_y = 0},
    {.bitmap_index = 40020, .adv_w = 272, .box_w = 17, .box_h = 20, .ofs_x = 0, .ofs_y = 0},
    {.bitmap_index = 40190, .adv_w = 473, .box_w = 28, .box_h = 18, .ofs_x = 1, .ofs_y = 0},
    {.bitmap_index = 40442, .adv_w = 443, .box_w = 27, .box_h = 14, .ofs_x = 0, .ofs_y = 0},
    {.bitmap_index = 40631, .adv_w = 306, .box_w = 17, .box_h = 23, .ofs_x = 2, .ofs_y = 0},
    {.bitmap_index = 40827, .adv_w = 179, .box_w = 11, .box_h = 20, .ofs_x = 1, .ofs_y = 0},
    {.bitmap_index = 40937, .adv_w = 306, .box_w = 17, .box_h = 25, .ofs_x = 2, .ofs_y = -7},
    {.bitmap_index = 41150, .adv_w = 179, .box_w = 10, .box_h = 21, .ofs_x = 1, .ofs_y = -7},
    {.bitmap_index = 41255, .adv_w = 306, .box_w = 17, .box_h = 24, .ofs_x = 2, .ofs_y = 0},
    {.bitmap_index = 41459, .adv_w = 179, .box_w = 12, .box_h = 20, .ofs_x = 0, .ofs_y = 0},
    {.bitmap_index = 41579, .adv_w = 265, .box_w = 16, .box_h = 24, .ofs_x = 0, .ofs_y = 0},
    {.bitmap_index = 41771, .adv_w = 221, .box_w = 14, .box_h = 20, .ofs_x = 0, .ofs_y = 0},
    {.bitmap_index = 41911, .adv_w = 265, .box_w = 16, .box_h = 24, .ofs_x = 0, .ofs_y = 0},
    {.bitmap_index = 42103, .adv_w = 221, .box_w = 14, .box_h = 20, .ofs_x = 0, .ofs_y = 0},
    {.bitmap_index = 42243, .adv_w = 265, .box_w = 16, .box_h = 24, .ofs_x = 0, .ofs_y = -6},
    {.bitmap_index = 42435, .adv_w = 221, .box_w = 14, .box_h = 20, .ofs_x = 0, .ofs_y = -6},
    {.bitmap_index = 42575, .adv_w = 265, .box_w = 16, .box_h = 24, .ofs_x = 0, .ofs_y = 0},
    {.bitmap_index = 42767, .adv_w = 221, .box_w = 14, .box_h = 20, .ofs_x = 0, .ofs_y = 0},
    {.bitmap_index = 42907, .adv_w = 257, .box_w = 16, .box_h = 24, .ofs_x = 0, .ofs_y = -6},
    {.bitmap_index = 43099, .adv_w = 181, .box_w = 11, .box_h = 23, .ofs_x = 0, .ofs_y = -6},
    {.bitmap_index = 43226, .adv_w = 257, .box_w = 16, .box_h = 23, .ofs_x = 0, .ofs_y = 0},
    {.bitmap_index = 43410, .adv_w = 181, .box_w = 12, .box_h = 20, .ofs_x = 0, .ofs_y = 0},
    {.bitmap_index = 43530, .adv_w = 257, .box_w = 16, .box_h = 18, .ofs_x = 0, .ofs_y = 0},
    {.bitmap_index = 43674, .adv_w = 183, .box_w = 12, .box_h = 17, .ofs_x = 0, .ofs_y = 0},
    {.bitmap_index = 43776, .adv_w = 328, .box_w = 17, .box_h = 24, .ofs_x = 2, .ofs_y = 0},
    {.bitmap_index = 43980, .adv_w = 286, .box_w = 15, .box_h = 20, .ofs_x = 1, .ofs_y = 0},
    {.bitmap_index = 44130, .adv_w = 328, .box_w = 17, .box_h = 23, .ofs_x = 2, .ofs_y = 0},
    {.bitmap_index = 44326, .adv_w = 286, .box_w = 15, .box_h = 19, .ofs_x = 1, .ofs_y = 0},
    {.bitmap_index = 44469, .adv_w = 328, .box_w = 17, .box_h = 24, .ofs_x = 2, .ofs_y = 0},
    {.bitmap_index = 44673, .adv_w = 286, .box_w = 15, .box_h = 20, .ofs_x = 1, .ofs_y = 0},
    {.bitmap_index = 44823, .adv_w = 328, .box_w = 17, .box_h = 26, .ofs_x = 2, .ofs_y = 0},
    {.bitmap_index = 45044, .adv_w = 286, .box_w = 15, .box_h = 22, .ofs_x = 1, .ofs_y = 0},
    {.bitmap_index = 45209, .adv_w = 328, .box_w = 17, .box_h = 24, .ofs_x = 2, .ofs_y = 0},
    {.bitmap_index = 45413, .adv_w = 286, .box_w = 15, .box_h = 20, .ofs_x = 1, .ofs_y = 0},
    {.bitmap_index = 45563, .adv_w = 328, .box_w = 17, .box_h = 24, .ofs_x = 2, .ofs_y = -6},
    {.bitmap_index = 45767, .adv_w = 286, .box_w = 16, .box_h = 20, .ofs_x = 1, .ofs_y = -6},
    {.bitmap_index = 45927, .adv_w = 484, .box_w = 30, .box_h = 23, .ofs_x = 0, .ofs_y = 0},
    {.bitmap_index = 46272, .adv_w = 390, .box_w = 25, .box_h = 20, .ofs_x = 0, .ofs_y = 0},
    {.bitmap_index = 46522, .adv_w = 281, .box_w = 19, .box_h = 24, .ofs_x = -1, .ofs_y = 0},
    {.bitmap_index = 46750, .adv_w = 249, .box_w = 17, .box_h = 25, .ofs_x = -1, .ofs_y = -5},
    {.bitmap_index = 46963, .adv_w = 281, .box_w = 19, .box_h = 23, .ofs_x = -1, .ofs_y = 0},
    {.bitmap_index = 47182, .adv_w = 279, .box_w = 17, .box_h = 23, .ofs_x = 0, .ofs_y = 0},
    {.bitmap_index = 47378, .adv_w = 226, .box_w = 14, .box_h = 20, .ofs_x = 0, .ofs_y = 0},
    {.bitmap_index = 47518, .adv_w = 279, .box_w = 17, .box_h = 24, .ofs_x = 0, .ofs_y = 0},
    {.bitmap_index = 47722, .adv_w = 226, .box_w = 14, .box_h = 20, .ofs_x = 0, .ofs_y = 0},
    {.bitmap_index = 47862, .adv_w = 279, .box_w = 17, .box_h = 23, .ofs_x = 0, .ofs_y = 0},
    {.bitmap_index = 48058, .adv_w = 226, .box_w = 14, .box_h = 20, .ofs_x = 0, .ofs_y = 0},
    {.bitmap_index = 48198, .adv_w = 143, .box_w = 12, .box_h = 20, .ofs_x = 0, .ofs_y = 0},
    {.bitmap_index = 48318, .adv_w = 280, .box_w = 15, .box_h = 23, .ofs_x = 2, .ofs_y = 0},
    {.bitmap_index = 48491, .adv_w = 280, .box_w = 15, .box_h = 23, .ofs_x = 2, .ofs_y = 0},
    {.bitmap_index = 48664, .adv_w = 353, .box_w = 22, .box_h = 19, .ofs_x = 0, .ofs_y = -1},
    {.bitmap_index = 48873, .adv_w = 247, .box_w = 14, .box_h = 23, .ofs_x = 2, .ofs_y = 0},
    {.bitmap_index = 49034, .adv_w = 297, .box_w = 18, .box_h = 18, .ofs_x = 1, .ofs_y = 0},
    {.bitmap_index = 49196, .adv_w = 272, .box_w = 17, .box_h = 18, .ofs_x = 0, .ofs_y = 0},
    {.bitmap_index = 49349, .adv_w = 139, .box_w = 5, .box_h = 18, .ofs_x = 2, .ofs_y = 0},
    {.bitmap_index = 49394, .adv_w = 136, .box_w = 10, .box_h = 23, .ofs_x = -1, .ofs_y = 0},
    {.bitmap_index = 49509, .adv_w = 236, .box_w = 13, .box_h = 18, .ofs_x = 0, .ofs_y = 0},
    {.bitmap_index = 49626, .adv_w = 493, .box_w = 31, .box_h = 18, .ofs_x = 0, .ofs_y = 0},
    {.bitmap_index = 49905, .adv_w = 487, .box_w = 28, .box_h = 18, .ofs_x = 2, .ofs_y = 0},
    {.bitmap_index = 50157, .adv_w = 357, .box_w = 22, .box_h = 18, .ofs_x = 0, .ofs_y = 0},
    {.bitmap_index = 50355, .adv_w = 306, .box_w = 17, .box_h = 23, .ofs_x = 2, .ofs_y = 0},
    {.bitmap_index = 50551, .adv_w = 342, .box_w = 18, .box_h = 23, .ofs_x = 2, .ofs_y = 0},
    {.bitmap_index = 50758, .adv_w = 301, .box_w = 19, .box_h = 24, .ofs_x = 0, .ofs_y = -1},
    {.bitmap_index = 50986, .adv_w = 336, .box_w = 17, .box_h = 22, .ofs_x = 2, .ofs_y = -4},
    {.bitmap_index = 51173, .adv_w = 332, .box_w = 21, .box_h = 18, .ofs_x = 0, .ofs_y = 0},
    {.bitmap_index = 51362, .adv_w = 307, .box_w = 17, .box_h = 18, .ofs_x = 2, .ofs_y = 0},
    {.bitmap_index = 51515, .adv_w = 310, .box_w = 17, .box_h = 18, .ofs_x = 2, .ofs_y = 0},
    {.bitmap_index = 51668, .adv_w = 247, .box_w = 14, .box_h = 18, .ofs_x = 2, .ofs_y = 0},
    {.bitmap_index = 51794, .adv_w = 346, .box_w = 22, .box_h = 22, .ofs_x = 0, .ofs_y = -4},
    {.bitmap_index = 52036, .adv_w = 280, .box_w = 15, .box_h = 18, .ofs_x = 2, .ofs_y = 0},
    {.bitmap_index = 52171, .adv_w = 449, .box_w = 28, .box_h = 18, .ofs_x = 0, .ofs_y = 0},
    {.bitmap_index = 52423, .adv_w = 271, .box_w = 17, .box_h = 18, .ofs_x = -1, .ofs_y = 0},
    {.bitmap_index = 52576, .adv_w = 342, .box_w = 18, .box_h = 18, .ofs_x = 2, .ofs_y = 0},
    {.bitmap_index = 52738, .adv_w = 342, .box_w = 18, .box_h = 23, .ofs_x = 2, .ofs_y = 0},
    {.bitmap_index = 52945, .adv_w = 306, .box_w = 17, .box_h = 18, .ofs_x = 2, .ofs_y = 0},
    {.bitmap_index = 53098, .adv_w = 332, .box_w = 19, .box_h = 18, .ofs_x = 0, .ofs_y = 0},
    {.bitmap_index = 53269, .adv_w = 401, .box_w = 21, .box_h = 18, .ofs_x = 2, .ofs_y = 0},
    {.bitmap_index = 53458, .adv_w = 340, .box_w = 17, .box_h = 18, .ofs_x = 2, .ofs_y = 0},
    {.bitmap_index = 53611, .adv_w = 350, .box_w = 21, .box_h = 18, .ofs_x = 0, .ofs_y = 0},
    {.bitmap_index = 53800, .adv_w = 338, .box_w = 17, .box_h = 18, .ofs_x = 2, .ofs_y = 0},
    {.bitmap_index = 53953, .adv_w = 301, .box_w = 17, .box_h = 18, .ofs_x = 2, .ofs_y = 0},
    {.bitmap_index = 54106, .adv_w = 302, .box_w = 18, .box_h = 18, .ofs_x = 1, .ofs_y = 0},
    {.bitmap_index = 54268, .adv_w = 265, .box_w = 17, .box_h = 18, .ofs_x = 0, .ofs_y = 0},
    {.bitmap_index = 54421, .adv_w = 301, .box_w = 19, .box_h = 19, .ofs_x = 0, .ofs_y = -1},
    {.bitmap_index = 54602, .adv_w = 395, .box_w = 24, .box_h = 20, .ofs_x = 0, .ofs_y = -1},
    {.bitmap_index = 54842, .adv_w = 300, .box_w = 19, .box_h = 18, .ofs_x = 0, .ofs_y = 0},
    {.bitmap_index = 55013, .adv_w = 350, .box_w = 20, .box_h = 22, .ofs_x = 2, .ofs_y = -4},
    {.bitmap_index = 55233, .adv_w = 303, .box_w = 17, .box_h = 18, .ofs_x = 0, .ofs_y = 0},
    {.bitmap_index = 55386, .adv_w = 457, .box_w = 25, .box_h = 18, .ofs_x = 2, .ofs_y = 0},
    {.bitmap_index = 55611, .adv_w = 470, .box_w = 27, .box_h = 22, .ofs_x = 2, .ofs_y = -4},
    {.bitmap_index = 55908, .adv_w = 352, .box_w = 22, .box_h = 18, .ofs_x = 0, .ofs_y = 0},
    {.bitmap_index = 56106, .adv_w = 428, .box_w = 23, .box_h = 18, .ofs_x = 2, .ofs_y = 0},
    {.bitmap_index = 56313, .adv_w = 300, .box_w = 16, .box_h = 18, .ofs_x = 2, .ofs_y = 0},
    {.bitmap_index = 56457, .adv_w = 297, .box_w = 18, .box_h = 18, .ofs_x = 0, .ofs_y = 0},
    {.bitmap_index = 56619, .adv_w = 463, .box_w = 26, .box_h = 18, .ofs_x = 2, .ofs_y = 0},
    {.bitmap_index = 56853, .adv_w = 305, .box_w = 16, .box_h = 18, .ofs_x = 1, .ofs_y = 0},
    {.bitmap_index = 56997, .adv_w = 251, .box_w = 15, .box_h = 14, .ofs_x = 0, .ofs_y = 0},
    {.bitmap_index = 57102, .adv_w = 280, .box_w = 16, .box_h = 21, .ofs_x = 1, .ofs_y = 0},
    {.bitmap_index = 57270, .adv_w = 259, .box_w = 15, .box_h = 14, .ofs_x = 1, .ofs_y = 0},
    {.bitmap_index = 57375, .adv_w = 214, .box_w = 13, .box_h = 14, .ofs_x = 1, .ofs_y = 0},
    {.bitmap_index = 57466, .adv_w = 292, .box_w = 18, .box_h = 17, .ofs_x = 0, .ofs_y = -3},
    {.bitmap_index = 57619, .adv_w = 267, .box_w = 16, .box_h = 14, .ofs_x = 0, .ofs_y = 0},
    {.bitmap_index = 57731, .adv_w = 380, .box_w = 24, .box_h = 14, .ofs_x = 0, .ofs_y = 0},
    {.bitmap_index = 57899, .adv_w = 234, .box_w = 14, .box_h = 14, .ofs_x = 0, .ofs_y = 0},
    {.bitmap_index = 57997, .adv_w = 295, .box_w = 16, .box_h = 14, .ofs_x = 1, .ofs_y = 0},
    {.bitmap_index = 58109, .adv_w = 295, .box_w = 16, .box_h = 20, .ofs_x = 1, .ofs_y = 0},
    {.bitmap_index = 58269, .adv_w = 267, .box_w = 16, .box_h = 14, .ofs_x = 1, .ofs_y = 0},
    {.bitmap_index = 58381, .adv_w = 277, .box_w = 16, .box_h = 14, .ofs_x = 0, .ofs_y = 0},
    {.bitmap_index = 58493, .adv_w = 339, .box_w = 19, .box_h = 14, .ofs_x = 1, .ofs_y = 0},
    {.bitmap_index = 58626, .adv_w = 289, .box_w = 16, .box_h = 14, .ofs_x = 1, .ofs_y = 0},
    {.bitmap_index = 58738, .adv_w = 272, .box_w = 17, .box_h = 14, .ofs_x = 0, .ofs_y = 0},
    {.bitmap_index = 58857, .adv_w = 285, .box_w = 15, .box_h = 14, .ofs_x = 1, .ofs_y = 0},
    {.bitmap_index = 58962, .adv_w = 289, .box_w = 17, .box_h = 19, .ofs_x = 1, .ofs_y = -5},
    {.bitmap_index = 59124, .adv_w = 246, .box_w = 15, .box_h = 14, .ofs_x = 0, .ofs_y = 0},
    {.bitmap_index = 59229, .adv_w = 223, .box_w = 14, .box_h = 14, .ofs_x = 0, .ofs_y = 0},
    {.bitmap_index = 59327, .adv_w = 255, .box_w = 17, .box_h = 19, .ofs_x = -1, .ofs_y = -5},
    {.bitmap_index = 59489, .adv_w = 353, .box_w = 22, .box_h = 24, .ofs_x = 0, .ofs_y = -5},
    {.bitmap_index = 59753, .adv_w = 246, .box_w = 16, .box_h = 14, .ofs_x = 0, .ofs_y = 0},
    {.bitmap_index = 59865, .adv_w = 293, .box_w = 17, .box_h = 17, .ofs_x = 1, .ofs_y = -3},
    {.bitmap_index = 60010, .adv_w = 264, .box_w = 15, .box_h = 14, .ofs_x = 0, .ofs_y = 0},
    {.bitmap_index = 60115, .adv_w = 404, .box_w = 23, .box_h = 14, .ofs_x = 1, .ofs_y = 0},
    {.bitmap_index = 60276, .adv_w = 404, .box_w = 25, .box_h = 17, .ofs_x = 1, .ofs_y = -3},
    {.bitmap_index = 60489, .adv_w = 284, .box_w = 18, .box_h = 14, .ofs_x = 0, .ofs_y = 0},
    {.bitmap_index = 60615, .adv_w = 357, .box_w = 20, .box_h = 14, .ofs_x = 1, .ofs_y = 0},
    {.bitmap_index = 60755, .adv_w = 252, .box_w = 15, .box_h = 14, .ofs_x = 1, .ofs_y = 0},
    {.bitmap_index = 60860, .adv_w = 245, .box_w = 15, .box_h = 14, .ofs_x = 0, .ofs_y = 0},
    {.bitmap_index = 60965, .adv_w = 376, .box_w = 22, .box_h = 14, .ofs_x = 1, .ofs_y = 0},
    {.bitmap_index = 61119, .adv_w = 261, .box_w = 15, .box_h = 14, .ofs_x = 0, .ofs_y = 0},
    {.bitmap_index = 61224, .adv_w = 267, .box_w = 16, .box_h = 20, .ofs_x = 0, .ofs_y = 0},
    {.bitmap_index = 61384, .adv_w = 267, .box_w = 16, .box_h = 20, .ofs_x = 0, .ofs_y = 0},
    {.bitmap_index = 61544, .adv_w = 285, .box_w = 18, .box_h = 24, .ofs_x = -1, .ofs_y = -5},
    {.bitmap_index = 61760, .adv_w = 214, .box_w = 13, .box_h = 20, .ofs_x = 1, .ofs_y = 0},
    {.bitmap_index = 61890, .adv_w = 246, .box_w = 15, .box_h = 14, .ofs_x = 0, .ofs_y = 0},
    {.bitmap_index = 61995, .adv_w = 229, .box_w = 14, .box_h = 14, .ofs_x = 0, .ofs_y = 0},
    {.bitmap_index = 62093, .adv_w = 127, .box_w = 6, .box_h = 20, .ofs_x = 1, .ofs_y = 0},
    {.bitmap_index = 62153, .adv_w = 125, .box_w = 8, .box_h = 19, .ofs_x = 0, .ofs_y = 0},
    {.bitmap_index = 62229, .adv_w = 127, .box_w = 10, .box_h = 26, .ofs_x = -3, .ofs_y = -5},
    {.bitmap_index = 62359, .adv_w = 401, .box_w = 25, .box_h = 14, .ofs_x = 0, .ofs_y = 0},
    {.bitmap_index = 62534, .adv_w = 404, .box_w = 24, .box_h = 14, .ofs_x = 1, .ofs_y = 0},
    {.bitmap_index = 62702, .adv_w = 285, .box_w = 19, .box_h = 20, .ofs_x = -2, .ofs_y = 0},
    {.bitmap_index = 62892, .adv_w = 267, .box_w = 16, .box_h = 20, .ofs_x = 1, .ofs_y = 0},
    {.bitmap_index = 63052, .adv_w = 295, .box_w = 16, .box_h = 20, .ofs_x = 1, .ofs_y = 0},
    {.bitmap_index = 63212, .adv_w = 255, .box_w = 17, .box_h = 25, .ofs_x = -1, .ofs_y = -5},
    {.bitmap_index = 63425, .adv_w = 275, .box_w = 15, .box_h = 17, .ofs_x = 1, .ofs_y = -3},
    {.bitmap_index = 63553, .adv_w = 161, .box_w = 8, .box_h = 4, .ofs_x = 1, .ofs_y = 6},
    {.bitmap_index = 63569, .adv_w = 291, .box_w = 17, .box_h = 3, .ofs_x = 1, .ofs_y = 8},
    {.bitmap_index = 63595, .adv_w = 208, .box_w = 13, .box_h = 3, .ofs_x = 0, .ofs_y = 6},
    {.bitmap_index = 63615, .adv_w = 416, .box_w = 26, .box_h = 3, .ofs_x = 0, .ofs_y = 6},
    {.bitmap_index = 63654, .adv_w = 416, .box_w = 26, .box_h = 3, .ofs_x = 0, .ofs_y = 6},
    {.bitmap_index = 63693, .adv_w = 109, .box_w = 6, .box_h = 9, .ofs_x = 0, .ofs_y = 10},
    {.bitmap_index = 63720, .adv_w = 109, .box_w = 6, .box_h = 9, .ofs_x = 0, .ofs_y = 11},
    {.bitmap_index = 63747, .adv_w = 109, .box_w = 6, .box_h = 9, .ofs_x = 0, .ofs_y = -4},
    {.bitmap_index = 63774, .adv_w = 207, .box_w = 13, .box_h = 9, .ofs_x = 0, .ofs_y = 10},
    {.bitmap_index = 63833, .adv_w = 207, .box_w = 13, .box_h = 9, .ofs_x = 0, .ofs_y = 11},
    {.bitmap_index = 63892, .adv_w = 207, .box_w = 13, .box_h = 9, .ofs_x = 0, .ofs_y = -4},
    {.bitmap_index = 63951, .adv_w = 246, .box_w = 15, .box_h = 23, .ofs_x = 0, .ofs_y = -5},
    {.bitmap_index = 64124, .adv_w = 246, .box_w = 15, .box_h = 23, .ofs_x = 0, .ofs_y = -5},
    {.bitmap_index = 64297, .adv_w = 149, .box_w = 7, .box_h = 7, .ofs_x = 1, .ofs_y = 4},
    {.bitmap_index = 64322, .adv_w = 332, .box_w = 20, .box_h = 5, .ofs_x = 0, .ofs_y = 0},
    {.bitmap_index = 64372, .adv_w = 337, .box_w = 21, .box_h = 18, .ofs_x = 0, .ofs_y = 0}
};

/*---------------------
 *  CHARACTER MAPPING
 *--------------------*/

static const uint16_t unicode_list_4[] = {
    0x0, 0x2, 0x3, 0x4, 0x5, 0x8, 0x9, 0xa,
    0xc, 0xd, 0xe, 0x10, 0x11, 0x12, 0x16, 0x9c
};

/*Collect the unicode lists and glyph_id offsets*/
static const lv_font_fmt_txt_cmap_t cmaps[] =
{
    {
        .range_start = 32, .range_length = 95, .glyph_id_start = 1,
        .unicode_list = NULL, .glyph_id_ofs_list = NULL, .list_length = 0, .type = LV_FONT_FMT_TXT_CMAP_FORMAT0_TINY
    },
    {
        .range_start = 160, .range_length = 13, .glyph_id_start = 96,
        .unicode_list = NULL, .glyph_id_ofs_list = NULL, .list_length = 0, .type = LV_FONT_FMT_TXT_CMAP_FORMAT0_TINY
    },
    {
        .range_start = 174, .range_length = 210, .glyph_id_start = 109,
        .unicode_list = NULL, .glyph_id_ofs_list = NULL, .list_length = 0, .type = LV_FONT_FMT_TXT_CMAP_FORMAT0_TINY
    },
    {
        .range_start = 1024, .range_length = 96, .glyph_id_start = 319,
        .unicode_list = NULL, .glyph_id_ofs_list = NULL, .list_length = 0, .type = LV_FONT_FMT_TXT_CMAP_FORMAT0_TINY
    },
    {
        .range_start = 8208, .range_length = 157, .glyph_id_start = 415,
        .unicode_list = unicode_list_4, .glyph_id_ofs_list = NULL, .list_length = 16, .type = LV_FONT_FMT_TXT_CMAP_SPARSE_TINY
    }
};

/*-----------------
 *    KERNING
 *----------------*/


/*Map glyph_ids to kern left classes*/
static const uint8_t kern_left_class_mapping[] =
{
    0, 0, 1, 2, 0, 3, 4, 5,
    2, 6, 0, 7, 8, 9, 8, 9,
    10, 11, 0, 12, 13, 14, 15, 16,
    17, 18, 11, 19, 19, 0, 0, 0,
    20, 21, 0, 0, 0, 0, 0, 0,
    0, 0, 0, 0, 0, 0, 0, 0,
    0, 0, 0, 0, 0, 0, 0, 0,
    0, 0, 0, 0, 22, 23, 0, 0,
    24, 0, 0, 0, 0, 0, 0, 0,
    0, 0, 0, 0, 0, 0, 0, 0,
    0, 0, 0, 0, 0, 0, 0, 0,
    0, 0, 0, 0, 22, 0, 0, 8,
    0, 25, 26, 27, 28, 29, 0, 30,
    0, 21, 0, 31, 0, 21, 0, 32,
    8, 0, 0, 0, 33, 0, 8, 0,
    0, 0, 8, 0, 0, 0, 34, 0,
    0, 0, 0, 0, 0, 0, 0, 0,
    0, 0, 0, 0, 0, 0, 0, 0,
    0, 0, 0, 0, 0, 0, 0, 0,
    0, 0, 0, 0, 0, 0, 0, 0,
    0, 0, 0, 0, 0, 0, 0, 0,
    0, 0, 0, 0, 0, 0, 0, 0,
    0, 0, 0, 0, 0, 0, 8, 0,
    0, 0, 0, 0, 0, 0, 0, 0,
    0, 0, 0, 0, 0, 0, 0, 0,
    0, 0, 0, 0, 0, 0, 0, 0,
    0, 0, 0, 0, 0, 0, 0, 0,
    0, 0, 0, 0, 0, 0, 0, 0,
    0, 0, 0, 0, 0, 0, 0, 0,
    0, 0, 0, 0, 0, 0, 0, 0,
    0, 0, 0, 0, 0, 0, 0, 0,
    0, 0, 0, 0, 0, 0, 0, 0,
    0, 0, 0, 0, 0, 0, 0, 0,
    0, 0, 0, 0, 0, 0, 0, 0,
    0, 0, 0, 0, 0, 0, 0, 0,
    0, 0, 0, 0, 0, 0, 0, 0,
    0, 0, 0, 0, 0, 0, 0, 0,
    0, 0, 0, 0, 0, 0, 0, 0,
    0, 0, 0, 0, 0, 0, 0, 0,
    0, 0, 0, 0, 0, 0, 0, 0,
    0, 0, 0, 0, 0, 0, 0, 0,
    0, 0, 0, 0, 0, 0, 0, 0,
    0, 0, 0, 0, 0, 0, 0, 0,
    0, 0, 0, 0, 0, 0, 0, 0,
    0, 0, 0, 0, 0, 0, 0, 0,
    0, 0, 0, 0, 0, 0, 0, 0,
    0, 0, 0, 0, 0, 0, 0, 0,
    0, 0, 0, 0, 0, 0, 0, 0,
    0, 0, 0, 0, 0, 0, 0, 0,
    0, 0, 0, 0, 0, 0, 0, 0,
    0, 0, 0, 0, 0, 0, 0, 0,
    0, 0, 0, 0, 0, 0, 0, 8,
    8, 8, 0, 8, 35, 36, 9, 35,
    36, 9, 0, 0, 8, 9, 37
};

/*Map glyph_ids to kern right classes*/
static const uint8_t kern_right_class_mapping[] =
{
    0, 0, 1, 2, 0, 3, 4, 5,
    2, 0, 6, 7, 8, 9, 8, 9,
    10, 11, 12, 13, 14, 15, 16, 11,
    17, 18, 19, 20, 20, 0, 0, 0,
    21, 22, 0, 0, 0, 0, 0, 0,
    0, 0, 0, 0, 0, 0, 0, 0,
    0, 0, 0, 0, 0, 0, 0, 0,
    0, 0, 0, 0, 23, 24, 25, 0,
    26, 0, 0, 0, 0, 0, 0, 0,
    0, 0, 0, 0, 0, 0, 0, 0,
    0, 0, 0, 0, 0, 0, 0, 0,
    0, 0, 0, 0, 0, 0, 25, 8,
    0, 27, 28, 29, 30, 31, 0, 32,
    0, 22, 0, 8, 8, 22, 0, 33,
    8, 0, 0, 0, 34, 35, 8, 0,
    0, 0, 36, 0, 0, 0, 37, 0,
    0, 0, 0, 0, 0, 0, 0, 0,
    0, 0, 0, 0, 0, 0, 0, 0,
    0, 0, 0, 0, 0, 0, 0, 0,
    0, 0, 0, 0, 0, 0, 0, 0,
    0, 0, 0, 0, 0, 0, 0, 0,
    0, 0, 0, 0, 0, 0, 0, 0,
    0, 0, 0, 0, 0, 0, 8, 0,
    0, 0, 0, 0, 0, 0, 0, 0,
    0, 0, 0, 0, 0, 0, 0, 0,
    0, 0, 0, 0, 0, 0, 0, 0,
    0, 0, 0, 0, 0, 0, 0, 0,
    0, 0, 0, 0, 0, 0, 0, 0,
    0, 0, 0, 0, 0, 0, 0, 0,
    0, 0, 0, 0, 0, 0, 0, 0,
    0, 0, 0, 0, 0, 0, 0, 0,
    0, 0, 0, 0, 0, 0, 0, 0,
    0, 0, 0, 0, 0, 0, 0, 0,
    0, 0, 0, 0, 0, 0, 0, 0,
    0, 0, 0, 0, 0, 0, 0, 0,
    0, 0, 0, 0, 0, 0, 0, 0,
    0, 0, 0, 0, 0, 0, 0, 0,
    0, 0, 0, 0, 0, 0, 0, 0,
    0, 0, 0, 0, 0, 0, 0, 0,
    0, 0, 0, 0, 0, 0, 0, 0,
    0, 0, 0, 0, 0, 0, 0, 0,
    0, 0, 0, 0, 0, 0, 0, 0,
    0, 0, 0, 0, 0, 0, 0, 0,
    0, 0, 0, 0, 0, 0, 0, 0,
    0, 0, 0, 0, 0, 0, 0, 0,
    0, 0, 0, 0, 0, 0, 0, 0,
    0, 0, 0, 0, 0, 0, 0, 0,
    0, 0, 0, 0, 0, 0, 0, 0,
    0, 0, 0, 0, 0, 0, 0, 0,
    0, 0, 0, 0, 0, 0, 0, 0,
    0, 0, 0, 0, 0, 0, 0, 0,
    0, 0, 0, 0, 0, 0, 0, 8,
    8, 8, 0, 8, 38, 39, 9, 38,
    39, 9, 40, 40, 8, 9, 30
};

/*Kern values between classes*/
static const int8_t kern_class_values[] =
{
    0, 2, 0, 0, 0, 0, 3, 0,
    2, 0, 0, 4, 0, 0, 0, 0,
    2, 0, 0, 0, 0, 0, 0, 0,
    2, 0, 0, 0, 0, 0, 8, 0,
    0, 0, 0, 0, 0, 2, 2, 0,
    2, 19, 0, 10, -7, 0, 8, 0,
    -23, -25, 2, 18, 7, 6, -17, 2,
    17, 0, 15, 4, 11, -6, 0, 25,
    5, -2, 0, -6, 0, -8, 8, 0,
    8, 0, 14, 0, -12, 0, 0, 0,
    0, -12, 0, 0, 0, 0, -8, 6,
    8, 0, 0, -4, 0, -2, 4, 0,
    -4, 0, -4, -2, -8, 0, 0, -4,
    0, -8, -1, 0, 0, 0, 0, 0,
    -6, 0, 0, 0, -4, -10, -4, 0,
    0, -10, 0, -52, 0, -8, -21, 8,
    12, 0, 0, -8, 4, 4, 13, 8,
    -6, 8, 0, 0, -22, 0, 0, -14,
    0, 0, 0, 11, 0, 0, 0, 0,
    -10, 0, 0, 0, 0, -8, -8, 0,
    -5, -17, 0, -17, -2, 0, -12, 0,
    -2, 12, 0, -12, -5, -2, 2, 0,
    -6, 0, 0, -3, -27, 0, 0, -33,
    -5, 9, -4, 0, 0, 0, 0, 0,
    -21, 0, -23, 0, -2, -11, -6, 0,
    0, 0, 0, 0, 0, 0, 0, 0,
    0, 15, 0, 4, 0, 0, -8, 0,
    0, 0, 0, 0, 0, 0, 0, 18,
    5, 2, 0, 0, 0, 0, 11, 0,
    0, 0, 0, 0, 0, 0, 0, 0,
    3, 8, 4, 12, -4, 0, 8, -4,
    -15, -55, 2, 10, 8, -1, -5, 0,
    10, 0, 11, 0, 11, 0, 0, 0,
    2, -4, 0, -5, 0, 2, 0, 0,
    12, 0, 14, 7, -32, 12, 12, 0,
    0, 0, -6, -14, 0, 0, -4, 2,
    -3, 0, 2, -9, -7, -8, 2, 0,
    -4, 0, 0, 0, -17, 2, 0, -27,
    0, 0, 0, 4, 0, 2, -11, 4,
    0, 0, -35, -4, 0, 0, 0, 0,
    2, -23, 4, -27, 0, 0, -15, -3,
    0, 37, -5, -7, 4, 4, 0, 0,
    -7, 4, 0, 0, -23, -8, 0, -39,
    0, 4, 2, -3, 0, -4, -12, 0,
    -27, 0, -59, 2, 4, -9, -9, 0,
    0, 25, -8, 0, -14, 15, 0, -30,
    -39, -30, -8, 12, 0, 0, -27, 0,
    3, -11, 0, -6, 0, -8, 0, 6,
    12, -49, -27, -27, -4, 0, 17, -8,
    18, -27, 0, -17, -31, 17, 20, 0,
    0, 2, 0, 0, 0, 0, 2, 2,
    -5, -8, 0, -2, -2, -4, 0, 0,
    -2, 0, 0, 0, -8, 0, 0, -8,
    0, -8, 0, 0, 0, 0, -5, 0,
    0, 0, 0, 0, -12, 0, 0, 0,
    0, 0, 0, 4, -2, 0, 0, -2,
    4, 4, 0, 0, 0, 0, -4, 0,
    0, 0, 0, 0, 0, 0, 0, -2,
    0, 12, 0, -4, 0, 0, 0, 0,
    0, 0, 0, 0, 0, 0, 0, 0,
    0, -4, 0, -4, 0, 0, 0, 0,
    0, 0, 0, 0, -2, -2, 0, -4,
    -4, 0, 0, 0, 0, 0, 0, 0,
    0, 0, 0, 0, 0, 0, 0, 0,
    -6, 0, 0, 0, 0, 0, 0, 0,
    0, -12, -2, -12, 8, 0, -8, 4,
    8, 10, 0, -10, 0, -3, 0, 0,
    -17, 4, -2, 3, -23, 4, 0, -21,
    0, 8, 0, 7, 4, 4, -4, 10,
    -12, 0, -10, 0, 4, -11, -4, 0,
    0, 0, 0, -4, 0, 0, -4, 0,
    0, 0, 0, 0, -2, -2, 0, -2,
    -5, 0, 0, 0, 0, 0, 0, -4,
    0, 0, 0, 0, 0, 0, 0, 0,
    -3, 0, 0, 0, 0, 0, 0, 0,
    0, -2, 0, -8, 4, 0, -3, 2,
    4, 4, 0, 0, 0, 0, 0, 0,
    -2, 0, 0, 0, 0, 0, 0, 0,
    0, 0, 0, 3, 0, 4, 0, 8,
    -6, 0, 0, 0, 0, -4, 0, 0,
    0, 12, -2, 2, -11, 0, 10, -21,
    -20, -16, -8, 4, 0, -3, -27, -7,
    0, -7, 0, -8, 6, -7, 0, 4,
    3, -12, -10, -21, -5, -8, 7, -4,
    4, -8, 10, -6, -24, 4, 8, 0,
    0, 0, 0, -4, 0, 0, 2, 0,
    4, 0, 0, 0, 0, 0, 0, 0,
    0, 0, 0, 0, -4, 0, 0, -12,
    0, 0, 0, 0, 0, 0, -4, 4,
    0, 0, 0, 0, -8, -2, 0, 0,
    0, 4, 0, 0, 0, 0, 0, 0,
    0, 22, 0, 0, 0, 0, 0, 0,
    2, 0, 0, 0, -4, 0, 0, -9,
    0, 4, 0, 0, 0, 0, -17, 0,
    0, 0, 0, 0, 0, 0, 0, 0,
    -2, 0, 0, 0, -4, 0, 3, 0,
    -21, -12, 0, 0, 0, -6, -21, 0,
    0, -4, 4, 0, -12, -2, -3, 0,
    0, -6, -2, -4, 0, 0, -6, 0,
    4, 0, 0, 4, -42, 11, 11, 0,
    0, -6, 0, 0, 0, 3, 0, 2,
    -8, -8, 0, -4, -4, -5, 0, 0,
    0, 0, 0, 0, -12, 0, 0, -8,
    5, -12, 0, 0, 0, 0, 0, 0,
    4, 0, 0, 0, -8, -3, -6, 0,
    2, 5, 0, 0, 0, 5, 2, -2,
    0, 18, 0, 10, 2, 2, -7, 0,
    8, 0, 0, 0, 5, 0, 0, 12,
    0, 14, 2, 0, 0, 0, 11, 0,
    0, 0, 2, 0, 0, 0, 0, 0,
    0, -25, 0, -4, 6, 12, -55, 0,
    37, 3, -8, -8, 4, 4, -2, 2,
    -21, 0, 0, 22, -25, -8, 0, -30,
    18, 58, 17, 0, 0, 0, 0, 12,
    -25, 0, -12, 2, 12, -20, -20, 0,
    0, -2, 8, -10, 0, 2, -4, 0,
    4, 50, -8, -3, 11, 10, -10, 4,
    0, 0, 4, 4, -7, -12, 0, -54,
    14, 0, 8, -10, 6, -2, -4, 10,
    0, 0, -22, 4, 0, 0, 0, 0,
    0, 0, 0, 0, 0, 0, 0, 0,
    2, 17, 0, -8, 0, 0, 0, 0,
    0, 0, 0, 0, -2, 0, 0, -23,
    2, 8, 0, 0, 0, 0, -8, 0,
    0, 0, 0, 0, 0, 2, 2, 0,
    0, 0, 0, 0, -7, -10, 7, -8,
    8, 0, -2, -9, -2, -6, -4, 0,
    -3, -2, -2, 3, -8, -2, -2, -18,
    -2, 0, 0, -3, 0, 0, 0, -2,
    7, 0, 0, 0, -2, 9, 11, 8,
    0, 0, -4, 0, -13, 0, 6, -12,
    -2, 5, -14, 6, -4, -4, -10, -7,
    2, -13, -8, -12, 0, -5, 0, 6,
    2, 6, -10, -12, 0, 0, 0, -4,
    0, -8, 3, -7, -8, -2, 2, -8,
    0, 0, 0, 0, 0, 0, 2, 2,
    -4, 0, 0, 0, -3, 0, 0, 0,
    -3, 0, 0, 0, 0, 0, 0, 0,
    0, -2, 0, 0, 0, 0, 0, 0,
    0, 0, 0, 0, -2, 0, 0, 0,
    8, 8, 0, 0, 0, 11, 0, -11,
    -12, -12, -5, 12, 0, 4, -4, 0,
    10, -4, 0, -17, 0, 0, 0, 21,
    11, -4, -8, 0, 0, 0, 0, 0,
    0, 0, 0, 0, -17, 0, 5, 0,
    0, 0, 0, 0, 0, 0, 0, 8,
    0, 7, 0, 0, 0, 0, 6, 0,
    2, 4, 0, 0, 0, 0, 0, 0,
    0, 2, 0, 2, 0, 0, 0, 0,
    0, 2, 0, 0, 0, 4, 4, 0,
    0, 0, 0, 0, 0, 0, 7, -4,
    2, 2, 0, -2, 0, 0, 2, 2,
    0, 0, 0, 0, -4, 0, 0, -22,
    0, 4, 0, 0, 0, 0, 0, 0,
    0, 0, 0, 0, 2, 0, 0, 0,
    0, 8, 8, 11, 0, 0, 12, 0,
    -27, -22, 0, 19, 12, 7, -17, 2,
    15, 0, 14, 0, 8, 4, 0, 23,
    0, 0, 0, -7, 0, 0, 0, 0,
    0, 0, 0, 0, -24, 0, 0, 0,
    0, 0, -3, 0, 0, 0, 0, 0,
    0, 0, 0, -2, 0, 0, 0, 0,
    0, 0, 0, 0, 11, 0, 0, -27,
    0, 0, 0, 0, 0, 0, 0, 0,
    0, 0, 0, 0, 0, 0, 0, 0,
    -2, -19, 0, -25, -6, 0, -36, -17,
    2, 17, -22, -19, 0, 0, -19, 0,
    -19, -19, 0, -2, -57, -23, 0, -35,
    5, 21, 0, -19, 5, -4, -21, 2,
    -26, -3, -38, -4, -6, -11, -8, 0,
    2, 0, 4, 17, -3, 0, 12, 0,
    -9, -20, 0, 14, 3, 4, -14, 0,
    15, -2, 11, 0, 14, 0, 0, 20,
    0, 0, 2, -4, 0, 0, 0, 4,
    0, 12, 14, 0, -12, 14, 14, 0,
    2, 0, 4, 17, -3, 0, 12, 0,
    -9, -20, 0, 18, 8, 6, -24, 0,
    10, 0, 4, 0, 14, 0, 0, 20,
    0, 0, 2, -10, 0, 0, 5, 4,
    0, 0, 14, 0, -12, 14, 14, 0,
    0, 0, -2, 0, -8, 0, 8, -2,
    5, 0, -8, 4, -2, 0, -6, -4,
    0, -5, -4, -3, 0, -13, 0, -4,
    0, 4, -4, -8, 0, 0, 0, -2,
    4, 0, 2, -2, -3, -1, 4, 0
};


/*Collect the kern class' data in one place*/
static const lv_font_fmt_txt_kern_classes_t kern_classes =
{
    .class_pair_values   = kern_class_values,
    .left_class_mapping  = kern_left_class_mapping,
    .right_class_mapping = kern_right_class_mapping,
    .left_class_cnt      = 37,
    .right_class_cnt     = 40,
};

/*--------------------
 *  ALL CUSTOM DATA
 *--------------------*/

#if LVGL_VERSION_MAJOR == 8
/*Store all the custom data of the font*/
static  lv_font_fmt_txt_glyph_cache_t cache;
#endif

#if LVGL_VERSION_MAJOR >= 8
static const lv_font_fmt_txt_dsc_t font_dsc = {
#else
static lv_font_fmt_txt_dsc_t font_dsc = {
#endif
    .glyph_bitmap = glyph_bitmap,
    .glyph_dsc = glyph_dsc,
    .cmaps = cmaps,
    .kern_dsc = &kern_classes,
    .kern_scale = 16,
    .cmap_num = 5,
    .bpp = 4,
    .kern_classes = 1,
    .bitmap_format = 0,
#if LVGL_VERSION_MAJOR == 8
    .cache = &cache
#endif
};



/*-----------------
 *  PUBLIC FONT
 *----------------*/

/*Initialize a public general font descriptor*/
#if LVGL_VERSION_MAJOR >= 8
const lv_font_t lv_font_md_h2_26 = {
#else
lv_font_t lv_font_md_h2_26 = {
#endif
    .get_glyph_dsc = lv_font_get_glyph_dsc_fmt_txt,    /*Function pointer to get glyph's data*/
    .get_glyph_bitmap = lv_font_get_bitmap_fmt_txt,    /*Function pointer to get glyph's bitmap*/
    .line_height = 33,          /*The maximum line height required by the font*/
    .base_line = 7,             /*Baseline measured from the bottom of the line*/
#if !(LVGL_VERSION_MAJOR == 6 && LVGL_VERSION_MINOR == 0)
    .subpx = LV_FONT_SUBPX_NONE,
#endif
#if LV_VERSION_CHECK(7, 4, 0) || LVGL_VERSION_MAJOR >= 8
    .underline_position = -3,
    .underline_thickness = 1,
#endif
    .dsc = &font_dsc,          /*The custom font data. Will be accessed by `get_glyph_bitmap/dsc` */
#if LV_VERSION_CHECK(8, 2, 0) || LVGL_VERSION_MAJOR >= 9
    .fallback = NULL,
#endif
    .user_data = NULL,
};



#endif /*#if LV_FONT_MD_H2_26*/

