/*******************************************************************************
 * Size: 20 px
 * Bpp: 4
 * Opts: --size 20 --bpp 4 --format lvgl --font C:\Temp\opencode\Montserrat-Bold.ttf -r 0x20-0x7F -r 0xA0-0xFF -r 0x100-0x17F -r 0x400-0x45F -r 0x2010-0x2027 -r 0x20AC --no-compress --no-prefilter --lv-include lvgl.h --lv-font-name lv_font_md_bold_20 -o E:\android\omni-chat-myvu-voice\esp32-p4-firmware\main\fonts\lv_font_md_bold_20.c
 ******************************************************************************/

#ifdef LV_LVGL_H_INCLUDE_SIMPLE
#include "lvgl.h"
#else
#include "lvgl.h"
#endif

#ifndef LV_FONT_MD_BOLD_20
#define LV_FONT_MD_BOLD_20 1
#endif

#if LV_FONT_MD_BOLD_20

/*-----------------
 *    BITMAPS
 *----------------*/

/*Store the image of the glyphs*/
static LV_ATTRIBUTE_LARGE_CONST const uint8_t glyph_bitmap[] = {
    /* U+0020 " " */

    /* U+0021 "!" */
    0xe, 0xff, 0xb0, 0xdf, 0xfa, 0xc, 0xff, 0x90,
    0xbf, 0xf8, 0xa, 0xff, 0x70, 0x9f, 0xf6, 0x8,
    0xff, 0x50, 0x7f, 0xf4, 0x6, 0xff, 0x20, 0x13,
    0x30, 0x2, 0x87, 0x0, 0xdf, 0xf9, 0xf, 0xff,
    0xb0, 0x6e, 0xd3,

    /* U+0022 "\"" */
    0xf, 0xf9, 0xe, 0xfb, 0xf, 0xf9, 0xd, 0xfb,
    0xe, 0xf8, 0xd, 0xfa, 0xe, 0xf8, 0xc, 0xfa,
    0xd, 0xf7, 0xb, 0xf9, 0x9, 0xb5, 0x8, 0xb6,

    /* U+0023 "#" */
    0x0, 0x0, 0xbf, 0x80, 0x8, 0xfb, 0x0, 0x0,
    0x0, 0xdf, 0x60, 0xa, 0xf9, 0x0, 0x0, 0x0,
    0xff, 0x40, 0xc, 0xf7, 0x0, 0xe, 0xff, 0xff,
    0xff, 0xff, 0xff, 0xff, 0xe, 0xff, 0xff, 0xff,
    0xff, 0xff, 0xff, 0x2, 0x37, 0xfe, 0x33, 0x5f,
    0xf4, 0x32, 0x0, 0x7, 0xfc, 0x0, 0x4f, 0xf0,
    0x0, 0x0, 0x9, 0xfa, 0x0, 0x6f, 0xd0, 0x0,
    0x13, 0x3b, 0xfa, 0x33, 0x9f, 0xc3, 0x31, 0x9f,
    0xff, 0xff, 0xff, 0xff, 0xff, 0xf5, 0x9f, 0xff,
    0xff, 0xff, 0xff, 0xff, 0xf5, 0x0, 0xf, 0xf3,
    0x0, 0xdf, 0x60, 0x0, 0x0, 0x2f, 0xf0, 0x0,
    0xff, 0x40, 0x0, 0x0, 0x4f, 0xe0, 0x2, 0xff,
    0x20, 0x0,

    /* U+0024 "$" */
    0x0, 0x0, 0x7, 0xf7, 0x0, 0x0, 0x0, 0x0,
    0x0, 0x8f, 0x80, 0x0, 0x0, 0x0, 0x0, 0x8,
    0xf8, 0x0, 0x0, 0x0, 0x0, 0x7c, 0xff, 0xfe,
    0xb5, 0x0, 0x2, 0xdf, 0xff, 0xff, 0xff, 0xf6,
    0x0, 0xbf, 0xff, 0xdf, 0xcb, 0xff, 0x10, 0x1f,
    0xff, 0x38, 0xf8, 0x1, 0x40, 0x1, 0xff, 0xf4,
    0x8f, 0x80, 0x0, 0x0, 0xe, 0xff, 0xfe, 0xf8,
    0x0, 0x0, 0x0, 0x4f, 0xff, 0xff, 0xfe, 0x81,
    0x0, 0x0, 0x29, 0xef, 0xff, 0xff, 0xf4, 0x0,
    0x0, 0x0, 0x9f, 0xef, 0xff, 0xe0, 0x0, 0x0,
    0x8, 0xf8, 0x4f, 0xff, 0x20, 0x77, 0x0, 0x8f,
    0x82, 0xff, 0xf1, 0xe, 0xff, 0xbc, 0xfd, 0xef,
    0xfc, 0x3, 0xff, 0xff, 0xff, 0xff, 0xfd, 0x20,
    0x1, 0x7c, 0xef, 0xff, 0xc7, 0x0, 0x0, 0x0,
    0x0, 0x8f, 0x80, 0x0, 0x0, 0x0, 0x0, 0x8,
    0xf8, 0x0, 0x0, 0x0,

    /* U+0025 "%" */
    0x1, 0xaf, 0xfa, 0x10, 0x0, 0x1, 0xef, 0x60,
    0x0, 0xcf, 0xdc, 0xfc, 0x0, 0x0, 0xaf, 0xb0,
    0x0, 0x3f, 0xd0, 0xc, 0xf4, 0x0, 0x5f, 0xe1,
    0x0, 0x6, 0xf9, 0x0, 0x8f, 0x60, 0x1e, 0xf5,
    0x0, 0x0, 0x5f, 0xa0, 0x9, 0xf6, 0xb, 0xfa,
    0x0, 0x0, 0x2, 0xfe, 0x22, 0xef, 0x26, 0xfe,
    0x10, 0x0, 0x0, 0x8, 0xff, 0xff, 0x82, 0xff,
    0x41, 0x79, 0x71, 0x0, 0x5, 0x99, 0x50, 0xcf,
    0x91, 0xef, 0xff, 0xe1, 0x0, 0x0, 0x0, 0x7f,
    0xe0, 0x9f, 0x90, 0x8f, 0xa0, 0x0, 0x0, 0x2f,
    0xf4, 0xd, 0xf2, 0x1, 0xfe, 0x0, 0x0, 0xc,
    0xf9, 0x0, 0xef, 0x10, 0xf, 0xf0, 0x0, 0x7,
    0xfd, 0x0, 0xb, 0xf5, 0x4, 0xfc, 0x0, 0x3,
    0xff, 0x30, 0x0, 0x4f, 0xfb, 0xff, 0x40, 0x0,
    0xdf, 0x80, 0x0, 0x0, 0x5d, 0xfd, 0x60,

    /* U+0026 "&" */
    0x0, 0x1, 0x9d, 0xfe, 0xb3, 0x0, 0x0, 0x0,
    0x1, 0xef, 0xff, 0xff, 0xf3, 0x0, 0x0, 0x0,
    0x7f, 0xfa, 0x25, 0xff, 0xa0, 0x0, 0x0, 0x9,
    0xff, 0x40, 0xf, 0xfa, 0x0, 0x0, 0x0, 0x6f,
    0xfa, 0x9, 0xff, 0x50, 0x0, 0x0, 0x0, 0xcf,
    0xff, 0xff, 0x80, 0x0, 0x0, 0x0, 0x9, 0xff,
    0xff, 0x50, 0x1, 0x0, 0x0, 0x1d, 0xff, 0xef,
    0xfd, 0x20, 0xed, 0x60, 0xc, 0xff, 0x70, 0xaf,
    0xfe, 0x8f, 0xf7, 0x2, 0xff, 0xd0, 0x0, 0x8f,
    0xff, 0xff, 0x10, 0x3f, 0xfe, 0x10, 0x0, 0x7f,
    0xff, 0xb0, 0x0, 0xef, 0xfe, 0x87, 0xaf, 0xff,
    0xff, 0x80, 0x4, 0xff, 0xff, 0xff, 0xff, 0xaf,
    0xfb, 0x0, 0x1, 0x8d, 0xff, 0xd9, 0x30, 0x3b,
    0x0,

    /* U+0027 "'" */
    0xf, 0xf9, 0xf, 0xf9, 0xe, 0xf8, 0xe, 0xf8,
    0xd, 0xf7, 0x9, 0xb5,

    /* U+0028 "(" */
    0x0, 0x3d, 0xda, 0x0, 0xcf, 0xf4, 0x3, 0xff,
    0xd0, 0x9, 0xff, 0x70, 0xe, 0xff, 0x20, 0x1f,
    0xff, 0x0, 0x4f, 0xfc, 0x0, 0x6f, 0xfa, 0x0,
    0x7f, 0xf9, 0x0, 0x8f, 0xf8, 0x0, 0x7f, 0xf9,
    0x0, 0x6f, 0xf9, 0x0, 0x5f, 0xfb, 0x0, 0x2f,
    0xfe, 0x0, 0xf, 0xff, 0x10, 0xa, 0xff, 0x60,
    0x4, 0xff, 0xc0, 0x0, 0xdf, 0xf3, 0x0, 0x5f,
    0xfb,

    /* U+0029 ")" */
    0x8d, 0xd5, 0x0, 0x2f, 0xfe, 0x0, 0xa, 0xff,
    0x60, 0x5, 0xff, 0xb0, 0x0, 0xff, 0xf1, 0x0,
    0xcf, 0xf4, 0x0, 0x9f, 0xf7, 0x0, 0x7f, 0xf9,
    0x0, 0x6f, 0xfa, 0x0, 0x6f, 0xfa, 0x0, 0x6f,
    0xfa, 0x0, 0x7f, 0xf9, 0x0, 0x9f, 0xf7, 0x0,
    0xcf, 0xf4, 0x0, 0xff, 0xf1, 0x4, 0xff, 0xc0,
    0xa, 0xff, 0x70, 0x1f, 0xfe, 0x10, 0x8f, 0xf7,
    0x0,

    /* U+002A "*" */
    0x0, 0x9, 0xf4, 0x0, 0x0, 0x91, 0x9f, 0x44,
    0x80, 0x8f, 0xfd, 0xfc, 0xff, 0x30, 0x8f, 0xff,
    0xfd, 0x50, 0x7, 0xef, 0xff, 0xd4, 0x8, 0xff,
    0xdf, 0xdf, 0xf3, 0x1a, 0x29, 0xf4, 0x48, 0x0,
    0x0, 0x9f, 0x40, 0x0,

    /* U+002B "+" */
    0x0, 0x1, 0x55, 0x10, 0x0, 0x0, 0x4, 0xff,
    0x40, 0x0, 0x0, 0x4, 0xff, 0x40, 0x0, 0x0,
    0x4, 0xff, 0x40, 0x0, 0xcf, 0xff, 0xff, 0xff,
    0xfc, 0xcf, 0xff, 0xff, 0xff, 0xfc, 0x57, 0x79,
    0xff, 0x97, 0x75, 0x0, 0x4, 0xff, 0x40, 0x0,
    0x0, 0x4, 0xff, 0x40, 0x0, 0x0, 0x4, 0xff,
    0x40, 0x0,

    /* U+002C "," */
    0x7, 0xc9, 0x2, 0xff, 0xf7, 0x3f, 0xff, 0x80,
    0x9f, 0xf3, 0x6, 0xfd, 0x0, 0xbf, 0x70, 0xf,
    0xf1, 0x0,

    /* U+002D "-" */
    0x78, 0x88, 0x85, 0xff, 0xff, 0xfb, 0xff, 0xff,
    0xfb,

    /* U+002E "." */
    0x7, 0xda, 0x3, 0xff, 0xf7, 0x3f, 0xff, 0x70,
    0x9f, 0xb1,

    /* U+002F "/" */
    0x0, 0x0, 0x0, 0x3f, 0xf8, 0x0, 0x0, 0x0,
    0x9f, 0xf3, 0x0, 0x0, 0x0, 0xef, 0xd0, 0x0,
    0x0, 0x4, 0xff, 0x80, 0x0, 0x0, 0xa, 0xff,
    0x20, 0x0, 0x0, 0xf, 0xfc, 0x0, 0x0, 0x0,
    0x5f, 0xf7, 0x0, 0x0, 0x0, 0xaf, 0xf1, 0x0,
    0x0, 0x0, 0xff, 0xc0, 0x0, 0x0, 0x5, 0xff,
    0x60, 0x0, 0x0, 0xb, 0xff, 0x10, 0x0, 0x0,
    0x1f, 0xfb, 0x0, 0x0, 0x0, 0x6f, 0xf6, 0x0,
    0x0, 0x0, 0xbf, 0xf0, 0x0, 0x0, 0x1, 0xff,
    0xa0, 0x0, 0x0, 0x7, 0xff, 0x50, 0x0, 0x0,
    0xc, 0xff, 0x0, 0x0, 0x0, 0x2f, 0xfa, 0x0,
    0x0, 0x0, 0x7f, 0xf4, 0x0, 0x0, 0x0,

    /* U+0030 "0" */
    0x0, 0x1, 0x8d, 0xfe, 0xb5, 0x0, 0x0, 0x3,
    0xef, 0xff, 0xff, 0xfa, 0x0, 0x0, 0xef, 0xff,
    0xde, 0xff, 0xf8, 0x0, 0x8f, 0xfe, 0x30, 0x9,
    0xff, 0xf1, 0xd, 0xff, 0x70, 0x0, 0xd, 0xff,
    0x61, 0xff, 0xf2, 0x0, 0x0, 0x9f, 0xfa, 0x2f,
    0xff, 0x10, 0x0, 0x8, 0xff, 0xb2, 0xff, 0xf1,
    0x0, 0x0, 0x8f, 0xfb, 0x1f, 0xff, 0x20, 0x0,
    0x9, 0xff, 0xa0, 0xef, 0xf7, 0x0, 0x0, 0xdf,
    0xf7, 0x8, 0xff, 0xe3, 0x0, 0x8f, 0xff, 0x10,
    0x1e, 0xff, 0xfd, 0xef, 0xff, 0x80, 0x0, 0x3e,
    0xff, 0xff, 0xff, 0xa0, 0x0, 0x0, 0x18, 0xdf,
    0xeb, 0x50, 0x0,

    /* U+0031 "1" */
    0xdf, 0xff, 0xff, 0x3d, 0xff, 0xff, 0xf3, 0x89,
    0xaf, 0xff, 0x30, 0x1, 0xff, 0xf3, 0x0, 0x1f,
    0xff, 0x30, 0x1, 0xff, 0xf3, 0x0, 0x1f, 0xff,
    0x30, 0x1, 0xff, 0xf3, 0x0, 0x1f, 0xff, 0x30,
    0x1, 0xff, 0xf3, 0x0, 0x1f, 0xff, 0x30, 0x1,
    0xff, 0xf3, 0x0, 0x1f, 0xff, 0x30, 0x1, 0xff,
    0xf3,

    /* U+0032 "2" */
    0x0, 0x5b, 0xef, 0xeb, 0x60, 0x0, 0x1c, 0xff,
    0xff, 0xff, 0xfb, 0x0, 0xbf, 0xff, 0xdc, 0xef,
    0xff, 0x60, 0x8, 0xd2, 0x0, 0xc, 0xff, 0xb0,
    0x0, 0x0, 0x0, 0x8, 0xff, 0xb0, 0x0, 0x0,
    0x0, 0xc, 0xff, 0x80, 0x0, 0x0, 0x0, 0x8f,
    0xff, 0x10, 0x0, 0x0, 0x8, 0xff, 0xf4, 0x0,
    0x0, 0x0, 0xaf, 0xff, 0x50, 0x0, 0x0, 0xb,
    0xff, 0xf4, 0x0, 0x0, 0x1, 0xcf, 0xfe, 0x30,
    0x0, 0x0, 0x1d, 0xff, 0xfc, 0xaa, 0xaa, 0xa2,
    0x5f, 0xff, 0xff, 0xff, 0xff, 0xf3, 0x5f, 0xff,
    0xff, 0xff, 0xff, 0xf3,

    /* U+0033 "3" */
    0x5, 0xff, 0xff, 0xff, 0xff, 0xf7, 0x0, 0x5f,
    0xff, 0xff, 0xff, 0xff, 0x70, 0x3, 0x99, 0x99,
    0x9d, 0xff, 0xf2, 0x0, 0x0, 0x0, 0x3, 0xff,
    0xf3, 0x0, 0x0, 0x0, 0x2, 0xef, 0xf5, 0x0,
    0x0, 0x0, 0x1, 0xef, 0xfa, 0x10, 0x0, 0x0,
    0x0, 0x3f, 0xff, 0xff, 0x80, 0x0, 0x0, 0x3,
    0xdd, 0xff, 0xff, 0x70, 0x0, 0x0, 0x0, 0x0,
    0xaf, 0xfe, 0x0, 0x0, 0x0, 0x0, 0x3, 0xff,
    0xf1, 0x1, 0xb4, 0x0, 0x0, 0x9f, 0xff, 0x0,
    0x8f, 0xff, 0xcc, 0xef, 0xff, 0x90, 0xb, 0xff,
    0xff, 0xff, 0xff, 0xc0, 0x0, 0x4, 0x9d, 0xff,
    0xeb, 0x50, 0x0,

    /* U+0034 "4" */
    0x0, 0x0, 0x0, 0x3f, 0xff, 0x40, 0x0, 0x0,
    0x0, 0x0, 0xdf, 0xf8, 0x0, 0x0, 0x0, 0x0,
    0xa, 0xff, 0xc0, 0x0, 0x0, 0x0, 0x0, 0x6f,
    0xfe, 0x10, 0x0, 0x0, 0x0, 0x2, 0xff, 0xf5,
    0x0, 0x0, 0x0, 0x0, 0xd, 0xff, 0x90, 0x34,
    0x41, 0x0, 0x0, 0xaf, 0xfd, 0x0, 0xbf, 0xf5,
    0x0, 0x6, 0xff, 0xf2, 0x0, 0xbf, 0xf5, 0x0,
    0x2f, 0xff, 0xea, 0xaa, 0xef, 0xfc, 0xa6, 0x6f,
    0xff, 0xff, 0xff, 0xff, 0xff, 0xf9, 0x6f, 0xff,
    0xff, 0xff, 0xff, 0xff, 0xf9, 0x0, 0x0, 0x0,
    0x0, 0xdf, 0xf5, 0x0, 0x0, 0x0, 0x0, 0x0,
    0xdf, 0xf5, 0x0, 0x0, 0x0, 0x0, 0x0, 0xdf,
    0xf5, 0x0,

    /* U+0035 "5" */
    0x1, 0xff, 0xff, 0xff, 0xff, 0x80, 0x3, 0xff,
    0xff, 0xff, 0xff, 0x80, 0x4, 0xff, 0xd9, 0x99,
    0x99, 0x40, 0x6, 0xff, 0x90, 0x0, 0x0, 0x0,
    0x7, 0xff, 0x70, 0x0, 0x0, 0x0, 0x9, 0xff,
    0xff, 0xed, 0x81, 0x0, 0xa, 0xff, 0xff, 0xff,
    0xff, 0x40, 0x7, 0xaa, 0xaa, 0xdf, 0xff, 0xe0,
    0x0, 0x0, 0x0, 0x4, 0xff, 0xf4, 0x0, 0x0,
    0x0, 0x0, 0xff, 0xf5, 0xa, 0x60, 0x0, 0x6,
    0xff, 0xf2, 0x4f, 0xff, 0xdc, 0xef, 0xff, 0xc0,
    0x8f, 0xff, 0xff, 0xff, 0xfd, 0x20, 0x2, 0x8c,
    0xef, 0xec, 0x70, 0x0,

    /* U+0036 "6" */
    0x0, 0x0, 0x39, 0xdf, 0xed, 0x93, 0x0, 0x0,
    0xaf, 0xff, 0xff, 0xff, 0x80, 0x0, 0xaf, 0xff,
    0xeb, 0xbd, 0xf1, 0x0, 0x5f, 0xff, 0x60, 0x0,
    0x1, 0x0, 0xc, 0xff, 0x80, 0x0, 0x0, 0x0,
    0x0, 0xff, 0xf5, 0xae, 0xfe, 0x92, 0x0, 0x2f,
    0xff, 0xff, 0xff, 0xff, 0xf3, 0x3, 0xff, 0xff,
    0xc7, 0x8e, 0xff, 0xe0, 0x2f, 0xff, 0xb0, 0x0,
    0x2f, 0xff, 0x30, 0xff, 0xf7, 0x0, 0x0, 0xdf,
    0xf4, 0xa, 0xff, 0xb0, 0x0, 0x2f, 0xff, 0x20,
    0x2f, 0xff, 0xc7, 0x8e, 0xff, 0xc0, 0x0, 0x5f,
    0xff, 0xff, 0xff, 0xe2, 0x0, 0x0, 0x29, 0xdf,
    0xfd, 0x70, 0x0,

    /* U+0037 "7" */
    0x7f, 0xff, 0xff, 0xff, 0xff, 0xfb, 0x7f, 0xff,
    0xff, 0xff, 0xff, 0xfb, 0x7f, 0xfc, 0xaa, 0xaa,
    0xff, 0xf8, 0x7f, 0xf6, 0x0, 0x5, 0xff, 0xf2,
    0x7f, 0xf6, 0x0, 0xc, 0xff, 0xb0, 0x0, 0x0,
    0x0, 0x3f, 0xff, 0x40, 0x0, 0x0, 0x0, 0xaf,
    0xfd, 0x0, 0x0, 0x0, 0x1, 0xff, 0xf6, 0x0,
    0x0, 0x0, 0x8, 0xff, 0xe0, 0x0, 0x0, 0x0,
    0xf, 0xff, 0x80, 0x0, 0x0, 0x0, 0x6f, 0xff,
    0x10, 0x0, 0x0, 0x0, 0xdf, 0xfa, 0x0, 0x0,
    0x0, 0x5, 0xff, 0xf3, 0x0, 0x0, 0x0, 0xc,
    0xff, 0xc0, 0x0, 0x0,

    /* U+0038 "8" */
    0x0, 0x6, 0xbe, 0xfe, 0xc7, 0x10, 0x0, 0x1d,
    0xff, 0xff, 0xff, 0xfe, 0x30, 0x9, 0xff, 0xf9,
    0x68, 0xef, 0xfc, 0x0, 0xcf, 0xf8, 0x0, 0x5,
    0xff, 0xf0, 0x9, 0xff, 0xc2, 0x1, 0xaf, 0xfc,
    0x0, 0x1c, 0xff, 0xff, 0xff, 0xfe, 0x20, 0x1,
    0xbf, 0xff, 0xff, 0xff, 0xd2, 0x0, 0xbf, 0xfe,
    0x64, 0x6d, 0xff, 0xe0, 0x2f, 0xff, 0x30, 0x0,
    0x1f, 0xff, 0x54, 0xff, 0xf0, 0x0, 0x0, 0xdf,
    0xf7, 0x2f, 0xff, 0x50, 0x0, 0x2f, 0xff, 0x50,
    0xcf, 0xff, 0x96, 0x8e, 0xff, 0xe0, 0x1, 0xdf,
    0xff, 0xff, 0xff, 0xe3, 0x0, 0x0, 0x6b, 0xef,
    0xec, 0x71, 0x0,

    /* U+0039 "9" */
    0x0, 0x29, 0xdf, 0xec, 0x70, 0x0, 0x5, 0xff,
    0xff, 0xff, 0xfd, 0x20, 0x2f, 0xff, 0xc7, 0x8d,
    0xff, 0xd0, 0x7f, 0xfc, 0x0, 0x0, 0xdf, 0xf6,
    0x8f, 0xfa, 0x0, 0x0, 0xbf, 0xfb, 0x6f, 0xff,
    0x50, 0x17, 0xff, 0xfd, 0xd, 0xff, 0xff, 0xff,
    0xff, 0xfe, 0x1, 0xcf, 0xff, 0xfe, 0xaf, 0xfd,
    0x0, 0x2, 0x56, 0x40, 0x7f, 0xfc, 0x0, 0x0,
    0x0, 0x0, 0xdf, 0xf7, 0x0, 0x20, 0x0, 0xa,
    0xff, 0xf1, 0x4, 0xfc, 0xab, 0xff, 0xff, 0x60,
    0xc, 0xff, 0xff, 0xff, 0xf7, 0x0, 0x5, 0xbd,
    0xfe, 0xd8, 0x20, 0x0,

    /* U+003A ":" */
    0x9, 0xfb, 0x13, 0xff, 0xf7, 0x3f, 0xff, 0x70,
    0x8d, 0xa0, 0x0, 0x0, 0x0, 0x0, 0x0, 0x0,
    0x0, 0x0, 0x7d, 0xa0, 0x3f, 0xff, 0x73, 0xff,
    0xf7, 0x9, 0xfb, 0x10,

    /* U+003B ";" */
    0x9, 0xfb, 0x13, 0xff, 0xf7, 0x3f, 0xff, 0x70,
    0x8d, 0xa0, 0x0, 0x0, 0x0, 0x0, 0x0, 0x0,
    0x0, 0x0, 0x7c, 0x90, 0x2f, 0xff, 0x73, 0xff,
    0xf8, 0x9, 0xff, 0x30, 0x6f, 0xd0, 0xb, 0xf7,
    0x0, 0xff, 0x10,

    /* U+003C "<" */
    0x0, 0x0, 0x0, 0x2, 0x8a, 0x0, 0x0, 0x5,
    0xcf, 0xfc, 0x0, 0x39, 0xff, 0xff, 0xe7, 0x6d,
    0xff, 0xff, 0xb5, 0x0, 0xcf, 0xfc, 0x71, 0x0,
    0x0, 0xcf, 0xfe, 0x82, 0x0, 0x0, 0x5c, 0xff,
    0xff, 0xc6, 0x10, 0x0, 0x28, 0xef, 0xff, 0xf9,
    0x0, 0x0, 0x4, 0xaf, 0xfc, 0x0, 0x0, 0x0,
    0x1, 0x69,

    /* U+003D "=" */
    0xcf, 0xff, 0xff, 0xff, 0xfc, 0xcf, 0xff, 0xff,
    0xff, 0xfc, 0x57, 0x77, 0x77, 0x77, 0x75, 0x0,
    0x0, 0x0, 0x0, 0x0, 0x0, 0x0, 0x0, 0x0,
    0x0, 0xcf, 0xff, 0xff, 0xff, 0xfc, 0xcf, 0xff,
    0xff, 0xff, 0xfc, 0x57, 0x77, 0x77, 0x77, 0x75,

    /* U+003E ">" */
    0xa8, 0x20, 0x0, 0x0, 0x0, 0xcf, 0xfc, 0x50,
    0x0, 0x0, 0x7e, 0xff, 0xff, 0x93, 0x0, 0x0,
    0x5b, 0xff, 0xff, 0xd6, 0x0, 0x0, 0x17, 0xcf,
    0xfc, 0x0, 0x0, 0x28, 0xef, 0xfc, 0x1, 0x6c,
    0xff, 0xff, 0xc5, 0x9f, 0xff, 0xfe, 0x82, 0x0,
    0xcf, 0xfa, 0x40, 0x0, 0x0, 0x96, 0x10, 0x0,
    0x0, 0x0,

    /* U+003F "?" */
    0x0, 0x5, 0xbe, 0xfe, 0xc7, 0x0, 0x1, 0xcf,
    0xff, 0xff, 0xff, 0xd1, 0xb, 0xff, 0xfb, 0xae,
    0xff, 0xf8, 0x1, 0x8c, 0x20, 0x0, 0xcf, 0xfa,
    0x0, 0x0, 0x0, 0x0, 0xaf, 0xf9, 0x0, 0x0,
    0x0, 0x5, 0xff, 0xf2, 0x0, 0x0, 0x0, 0x6f,
    0xff, 0x40, 0x0, 0x0, 0x3, 0xff, 0xf3, 0x0,
    0x0, 0x0, 0x9, 0xff, 0x70, 0x0, 0x0, 0x0,
    0x0, 0x0, 0x0, 0x0, 0x0, 0x0, 0x2, 0x87,
    0x0, 0x0, 0x0, 0x0, 0xe, 0xff, 0x90, 0x0,
    0x0, 0x0, 0xf, 0xff, 0xb0, 0x0, 0x0, 0x0,
    0x6, 0xed, 0x30, 0x0,

    /* U+0040 "@" */
    0x0, 0x0, 0x0, 0x49, 0xde, 0xfe, 0xd9, 0x40,
    0x0, 0x0, 0x0, 0x0, 0x4d, 0xff, 0xff, 0xef,
    0xff, 0xfc, 0x30, 0x0, 0x0, 0x7, 0xff, 0xd7,
    0x20, 0x0, 0x27, 0xdf, 0xf5, 0x0, 0x0, 0x5f,
    0xf9, 0x0, 0x24, 0x40, 0x15, 0x5b, 0xff, 0x40,
    0x1, 0xff, 0x90, 0x1c, 0xff, 0xfe, 0x8f, 0xf7,
    0x8f, 0xd0, 0x8, 0xfd, 0x0, 0xdf, 0xff, 0xff,
    0xff, 0xf7, 0xd, 0xf5, 0xd, 0xf7, 0x7, 0xff,
    0xc2, 0x5, 0xff, 0xf7, 0x6, 0xfa, 0x1f, 0xf3,
    0xc, 0xff, 0x10, 0x0, 0x8f, 0xf7, 0x3, 0xfd,
    0x2f, 0xf1, 0xe, 0xfd, 0x0, 0x0, 0x4f, 0xf7,
    0x1, 0xfe, 0x2f, 0xf1, 0xe, 0xfe, 0x0, 0x0,
    0x5f, 0xf7, 0x2, 0xfd, 0x1f, 0xf3, 0xb, 0xff,
    0x30, 0x0, 0xaf, 0xf7, 0x5, 0xfb, 0xd, 0xf7,
    0x5, 0xff, 0xe6, 0x49, 0xff, 0xfc, 0x4d, 0xf6,
    0x8, 0xfd, 0x0, 0x9f, 0xff, 0xff, 0xdc, 0xff,
    0xff, 0xc0, 0x1, 0xff, 0x90, 0x6, 0xdf, 0xe9,
    0x11, 0xbf, 0xe9, 0x10, 0x0, 0x5f, 0xf9, 0x0,
    0x0, 0x0, 0x0, 0x0, 0x0, 0x0, 0x0, 0x7,
    0xff, 0xd7, 0x20, 0x0, 0x38, 0x50, 0x0, 0x0,
    0x0, 0x0, 0x4d, 0xff, 0xff, 0xff, 0xff, 0xc0,
    0x0, 0x0, 0x0, 0x0, 0x0, 0x59, 0xde, 0xfe,
    0xc9, 0x30, 0x0, 0x0,

    /* U+0041 "A" */
    0x0, 0x0, 0x0, 0x2f, 0xff, 0x70, 0x0, 0x0,
    0x0, 0x0, 0x0, 0x9, 0xff, 0xfe, 0x0, 0x0,
    0x0, 0x0, 0x0, 0x1, 0xff, 0xff, 0xf6, 0x0,
    0x0, 0x0, 0x0, 0x0, 0x8f, 0xfb, 0xff, 0xd0,
    0x0, 0x0, 0x0, 0x0, 0xe, 0xff, 0x1d, 0xff,
    0x40, 0x0, 0x0, 0x0, 0x6, 0xff, 0xa0, 0x6f,
    0xfb, 0x0, 0x0, 0x0, 0x0, 0xdf, 0xf4, 0x0,
    0xff, 0xf2, 0x0, 0x0, 0x0, 0x4f, 0xfd, 0x0,
    0x9, 0xff, 0x90, 0x0, 0x0, 0xb, 0xff, 0xb7,
    0x77, 0x9f, 0xff, 0x10, 0x0, 0x2, 0xff, 0xff,
    0xff, 0xff, 0xff, 0xf8, 0x0, 0x0, 0xaf, 0xff,
    0xff, 0xff, 0xff, 0xff, 0xe0, 0x0, 0x1f, 0xff,
    0x20, 0x0, 0x0, 0xe, 0xff, 0x60, 0x8, 0xff,
    0xc0, 0x0, 0x0, 0x0, 0x8f, 0xfd, 0x0, 0xef,
    0xf5, 0x0, 0x0, 0x0, 0x1, 0xff, 0xf4,

    /* U+0042 "B" */
    0x5f, 0xff, 0xff, 0xff, 0xfc, 0x81, 0x0, 0x5f,
    0xff, 0xff, 0xff, 0xff, 0xfe, 0x10, 0x5f, 0xfe,
    0x77, 0x77, 0xbf, 0xff, 0x90, 0x5f, 0xfe, 0x0,
    0x0, 0x9, 0xff, 0xc0, 0x5f, 0xfe, 0x0, 0x0,
    0x9, 0xff, 0xa0, 0x5f, 0xfe, 0x66, 0x66, 0x9f,
    0xff, 0x30, 0x5f, 0xff, 0xff, 0xff, 0xff, 0xf6,
    0x0, 0x5f, 0xff, 0xff, 0xff, 0xff, 0xff, 0x60,
    0x5f, 0xfe, 0x0, 0x0, 0x17, 0xff, 0xf2, 0x5f,
    0xfe, 0x0, 0x0, 0x0, 0xdf, 0xf6, 0x5f, 0xfe,
    0x0, 0x0, 0x0, 0xef, 0xf7, 0x5f, 0xfe, 0x77,
    0x77, 0x8d, 0xff, 0xf3, 0x5f, 0xff, 0xff, 0xff,
    0xff, 0xff, 0x90, 0x5f, 0xff, 0xff, 0xff, 0xfe,
    0xa4, 0x0,

    /* U+0043 "C" */
    0x0, 0x0, 0x17, 0xce, 0xfe, 0xb6, 0x0, 0x0,
    0x0, 0x6f, 0xff, 0xff, 0xff, 0xfd, 0x20, 0x0,
    0x8f, 0xff, 0xfe, 0xce, 0xff, 0xfd, 0x0, 0x4f,
    0xff, 0xc3, 0x0, 0x3, 0xcd, 0x20, 0xb, 0xff,
    0xd0, 0x0, 0x0, 0x0, 0x10, 0x0, 0xff, 0xf5,
    0x0, 0x0, 0x0, 0x0, 0x0, 0x2f, 0xff, 0x10,
    0x0, 0x0, 0x0, 0x0, 0x2, 0xff, 0xf1, 0x0,
    0x0, 0x0, 0x0, 0x0, 0xf, 0xff, 0x50, 0x0,
    0x0, 0x0, 0x0, 0x0, 0xcf, 0xfd, 0x0, 0x0,
    0x0, 0x1, 0x0, 0x4, 0xff, 0xfc, 0x30, 0x0,
    0x3c, 0xd2, 0x0, 0x8, 0xff, 0xff, 0xec, 0xef,
    0xff, 0xd0, 0x0, 0x7, 0xff, 0xff, 0xff, 0xff,
    0xd3, 0x0, 0x0, 0x1, 0x8c, 0xef, 0xeb, 0x60,
    0x0,

    /* U+0044 "D" */
    0x5f, 0xff, 0xff, 0xff, 0xda, 0x40, 0x0, 0x5,
    0xff, 0xff, 0xff, 0xff, 0xff, 0xc2, 0x0, 0x5f,
    0xff, 0xaa, 0xab, 0xef, 0xff, 0xe2, 0x5, 0xff,
    0xe0, 0x0, 0x0, 0x5f, 0xff, 0xc0, 0x5f, 0xfe,
    0x0, 0x0, 0x0, 0x4f, 0xff, 0x45, 0xff, 0xe0,
    0x0, 0x0, 0x0, 0xcf, 0xf8, 0x5f, 0xfe, 0x0,
    0x0, 0x0, 0x9, 0xff, 0xa5, 0xff, 0xe0, 0x0,
    0x0, 0x0, 0x9f, 0xfa, 0x5f, 0xfe, 0x0, 0x0,
    0x0, 0xc, 0xff, 0x85, 0xff, 0xe0, 0x0, 0x0,
    0x4, 0xff, 0xf4, 0x5f, 0xfe, 0x0, 0x0, 0x5,
    0xff, 0xfc, 0x5, 0xff, 0xfa, 0xaa, 0xbe, 0xff,
    0xfe, 0x20, 0x5f, 0xff, 0xff, 0xff, 0xff, 0xfc,
    0x20, 0x5, 0xff, 0xff, 0xff, 0xfd, 0xa5, 0x0,
    0x0,

    /* U+0045 "E" */
    0x5f, 0xff, 0xff, 0xff, 0xff, 0xf3, 0x5f, 0xff,
    0xff, 0xff, 0xff, 0xf3, 0x5f, 0xff, 0x99, 0x99,
    0x99, 0x92, 0x5f, 0xfe, 0x0, 0x0, 0x0, 0x0,
    0x5f, 0xfe, 0x0, 0x0, 0x0, 0x0, 0x5f, 0xff,
    0x88, 0x88, 0x88, 0x30, 0x5f, 0xff, 0xff, 0xff,
    0xff, 0x60, 0x5f, 0xff, 0xff, 0xff, 0xff, 0x60,
    0x5f, 0xfe, 0x0, 0x0, 0x0, 0x0, 0x5f, 0xfe,
    0x0, 0x0, 0x0, 0x0, 0x5f, 0xfe, 0x0, 0x0,
    0x0, 0x0, 0x5f, 0xff, 0xaa, 0xaa, 0xaa, 0xa5,
    0x5f, 0xff, 0xff, 0xff, 0xff, 0xf8, 0x5f, 0xff,
    0xff, 0xff, 0xff, 0xf8,

    /* U+0046 "F" */
    0x5f, 0xff, 0xff, 0xff, 0xff, 0xf3, 0x5f, 0xff,
    0xff, 0xff, 0xff, 0xf3, 0x5f, 0xff, 0x99, 0x99,
    0x99, 0x92, 0x5f, 0xfe, 0x0, 0x0, 0x0, 0x0,
    0x5f, 0xfe, 0x0, 0x0, 0x0, 0x0, 0x5f, 0xfe,
    0x0, 0x0, 0x0, 0x0, 0x5f, 0xff, 0x99, 0x99,
    0x99, 0x30, 0x5f, 0xff, 0xff, 0xff, 0xff, 0x60,
    0x5f, 0xff, 0xff, 0xff, 0xff, 0x60, 0x5f, 0xfe,
    0x0, 0x0, 0x0, 0x0, 0x5f, 0xfe, 0x0, 0x0,
    0x0, 0x0, 0x5f, 0xfe, 0x0, 0x0, 0x0, 0x0,
    0x5f, 0xfe, 0x0, 0x0, 0x0, 0x0, 0x5f, 0xfe,
    0x0, 0x0, 0x0, 0x0,

    /* U+0047 "G" */
    0x0, 0x0, 0x17, 0xce, 0xfe, 0xc7, 0x10, 0x0,
    0x0, 0x6f, 0xff, 0xff, 0xff, 0xfe, 0x50, 0x0,
    0x8f, 0xff, 0xfe, 0xcd, 0xff, 0xff, 0x10, 0x4f,
    0xff, 0xc3, 0x0, 0x2, 0xae, 0x30, 0xb, 0xff,
    0xd0, 0x0, 0x0, 0x0, 0x10, 0x0, 0xff, 0xf5,
    0x0, 0x0, 0x0, 0x0, 0x0, 0x2f, 0xff, 0x10,
    0x0, 0x0, 0x2, 0x33, 0x2, 0xff, 0xf1, 0x0,
    0x0, 0x0, 0xef, 0xf1, 0xf, 0xff, 0x50, 0x0,
    0x0, 0xe, 0xff, 0x10, 0xcf, 0xfd, 0x0, 0x0,
    0x0, 0xef, 0xf1, 0x4, 0xff, 0xfc, 0x30, 0x0,
    0x1e, 0xff, 0x10, 0x8, 0xff, 0xff, 0xec, 0xdf,
    0xff, 0xf1, 0x0, 0x7, 0xff, 0xff, 0xff, 0xff,
    0xf9, 0x0, 0x0, 0x1, 0x8c, 0xef, 0xec, 0x82,
    0x0,

    /* U+0048 "H" */
    0x5f, 0xfe, 0x0, 0x0, 0x0, 0xbf, 0xf8, 0x5f,
    0xfe, 0x0, 0x0, 0x0, 0xbf, 0xf8, 0x5f, 0xfe,
    0x0, 0x0, 0x0, 0xbf, 0xf8, 0x5f, 0xfe, 0x0,
    0x0, 0x0, 0xbf, 0xf8, 0x5f, 0xfe, 0x0, 0x0,
    0x0, 0xbf, 0xf8, 0x5f, 0xff, 0xcc, 0xcc, 0xcc,
    0xff, 0xf8, 0x5f, 0xff, 0xff, 0xff, 0xff, 0xff,
    0xf8, 0x5f, 0xff, 0xff, 0xff, 0xff, 0xff, 0xf8,
    0x5f, 0xfe, 0x0, 0x0, 0x0, 0xbf, 0xf8, 0x5f,
    0xfe, 0x0, 0x0, 0x0, 0xbf, 0xf8, 0x5f, 0xfe,
    0x0, 0x0, 0x0, 0xbf, 0xf8, 0x5f, 0xfe, 0x0,
    0x0, 0x0, 0xbf, 0xf8, 0x5f, 0xfe, 0x0, 0x0,
    0x0, 0xbf, 0xf8, 0x5f, 0xfe, 0x0, 0x0, 0x0,
    0xbf, 0xf8,

    /* U+0049 "I" */
    0x5f, 0xfe, 0x5f, 0xfe, 0x5f, 0xfe, 0x5f, 0xfe,
    0x5f, 0xfe, 0x5f, 0xfe, 0x5f, 0xfe, 0x5f, 0xfe,
    0x5f, 0xfe, 0x5f, 0xfe, 0x5f, 0xfe, 0x5f, 0xfe,
    0x5f, 0xfe, 0x5f, 0xfe,

    /* U+004A "J" */
    0x0, 0xdf, 0xff, 0xff, 0xff, 0x40, 0xd, 0xff,
    0xff, 0xff, 0xf4, 0x0, 0x89, 0x99, 0x9f, 0xff,
    0x40, 0x0, 0x0, 0x0, 0xff, 0xf4, 0x0, 0x0,
    0x0, 0xf, 0xff, 0x40, 0x0, 0x0, 0x0, 0xff,
    0xf4, 0x0, 0x0, 0x0, 0xf, 0xff, 0x40, 0x0,
    0x0, 0x0, 0xff, 0xf4, 0x0, 0x0, 0x0, 0xf,
    0xff, 0x40, 0x0, 0x0, 0x0, 0xff, 0xf3, 0x2,
    0xd3, 0x0, 0x5f, 0xff, 0x11, 0xdf, 0xfc, 0xbf,
    0xff, 0xc0, 0xb, 0xff, 0xff, 0xff, 0xf3, 0x0,
    0x6, 0xbe, 0xfe, 0xa2, 0x0,

    /* U+004B "K" */
    0x5f, 0xfe, 0x0, 0x0, 0x6, 0xff, 0xf4, 0x5,
    0xff, 0xe0, 0x0, 0x5, 0xff, 0xf4, 0x0, 0x5f,
    0xfe, 0x0, 0x4, 0xff, 0xf5, 0x0, 0x5, 0xff,
    0xe0, 0x4, 0xff, 0xf6, 0x0, 0x0, 0x5f, 0xfe,
    0x3, 0xff, 0xf7, 0x0, 0x0, 0x5, 0xff, 0xe3,
    0xff, 0xf8, 0x0, 0x0, 0x0, 0x5f, 0xff, 0xef,
    0xff, 0x20, 0x0, 0x0, 0x5, 0xff, 0xff, 0xff,
    0xfd, 0x0, 0x0, 0x0, 0x5f, 0xff, 0xfc, 0xff,
    0xfa, 0x0, 0x0, 0x5, 0xff, 0xfb, 0x7, 0xff,
    0xf7, 0x0, 0x0, 0x5f, 0xfe, 0x0, 0xa, 0xff,
    0xf4, 0x0, 0x5, 0xff, 0xe0, 0x0, 0xc, 0xff,
    0xe1, 0x0, 0x5f, 0xfe, 0x0, 0x0, 0x1e, 0xff,
    0xc0, 0x5, 0xff, 0xe0, 0x0, 0x0, 0x3f, 0xff,
    0x90,

    /* U+004C "L" */
    0x5f, 0xfe, 0x0, 0x0, 0x0, 0x5, 0xff, 0xe0,
    0x0, 0x0, 0x0, 0x5f, 0xfe, 0x0, 0x0, 0x0,
    0x5, 0xff, 0xe0, 0x0, 0x0, 0x0, 0x5f, 0xfe,
    0x0, 0x0, 0x0, 0x5, 0xff, 0xe0, 0x0, 0x0,
    0x0, 0x5f, 0xfe, 0x0, 0x0, 0x0, 0x5, 0xff,
    0xe0, 0x0, 0x0, 0x0, 0x5f, 0xfe, 0x0, 0x0,
    0x0, 0x5, 0xff, 0xe0, 0x0, 0x0, 0x0, 0x5f,
    0xfe, 0x0, 0x0, 0x0, 0x5, 0xff, 0xfa, 0xaa,
    0xaa, 0xa9, 0x5f, 0xff, 0xff, 0xff, 0xff, 0xe5,
    0xff, 0xff, 0xff, 0xff, 0xfe,

    /* U+004D "M" */
    0x5f, 0xfa, 0x0, 0x0, 0x0, 0x0, 0x9, 0xff,
    0x65, 0xff, 0xf3, 0x0, 0x0, 0x0, 0x2, 0xff,
    0xf6, 0x5f, 0xff, 0xd0, 0x0, 0x0, 0x0, 0xbf,
    0xff, 0x65, 0xff, 0xff, 0x70, 0x0, 0x0, 0x5f,
    0xff, 0xf6, 0x5f, 0xff, 0xff, 0x10, 0x0, 0xe,
    0xff, 0xff, 0x65, 0xff, 0xff, 0xfa, 0x0, 0x8,
    0xff, 0xff, 0xf6, 0x5f, 0xfb, 0xdf, 0xf4, 0x2,
    0xff, 0xda, 0xff, 0x65, 0xff, 0xb4, 0xff, 0xd0,
    0xbf, 0xf4, 0x9f, 0xf6, 0x5f, 0xfb, 0xa, 0xff,
    0xbf, 0xfa, 0x9, 0xff, 0x65, 0xff, 0xb0, 0x1f,
    0xff, 0xff, 0x10, 0x9f, 0xf6, 0x5f, 0xfb, 0x0,
    0x6f, 0xff, 0x70, 0x9, 0xff, 0x65, 0xff, 0xb0,
    0x0, 0xdf, 0xd0, 0x0, 0x9f, 0xf6, 0x5f, 0xfb,
    0x0, 0x3, 0x83, 0x0, 0x9, 0xff, 0x65, 0xff,
    0xb0, 0x0, 0x0, 0x0, 0x0, 0x9f, 0xf6,

    /* U+004E "N" */
    0x5f, 0xfb, 0x0, 0x0, 0x0, 0xbf, 0xf8, 0x5f,
    0xff, 0x90, 0x0, 0x0, 0xbf, 0xf8, 0x5f, 0xff,
    0xf6, 0x0, 0x0, 0xbf, 0xf8, 0x5f, 0xff, 0xff,
    0x30, 0x0, 0xbf, 0xf8, 0x5f, 0xff, 0xff, 0xe1,
    0x0, 0xbf, 0xf8, 0x5f, 0xff, 0xff, 0xfc, 0x0,
    0xbf, 0xf8, 0x5f, 0xfd, 0x5f, 0xff, 0xa0, 0xbf,
    0xf8, 0x5f, 0xfd, 0x7, 0xff, 0xf7, 0xbf, 0xf8,
    0x5f, 0xfd, 0x0, 0xaf, 0xff, 0xef, 0xf8, 0x5f,
    0xfd, 0x0, 0xc, 0xff, 0xff, 0xf8, 0x5f, 0xfd,
    0x0, 0x1, 0xef, 0xff, 0xf8, 0x5f, 0xfd, 0x0,
    0x0, 0x3f, 0xff, 0xf8, 0x5f, 0xfd, 0x0, 0x0,
    0x6, 0xff, 0xf8, 0x5f, 0xfd, 0x0, 0x0, 0x0,
    0x9f, 0xf8,

    /* U+004F "O" */
    0x0, 0x0, 0x17, 0xce, 0xfe, 0xb6, 0x0, 0x0,
    0x0, 0x0, 0x6f, 0xff, 0xff, 0xff, 0xfe, 0x50,
    0x0, 0x0, 0x7f, 0xff, 0xfe, 0xce, 0xff, 0xff,
    0x60, 0x0, 0x3f, 0xff, 0xc3, 0x0, 0x4, 0xdf,
    0xff, 0x20, 0xb, 0xff, 0xd0, 0x0, 0x0, 0x1,
    0xef, 0xf9, 0x0, 0xff, 0xf5, 0x0, 0x0, 0x0,
    0x7, 0xff, 0xe0, 0x2f, 0xff, 0x10, 0x0, 0x0,
    0x0, 0x4f, 0xff, 0x2, 0xff, 0xf1, 0x0, 0x0,
    0x0, 0x4, 0xff, 0xf0, 0xf, 0xff, 0x50, 0x0,
    0x0, 0x0, 0x7f, 0xfe, 0x0, 0xbf, 0xfd, 0x0,
    0x0, 0x0, 0x1e, 0xff, 0x90, 0x4, 0xff, 0xfc,
    0x30, 0x0, 0x3d, 0xff, 0xf2, 0x0, 0x8, 0xff,
    0xff, 0xec, 0xef, 0xff, 0xf6, 0x0, 0x0, 0x6,
    0xff, 0xff, 0xff, 0xff, 0xe5, 0x0, 0x0, 0x0,
    0x1, 0x7c, 0xef, 0xeb, 0x70, 0x0, 0x0,

    /* U+0050 "P" */
    0x5f, 0xff, 0xff, 0xfe, 0xd8, 0x10, 0x5, 0xff,
    0xff, 0xff, 0xff, 0xff, 0x50, 0x5f, 0xff, 0xaa,
    0xac, 0xff, 0xff, 0x25, 0xff, 0xe0, 0x0, 0x2,
    0xef, 0xf8, 0x5f, 0xfe, 0x0, 0x0, 0x9, 0xff,
    0xb5, 0xff, 0xe0, 0x0, 0x0, 0x9f, 0xfb, 0x5f,
    0xfe, 0x0, 0x0, 0x2e, 0xff, 0x85, 0xff, 0xfa,
    0xaa, 0xcf, 0xff, 0xf2, 0x5f, 0xff, 0xff, 0xff,
    0xff, 0xf5, 0x5, 0xff, 0xff, 0xff, 0xed, 0x81,
    0x0, 0x5f, 0xfe, 0x0, 0x0, 0x0, 0x0, 0x5,
    0xff, 0xe0, 0x0, 0x0, 0x0, 0x0, 0x5f, 0xfe,
    0x0, 0x0, 0x0, 0x0, 0x5, 0xff, 0xe0, 0x0,
    0x0, 0x0, 0x0,

    /* U+0051 "Q" */
    0x0, 0x0, 0x17, 0xce, 0xfe, 0xb6, 0x0, 0x0,
    0x0, 0x0, 0x5f, 0xff, 0xff, 0xff, 0xfe, 0x40,
    0x0, 0x0, 0x6f, 0xff, 0xfe, 0xde, 0xff, 0xff,
    0x40, 0x0, 0x3f, 0xff, 0xd3, 0x0, 0x4, 0xef,
    0xff, 0x10, 0xb, 0xff, 0xe1, 0x0, 0x0, 0x2,
    0xff, 0xf8, 0x0, 0xff, 0xf6, 0x0, 0x0, 0x0,
    0x8, 0xff, 0xd0, 0x2f, 0xff, 0x20, 0x0, 0x0,
    0x0, 0x4f, 0xff, 0x2, 0xff, 0xf1, 0x0, 0x0,
    0x0, 0x3, 0xff, 0xf0, 0x1f, 0xff, 0x30, 0x0,
    0x0, 0x0, 0x6f, 0xff, 0x0, 0xdf, 0xfa, 0x0,
    0x0, 0x0, 0xc, 0xff, 0xb0, 0x6, 0xff, 0xf7,
    0x0, 0x0, 0x9, 0xff, 0xf4, 0x0, 0xc, 0xff,
    0xfc, 0x65, 0x7d, 0xff, 0xfa, 0x0, 0x0, 0x1c,
    0xff, 0xff, 0xff, 0xff, 0xfb, 0x0, 0x0, 0x0,
    0x7, 0xef, 0xff, 0xff, 0xd6, 0x0, 0x0, 0x0,
    0x0, 0x0, 0x29, 0xff, 0xf9, 0x20, 0x6b, 0x0,
    0x0, 0x0, 0x0, 0x8, 0xff, 0xff, 0xff, 0xf8,
    0x0, 0x0, 0x0, 0x0, 0x4, 0xdf, 0xff, 0xfc,
    0x10, 0x0, 0x0, 0x0, 0x0, 0x0, 0x36, 0x63,
    0x0,

    /* U+0052 "R" */
    0x5f, 0xff, 0xff, 0xff, 0xd8, 0x20, 0x0, 0x5f,
    0xff, 0xff, 0xff, 0xff, 0xf5, 0x0, 0x5f, 0xff,
    0xaa, 0xac, 0xff, 0xff, 0x20, 0x5f, 0xfe, 0x0,
    0x0, 0x2e, 0xff, 0x90, 0x5f, 0xfe, 0x0, 0x0,
    0x9, 0xff, 0xb0, 0x5f, 0xfe, 0x0, 0x0, 0x9,
    0xff, 0xb0, 0x5f, 0xfe, 0x0, 0x0, 0x2e, 0xff,
    0x80, 0x5f, 0xff, 0x99, 0x9b, 0xff, 0xff, 0x20,
    0x5f, 0xff, 0xff, 0xff, 0xff, 0xf4, 0x0, 0x5f,
    0xff, 0xff, 0xff, 0xff, 0x30, 0x0, 0x5f, 0xfe,
    0x0, 0xc, 0xff, 0xa0, 0x0, 0x5f, 0xfe, 0x0,
    0x2, 0xff, 0xf5, 0x0, 0x5f, 0xfe, 0x0, 0x0,
    0x7f, 0xfe, 0x10, 0x5f, 0xfe, 0x0, 0x0, 0xc,
    0xff, 0xb0,

    /* U+0053 "S" */
    0x0, 0x6, 0xbe, 0xff, 0xd9, 0x40, 0x0, 0x1d,
    0xff, 0xff, 0xff, 0xff, 0x60, 0xb, 0xff, 0xfc,
    0xab, 0xdf, 0xf1, 0x0, 0xff, 0xf5, 0x0, 0x0,
    0x26, 0x0, 0x1f, 0xff, 0x30, 0x0, 0x0, 0x0,
    0x0, 0xef, 0xfe, 0x84, 0x10, 0x0, 0x0, 0x4,
    0xff, 0xff, 0xff, 0xc7, 0x10, 0x0, 0x1, 0x8e,
    0xff, 0xff, 0xff, 0x40, 0x0, 0x0, 0x2, 0x6a,
    0xff, 0xfe, 0x0, 0x0, 0x0, 0x0, 0x3, 0xff,
    0xf2, 0x8, 0x81, 0x0, 0x0, 0x3f, 0xff, 0x11,
    0xff, 0xfd, 0xaa, 0xbf, 0xff, 0xc0, 0x3e, 0xff,
    0xff, 0xff, 0xff, 0xd1, 0x0, 0x5, 0xad, 0xff,
    0xeb, 0x60, 0x0,

    /* U+0054 "T" */
    0xef, 0xff, 0xff, 0xff, 0xff, 0xff, 0x4e, 0xff,
    0xff, 0xff, 0xff, 0xff, 0xf4, 0x9a, 0xaa, 0xcf,
    0xfe, 0xaa, 0xaa, 0x20, 0x0, 0x7, 0xff, 0xc0,
    0x0, 0x0, 0x0, 0x0, 0x7f, 0xfc, 0x0, 0x0,
    0x0, 0x0, 0x7, 0xff, 0xc0, 0x0, 0x0, 0x0,
    0x0, 0x7f, 0xfc, 0x0, 0x0, 0x0, 0x0, 0x7,
    0xff, 0xc0, 0x0, 0x0, 0x0, 0x0, 0x7f, 0xfc,
    0x0, 0x0, 0x0, 0x0, 0x7, 0xff, 0xc0, 0x0,
    0x0, 0x0, 0x0, 0x7f, 0xfc, 0x0, 0x0, 0x0,
    0x0, 0x7, 0xff, 0xc0, 0x0, 0x0, 0x0, 0x0,
    0x7f, 0xfc, 0x0, 0x0, 0x0, 0x0, 0x7, 0xff,
    0xc0, 0x0, 0x0,

    /* U+0055 "U" */
    0x7f, 0xfc, 0x0, 0x0, 0x0, 0xff, 0xf3, 0x7f,
    0xfc, 0x0, 0x0, 0x0, 0xff, 0xf3, 0x7f, 0xfc,
    0x0, 0x0, 0x0, 0xff, 0xf3, 0x7f, 0xfc, 0x0,
    0x0, 0x0, 0xff, 0xf3, 0x7f, 0xfc, 0x0, 0x0,
    0x0, 0xff, 0xf3, 0x7f, 0xfc, 0x0, 0x0, 0x0,
    0xff, 0xf3, 0x7f, 0xfc, 0x0, 0x0, 0x0, 0xff,
    0xf3, 0x7f, 0xfc, 0x0, 0x0, 0x0, 0xff, 0xf3,
    0x6f, 0xfd, 0x0, 0x0, 0x1, 0xff, 0xf2, 0x4f,
    0xff, 0x10, 0x0, 0x4, 0xff, 0xf0, 0xe, 0xff,
    0xb1, 0x0, 0x3d, 0xff, 0xb0, 0x7, 0xff, 0xff,
    0xdd, 0xff, 0xff, 0x30, 0x0, 0x9f, 0xff, 0xff,
    0xff, 0xf5, 0x0, 0x0, 0x4, 0xae, 0xff, 0xd9,
    0x20, 0x0,

    /* U+0056 "V" */
    0xe, 0xff, 0x80, 0x0, 0x0, 0x0, 0x5f, 0xfe,
    0x0, 0x8f, 0xfe, 0x0, 0x0, 0x0, 0xb, 0xff,
    0x70, 0x1, 0xff, 0xf6, 0x0, 0x0, 0x2, 0xff,
    0xf1, 0x0, 0xa, 0xff, 0xc0, 0x0, 0x0, 0x9f,
    0xf9, 0x0, 0x0, 0x3f, 0xff, 0x30, 0x0, 0x1f,
    0xff, 0x20, 0x0, 0x0, 0xcf, 0xfa, 0x0, 0x7,
    0xff, 0xb0, 0x0, 0x0, 0x6, 0xff, 0xf1, 0x0,
    0xef, 0xf4, 0x0, 0x0, 0x0, 0xe, 0xff, 0x80,
    0x5f, 0xfd, 0x0, 0x0, 0x0, 0x0, 0x8f, 0xfe,
    0xc, 0xff, 0x70, 0x0, 0x0, 0x0, 0x1, 0xff,
    0xf9, 0xff, 0xf0, 0x0, 0x0, 0x0, 0x0, 0xa,
    0xff, 0xff, 0xf9, 0x0, 0x0, 0x0, 0x0, 0x0,
    0x3f, 0xff, 0xff, 0x20, 0x0, 0x0, 0x0, 0x0,
    0x0, 0xcf, 0xff, 0xb0, 0x0, 0x0, 0x0, 0x0,
    0x0, 0x5, 0xff, 0xf4, 0x0, 0x0, 0x0,

    /* U+0057 "W" */
    0x6f, 0xfe, 0x0, 0x0, 0x0, 0xef, 0xf6, 0x0,
    0x0, 0x7, 0xff, 0xa1, 0xff, 0xf4, 0x0, 0x0,
    0x3f, 0xff, 0xb0, 0x0, 0x0, 0xcf, 0xf5, 0xb,
    0xff, 0x90, 0x0, 0x9, 0xff, 0xff, 0x10, 0x0,
    0x1f, 0xff, 0x0, 0x6f, 0xfe, 0x0, 0x0, 0xef,
    0xff, 0xf6, 0x0, 0x6, 0xff, 0xa0, 0x1, 0xff,
    0xf3, 0x0, 0x4f, 0xfe, 0xff, 0xb0, 0x0, 0xcf,
    0xf5, 0x0, 0xc, 0xff, 0x80, 0x9, 0xff, 0x6f,
    0xff, 0x0, 0x1f, 0xff, 0x0, 0x0, 0x6f, 0xfe,
    0x0, 0xef, 0xf0, 0xaf, 0xf5, 0x6, 0xff, 0xa0,
    0x0, 0x1, 0xff, 0xf3, 0x4f, 0xfa, 0x5, 0xff,
    0xa0, 0xcf, 0xf5, 0x0, 0x0, 0xc, 0xff, 0x89,
    0xff, 0x50, 0xf, 0xff, 0x2f, 0xff, 0x0, 0x0,
    0x0, 0x7f, 0xfd, 0xef, 0xf0, 0x0, 0xbf, 0xfb,
    0xff, 0xb0, 0x0, 0x0, 0x1, 0xff, 0xff, 0xfa,
    0x0, 0x5, 0xff, 0xff, 0xf6, 0x0, 0x0, 0x0,
    0xc, 0xff, 0xff, 0x50, 0x0, 0x1f, 0xff, 0xff,
    0x10, 0x0, 0x0, 0x0, 0x7f, 0xff, 0xf0, 0x0,
    0x0, 0xbf, 0xff, 0xb0, 0x0, 0x0, 0x0, 0x1,
    0xff, 0xfa, 0x0, 0x0, 0x6, 0xff, 0xf6, 0x0,
    0x0,

    /* U+0058 "X" */
    0x5f, 0xff, 0x50, 0x0, 0x1, 0xef, 0xf8, 0x0,
    0x9f, 0xff, 0x10, 0x0, 0xaf, 0xfc, 0x0, 0x0,
    0xdf, 0xfc, 0x0, 0x6f, 0xff, 0x20, 0x0, 0x3,
    0xff, 0xf7, 0x2f, 0xff, 0x50, 0x0, 0x0, 0x7,
    0xff, 0xfd, 0xff, 0xa0, 0x0, 0x0, 0x0, 0xc,
    0xff, 0xff, 0xd0, 0x0, 0x0, 0x0, 0x0, 0x1f,
    0xff, 0xf3, 0x0, 0x0, 0x0, 0x0, 0x3, 0xff,
    0xff, 0x80, 0x0, 0x0, 0x0, 0x1, 0xef, 0xff,
    0xff, 0x40, 0x0, 0x0, 0x0, 0xaf, 0xfd, 0xaf,
    0xfe, 0x10, 0x0, 0x0, 0x6f, 0xff, 0x31, 0xef,
    0xfb, 0x0, 0x0, 0x2f, 0xff, 0x70, 0x4, 0xff,
    0xf6, 0x0, 0xd, 0xff, 0xc0, 0x0, 0x9, 0xff,
    0xf2, 0x9, 0xff, 0xf2, 0x0, 0x0, 0xd, 0xff,
    0xd0,

    /* U+0059 "Y" */
    0x1e, 0xff, 0x70, 0x0, 0x0, 0xa, 0xff, 0x80,
    0x6f, 0xff, 0x10, 0x0, 0x4, 0xff, 0xd0, 0x0,
    0xcf, 0xfa, 0x0, 0x0, 0xdf, 0xf4, 0x0, 0x3,
    0xff, 0xf3, 0x0, 0x7f, 0xfb, 0x0, 0x0, 0x9,
    0xff, 0xd0, 0x1f, 0xff, 0x20, 0x0, 0x0, 0x1e,
    0xff, 0x7b, 0xff, 0x80, 0x0, 0x0, 0x0, 0x6f,
    0xff, 0xff, 0xd0, 0x0, 0x0, 0x0, 0x0, 0xcf,
    0xff, 0xf4, 0x0, 0x0, 0x0, 0x0, 0x2, 0xff,
    0xfb, 0x0, 0x0, 0x0, 0x0, 0x0, 0xd, 0xff,
    0x60, 0x0, 0x0, 0x0, 0x0, 0x0, 0xdf, 0xf6,
    0x0, 0x0, 0x0, 0x0, 0x0, 0xd, 0xff, 0x60,
    0x0, 0x0, 0x0, 0x0, 0x0, 0xdf, 0xf6, 0x0,
    0x0, 0x0, 0x0, 0x0, 0xd, 0xff, 0x60, 0x0,
    0x0,

    /* U+005A "Z" */
    0x1f, 0xff, 0xff, 0xff, 0xff, 0xff, 0xb1, 0xff,
    0xff, 0xff, 0xff, 0xff, 0xfb, 0xa, 0xaa, 0xaa,
    0xaa, 0xef, 0xff, 0x60, 0x0, 0x0, 0x0, 0x4f,
    0xff, 0x80, 0x0, 0x0, 0x0, 0x2f, 0xff, 0xb0,
    0x0, 0x0, 0x0, 0x1d, 0xff, 0xd0, 0x0, 0x0,
    0x0, 0xb, 0xff, 0xe2, 0x0, 0x0, 0x0, 0x9,
    0xff, 0xf4, 0x0, 0x0, 0x0, 0x6, 0xff, 0xf6,
    0x0, 0x0, 0x0, 0x4, 0xff, 0xf9, 0x0, 0x0,
    0x0, 0x2, 0xef, 0xfb, 0x0, 0x0, 0x0, 0x0,
    0xdf, 0xff, 0xba, 0xaa, 0xaa, 0xaa, 0x3f, 0xff,
    0xff, 0xff, 0xff, 0xff, 0xf3, 0xff, 0xff, 0xff,
    0xff, 0xff, 0xff,

    /* U+005B "[" */
    0x5f, 0xff, 0xff, 0x15, 0xff, 0xff, 0xf1, 0x5f,
    0xfe, 0x77, 0x5, 0xff, 0xc0, 0x0, 0x5f, 0xfc,
    0x0, 0x5, 0xff, 0xc0, 0x0, 0x5f, 0xfc, 0x0,
    0x5, 0xff, 0xc0, 0x0, 0x5f, 0xfc, 0x0, 0x5,
    0xff, 0xc0, 0x0, 0x5f, 0xfc, 0x0, 0x5, 0xff,
    0xc0, 0x0, 0x5f, 0xfc, 0x0, 0x5, 0xff, 0xc0,
    0x0, 0x5f, 0xfc, 0x0, 0x5, 0xff, 0xc0, 0x0,
    0x5f, 0xfe, 0x77, 0x5, 0xff, 0xff, 0xf1, 0x5f,
    0xff, 0xff, 0x10,

    /* U+005C "\\" */
    0xbf, 0xf1, 0x0, 0x0, 0x0, 0x5f, 0xf7, 0x0,
    0x0, 0x0, 0xf, 0xfc, 0x0, 0x0, 0x0, 0xa,
    0xff, 0x20, 0x0, 0x0, 0x4, 0xff, 0x70, 0x0,
    0x0, 0x0, 0xef, 0xd0, 0x0, 0x0, 0x0, 0x9f,
    0xf2, 0x0, 0x0, 0x0, 0x4f, 0xf8, 0x0, 0x0,
    0x0, 0xe, 0xfd, 0x0, 0x0, 0x0, 0x9, 0xff,
    0x30, 0x0, 0x0, 0x3, 0xff, 0x90, 0x0, 0x0,
    0x0, 0xdf, 0xe0, 0x0, 0x0, 0x0, 0x8f, 0xf4,
    0x0, 0x0, 0x0, 0x2f, 0xf9, 0x0, 0x0, 0x0,
    0xd, 0xfe, 0x0, 0x0, 0x0, 0x7, 0xff, 0x40,
    0x0, 0x0, 0x2, 0xff, 0xa0, 0x0, 0x0, 0x0,
    0xcf, 0xf0, 0x0, 0x0, 0x0, 0x7f, 0xf5,

    /* U+005D "]" */
    0xbf, 0xff, 0xfb, 0xbf, 0xff, 0xfb, 0x57, 0xbf,
    0xfb, 0x0, 0x6f, 0xfb, 0x0, 0x6f, 0xfb, 0x0,
    0x6f, 0xfb, 0x0, 0x6f, 0xfb, 0x0, 0x6f, 0xfb,
    0x0, 0x6f, 0xfb, 0x0, 0x6f, 0xfb, 0x0, 0x6f,
    0xfb, 0x0, 0x6f, 0xfb, 0x0, 0x6f, 0xfb, 0x0,
    0x6f, 0xfb, 0x0, 0x6f, 0xfb, 0x0, 0x6f, 0xfb,
    0x57, 0xaf, 0xfb, 0xbf, 0xff, 0xfb, 0xbf, 0xff,
    0xfb,

    /* U+005E "^" */
    0x0, 0x2, 0x88, 0x20, 0x0, 0x0, 0xa, 0xff,
    0xb0, 0x0, 0x0, 0x1f, 0xff, 0xf1, 0x0, 0x0,
    0x8f, 0xcc, 0xf8, 0x0, 0x0, 0xef, 0x66, 0xfe,
    0x0, 0x5, 0xfe, 0x0, 0xef, 0x60, 0xc, 0xf9,
    0x0, 0x9f, 0xc0, 0x3f, 0xf2, 0x0, 0x2f, 0xf3,
    0xaf, 0xc0, 0x0, 0xc, 0xfa,

    /* U+005F "_" */
    0xdd, 0xdd, 0xdd, 0xdd, 0xdd, 0xff, 0xff, 0xff,
    0xff, 0xff,

    /* U+0060 "`" */
    0x9, 0xff, 0x90, 0x0, 0x7, 0xff, 0x70, 0x0,
    0x4, 0xff, 0x50,

    /* U+0061 "a" */
    0x0, 0x6b, 0xef, 0xfc, 0x70, 0x0, 0xaf, 0xff,
    0xff, 0xff, 0xc0, 0x3, 0xfc, 0x98, 0xaf, 0xff,
    0x80, 0x1, 0x0, 0x0, 0x5f, 0xfd, 0x0, 0x4a,
    0xcd, 0xdd, 0xff, 0xe0, 0x8f, 0xff, 0xff, 0xff,
    0xff, 0x1f, 0xff, 0x40, 0x2, 0xff, 0xf3, 0xff,
    0xd0, 0x0, 0x4f, 0xff, 0x1f, 0xff, 0x62, 0x5e,
    0xff, 0xf0, 0x9f, 0xff, 0xff, 0xef, 0xff, 0x0,
    0x6d, 0xff, 0xb2, 0xff, 0xf0,

    /* U+0062 "b" */
    0x1, 0x10, 0x0, 0x0, 0x0, 0x0, 0x9, 0xff,
    0x90, 0x0, 0x0, 0x0, 0x0, 0x9f, 0xf9, 0x0,
    0x0, 0x0, 0x0, 0x9, 0xff, 0x90, 0x0, 0x0,
    0x0, 0x0, 0x9f, 0xf9, 0x0, 0x0, 0x0, 0x0,
    0x9, 0xff, 0x96, 0xdf, 0xeb, 0x40, 0x0, 0x9f,
    0xff, 0xff, 0xff, 0xff, 0x80, 0x9, 0xff, 0xff,
    0xba, 0xef, 0xff, 0x50, 0x9f, 0xff, 0x40, 0x0,
    0xbf, 0xfc, 0x9, 0xff, 0xb0, 0x0, 0x2, 0xff,
    0xf0, 0x9f, 0xf8, 0x0, 0x0, 0xf, 0xff, 0x29,
    0xff, 0xb0, 0x0, 0x2, 0xff, 0xf0, 0x9f, 0xff,
    0x40, 0x0, 0xbf, 0xfc, 0x9, 0xff, 0xff, 0xba,
    0xef, 0xff, 0x50, 0x9f, 0xfe, 0xff, 0xff, 0xff,
    0x80, 0x9, 0xff, 0x67, 0xdf, 0xeb, 0x40, 0x0,

    /* U+0063 "c" */
    0x0, 0x3, 0xae, 0xfe, 0xb4, 0x0, 0x0, 0x8f,
    0xff, 0xff, 0xff, 0x80, 0x7, 0xff, 0xfd, 0x9c,
    0xff, 0xf3, 0xe, 0xff, 0x90, 0x0, 0x6c, 0x40,
    0x3f, 0xff, 0x0, 0x0, 0x0, 0x0, 0x5f, 0xfd,
    0x0, 0x0, 0x0, 0x0, 0x3f, 0xff, 0x0, 0x0,
    0x0, 0x0, 0xe, 0xff, 0x80, 0x0, 0x6c, 0x30,
    0x7, 0xff, 0xfd, 0x9b, 0xff, 0xf3, 0x0, 0x8f,
    0xff, 0xff, 0xff, 0x80, 0x0, 0x3, 0xae, 0xfe,
    0xb4, 0x0,

    /* U+0064 "d" */
    0x0, 0x0, 0x0, 0x0, 0x1, 0x11, 0x0, 0x0,
    0x0, 0x0, 0x0, 0xbf, 0xf6, 0x0, 0x0, 0x0,
    0x0, 0xb, 0xff, 0x60, 0x0, 0x0, 0x0, 0x0,
    0xbf, 0xf6, 0x0, 0x0, 0x0, 0x0, 0xb, 0xff,
    0x60, 0x0, 0x5c, 0xef, 0xc5, 0xbf, 0xf6, 0x0,
    0xbf, 0xff, 0xff, 0xff, 0xff, 0x60, 0x8f, 0xff,
    0xda, 0xcf, 0xff, 0xf6, 0xe, 0xff, 0x90, 0x0,
    0x6f, 0xff, 0x63, 0xff, 0xf0, 0x0, 0x0, 0xdf,
    0xf6, 0x4f, 0xfe, 0x0, 0x0, 0xb, 0xff, 0x63,
    0xff, 0xf0, 0x0, 0x0, 0xdf, 0xf6, 0xe, 0xff,
    0x90, 0x0, 0x6f, 0xff, 0x60, 0x8f, 0xff, 0xd9,
    0xcf, 0xff, 0xf6, 0x0, 0xbf, 0xff, 0xff, 0xfe,
    0xff, 0x60, 0x0, 0x6c, 0xff, 0xc5, 0x9f, 0xf6,

    /* U+0065 "e" */
    0x0, 0x4, 0xbe, 0xfe, 0x92, 0x0, 0x0, 0x9f,
    0xff, 0xff, 0xff, 0x60, 0x7, 0xff, 0xe8, 0x69,
    0xff, 0xf3, 0xe, 0xff, 0x20, 0x0, 0x4f, 0xfa,
    0x3f, 0xff, 0xdd, 0xdd, 0xdf, 0xfe, 0x5f, 0xff,
    0xff, 0xff, 0xff, 0xff, 0x3f, 0xfe, 0x0, 0x0,
    0x0, 0x0, 0xe, 0xff, 0x90, 0x0, 0x7, 0x0,
    0x7, 0xff, 0xfd, 0x99, 0xef, 0x90, 0x0, 0x8f,
    0xff, 0xff, 0xff, 0xd0, 0x0, 0x3, 0xad, 0xff,
    0xc7, 0x0,

    /* U+0066 "f" */
    0x0, 0x5, 0xce, 0xfc, 0x20, 0x8, 0xff, 0xff,
    0xf0, 0x0, 0xff, 0xfa, 0x87, 0x0, 0x2f, 0xfe,
    0x0, 0x0, 0xdf, 0xff, 0xff, 0xfa, 0xd, 0xff,
    0xff, 0xff, 0xa0, 0x58, 0xff, 0xf6, 0x64, 0x0,
    0x3f, 0xff, 0x0, 0x0, 0x3, 0xff, 0xf0, 0x0,
    0x0, 0x3f, 0xff, 0x0, 0x0, 0x3, 0xff, 0xf0,
    0x0, 0x0, 0x3f, 0xff, 0x0, 0x0, 0x3, 0xff,
    0xf0, 0x0, 0x0, 0x3f, 0xff, 0x0, 0x0, 0x3,
    0xff, 0xf0, 0x0, 0x0,

    /* U+0067 "g" */
    0x0, 0x6, 0xcf, 0xfc, 0x56, 0xff, 0x80, 0xb,
    0xff, 0xff, 0xff, 0xdf, 0xf8, 0x9, 0xff, 0xfd,
    0x9b, 0xff, 0xff, 0x81, 0xff, 0xf8, 0x0, 0x4,
    0xff, 0xf8, 0x4f, 0xfe, 0x0, 0x0, 0xb, 0xff,
    0x85, 0xff, 0xd0, 0x0, 0x0, 0x9f, 0xf8, 0x3f,
    0xff, 0x20, 0x0, 0xd, 0xff, 0x80, 0xef, 0xfd,
    0x30, 0x2a, 0xff, 0xf8, 0x5, 0xff, 0xff, 0xff,
    0xff, 0xff, 0x80, 0x5, 0xff, 0xff, 0xfe, 0xcf,
    0xf8, 0x0, 0x0, 0x58, 0x85, 0xb, 0xff, 0x60,
    0x6, 0x10, 0x0, 0x3, 0xff, 0xf3, 0x3, 0xff,
    0xb9, 0x8a, 0xff, 0xfc, 0x0, 0x8f, 0xff, 0xff,
    0xff, 0xfd, 0x10, 0x0, 0x39, 0xdf, 0xfe, 0xc7,
    0x0, 0x0,

    /* U+0068 "h" */
    0x8f, 0xf8, 0x0, 0x0, 0x0, 0x0, 0x9f, 0xf9,
    0x0, 0x0, 0x0, 0x0, 0x9f, 0xf9, 0x0, 0x0,
    0x0, 0x0, 0x9f, 0xf9, 0x0, 0x0, 0x0, 0x0,
    0x9f, 0xf9, 0x6c, 0xff, 0xc4, 0x0, 0x9f, 0xff,
    0xff, 0xff, 0xff, 0x60, 0x9f, 0xff, 0xfd, 0xcf,
    0xff, 0xf0, 0x9f, 0xff, 0x50, 0x3, 0xff, 0xf4,
    0x9f, 0xfb, 0x0, 0x0, 0xcf, 0xf6, 0x9f, 0xf9,
    0x0, 0x0, 0xbf, 0xf7, 0x9f, 0xf9, 0x0, 0x0,
    0xbf, 0xf7, 0x9f, 0xf9, 0x0, 0x0, 0xbf, 0xf7,
    0x9f, 0xf9, 0x0, 0x0, 0xbf, 0xf7, 0x9f, 0xf9,
    0x0, 0x0, 0xbf, 0xf7, 0x9f, 0xf9, 0x0, 0x0,
    0xbf, 0xf7,

    /* U+0069 "i" */
    0x5e, 0xe5, 0xdf, 0xfe, 0xbf, 0xfb, 0x6, 0x60,
    0x0, 0x0, 0x9f, 0xf9, 0x9f, 0xf9, 0x9f, 0xf9,
    0x9f, 0xf9, 0x9f, 0xf9, 0x9f, 0xf9, 0x9f, 0xf9,
    0x9f, 0xf9, 0x9f, 0xf9, 0x9f, 0xf9, 0x9f, 0xf9,

    /* U+006A "j" */
    0x0, 0x3, 0xdf, 0x70, 0x0, 0xb, 0xff, 0xf0,
    0x0, 0x9, 0xff, 0xd0, 0x0, 0x0, 0x67, 0x10,
    0x0, 0x0, 0x0, 0x0, 0x0, 0x6, 0xff, 0xb0,
    0x0, 0x6, 0xff, 0xb0, 0x0, 0x6, 0xff, 0xb0,
    0x0, 0x6, 0xff, 0xb0, 0x0, 0x6, 0xff, 0xb0,
    0x0, 0x6, 0xff, 0xb0, 0x0, 0x6, 0xff, 0xb0,
    0x0, 0x6, 0xff, 0xb0, 0x0, 0x6, 0xff, 0xb0,
    0x0, 0x6, 0xff, 0xb0, 0x0, 0x6, 0xff, 0xb0,
    0x0, 0x8, 0xff, 0xa0, 0x2a, 0x8f, 0xff, 0x70,
    0x8f, 0xff, 0xfd, 0x0, 0x7e, 0xfe, 0xa1, 0x0,

    /* U+006B "k" */
    0x8f, 0xf8, 0x0, 0x0, 0x0, 0x0, 0x9, 0xff,
    0x90, 0x0, 0x0, 0x0, 0x0, 0x9f, 0xf9, 0x0,
    0x0, 0x0, 0x0, 0x9, 0xff, 0x90, 0x0, 0x0,
    0x0, 0x0, 0x9f, 0xf9, 0x0, 0x6, 0xff, 0xf5,
    0x9, 0xff, 0x90, 0x6, 0xff, 0xf6, 0x0, 0x9f,
    0xf9, 0x7, 0xff, 0xf6, 0x0, 0x9, 0xff, 0x98,
    0xff, 0xf7, 0x0, 0x0, 0x9f, 0xfe, 0xff, 0xf9,
    0x0, 0x0, 0x9, 0xff, 0xff, 0xff, 0xe1, 0x0,
    0x0, 0x9f, 0xff, 0xff, 0xff, 0xc0, 0x0, 0x9,
    0xff, 0xf4, 0x4f, 0xff, 0x80, 0x0, 0x9f, 0xf9,
    0x0, 0x8f, 0xff, 0x50, 0x9, 0xff, 0x90, 0x0,
    0xbf, 0xff, 0x20, 0x9f, 0xf9, 0x0, 0x1, 0xdf,
    0xfd, 0x0,

    /* U+006C "l" */
    0x8f, 0xf8, 0x9f, 0xf9, 0x9f, 0xf9, 0x9f, 0xf9,
    0x9f, 0xf9, 0x9f, 0xf9, 0x9f, 0xf9, 0x9f, 0xf9,
    0x9f, 0xf9, 0x9f, 0xf9, 0x9f, 0xf9, 0x9f, 0xf9,
    0x9f, 0xf9, 0x9f, 0xf9, 0x9f, 0xf9,

    /* U+006D "m" */
    0x9f, 0xf7, 0x7d, 0xfe, 0xb3, 0x4, 0xbe, 0xfd,
    0x60, 0x9, 0xff, 0xff, 0xff, 0xff, 0xfa, 0xff,
    0xff, 0xff, 0x90, 0x9f, 0xff, 0xfa, 0xaf, 0xff,
    0xff, 0xc9, 0xdf, 0xff, 0x39, 0xff, 0xf2, 0x0,
    0x7f, 0xff, 0xa0, 0x0, 0xef, 0xf7, 0x9f, 0xfb,
    0x0, 0x2, 0xff, 0xf3, 0x0, 0x9, 0xff, 0x99,
    0xff, 0x90, 0x0, 0xf, 0xff, 0x10, 0x0, 0x8f,
    0xfa, 0x9f, 0xf9, 0x0, 0x0, 0xff, 0xf1, 0x0,
    0x8, 0xff, 0xa9, 0xff, 0x90, 0x0, 0xf, 0xff,
    0x10, 0x0, 0x8f, 0xfa, 0x9f, 0xf9, 0x0, 0x0,
    0xff, 0xf1, 0x0, 0x8, 0xff, 0xa9, 0xff, 0x90,
    0x0, 0xf, 0xff, 0x10, 0x0, 0x8f, 0xfa, 0x9f,
    0xf9, 0x0, 0x0, 0xff, 0xf1, 0x0, 0x8, 0xff,
    0xa0,

    /* U+006E "n" */
    0x9f, 0xf7, 0x6c, 0xff, 0xc4, 0x0, 0x9f, 0xff,
    0xff, 0xff, 0xff, 0x60, 0x9f, 0xff, 0xfa, 0xae,
    0xff, 0xf0, 0x9f, 0xff, 0x30, 0x2, 0xff, 0xf4,
    0x9f, 0xfb, 0x0, 0x0, 0xcf, 0xf6, 0x9f, 0xf9,
    0x0, 0x0, 0xbf, 0xf7, 0x9f, 0xf9, 0x0, 0x0,
    0xbf, 0xf7, 0x9f, 0xf9, 0x0, 0x0, 0xbf, 0xf7,
    0x9f, 0xf9, 0x0, 0x0, 0xbf, 0xf7, 0x9f, 0xf9,
    0x0, 0x0, 0xbf, 0xf7, 0x9f, 0xf9, 0x0, 0x0,
    0xbf, 0xf7,

    /* U+006F "o" */
    0x0, 0x3, 0xae, 0xfe, 0xb4, 0x0, 0x0, 0x8,
    0xff, 0xff, 0xff, 0xfa, 0x0, 0x7, 0xff, 0xfd,
    0x9c, 0xff, 0xf8, 0x0, 0xef, 0xf8, 0x0, 0x7,
    0xff, 0xf1, 0x3f, 0xff, 0x0, 0x0, 0xe, 0xff,
    0x55, 0xff, 0xd0, 0x0, 0x0, 0xbf, 0xf6, 0x3f,
    0xff, 0x0, 0x0, 0xe, 0xff, 0x50, 0xef, 0xf8,
    0x0, 0x7, 0xff, 0xf1, 0x7, 0xff, 0xfd, 0x9c,
    0xff, 0xf8, 0x0, 0x8, 0xff, 0xff, 0xff, 0xfa,
    0x0, 0x0, 0x4, 0xae, 0xfe, 0xb4, 0x0, 0x0,

    /* U+0070 "p" */
    0x9f, 0xf7, 0x8d, 0xfe, 0xb4, 0x0, 0x9, 0xff,
    0xff, 0xff, 0xff, 0xf8, 0x0, 0x9f, 0xff, 0xf9,
    0x7c, 0xff, 0xf5, 0x9, 0xff, 0xf2, 0x0, 0xa,
    0xff, 0xc0, 0x9f, 0xfa, 0x0, 0x0, 0x2f, 0xff,
    0x9, 0xff, 0x80, 0x0, 0x0, 0xff, 0xf2, 0x9f,
    0xfb, 0x0, 0x0, 0x3f, 0xff, 0x9, 0xff, 0xf4,
    0x0, 0xb, 0xff, 0xc0, 0x9f, 0xff, 0xfb, 0xae,
    0xff, 0xf5, 0x9, 0xff, 0xff, 0xff, 0xff, 0xf8,
    0x0, 0x9f, 0xf9, 0x6d, 0xfe, 0xb4, 0x0, 0x9,
    0xff, 0x90, 0x0, 0x0, 0x0, 0x0, 0x9f, 0xf9,
    0x0, 0x0, 0x0, 0x0, 0x9, 0xff, 0x90, 0x0,
    0x0, 0x0, 0x0, 0x9f, 0xf9, 0x0, 0x0, 0x0,
    0x0, 0x0,

    /* U+0071 "q" */
    0x0, 0x6, 0xce, 0xfc, 0x5a, 0xff, 0x50, 0xb,
    0xff, 0xff, 0xff, 0xef, 0xf5, 0x8, 0xff, 0xfd,
    0x9c, 0xff, 0xff, 0x50, 0xff, 0xf8, 0x0, 0x7,
    0xff, 0xf5, 0x3f, 0xff, 0x0, 0x0, 0xe, 0xff,
    0x55, 0xff, 0xd0, 0x0, 0x0, 0xbf, 0xf5, 0x4f,
    0xff, 0x0, 0x0, 0xe, 0xff, 0x50, 0xff, 0xf8,
    0x0, 0x7, 0xff, 0xf5, 0x9, 0xff, 0xfc, 0x9c,
    0xff, 0xff, 0x50, 0xb, 0xff, 0xff, 0xff, 0xff,
    0xf5, 0x0, 0x6, 0xcf, 0xfc, 0x4c, 0xff, 0x50,
    0x0, 0x0, 0x0, 0x0, 0xcf, 0xf5, 0x0, 0x0,
    0x0, 0x0, 0xc, 0xff, 0x50, 0x0, 0x0, 0x0,
    0x0, 0xcf, 0xf5, 0x0, 0x0, 0x0, 0x0, 0xc,
    0xff, 0x50,

    /* U+0072 "r" */
    0x9f, 0xf6, 0x6c, 0xf1, 0x9f, 0xfe, 0xff, 0xf2,
    0x9f, 0xff, 0xfd, 0xb1, 0x9f, 0xff, 0x60, 0x0,
    0x9f, 0xfc, 0x0, 0x0, 0x9f, 0xf9, 0x0, 0x0,
    0x9f, 0xf9, 0x0, 0x0, 0x9f, 0xf9, 0x0, 0x0,
    0x9f, 0xf9, 0x0, 0x0, 0x9f, 0xf9, 0x0, 0x0,
    0x9f, 0xf9, 0x0, 0x0,

    /* U+0073 "s" */
    0x0, 0x5b, 0xef, 0xec, 0x92, 0x0, 0x9f, 0xff,
    0xff, 0xff, 0x80, 0x2f, 0xff, 0x86, 0x7a, 0xe1,
    0x5, 0xff, 0xb0, 0x0, 0x0, 0x0, 0x2f, 0xff,
    0xd9, 0x73, 0x0, 0x0, 0x7f, 0xff, 0xff, 0xfd,
    0x30, 0x0, 0x15, 0x8c, 0xff, 0xfe, 0x0, 0x20,
    0x0, 0x0, 0xef, 0xf1, 0xe, 0xd9, 0x66, 0x9f,
    0xff, 0x6, 0xff, 0xff, 0xff, 0xff, 0x60, 0x5,
    0xad, 0xff, 0xea, 0x30, 0x0,

    /* U+0074 "t" */
    0x1, 0x88, 0x70, 0x0, 0x0, 0x3f, 0xff, 0x0,
    0x0, 0x3, 0xff, 0xf0, 0x0, 0xd, 0xff, 0xff,
    0xff, 0xa0, 0xdf, 0xff, 0xff, 0xfa, 0x5, 0x8f,
    0xff, 0x66, 0x40, 0x3, 0xff, 0xf0, 0x0, 0x0,
    0x3f, 0xff, 0x0, 0x0, 0x3, 0xff, 0xf0, 0x0,
    0x0, 0x3f, 0xff, 0x0, 0x0, 0x2, 0xff, 0xf0,
    0x0, 0x0, 0xf, 0xff, 0xc8, 0x90, 0x0, 0x8f,
    0xff, 0xff, 0x10, 0x0, 0x6c, 0xfe, 0xb2,

    /* U+0075 "u" */
    0xaf, 0xf8, 0x0, 0x0, 0xdf, 0xf4, 0xaf, 0xf8,
    0x0, 0x0, 0xdf, 0xf4, 0xaf, 0xf8, 0x0, 0x0,
    0xdf, 0xf4, 0xaf, 0xf8, 0x0, 0x0, 0xdf, 0xf4,
    0xaf, 0xf8, 0x0, 0x0, 0xdf, 0xf4, 0xaf, 0xf8,
    0x0, 0x0, 0xdf, 0xf4, 0x9f, 0xf9, 0x0, 0x0,
    0xff, 0xf4, 0x7f, 0xfe, 0x10, 0x9, 0xff, 0xf4,
    0x2f, 0xff, 0xfc, 0xef, 0xff, 0xf4, 0x9, 0xff,
    0xff, 0xff, 0xef, 0xf4, 0x0, 0x6c, 0xff, 0xb4,
    0xbf, 0xf4,

    /* U+0076 "v" */
    0xe, 0xff, 0x40, 0x0, 0x1, 0xff, 0xe0, 0x8,
    0xff, 0xa0, 0x0, 0x7, 0xff, 0x80, 0x2, 0xff,
    0xf1, 0x0, 0xe, 0xff, 0x10, 0x0, 0xbf, 0xf7,
    0x0, 0x5f, 0xfa, 0x0, 0x0, 0x4f, 0xfd, 0x0,
    0xbf, 0xf4, 0x0, 0x0, 0xe, 0xff, 0x42, 0xff,
    0xd0, 0x0, 0x0, 0x7, 0xff, 0xa8, 0xff, 0x70,
    0x0, 0x0, 0x1, 0xff, 0xfe, 0xff, 0x10, 0x0,
    0x0, 0x0, 0xaf, 0xff, 0xf9, 0x0, 0x0, 0x0,
    0x0, 0x4f, 0xff, 0xf3, 0x0, 0x0, 0x0, 0x0,
    0xd, 0xff, 0xc0, 0x0, 0x0,

    /* U+0077 "w" */
    0xcf, 0xf2, 0x0, 0x1, 0xff, 0xe0, 0x0, 0x3,
    0xff, 0x87, 0xff, 0x70, 0x0, 0x6f, 0xff, 0x40,
    0x0, 0x9f, 0xf2, 0x1f, 0xfc, 0x0, 0xb, 0xff,
    0xfa, 0x0, 0xe, 0xfd, 0x0, 0xbf, 0xf2, 0x1,
    0xff, 0xff, 0xf0, 0x4, 0xff, 0x70, 0x6, 0xff,
    0x70, 0x7f, 0xfb, 0xff, 0x50, 0x9f, 0xf2, 0x0,
    0x1f, 0xfd, 0xd, 0xfe, 0x2f, 0xfa, 0xf, 0xfc,
    0x0, 0x0, 0xbf, 0xf5, 0xff, 0x80, 0xcf, 0xf5,
    0xff, 0x60, 0x0, 0x5, 0xff, 0xef, 0xf2, 0x6,
    0xff, 0xef, 0xf1, 0x0, 0x0, 0xf, 0xff, 0xfd,
    0x0, 0x1f, 0xff, 0xfb, 0x0, 0x0, 0x0, 0xaf,
    0xff, 0x70, 0x0, 0xbf, 0xff, 0x50, 0x0, 0x0,
    0x4, 0xff, 0xf1, 0x0, 0x5, 0xff, 0xf0, 0x0,
    0x0,

    /* U+0078 "x" */
    0x6f, 0xff, 0x20, 0x1, 0xef, 0xf4, 0xa, 0xff,
    0xc0, 0xb, 0xff, 0x80, 0x1, 0xef, 0xf7, 0x7f,
    0xfc, 0x0, 0x0, 0x3f, 0xff, 0xff, 0xe1, 0x0,
    0x0, 0x7, 0xff, 0xff, 0x40, 0x0, 0x0, 0x0,
    0xef, 0xfd, 0x0, 0x0, 0x0, 0x9, 0xff, 0xff,
    0x70, 0x0, 0x0, 0x4f, 0xfe, 0xff, 0xf3, 0x0,
    0x1, 0xef, 0xf4, 0x7f, 0xfe, 0x10, 0xc, 0xff,
    0x90, 0xc, 0xff, 0xb0, 0x8f, 0xfd, 0x0, 0x2,
    0xff, 0xf7,

    /* U+0079 "y" */
    0xe, 0xff, 0x40, 0x0, 0x1, 0xff, 0xe0, 0x8,
    0xff, 0xa0, 0x0, 0x7, 0xff, 0x70, 0x1, 0xff,
    0xf1, 0x0, 0xe, 0xff, 0x10, 0x0, 0xaf, 0xf7,
    0x0, 0x4f, 0xfa, 0x0, 0x0, 0x4f, 0xfe, 0x0,
    0xbf, 0xf3, 0x0, 0x0, 0xd, 0xff, 0x42, 0xff,
    0xd0, 0x0, 0x0, 0x6, 0xff, 0xb8, 0xff, 0x60,
    0x0, 0x0, 0x0, 0xff, 0xfe, 0xfe, 0x0, 0x0,
    0x0, 0x0, 0x8f, 0xff, 0xf8, 0x0, 0x0, 0x0,
    0x0, 0x2f, 0xff, 0xf2, 0x0, 0x0, 0x0, 0x0,
    0xb, 0xff, 0xb0, 0x0, 0x0, 0x0, 0x0, 0xc,
    0xff, 0x40, 0x0, 0x0, 0x6, 0xd9, 0xbf, 0xfd,
    0x0, 0x0, 0x0, 0xe, 0xff, 0xff, 0xf3, 0x0,
    0x0, 0x0, 0x7, 0xcf, 0xea, 0x20, 0x0, 0x0,
    0x0,

    /* U+007A "z" */
    0x2f, 0xff, 0xff, 0xff, 0xff, 0x22, 0xff, 0xff,
    0xff, 0xff, 0xf1, 0x16, 0x66, 0x67, 0xff, 0xfa,
    0x0, 0x0, 0x0, 0xbf, 0xfc, 0x0, 0x0, 0x0,
    0x8f, 0xfe, 0x10, 0x0, 0x0, 0x5f, 0xff, 0x30,
    0x0, 0x0, 0x3f, 0xff, 0x50, 0x0, 0x0, 0x1e,
    0xff, 0x80, 0x0, 0x0, 0xc, 0xff, 0xe6, 0x66,
    0x66, 0x24, 0xff, 0xff, 0xff, 0xff, 0xf4, 0x4f,
    0xff, 0xff, 0xff, 0xff, 0x40,

    /* U+007B "{" */
    0x0, 0x19, 0xdf, 0x80, 0xc, 0xff, 0xf8, 0x3,
    0xff, 0xfa, 0x30, 0x6f, 0xfc, 0x0, 0x6, 0xff,
    0xb0, 0x0, 0x6f, 0xfb, 0x0, 0x6, 0xff, 0xb0,
    0x0, 0x7f, 0xfa, 0x0, 0x7d, 0xff, 0x80, 0xf,
    0xff, 0xc1, 0x0, 0xff, 0xff, 0x50, 0x0, 0x9f,
    0xfa, 0x0, 0x6, 0xff, 0xb0, 0x0, 0x6f, 0xfb,
    0x0, 0x6, 0xff, 0xb0, 0x0, 0x6f, 0xfc, 0x0,
    0x4, 0xff, 0xf9, 0x30, 0xd, 0xff, 0xf8, 0x0,
    0x1a, 0xef, 0x80,

    /* U+007C "|" */
    0x4d, 0xd7, 0x5f, 0xf8, 0x5f, 0xf8, 0x5f, 0xf8,
    0x5f, 0xf8, 0x5f, 0xf8, 0x5f, 0xf8, 0x5f, 0xf8,
    0x5f, 0xf8, 0x5f, 0xf8, 0x5f, 0xf8, 0x5f, 0xf8,
    0x5f, 0xf8, 0x5f, 0xf8, 0x5f, 0xf8, 0x5f, 0xf8,
    0x5f, 0xf8, 0x5f, 0xf8, 0x5f, 0xf8,

    /* U+007D "}" */
    0xbf, 0xd8, 0x0, 0xb, 0xff, 0xf9, 0x0, 0x5b,
    0xff, 0xf0, 0x0, 0xf, 0xff, 0x30, 0x0, 0xef,
    0xf3, 0x0, 0xe, 0xff, 0x30, 0x0, 0xef, 0xf3,
    0x0, 0xd, 0xff, 0x40, 0x0, 0xbf, 0xfc, 0x50,
    0x2, 0xef, 0xfc, 0x0, 0x7f, 0xff, 0xc0, 0xd,
    0xff, 0x70, 0x0, 0xef, 0xf3, 0x0, 0xe, 0xff,
    0x30, 0x0, 0xef, 0xf3, 0x0, 0xf, 0xff, 0x30,
    0x5b, 0xff, 0xf1, 0xb, 0xff, 0xfa, 0x0, 0xbf,
    0xd8, 0x0, 0x0,

    /* U+007E "~" */
    0x7, 0xee, 0x90, 0x0, 0xfe, 0x6f, 0xff, 0xfd,
    0x59, 0xfc, 0xcf, 0x95, 0xef, 0xff, 0xf6, 0xef,
    0x0, 0x19, 0xee, 0x70,

    /* U+00A0 " " */

    /* U+00A1 "¡" */
    0x5, 0xed, 0x30, 0xff, 0xfb, 0xd, 0xff, 0xa0,
    0x29, 0x80, 0x0, 0x0, 0x0, 0x6f, 0xf2, 0x7,
    0xff, 0x30, 0x8f, 0xf5, 0x9, 0xff, 0x60, 0xaf,
    0xf7, 0xb, 0xff, 0x80, 0xcf, 0xf9, 0xd, 0xff,
    0xa0, 0xef, 0xfb, 0x0, 0x0, 0x0,

    /* U+00A2 "¢" */
    0x0, 0x0, 0x5, 0xa4, 0x0, 0x0, 0x0, 0x0,
    0x8, 0xf7, 0x0, 0x0, 0x0, 0x0, 0x1a, 0xf9,
    0x10, 0x0, 0x0, 0x1a, 0xff, 0xff, 0xfb, 0x10,
    0x1, 0xdf, 0xff, 0xff, 0xff, 0xd0, 0xa, 0xff,
    0xec, 0xfb, 0xef, 0xd2, 0x1f, 0xff, 0x48, 0xf7,
    0x26, 0x0, 0x4f, 0xfe, 0x8, 0xf7, 0x0, 0x0,
    0x5f, 0xfd, 0x8, 0xf7, 0x0, 0x0, 0x2f, 0xff,
    0x18, 0xf7, 0x1, 0x0, 0xd, 0xff, 0xba, 0xf8,
    0xaf, 0x80, 0x3, 0xff, 0xff, 0xff, 0xff, 0xf2,
    0x0, 0x4e, 0xff, 0xff, 0xff, 0x40, 0x0, 0x0,
    0x6c, 0xfc, 0x71, 0x0, 0x0, 0x0, 0x8, 0xf7,
    0x0, 0x0, 0x0, 0x0, 0x8, 0xf7, 0x0, 0x0,

    /* U+00A3 "£" */
    0x0, 0x0, 0x4, 0xad, 0xff, 0xda, 0x50, 0x0,
    0x0, 0xaf, 0xff, 0xff, 0xff, 0xe0, 0x0, 0x9,
    0xff, 0xff, 0xdd, 0xef, 0x80, 0x0, 0x1f, 0xff,
    0xb1, 0x0, 0x3, 0x10, 0x0, 0x4f, 0xff, 0x10,
    0x0, 0x0, 0x0, 0x0, 0x6f, 0xfe, 0x0, 0x0,
    0x0, 0x0, 0x6f, 0xff, 0xff, 0xff, 0xff, 0xa0,
    0x0, 0x6f, 0xff, 0xff, 0xff, 0xff, 0xa0, 0x0,
    0x0, 0x6f, 0xfd, 0x0, 0x0, 0x0, 0x0, 0x0,
    0x6f, 0xfd, 0x0, 0x0, 0x0, 0x0, 0x0, 0x6f,
    0xfd, 0x0, 0x0, 0x0, 0x0, 0x4a, 0xcf, 0xff,
    0xaa, 0xaa, 0xaa, 0x70, 0x6f, 0xff, 0xff, 0xff,
    0xff, 0xff, 0xb0, 0x6f, 0xff, 0xff, 0xff, 0xff,
    0xff, 0xb0,

    /* U+00A4 "¤" */
    0x1, 0x60, 0x0, 0x0, 0x0, 0x7, 0x10, 0x1d,
    0xf7, 0x3, 0x66, 0x30, 0x8f, 0xd1, 0x2e, 0xff,
    0xef, 0xff, 0xfe, 0xff, 0xe2, 0x2, 0xef, 0xff,
    0xff, 0xff, 0xfe, 0x20, 0x0, 0xbf, 0xf7, 0x11,
    0x7f, 0xfb, 0x0, 0x1, 0xff, 0x80, 0x0, 0x8,
    0xff, 0x10, 0x3, 0xff, 0x30, 0x0, 0x3, 0xff,
    0x30, 0x2, 0xff, 0x50, 0x0, 0x5, 0xff, 0x20,
    0x0, 0xef, 0xc0, 0x0, 0xc, 0xfe, 0x0, 0x0,
    0xaf, 0xfe, 0x88, 0xef, 0xf9, 0x0, 0x6, 0xff,
    0xff, 0xff, 0xff, 0xff, 0x60, 0x4f, 0xff, 0x7c,
    0xff, 0xc7, 0xff, 0xf3, 0x9, 0xe3, 0x0, 0x0,
    0x0, 0x3f, 0x90, 0x0, 0x20, 0x0, 0x0, 0x0,
    0x2, 0x0,

    /* U+00A5 "¥" */
    0xe, 0xff, 0x80, 0x0, 0x0, 0x0, 0x8f, 0xfa,
    0x0, 0x4f, 0xff, 0x30, 0x0, 0x0, 0x3f, 0xfe,
    0x10, 0x0, 0xaf, 0xfd, 0x0, 0x0, 0xd, 0xff,
    0x50, 0x0, 0x1, 0xef, 0xf8, 0x0, 0x9, 0xff,
    0xb0, 0x0, 0x0, 0x4, 0xff, 0xf3, 0x4, 0xff,
    0xe1, 0x0, 0x0, 0x0, 0xa, 0xff, 0xc1, 0xdf,
    0xf5, 0x0, 0x0, 0x0, 0x0, 0x1e, 0xff, 0xdf,
    0xfb, 0x0, 0x0, 0x0, 0x0, 0x0, 0x5f, 0xff,
    0xff, 0x10, 0x0, 0x0, 0x0, 0xf, 0xff, 0xff,
    0xff, 0xff, 0xfb, 0x0, 0x0, 0x0, 0xaa, 0xac,
    0xff, 0xfa, 0xaa, 0x70, 0x0, 0x0, 0xa, 0xaa,
    0xcf, 0xff, 0xaa, 0xa7, 0x0, 0x0, 0x0, 0xff,
    0xff, 0xff, 0xff, 0xff, 0xb0, 0x0, 0x0, 0x0,
    0x0, 0x4f, 0xff, 0x0, 0x0, 0x0, 0x0, 0x0,
    0x0, 0x4, 0xff, 0xf0, 0x0, 0x0, 0x0,

    /* U+00A6 "¦" */
    0x5f, 0xf8, 0x5f, 0xf8, 0x5f, 0xf8, 0x5f, 0xf8,
    0x5f, 0xf8, 0x5f, 0xf8, 0x5f, 0xf8, 0x1, 0x10,
    0x0, 0x0, 0x0, 0x0, 0x0, 0x0, 0x0, 0x0,
    0x5f, 0xf8, 0x5f, 0xf8, 0x5f, 0xf8, 0x5f, 0xf8,
    0x5f, 0xf8, 0x5f, 0xf8, 0x5f, 0xf8,

    /* U+00A7 "§" */
    0x0, 0x29, 0xdf, 0xfd, 0xa4, 0x0, 0x3f, 0xff,
    0xff, 0xff, 0xd0, 0xc, 0xff, 0x85, 0x68, 0xd6,
    0x0, 0xff, 0xc0, 0x0, 0x0, 0x0, 0xd, 0xff,
    0xb5, 0x10, 0x0, 0x0, 0x6f, 0xff, 0xff, 0xc5,
    0x0, 0xd, 0xff, 0xcf, 0xff, 0xf5, 0x5, 0xff,
    0x70, 0x6, 0xff, 0xc0, 0x6f, 0xf7, 0x0, 0xe,
    0xfd, 0x2, 0xff, 0xfd, 0x8a, 0xff, 0x80, 0x5,
    0xef, 0xff, 0xff, 0xd0, 0x0, 0x0, 0x38, 0xcf,
    0xff, 0x20, 0x0, 0x0, 0x0, 0x6f, 0xf6, 0x0,
    0xc7, 0x20, 0x1a, 0xff, 0x50, 0x5f, 0xff, 0xff,
    0xff, 0xe0, 0x2, 0xaf, 0xff, 0xff, 0xb2, 0x0,
    0x0, 0x2, 0x43, 0x10, 0x0, 0x0,

    /* U+00A8 "¨" */
    0x1a, 0xa0, 0xa, 0xa0, 0x6f, 0xf4, 0x5f, 0xf5,
    0x2e, 0xd1, 0x1d, 0xe2,

    /* U+00A9 "©" */
    0x0, 0x0, 0x0, 0x0, 0x0, 0x0, 0x0, 0x0,
    0x0, 0x3, 0xae, 0xff, 0xd8, 0x10, 0x0, 0x0,
    0x9, 0xfc, 0x64, 0x58, 0xef, 0x50, 0x0, 0x9,
    0xf5, 0x0, 0x0, 0x0, 0x9f, 0x40, 0x4, 0xf5,
    0x3, 0xbe, 0xfb, 0x30, 0x9e, 0x0, 0xbb, 0x4,
    0xff, 0xff, 0xff, 0x30, 0xf7, 0xf, 0x60, 0xdf,
    0xc2, 0x2a, 0x80, 0xa, 0xb2, 0xf3, 0x2f, 0xf4,
    0x0, 0x0, 0x0, 0x8d, 0x2f, 0x32, 0xff, 0x30,
    0x0, 0x0, 0x8, 0xd1, 0xf5, 0xe, 0xfc, 0x21,
    0x97, 0x0, 0xab, 0xc, 0xa0, 0x5f, 0xff, 0xff,
    0xf3, 0xf, 0x70, 0x5f, 0x30, 0x4b, 0xff, 0xc4,
    0x8, 0xf1, 0x0, 0xbe, 0x30, 0x0, 0x0, 0x7,
    0xf6, 0x0, 0x0, 0xbf, 0x93, 0x12, 0x5b, 0xf7,
    0x0, 0x0, 0x0, 0x6d, 0xff, 0xff, 0xb3, 0x0,
    0x0, 0x0, 0x0, 0x1, 0x33, 0x0, 0x0, 0x0,

    /* U+00AA "ª" */
    0x7, 0xcf, 0xea, 0x10, 0xd, 0xda, 0xdf, 0xc0,
    0x1, 0x0, 0x1f, 0xf1, 0x8, 0xef, 0xff, 0xf3,
    0x4f, 0xd3, 0x3f, 0xf3, 0x5f, 0xc2, 0x6f, 0xf3,
    0xc, 0xff, 0xee, 0xf3, 0x0, 0x33, 0x3, 0x40,

    /* U+00AB "«" */
    0x0, 0xa, 0xed, 0x13, 0xde, 0x70, 0x7, 0xff,
    0x60, 0xdf, 0xd0, 0x2, 0xff, 0xb0, 0xaf, 0xf3,
    0x0, 0xdf, 0xe1, 0x5f, 0xf8, 0x0, 0x1e, 0xfd,
    0x7, 0xff, 0x60, 0x0, 0x4f, 0xf9, 0xb, 0xff,
    0x20, 0x0, 0x8f, 0xf4, 0x1e, 0xfc, 0x0, 0x0,
    0xcf, 0xe1, 0x4f, 0xf8,

    /* U+00AC "¬" */
    0x57, 0x77, 0x77, 0x77, 0x75, 0xcf, 0xff, 0xff,
    0xff, 0xfc, 0xcf, 0xff, 0xff, 0xff, 0xfc, 0x0,
    0x0, 0x0, 0xd, 0xfc, 0x0, 0x0, 0x0, 0xd,
    0xfc, 0x0, 0x0, 0x0, 0xd, 0xfc, 0x0, 0x0,
    0x0, 0x6, 0x86,

    /* U+00AE "®" */
    0x0, 0x0, 0x0, 0x0, 0x0, 0x0, 0x0, 0x0,
    0x0, 0x3, 0xae, 0xff, 0xd8, 0x10, 0x0, 0x0,
    0x9, 0xfc, 0x64, 0x58, 0xef, 0x50, 0x0, 0x9,
    0xf5, 0x0, 0x0, 0x0, 0x9f, 0x40, 0x4, 0xf5,
    0x18, 0x88, 0x75, 0x0, 0x9e, 0x0, 0xbb, 0x3,
    0xff, 0xff, 0xfc, 0x0, 0xf7, 0xf, 0x60, 0x3f,
    0xd0, 0x1c, 0xf6, 0xa, 0xb2, 0xf3, 0x3, 0xfd,
    0x0, 0x9f, 0x80, 0x8d, 0x2f, 0x30, 0x3f, 0xe9,
    0xaf, 0xf3, 0x8, 0xd1, 0xf5, 0x3, 0xff, 0xff,
    0xf6, 0x0, 0xab, 0xc, 0xa0, 0x3f, 0xd0, 0x6f,
    0xa0, 0xf, 0x70, 0x5f, 0x33, 0xfd, 0x0, 0xbf,
    0x58, 0xf1, 0x0, 0xbe, 0x32, 0x10, 0x0, 0x28,
    0xf6, 0x0, 0x0, 0xbf, 0x93, 0x12, 0x5b, 0xf7,
    0x0, 0x0, 0x0, 0x6d, 0xff, 0xff, 0xb3, 0x0,
    0x0, 0x0, 0x0, 0x1, 0x33, 0x0, 0x0, 0x0,

    /* U+00AF "¯" */
    0x8c, 0xcc, 0xcc, 0xc8, 0xbf, 0xff, 0xff, 0xfb,

    /* U+00B0 "°" */
    0x0, 0x8e, 0xfb, 0x20, 0xa, 0xfc, 0xaf, 0xe1,
    0x2f, 0x90, 0x4, 0xf8, 0x5f, 0x50, 0x0, 0xfa,
    0x2f, 0x90, 0x4, 0xf8, 0xb, 0xfb, 0x9f, 0xe1,
    0x0, 0x8e, 0xfb, 0x20,

    /* U+00B1 "±" */
    0x0, 0x4, 0xff, 0x40, 0x0, 0x0, 0x4, 0xff,
    0x40, 0x0, 0x0, 0x4, 0xff, 0x40, 0x0, 0xcf,
    0xff, 0xff, 0xff, 0xfc, 0xcf, 0xff, 0xff, 0xff,
    0xfc, 0x46, 0x68, 0xff, 0x86, 0x64, 0x0, 0x4,
    0xff, 0x40, 0x0, 0x0, 0x4, 0xff, 0x40, 0x0,
    0x0, 0x4, 0xff, 0x40, 0x0, 0x0, 0x0, 0x0,
    0x0, 0x0, 0x57, 0x77, 0x77, 0x77, 0x75, 0xcf,
    0xff, 0xff, 0xff, 0xfc, 0xcf, 0xff, 0xff, 0xff,
    0xfc,

    /* U+00B2 "²" */
    0x5, 0xcf, 0xfc, 0x50, 0x5f, 0xfd, 0xef, 0xf3,
    0x5, 0x20, 0xd, 0xf6, 0x0, 0x0, 0x4f, 0xf1,
    0x0, 0x7, 0xfe, 0x30, 0x0, 0xbf, 0xc1, 0x0,
    0x1d, 0xff, 0xcb, 0xb9, 0x3f, 0xff, 0xff, 0xfc,

    /* U+00B3 "³" */
    0x4f, 0xff, 0xff, 0xf7, 0x3b, 0xbb, 0xdf, 0xf4,
    0x0, 0x3, 0xef, 0x40, 0x0, 0xf, 0xfe, 0x70,
    0x0, 0x8, 0x8d, 0xfa, 0x5, 0x0, 0x6, 0xfe,
    0x5f, 0xfd, 0xdf, 0xf9, 0x29, 0xdf, 0xfd, 0x70,

    /* U+00B4 "´" */
    0x0, 0x9f, 0xf9, 0x0, 0x7f, 0xf7, 0x0, 0x5f,
    0xf4, 0x0, 0x0,

    /* U+00B5 "µ" */
    0x9f, 0xf9, 0x0, 0x0, 0xcf, 0xf5, 0x9f, 0xf9,
    0x0, 0x0, 0xcf, 0xf5, 0x9f, 0xf9, 0x0, 0x0,
    0xcf, 0xf5, 0x9f, 0xf9, 0x0, 0x0, 0xcf, 0xf5,
    0x9f, 0xf9, 0x0, 0x0, 0xcf, 0xf5, 0x9f, 0xf9,
    0x0, 0x0, 0xcf, 0xf5, 0x9f, 0xfa, 0x0, 0x0,
    0xef, 0xf5, 0x9f, 0xfe, 0x10, 0x6, 0xff, 0xf5,
    0x9f, 0xff, 0xe9, 0xbf, 0xff, 0xf5, 0x9f, 0xff,
    0xff, 0xff, 0xff, 0xf5, 0x9f, 0xfc, 0xdf, 0xe8,
    0x7f, 0xf5, 0x9f, 0xf9, 0x0, 0x0, 0x0, 0x0,
    0x9f, 0xf9, 0x0, 0x0, 0x0, 0x0, 0x9f, 0xf9,
    0x0, 0x0, 0x0, 0x0, 0x9f, 0xf9, 0x0, 0x0,
    0x0, 0x0,

    /* U+00B6 "¶" */
    0x0, 0x1, 0x34, 0x44, 0x44, 0x44, 0x0, 0x2c,
    0xff, 0xff, 0xff, 0xff, 0xf1, 0x2f, 0xff, 0xff,
    0xff, 0xff, 0xff, 0x18, 0xff, 0xff, 0xff, 0x10,
    0x7f, 0xf1, 0xbf, 0xff, 0xff, 0xf1, 0x7, 0xff,
    0x19, 0xff, 0xff, 0xff, 0x10, 0x7f, 0xf1, 0x2f,
    0xff, 0xff, 0xf1, 0x7, 0xff, 0x10, 0x4e, 0xff,
    0xff, 0x10, 0x7f, 0xf1, 0x0, 0x3, 0x9f, 0xf1,
    0x7, 0xff, 0x10, 0x0, 0x7, 0xff, 0x10, 0x7f,
    0xf1, 0x0, 0x0, 0x7f, 0xf1, 0x7, 0xff, 0x10,
    0x0, 0x7, 0xff, 0x10, 0x7f, 0xf1, 0x0, 0x0,
    0x7f, 0xf1, 0x7, 0xff, 0x10, 0x0, 0x7, 0xff,
    0x10, 0x7f, 0xf1, 0x0, 0x0, 0x7f, 0xf1, 0x7,
    0xff, 0x10, 0x0, 0x7, 0xff, 0x10, 0x7f, 0xf1,
    0x0, 0x0, 0x7f, 0xf1, 0x7, 0xff, 0x10, 0x0,
    0x3, 0x88, 0x0, 0x38, 0x80,

    /* U+00B7 "·" */
    0x3d, 0xd4, 0xdf, 0xfd, 0xdf, 0xfd, 0x4e, 0xe4,

    /* U+00B8 "¸" */
    0x0, 0x11, 0x0, 0x0, 0xfa, 0x0, 0x3, 0xff,
    0xa0, 0x3, 0x3e, 0xf3, 0x5f, 0xff, 0xc0, 0x3,
    0x42, 0x0,

    /* U+00B9 "¹" */
    0x5f, 0xff, 0xc0, 0x4, 0xbd, 0xfc, 0x0, 0x0,
    0x7f, 0xc0, 0x0, 0x7, 0xfc, 0x0, 0x0, 0x7f,
    0xc0, 0x0, 0x7, 0xfc, 0x0, 0x6b, 0xdf, 0xeb,
    0x68, 0xff, 0xff, 0xf9,

    /* U+00BA "º" */
    0x1, 0x9e, 0xfc, 0x50, 0x0, 0xdf, 0xec, 0xff,
    0x60, 0x6f, 0xd0, 0x5, 0xfe, 0x7, 0xfa, 0x0,
    0x1f, 0xf0, 0x4f, 0xe3, 0x9, 0xfd, 0x0, 0xaf,
    0xff, 0xff, 0x30, 0x0, 0x5a, 0xb8, 0x20, 0x0,

    /* U+00BB "»" */
    0x2d, 0xe8, 0x9, 0xed, 0x20, 0x0, 0x8f, 0xf4,
    0x1e, 0xfc, 0x0, 0x0, 0xdf, 0xe1, 0x5f, 0xf8,
    0x0, 0x3, 0xff, 0xb0, 0xaf, 0xf3, 0x0, 0x1f,
    0xfc, 0x8, 0xff, 0x50, 0xb, 0xff, 0x23, 0xff,
    0x90, 0x7, 0xff, 0x60, 0xef, 0xd0, 0x2, 0xff,
    0xa0, 0xaf, 0xf3, 0x0,

    /* U+00BC "¼" */
    0x5f, 0xff, 0xc0, 0x0, 0x0, 0x0, 0x4f, 0xf2,
    0x0, 0x0, 0x3a, 0xdf, 0xc0, 0x0, 0x0, 0x1,
    0xef, 0x60, 0x0, 0x0, 0x0, 0x7f, 0xc0, 0x0,
    0x0, 0xa, 0xfb, 0x0, 0x0, 0x0, 0x0, 0x7f,
    0xc0, 0x0, 0x0, 0x5f, 0xe1, 0x0, 0x0, 0x0,
    0x0, 0x7f, 0xc0, 0x0, 0x1, 0xef, 0x50, 0x0,
    0x0, 0x0, 0x0, 0x7f, 0xc0, 0x0, 0xb, 0xfa,
    0x0, 0x8, 0x94, 0x0, 0x5a, 0xdf, 0xea, 0x60,
    0x6f, 0xe1, 0x0, 0x7f, 0xd0, 0x0, 0x8f, 0xff,
    0xff, 0x92, 0xff, 0x40, 0x3, 0xff, 0x30, 0x0,
    0x0, 0x0, 0x0, 0xc, 0xf9, 0x0, 0x1e, 0xf6,
    0x0, 0x0, 0x0, 0x0, 0x0, 0x7f, 0xe0, 0x0,
    0xbf, 0xa0, 0x9d, 0x20, 0x0, 0x0, 0x2, 0xff,
    0x40, 0x5, 0xff, 0xcb, 0xef, 0xc5, 0x0, 0x0,
    0xc, 0xf9, 0x0, 0x7, 0xff, 0xff, 0xff, 0xf8,
    0x0, 0x0, 0x7f, 0xd0, 0x0, 0x0, 0x0, 0x0,
    0xff, 0x20, 0x0, 0x3, 0xff, 0x30, 0x0, 0x0,
    0x0, 0x0, 0xff, 0x20,

    /* U+00BD "½" */
    0x5f, 0xff, 0xc0, 0x0, 0x0, 0x0, 0x4f, 0xf2,
    0x0, 0x0, 0x3a, 0xdf, 0xc0, 0x0, 0x0, 0x1,
    0xef, 0x60, 0x0, 0x0, 0x0, 0x7f, 0xc0, 0x0,
    0x0, 0xa, 0xfb, 0x0, 0x0, 0x0, 0x0, 0x7f,
    0xc0, 0x0, 0x0, 0x5f, 0xe1, 0x0, 0x0, 0x0,
    0x0, 0x7f, 0xc0, 0x0, 0x1, 0xef, 0x50, 0x0,
    0x0, 0x0, 0x0, 0x7f, 0xc0, 0x0, 0xb, 0xfa,
    0x7, 0xab, 0x92, 0x0, 0x5a, 0xdf, 0xea, 0x60,
    0x6f, 0xe2, 0xef, 0xff, 0xff, 0x40, 0x8f, 0xff,
    0xff, 0x92, 0xff, 0x40, 0x69, 0x10, 0xbf, 0xa0,
    0x0, 0x0, 0x0, 0xc, 0xf9, 0x0, 0x0, 0x0,
    0xaf, 0xa0, 0x0, 0x0, 0x0, 0x7f, 0xe0, 0x0,
    0x0, 0x7, 0xff, 0x30, 0x0, 0x0, 0x2, 0xff,
    0x40, 0x0, 0x0, 0x8f, 0xf4, 0x0, 0x0, 0x0,
    0xc, 0xf9, 0x0, 0x0, 0x9, 0xfe, 0x30, 0x0,
    0x0, 0x0, 0x7f, 0xd0, 0x0, 0x0, 0xaf, 0xfd,
    0xbb, 0xb0, 0x0, 0x3, 0xff, 0x30, 0x0, 0x0,
    0xef, 0xff, 0xff, 0xf1,

    /* U+00BE "¾" */
    0x4f, 0xff, 0xff, 0xf7, 0x0, 0x0, 0x4, 0xff,
    0x20, 0x0, 0x3, 0xaa, 0xac, 0xff, 0x40, 0x0,
    0x1, 0xef, 0x60, 0x0, 0x0, 0x0, 0x2, 0xef,
    0x50, 0x0, 0x0, 0xaf, 0xb0, 0x0, 0x0, 0x0,
    0x0, 0xef, 0xd3, 0x0, 0x0, 0x5f, 0xe1, 0x0,
    0x0, 0x0, 0x0, 0xf, 0xff, 0xf6, 0x0, 0x1e,
    0xf5, 0x0, 0x0, 0x0, 0x0, 0x0, 0x0, 0x8f,
    0xd0, 0xb, 0xfa, 0x0, 0x0, 0x10, 0x0, 0x1a,
    0x41, 0x8, 0xfd, 0x6, 0xfe, 0x10, 0x3, 0xff,
    0x30, 0x7, 0xff, 0xff, 0xff, 0x52, 0xff, 0x40,
    0x1, 0xef, 0x60, 0x0, 0x5, 0x9b, 0xb9, 0x20,
    0xcf, 0x90, 0x0, 0xcf, 0x80, 0x0, 0x0, 0x0,
    0x0, 0x0, 0x7f, 0xe0, 0x0, 0x9f, 0xb0, 0x9d,
    0x20, 0x0, 0x0, 0x0, 0x2f, 0xf4, 0x0, 0x5f,
    0xfc, 0xbe, 0xfc, 0x50, 0x0, 0x0, 0xc, 0xf9,
    0x0, 0x7, 0xff, 0xff, 0xff, 0xf8, 0x0, 0x0,
    0x7, 0xfd, 0x0, 0x0, 0x0, 0x0, 0xf, 0xf2,
    0x0, 0x0, 0x3, 0xff, 0x30, 0x0, 0x0, 0x0,
    0x0, 0xff, 0x20,

    /* U+00BF "¿" */
    0x0, 0x5, 0xed, 0x30, 0x0, 0x0, 0x0, 0xef,
    0xfb, 0x0, 0x0, 0x0, 0xd, 0xff, 0xa0, 0x0,
    0x0, 0x0, 0x29, 0x81, 0x0, 0x0, 0x0, 0x0,
    0x0, 0x0, 0x0, 0x0, 0x0, 0x9e, 0xe5, 0x0,
    0x0, 0x0, 0x3f, 0xff, 0x20, 0x0, 0x0, 0x3f,
    0xff, 0x70, 0x0, 0x0, 0x2f, 0xff, 0x80, 0x0,
    0x0, 0xb, 0xff, 0xa0, 0x0, 0x0, 0x0, 0xef,
    0xf5, 0x0, 0x0, 0x50, 0xd, 0xff, 0xc2, 0x2,
    0xaf, 0xd3, 0x8f, 0xff, 0xff, 0xff, 0xff, 0x40,
    0xaf, 0xff, 0xff, 0xfe, 0x40, 0x0, 0x27, 0x99,
    0x84, 0x0, 0x0,

    /* U+00C0 "À" */
    0x0, 0x0, 0x1b, 0xff, 0x50, 0x0, 0x0, 0x0,
    0x0, 0x0, 0x0, 0x6, 0xff, 0x60, 0x0, 0x0,
    0x0, 0x0, 0x0, 0x0, 0x2, 0x77, 0x10, 0x0,
    0x0, 0x0, 0x0, 0x0, 0x0, 0x0, 0x0, 0x0,
    0x0, 0x0, 0x0, 0x0, 0x0, 0x2f, 0xff, 0x70,
    0x0, 0x0, 0x0, 0x0, 0x0, 0x9, 0xff, 0xfe,
    0x0, 0x0, 0x0, 0x0, 0x0, 0x1, 0xff, 0xff,
    0xf6, 0x0, 0x0, 0x0, 0x0, 0x0, 0x8f, 0xfb,
    0xff, 0xd0, 0x0, 0x0, 0x0, 0x0, 0xe, 0xff,
    0x1d, 0xff, 0x40, 0x0, 0x0, 0x0, 0x6, 0xff,
    0xa0, 0x6f, 0xfb, 0x0, 0x0, 0x0, 0x0, 0xdf,
    0xf4, 0x0, 0xff, 0xf2, 0x0, 0x0, 0x0, 0x4f,
    0xfd, 0x0, 0x9, 0xff, 0x90, 0x0, 0x0, 0xb,
    0xff, 0xb7, 0x77, 0x9f, 0xff, 0x10, 0x0, 0x2,
    0xff, 0xff, 0xff, 0xff, 0xff, 0xf8, 0x0, 0x0,
    0xaf, 0xff, 0xff, 0xff, 0xff, 0xff, 0xe0, 0x0,
    0x1f, 0xff, 0x20, 0x0, 0x0, 0xe, 0xff, 0x60,
    0x8, 0xff, 0xc0, 0x0, 0x0, 0x0, 0x8f, 0xfd,
    0x0, 0xef, 0xf5, 0x0, 0x0, 0x0, 0x1, 0xff,
    0xf4,

    /* U+00C1 "Á" */
    0x0, 0x0, 0x0, 0x0, 0x2d, 0xfe, 0x40, 0x0,
    0x0, 0x0, 0x0, 0x0, 0x2e, 0xfa, 0x10, 0x0,
    0x0, 0x0, 0x0, 0x0, 0x6, 0x85, 0x0, 0x0,
    0x0, 0x0, 0x0, 0x0, 0x0, 0x0, 0x0, 0x0,
    0x0, 0x0, 0x0, 0x0, 0x0, 0x2f, 0xff, 0x70,
    0x0, 0x0, 0x0, 0x0, 0x0, 0x9, 0xff, 0xfe,
    0x0, 0x0, 0x0, 0x0, 0x0, 0x1, 0xff, 0xff,
    0xf6, 0x0, 0x0, 0x0, 0x0, 0x0, 0x8f, 0xfb,
    0xff, 0xd0, 0x0, 0x0, 0x0, 0x0, 0xe, 0xff,
    0x1d, 0xff, 0x40, 0x0, 0x0, 0x0, 0x6, 0xff,
    0xa0, 0x6f, 0xfb, 0x0, 0x0, 0x0, 0x0, 0xdf,
    0xf4, 0x0, 0xff, 0xf2, 0x0, 0x0, 0x0, 0x4f,
    0xfd, 0x0, 0x9, 0xff, 0x90, 0x0, 0x0, 0xb,
    0xff, 0xb7, 0x77, 0x9f, 0xff, 0x10, 0x0, 0x2,
    0xff, 0xff, 0xff, 0xff, 0xff, 0xf8, 0x0, 0x0,
    0xaf, 0xff, 0xff, 0xff, 0xff, 0xff, 0xe0, 0x0,
    0x1f, 0xff, 0x20, 0x0, 0x0, 0xe, 0xff, 0x60,
    0x8, 0xff, 0xc0, 0x0, 0x0, 0x0, 0x8f, 0xfd,
    0x0, 0xef, 0xf5, 0x0, 0x0, 0x0, 0x1, 0xff,
    0xf4,

    /* U+00C2 "Â" */
    0x0, 0x0, 0x0, 0x4f, 0xff, 0x90, 0x0, 0x0,
    0x0, 0x0, 0x0, 0x5f, 0xf6, 0xcf, 0x90, 0x0,
    0x0, 0x0, 0x0, 0x7, 0x72, 0x0, 0x78, 0x30,
    0x0, 0x0, 0x0, 0x0, 0x0, 0x0, 0x0, 0x0,
    0x0, 0x0, 0x0, 0x0, 0x0, 0x2f, 0xff, 0x70,
    0x0, 0x0, 0x0, 0x0, 0x0, 0x9, 0xff, 0xfe,
    0x0, 0x0, 0x0, 0x0, 0x0, 0x1, 0xff, 0xff,
    0xf6, 0x0, 0x0, 0x0, 0x0, 0x0, 0x8f, 0xfb,
    0xff, 0xd0, 0x0, 0x0, 0x0, 0x0, 0xe, 0xff,
    0x1d, 0xff, 0x40, 0x0, 0x0, 0x0, 0x6, 0xff,
    0xa0, 0x6f, 0xfb, 0x0, 0x0, 0x0, 0x0, 0xdf,
    0xf4, 0x0, 0xff, 0xf2, 0x0, 0x0, 0x0, 0x4f,
    0xfd, 0x0, 0x9, 0xff, 0x90, 0x0, 0x0, 0xb,
    0xff, 0xb7, 0x77, 0x9f, 0xff, 0x10, 0x0, 0x2,
    0xff, 0xff, 0xff, 0xff, 0xff, 0xf8, 0x0, 0x0,
    0xaf, 0xff, 0xff, 0xff, 0xff, 0xff, 0xe0, 0x0,
    0x1f, 0xff, 0x20, 0x0, 0x0, 0xe, 0xff, 0x60,
    0x8, 0xff, 0xc0, 0x0, 0x0, 0x0, 0x8f, 0xfd,
    0x0, 0xef, 0xf5, 0x0, 0x0, 0x0, 0x1, 0xff,
    0xf4,

    /* U+00C3 "Ã" */
    0x0, 0x0, 0x5, 0xee, 0xa2, 0x3f, 0x90, 0x0,
    0x0, 0x0, 0x1, 0xff, 0xff, 0xff, 0xf4, 0x0,
    0x0, 0x0, 0x0, 0x4d, 0x60, 0x5b, 0xc6, 0x0,
    0x0, 0x0, 0x0, 0x0, 0x0, 0x0, 0x0, 0x0,
    0x0, 0x0, 0x0, 0x0, 0x0, 0x2f, 0xff, 0x70,
    0x0, 0x0, 0x0, 0x0, 0x0, 0x9, 0xff, 0xfe,
    0x0, 0x0, 0x0, 0x0, 0x0, 0x1, 0xff, 0xff,
    0xf6, 0x0, 0x0, 0x0, 0x0, 0x0, 0x8f, 0xfb,
    0xff, 0xd0, 0x0, 0x0, 0x0, 0x0, 0xe, 0xff,
    0x1d, 0xff, 0x40, 0x0, 0x0, 0x0, 0x6, 0xff,
    0xa0, 0x6f, 0xfb, 0x0, 0x0, 0x0, 0x0, 0xdf,
    0xf4, 0x0, 0xff, 0xf2, 0x0, 0x0, 0x0, 0x4f,
    0xfd, 0x0, 0x9, 0xff, 0x90, 0x0, 0x0, 0xb,
    0xff, 0xb7, 0x77, 0x9f, 0xff, 0x10, 0x0, 0x2,
    0xff, 0xff, 0xff, 0xff, 0xff, 0xf8, 0x0, 0x0,
    0xaf, 0xff, 0xff, 0xff, 0xff, 0xff, 0xe0, 0x0,
    0x1f, 0xff, 0x20, 0x0, 0x0, 0xe, 0xff, 0x60,
    0x8, 0xff, 0xc0, 0x0, 0x0, 0x0, 0x8f, 0xfd,
    0x0, 0xef, 0xf5, 0x0, 0x0, 0x0, 0x1, 0xff,
    0xf4,

    /* U+00C4 "Ä" */
    0x0, 0x0, 0x6, 0xf9, 0x5, 0xfa, 0x0, 0x0,
    0x0, 0x0, 0x0, 0xbf, 0xf0, 0xaf, 0xf0, 0x0,
    0x0, 0x0, 0x0, 0x3, 0xb6, 0x3, 0xb7, 0x0,
    0x0, 0x0, 0x0, 0x0, 0x0, 0x0, 0x0, 0x0,
    0x0, 0x0, 0x0, 0x0, 0x0, 0x2f, 0xff, 0x70,
    0x0, 0x0, 0x0, 0x0, 0x0, 0x9, 0xff, 0xfe,
    0x0, 0x0, 0x0, 0x0, 0x0, 0x1, 0xff, 0xff,
    0xf6, 0x0, 0x0, 0x0, 0x0, 0x0, 0x8f, 0xfb,
    0xff, 0xd0, 0x0, 0x0, 0x0, 0x0, 0xe, 0xff,
    0x1d, 0xff, 0x40, 0x0, 0x0, 0x0, 0x6, 0xff,
    0xa0, 0x6f, 0xfb, 0x0, 0x0, 0x0, 0x0, 0xdf,
    0xf4, 0x0, 0xff, 0xf2, 0x0, 0x0, 0x0, 0x4f,
    0xfd, 0x0, 0x9, 0xff, 0x90, 0x0, 0x0, 0xb,
    0xff, 0xb7, 0x77, 0x9f, 0xff, 0x10, 0x0, 0x2,
    0xff, 0xff, 0xff, 0xff, 0xff, 0xf8, 0x0, 0x0,
    0xaf, 0xff, 0xff, 0xff, 0xff, 0xff, 0xe0, 0x0,
    0x1f, 0xff, 0x20, 0x0, 0x0, 0xe, 0xff, 0x60,
    0x8, 0xff, 0xc0, 0x0, 0x0, 0x0, 0x8f, 0xfd,
    0x0, 0xef, 0xf5, 0x0, 0x0, 0x0, 0x1, 0xff,
    0xf4,

    /* U+00C5 "Å" */
    0x0, 0x0, 0x0, 0x0, 0x0, 0x0, 0x0, 0x0,
    0x0, 0x0, 0x0, 0x0, 0xaf, 0xd2, 0x0, 0x0,
    0x0, 0x0, 0x0, 0x0, 0x8d, 0x4a, 0xd0, 0x0,
    0x0, 0x0, 0x0, 0x0, 0xc, 0x70, 0x2f, 0x10,
    0x0, 0x0, 0x0, 0x0, 0x0, 0x9b, 0x17, 0xe0,
    0x0, 0x0, 0x0, 0x0, 0x0, 0x1, 0xdf, 0xf4,
    0x0, 0x0, 0x0, 0x0, 0x0, 0x0, 0x0, 0x20,
    0x0, 0x0, 0x0, 0x0, 0x0, 0x0, 0x2, 0xff,
    0xf7, 0x0, 0x0, 0x0, 0x0, 0x0, 0x0, 0x9f,
    0xff, 0xe0, 0x0, 0x0, 0x0, 0x0, 0x0, 0x1f,
    0xff, 0xff, 0x60, 0x0, 0x0, 0x0, 0x0, 0x8,
    0xff, 0xbf, 0xfd, 0x0, 0x0, 0x0, 0x0, 0x0,
    0xef, 0xf1, 0xdf, 0xf4, 0x0, 0x0, 0x0, 0x0,
    0x6f, 0xfa, 0x6, 0xff, 0xb0, 0x0, 0x0, 0x0,
    0xd, 0xff, 0x40, 0xf, 0xff, 0x20, 0x0, 0x0,
    0x4, 0xff, 0xd0, 0x0, 0x9f, 0xf9, 0x0, 0x0,
    0x0, 0xbf, 0xfb, 0x77, 0x79, 0xff, 0xf1, 0x0,
    0x0, 0x2f, 0xff, 0xff, 0xff, 0xff, 0xff, 0x80,
    0x0, 0xa, 0xff, 0xff, 0xff, 0xff, 0xff, 0xfe,
    0x0, 0x1, 0xff, 0xf2, 0x0, 0x0, 0x0, 0xef,
    0xf6, 0x0, 0x8f, 0xfc, 0x0, 0x0, 0x0, 0x8,
    0xff, 0xd0, 0xe, 0xff, 0x50, 0x0, 0x0, 0x0,
    0x1f, 0xff, 0x40,

    /* U+00C6 "Æ" */
    0x0, 0x0, 0x0, 0x0, 0x9f, 0xff, 0xff, 0xff,
    0xff, 0xff, 0xf6, 0x0, 0x0, 0x0, 0x2, 0xff,
    0xff, 0xff, 0xff, 0xff, 0xff, 0xf6, 0x0, 0x0,
    0x0, 0xb, 0xff, 0xcf, 0xff, 0xa9, 0x99, 0x99,
    0x94, 0x0, 0x0, 0x0, 0x4f, 0xfd, 0x2f, 0xff,
    0x10, 0x0, 0x0, 0x0, 0x0, 0x0, 0x0, 0xdf,
    0xf5, 0x2f, 0xff, 0x10, 0x0, 0x0, 0x0, 0x0,
    0x0, 0x6, 0xff, 0xc0, 0x2f, 0xff, 0x98, 0x88,
    0x88, 0x50, 0x0, 0x0, 0xe, 0xff, 0x30, 0x2f,
    0xff, 0xff, 0xff, 0xff, 0x90, 0x0, 0x0, 0x8f,
    0xfa, 0x0, 0x2f, 0xff, 0xff, 0xff, 0xff, 0x90,
    0x0, 0x1, 0xff, 0xf9, 0x77, 0x9f, 0xff, 0x10,
    0x0, 0x0, 0x0, 0x0, 0xa, 0xff, 0xff, 0xff,
    0xff, 0xff, 0x10, 0x0, 0x0, 0x0, 0x0, 0x3f,
    0xff, 0xff, 0xff, 0xff, 0xff, 0x10, 0x0, 0x0,
    0x0, 0x0, 0xcf, 0xf8, 0x0, 0x0, 0x2f, 0xff,
    0xaa, 0xaa, 0xaa, 0xa6, 0x5, 0xff, 0xe0, 0x0,
    0x0, 0x2f, 0xff, 0xff, 0xff, 0xff, 0xfb, 0xd,
    0xff, 0x60, 0x0, 0x0, 0x2f, 0xff, 0xff, 0xff,
    0xff, 0xfb,

    /* U+00C7 "Ç" */
    0x0, 0x0, 0x17, 0xce, 0xfe, 0xb6, 0x0, 0x0,
    0x0, 0x6f, 0xff, 0xff, 0xff, 0xfd, 0x20, 0x0,
    0x8f, 0xff, 0xfe, 0xce, 0xff, 0xfd, 0x0, 0x4f,
    0xff, 0xc3, 0x0, 0x3, 0xcd, 0x20, 0xb, 0xff,
    0xd0, 0x0, 0x0, 0x0, 0x10, 0x0, 0xff, 0xf5,
    0x0, 0x0, 0x0, 0x0, 0x0, 0x2f, 0xff, 0x10,
    0x0, 0x0, 0x0, 0x0, 0x2, 0xff, 0xf1, 0x0,
    0x0, 0x0, 0x0, 0x0, 0xf, 0xff, 0x50, 0x0,
    0x0, 0x0, 0x0, 0x0, 0xcf, 0xfd, 0x0, 0x0,
    0x0, 0x1, 0x0, 0x4, 0xff, 0xfc, 0x30, 0x0,
    0x3c, 0xd2, 0x0, 0x8, 0xff, 0xff, 0xec, 0xef,
    0xff, 0xd0, 0x0, 0x7, 0xff, 0xff, 0xff, 0xff,
    0xd3, 0x0, 0x0, 0x1, 0x8c, 0xff, 0xeb, 0x60,
    0x0, 0x0, 0x0, 0x0, 0xc, 0xe1, 0x0, 0x0,
    0x0, 0x0, 0x0, 0x0, 0xae, 0xf3, 0x0, 0x0,
    0x0, 0x0, 0x0, 0x42, 0xaf, 0x70, 0x0, 0x0,
    0x0, 0x0, 0x1f, 0xff, 0xd1, 0x0, 0x0, 0x0,
    0x0, 0x0, 0x24, 0x30, 0x0, 0x0, 0x0,

    /* U+00C8 "È" */
    0x0, 0x8f, 0xf9, 0x0, 0x0, 0x0, 0x0, 0x4,
    0xef, 0xa0, 0x0, 0x0, 0x0, 0x0, 0x7, 0x83,
    0x0, 0x0, 0x0, 0x0, 0x0, 0x0, 0x0, 0x0,
    0x5f, 0xff, 0xff, 0xff, 0xff, 0xf3, 0x5f, 0xff,
    0xff, 0xff, 0xff, 0xf3, 0x5f, 0xff, 0x99, 0x99,
    0x99, 0x92, 0x5f, 0xfe, 0x0, 0x0, 0x0, 0x0,
    0x5f, 0xfe, 0x0, 0x0, 0x0, 0x0, 0x5f, 0xff,
    0x88, 0x88, 0x88, 0x30, 0x5f, 0xff, 0xff, 0xff,
    0xff, 0x60, 0x5f, 0xff, 0xff, 0xff, 0xff, 0x60,
    0x5f, 0xfe, 0x0, 0x0, 0x0, 0x0, 0x5f, 0xfe,
    0x0, 0x0, 0x0, 0x0, 0x5f, 0xfe, 0x0, 0x0,
    0x0, 0x0, 0x5f, 0xff, 0xaa, 0xaa, 0xaa, 0xa5,
    0x5f, 0xff, 0xff, 0xff, 0xff, 0xf8, 0x5f, 0xff,
    0xff, 0xff, 0xff, 0xf8,

    /* U+00C9 "É" */
    0x0, 0x0, 0x0, 0xbf, 0xf7, 0x0, 0x0, 0x0,
    0xb, 0xfd, 0x30, 0x0, 0x0, 0x0, 0x48, 0x60,
    0x0, 0x0, 0x0, 0x0, 0x0, 0x0, 0x0, 0x0,
    0x5f, 0xff, 0xff, 0xff, 0xff, 0xf3, 0x5f, 0xff,
    0xff, 0xff, 0xff, 0xf3, 0x5f, 0xff, 0x99, 0x99,
    0x99, 0x92, 0x5f, 0xfe, 0x0, 0x0, 0x0, 0x0,
    0x5f, 0xfe, 0x0, 0x0, 0x0, 0x0, 0x5f, 0xff,
    0x88, 0x88, 0x88, 0x30, 0x5f, 0xff, 0xff, 0xff,
    0xff, 0x60, 0x5f, 0xff, 0xff, 0xff, 0xff, 0x60,
    0x5f, 0xfe, 0x0, 0x0, 0x0, 0x0, 0x5f, 0xfe,
    0x0, 0x0, 0x0, 0x0, 0x5f, 0xfe, 0x0, 0x0,
    0x0, 0x0, 0x5f, 0xff, 0xaa, 0xaa, 0xaa, 0xa5,
    0x5f, 0xff, 0xff, 0xff, 0xff, 0xf8, 0x5f, 0xff,
    0xff, 0xff, 0xff, 0xf8,

    /* U+00CA "Ê" */
    0x0, 0x1, 0xdf, 0xfc, 0x10, 0x0, 0x0, 0x2e,
    0xf8, 0x9f, 0xc1, 0x0, 0x0, 0x68, 0x40, 0x5,
    0x85, 0x0, 0x0, 0x0, 0x0, 0x0, 0x0, 0x0,
    0x5f, 0xff, 0xff, 0xff, 0xff, 0xf3, 0x5f, 0xff,
    0xff, 0xff, 0xff, 0xf3, 0x5f, 0xff, 0x99, 0x99,
    0x99, 0x92, 0x5f, 0xfe, 0x0, 0x0, 0x0, 0x0,
    0x5f, 0xfe, 0x0, 0x0, 0x0, 0x0, 0x5f, 0xff,
    0x88, 0x88, 0x88, 0x30, 0x5f, 0xff, 0xff, 0xff,
    0xff, 0x60, 0x5f, 0xff, 0xff, 0xff, 0xff, 0x60,
    0x5f, 0xfe, 0x0, 0x0, 0x0, 0x0, 0x5f, 0xfe,
    0x0, 0x0, 0x0, 0x0, 0x5f, 0xfe, 0x0, 0x0,
    0x0, 0x0, 0x5f, 0xff, 0xaa, 0xaa, 0xaa, 0xa5,
    0x5f, 0xff, 0xff, 0xff, 0xff, 0xf8, 0x5f, 0xff,
    0xff, 0xff, 0xff, 0xf8,

    /* U+00CB "Ë" */
    0x0, 0x2e, 0xd1, 0x2e, 0xd1, 0x0, 0x0, 0x7f,
    0xf3, 0x6f, 0xf4, 0x0, 0x0, 0x1a, 0x90, 0x1a,
    0xa0, 0x0, 0x0, 0x0, 0x0, 0x0, 0x0, 0x0,
    0x5f, 0xff, 0xff, 0xff, 0xff, 0xf3, 0x5f, 0xff,
    0xff, 0xff, 0xff, 0xf3, 0x5f, 0xff, 0x99, 0x99,
    0x99, 0x92, 0x5f, 0xfe, 0x0, 0x0, 0x0, 0x0,
    0x5f, 0xfe, 0x0, 0x0, 0x0, 0x0, 0x5f, 0xff,
    0x88, 0x88, 0x88, 0x30, 0x5f, 0xff, 0xff, 0xff,
    0xff, 0x60, 0x5f, 0xff, 0xff, 0xff, 0xff, 0x60,
    0x5f, 0xfe, 0x0, 0x0, 0x0, 0x0, 0x5f, 0xfe,
    0x0, 0x0, 0x0, 0x0, 0x5f, 0xfe, 0x0, 0x0,
    0x0, 0x0, 0x5f, 0xff, 0xaa, 0xaa, 0xaa, 0xa5,
    0x5f, 0xff, 0xff, 0xff, 0xff, 0xf8, 0x5f, 0xff,
    0xff, 0xff, 0xff, 0xf8,

    /* U+00CC "Ì" */
    0x5e, 0xfd, 0x10, 0x0, 0x1b, 0xfd, 0x20, 0x0,
    0x5, 0x86, 0x0, 0x0, 0x0, 0x0, 0x0, 0x5f,
    0xfe, 0x0, 0x5, 0xff, 0xe0, 0x0, 0x5f, 0xfe,
    0x0, 0x5, 0xff, 0xe0, 0x0, 0x5f, 0xfe, 0x0,
    0x5, 0xff, 0xe0, 0x0, 0x5f, 0xfe, 0x0, 0x5,
    0xff, 0xe0, 0x0, 0x5f, 0xfe, 0x0, 0x5, 0xff,
    0xe0, 0x0, 0x5f, 0xfe, 0x0, 0x5, 0xff, 0xe0,
    0x0, 0x5f, 0xfe, 0x0, 0x5, 0xff, 0xe0,

    /* U+00CD "Í" */
    0x0, 0x6f, 0xfb, 0x10, 0x7f, 0xf6, 0x0, 0x28,
    0x72, 0x0, 0x0, 0x0, 0x0, 0x0, 0x5f, 0xfe,
    0x0, 0x5, 0xff, 0xe0, 0x0, 0x5f, 0xfe, 0x0,
    0x5, 0xff, 0xe0, 0x0, 0x5f, 0xfe, 0x0, 0x5,
    0xff, 0xe0, 0x0, 0x5f, 0xfe, 0x0, 0x5, 0xff,
    0xe0, 0x0, 0x5f, 0xfe, 0x0, 0x5, 0xff, 0xe0,
    0x0, 0x5f, 0xfe, 0x0, 0x5, 0xff, 0xe0, 0x0,
    0x5f, 0xfe, 0x0, 0x5, 0xff, 0xe0, 0x0,

    /* U+00CE "Î" */
    0x0, 0x9f, 0xff, 0x30, 0x0, 0xaf, 0xc6, 0xff,
    0x40, 0x38, 0x60, 0x2, 0x77, 0x0, 0x0, 0x0,
    0x0, 0x0, 0x0, 0x5f, 0xfe, 0x0, 0x0, 0x5,
    0xff, 0xe0, 0x0, 0x0, 0x5f, 0xfe, 0x0, 0x0,
    0x5, 0xff, 0xe0, 0x0, 0x0, 0x5f, 0xfe, 0x0,
    0x0, 0x5, 0xff, 0xe0, 0x0, 0x0, 0x5f, 0xfe,
    0x0, 0x0, 0x5, 0xff, 0xe0, 0x0, 0x0, 0x5f,
    0xfe, 0x0, 0x0, 0x5, 0xff, 0xe0, 0x0, 0x0,
    0x5f, 0xfe, 0x0, 0x0, 0x5, 0xff, 0xe0, 0x0,
    0x0, 0x5f, 0xfe, 0x0, 0x0, 0x5, 0xff, 0xe0,
    0x0,

    /* U+00CF "Ï" */
    0xb, 0xe4, 0xa, 0xf5, 0x1f, 0xf9, 0xf, 0xfa,
    0x8, 0xb2, 0x7, 0xb3, 0x0, 0x0, 0x0, 0x0,
    0x0, 0x5f, 0xfe, 0x0, 0x0, 0x5f, 0xfe, 0x0,
    0x0, 0x5f, 0xfe, 0x0, 0x0, 0x5f, 0xfe, 0x0,
    0x0, 0x5f, 0xfe, 0x0, 0x0, 0x5f, 0xfe, 0x0,
    0x0, 0x5f, 0xfe, 0x0, 0x0, 0x5f, 0xfe, 0x0,
    0x0, 0x5f, 0xfe, 0x0, 0x0, 0x5f, 0xfe, 0x0,
    0x0, 0x5f, 0xfe, 0x0, 0x0, 0x5f, 0xfe, 0x0,
    0x0, 0x5f, 0xfe, 0x0, 0x0, 0x5f, 0xfe, 0x0,

    /* U+00D0 "Ð" */
    0x1, 0xff, 0xff, 0xff, 0xfe, 0xb6, 0x10, 0x0,
    0x1, 0xff, 0xff, 0xff, 0xff, 0xff, 0xe5, 0x0,
    0x1, 0xff, 0xfb, 0xaa, 0xbd, 0xff, 0xff, 0x50,
    0x1, 0xff, 0xf2, 0x0, 0x0, 0x3d, 0xff, 0xf1,
    0x1, 0xff, 0xf2, 0x0, 0x0, 0x1, 0xef, 0xf8,
    0x24, 0xff, 0xf5, 0x22, 0x10, 0x0, 0x8f, 0xfd,
    0xff, 0xff, 0xff, 0xff, 0xb0, 0x0, 0x5f, 0xff,
    0xff, 0xff, 0xff, 0xff, 0xb0, 0x0, 0x5f, 0xfe,
    0x1, 0xff, 0xf2, 0x0, 0x0, 0x0, 0x8f, 0xfd,
    0x1, 0xff, 0xf2, 0x0, 0x0, 0x1, 0xef, 0xf8,
    0x1, 0xff, 0xf2, 0x0, 0x0, 0x3d, 0xff, 0xf1,
    0x1, 0xff, 0xfb, 0xaa, 0xbd, 0xff, 0xff, 0x50,
    0x1, 0xff, 0xff, 0xff, 0xff, 0xff, 0xe5, 0x0,
    0x1, 0xff, 0xff, 0xff, 0xfe, 0xb6, 0x10, 0x0,

    /* U+00D1 "Ñ" */
    0x0, 0x1, 0xbf, 0xc5, 0xc, 0xf0, 0x0, 0x0,
    0xa, 0xff, 0xff, 0xff, 0xb0, 0x0, 0x0, 0xc,
    0xc0, 0x29, 0xda, 0x10, 0x0, 0x0, 0x0, 0x0,
    0x0, 0x0, 0x0, 0x0, 0x5f, 0xfb, 0x0, 0x0,
    0x0, 0xbf, 0xf8, 0x5f, 0xff, 0x90, 0x0, 0x0,
    0xbf, 0xf8, 0x5f, 0xff, 0xf6, 0x0, 0x0, 0xbf,
    0xf8, 0x5f, 0xff, 0xff, 0x30, 0x0, 0xbf, 0xf8,
    0x5f, 0xff, 0xff, 0xe1, 0x0, 0xbf, 0xf8, 0x5f,
    0xff, 0xff, 0xfc, 0x0, 0xbf, 0xf8, 0x5f, 0xfd,
    0x5f, 0xff, 0xa0, 0xbf, 0xf8, 0x5f, 0xfd, 0x7,
    0xff, 0xf7, 0xbf, 0xf8, 0x5f, 0xfd, 0x0, 0xaf,
    0xff, 0xef, 0xf8, 0x5f, 0xfd, 0x0, 0xc, 0xff,
    0xff, 0xf8, 0x5f, 0xfd, 0x0, 0x1, 0xef, 0xff,
    0xf8, 0x5f, 0xfd, 0x0, 0x0, 0x3f, 0xff, 0xf8,
    0x5f, 0xfd, 0x0, 0x0, 0x6, 0xff, 0xf8, 0x5f,
    0xfd, 0x0, 0x0, 0x0, 0x9f, 0xf8,

    /* U+00D2 "Ò" */
    0x0, 0x0, 0x38, 0x86, 0x0, 0x0, 0x0, 0x0,
    0x0, 0x0, 0x0, 0x9f, 0xf7, 0x0, 0x0, 0x0,
    0x0, 0x0, 0x0, 0x0, 0x6f, 0xf5, 0x0, 0x0,
    0x0, 0x0, 0x0, 0x0, 0x0, 0x38, 0x70, 0x0,
    0x0, 0x0, 0x0, 0x0, 0x0, 0x0, 0x0, 0x0,
    0x0, 0x0, 0x0, 0x0, 0x1, 0x7c, 0xef, 0xeb,
    0x60, 0x0, 0x0, 0x0, 0x6, 0xff, 0xff, 0xff,
    0xff, 0xe5, 0x0, 0x0, 0x7, 0xff, 0xff, 0xec,
    0xef, 0xff, 0xf6, 0x0, 0x3, 0xff, 0xfc, 0x30,
    0x0, 0x4d, 0xff, 0xf2, 0x0, 0xbf, 0xfd, 0x0,
    0x0, 0x0, 0x1e, 0xff, 0x90, 0xf, 0xff, 0x50,
    0x0, 0x0, 0x0, 0x7f, 0xfe, 0x2, 0xff, 0xf1,
    0x0, 0x0, 0x0, 0x4, 0xff, 0xf0, 0x2f, 0xff,
    0x10, 0x0, 0x0, 0x0, 0x4f, 0xff, 0x0, 0xff,
    0xf5, 0x0, 0x0, 0x0, 0x7, 0xff, 0xe0, 0xb,
    0xff, 0xd0, 0x0, 0x0, 0x1, 0xef, 0xf9, 0x0,
    0x4f, 0xff, 0xc3, 0x0, 0x3, 0xdf, 0xff, 0x20,
    0x0, 0x8f, 0xff, 0xfe, 0xce, 0xff, 0xff, 0x60,
    0x0, 0x0, 0x6f, 0xff, 0xff, 0xff, 0xfe, 0x50,
    0x0, 0x0, 0x0, 0x17, 0xce, 0xfe, 0xb7, 0x0,
    0x0, 0x0,

    /* U+00D3 "Ó" */
    0x0, 0x0, 0x0, 0x0, 0x7, 0x88, 0x30, 0x0,
    0x0, 0x0, 0x0, 0x0, 0x9, 0xff, 0x70, 0x0,
    0x0, 0x0, 0x0, 0x0, 0x7, 0xff, 0x50, 0x0,
    0x0, 0x0, 0x0, 0x0, 0x1, 0x78, 0x20, 0x0,
    0x0, 0x0, 0x0, 0x0, 0x0, 0x0, 0x0, 0x0,
    0x0, 0x0, 0x0, 0x0, 0x1, 0x7c, 0xef, 0xeb,
    0x60, 0x0, 0x0, 0x0, 0x6, 0xff, 0xff, 0xff,
    0xff, 0xe5, 0x0, 0x0, 0x7, 0xff, 0xff, 0xec,
    0xef, 0xff, 0xf6, 0x0, 0x3, 0xff, 0xfc, 0x30,
    0x0, 0x4d, 0xff, 0xf2, 0x0, 0xbf, 0xfd, 0x0,
    0x0, 0x0, 0x1e, 0xff, 0x90, 0xf, 0xff, 0x50,
    0x0, 0x0, 0x0, 0x7f, 0xfe, 0x2, 0xff, 0xf1,
    0x0, 0x0, 0x0, 0x4, 0xff, 0xf0, 0x2f, 0xff,
    0x10, 0x0, 0x0, 0x0, 0x4f, 0xff, 0x0, 0xff,
    0xf5, 0x0, 0x0, 0x0, 0x7, 0xff, 0xe0, 0xb,
    0xff, 0xd0, 0x0, 0x0, 0x1, 0xef, 0xf9, 0x0,
    0x4f, 0xff, 0xc3, 0x0, 0x3, 0xdf, 0xff, 0x20,
    0x0, 0x8f, 0xff, 0xfe, 0xce, 0xff, 0xff, 0x60,
    0x0, 0x0, 0x6f, 0xff, 0xff, 0xff, 0xfe, 0x50,
    0x0, 0x0, 0x0, 0x17, 0xce, 0xfe, 0xb7, 0x0,
    0x0, 0x0,

    /* U+00D4 "Ô" */
    0x0, 0x0, 0x0, 0x17, 0x87, 0x0, 0x0, 0x0,
    0x0, 0x0, 0x0, 0xc, 0xff, 0xfa, 0x0, 0x0,
    0x0, 0x0, 0x0, 0xb, 0xfc, 0x2d, 0xf9, 0x0,
    0x0, 0x0, 0x0, 0x2, 0x87, 0x0, 0x17, 0x81,
    0x0, 0x0, 0x0, 0x0, 0x0, 0x0, 0x0, 0x0,
    0x0, 0x0, 0x0, 0x0, 0x1, 0x7c, 0xef, 0xeb,
    0x60, 0x0, 0x0, 0x0, 0x6, 0xff, 0xff, 0xff,
    0xff, 0xe5, 0x0, 0x0, 0x7, 0xff, 0xff, 0xec,
    0xef, 0xff, 0xf6, 0x0, 0x3, 0xff, 0xfc, 0x30,
    0x0, 0x4d, 0xff, 0xf2, 0x0, 0xbf, 0xfd, 0x0,
    0x0, 0x0, 0x1e, 0xff, 0x90, 0xf, 0xff, 0x50,
    0x0, 0x0, 0x0, 0x7f, 0xfe, 0x2, 0xff, 0xf1,
    0x0, 0x0, 0x0, 0x4, 0xff, 0xf0, 0x2f, 0xff,
    0x10, 0x0, 0x0, 0x0, 0x4f, 0xff, 0x0, 0xff,
    0xf5, 0x0, 0x0, 0x0, 0x7, 0xff, 0xe0, 0xb,
    0xff, 0xd0, 0x0, 0x0, 0x1, 0xef, 0xf9, 0x0,
    0x4f, 0xff, 0xc3, 0x0, 0x3, 0xdf, 0xff, 0x20,
    0x0, 0x8f, 0xff, 0xfe, 0xce, 0xff, 0xff, 0x60,
    0x0, 0x0, 0x6f, 0xff, 0xff, 0xff, 0xfe, 0x50,
    0x0, 0x0, 0x0, 0x17, 0xce, 0xfe, 0xb7, 0x0,
    0x0, 0x0,

    /* U+00D5 "Õ" */
    0x0, 0x0, 0x5, 0xdb, 0x10, 0x4e, 0x50, 0x0,
    0x0, 0x0, 0x1, 0xff, 0xfe, 0x29, 0xf4, 0x0,
    0x0, 0x0, 0x0, 0x6f, 0x73, 0xef, 0xfe, 0x0,
    0x0, 0x0, 0x0, 0x7, 0xd2, 0x2, 0xbc, 0x30,
    0x0, 0x0, 0x0, 0x0, 0x0, 0x0, 0x0, 0x0,
    0x0, 0x0, 0x0, 0x0, 0x1, 0x7c, 0xef, 0xeb,
    0x60, 0x0, 0x0, 0x0, 0x6, 0xff, 0xff, 0xff,
    0xff, 0xe5, 0x0, 0x0, 0x7, 0xff, 0xff, 0xec,
    0xef, 0xff, 0xf6, 0x0, 0x3, 0xff, 0xfc, 0x30,
    0x0, 0x4d, 0xff, 0xf2, 0x0, 0xbf, 0xfd, 0x0,
    0x0, 0x0, 0x1e, 0xff, 0x90, 0xf, 0xff, 0x50,
    0x0, 0x0, 0x0, 0x7f, 0xfe, 0x2, 0xff, 0xf1,
    0x0, 0x0, 0x0, 0x4, 0xff, 0xf0, 0x2f, 0xff,
    0x10, 0x0, 0x0, 0x0, 0x4f, 0xff, 0x0, 0xff,
    0xf5, 0x0, 0x0, 0x0, 0x7, 0xff, 0xe0, 0xb,
    0xff, 0xd0, 0x0, 0x0, 0x1, 0xef, 0xf9, 0x0,
    0x4f, 0xff, 0xc3, 0x0, 0x3, 0xdf, 0xff, 0x20,
    0x0, 0x8f, 0xff, 0xfe, 0xce, 0xff, 0xff, 0x60,
    0x0, 0x0, 0x6f, 0xff, 0xff, 0xff, 0xfe, 0x50,
    0x0, 0x0, 0x0, 0x17, 0xce, 0xfe, 0xb7, 0x0,
    0x0, 0x0,

    /* U+00D6 "Ö" */
    0x0, 0x0, 0x9, 0xf6, 0x8, 0xf7, 0x0, 0x0,
    0x0, 0x0, 0x0, 0xff, 0xb0, 0xef, 0xc0, 0x0,
    0x0, 0x0, 0x0, 0x6, 0xb4, 0x5, 0xb4, 0x0,
    0x0, 0x0, 0x0, 0x0, 0x0, 0x0, 0x0, 0x0,
    0x0, 0x0, 0x0, 0x0, 0x17, 0xce, 0xfe, 0xb6,
    0x0, 0x0, 0x0, 0x0, 0x6f, 0xff, 0xff, 0xff,
    0xfe, 0x50, 0x0, 0x0, 0x7f, 0xff, 0xfe, 0xce,
    0xff, 0xff, 0x60, 0x0, 0x3f, 0xff, 0xc3, 0x0,
    0x4, 0xdf, 0xff, 0x20, 0xb, 0xff, 0xd0, 0x0,
    0x0, 0x1, 0xef, 0xf9, 0x0, 0xff, 0xf5, 0x0,
    0x0, 0x0, 0x7, 0xff, 0xe0, 0x2f, 0xff, 0x10,
    0x0, 0x0, 0x0, 0x4f, 0xff, 0x2, 0xff, 0xf1,
    0x0, 0x0, 0x0, 0x4, 0xff, 0xf0, 0xf, 0xff,
    0x50, 0x0, 0x0, 0x0, 0x7f, 0xfe, 0x0, 0xbf,
    0xfd, 0x0, 0x0, 0x0, 0x1e, 0xff, 0x90, 0x4,
    0xff, 0xfc, 0x30, 0x0, 0x3d, 0xff, 0xf2, 0x0,
    0x8, 0xff, 0xff, 0xec, 0xef, 0xff, 0xf6, 0x0,
    0x0, 0x6, 0xff, 0xff, 0xff, 0xff, 0xe5, 0x0,
    0x0, 0x0, 0x1, 0x7c, 0xef, 0xeb, 0x70, 0x0,
    0x0,

    /* U+00D7 "×" */
    0x0, 0x10, 0x0, 0x1, 0x0, 0x5, 0xf5, 0x0,
    0x5f, 0x50, 0xe, 0xff, 0x55, 0xff, 0xe0, 0x3,
    0xff, 0xff, 0xff, 0x30, 0x0, 0x3f, 0xff, 0xf3,
    0x0, 0x0, 0x4f, 0xff, 0xf4, 0x0, 0x4, 0xff,
    0xff, 0xff, 0x40, 0xe, 0xff, 0x33, 0xff, 0xe0,
    0x4, 0xe4, 0x0, 0x4e, 0x40, 0x0, 0x0, 0x0,
    0x0, 0x0,

    /* U+00D8 "Ø" */
    0x0, 0x0, 0x0, 0x0, 0x0, 0x5, 0xfd, 0x0,
    0x0, 0x0, 0x0, 0x0, 0x0, 0x0, 0xdf, 0x50,
    0x0, 0x0, 0x0, 0x17, 0xce, 0xfe, 0xff, 0xd0,
    0x0, 0x0, 0x0, 0x6f, 0xff, 0xff, 0xff, 0xff,
    0x50, 0x0, 0x0, 0x7f, 0xff, 0xfe, 0xcf, 0xff,
    0xff, 0x60, 0x0, 0x3f, 0xff, 0xc3, 0x1, 0xff,
    0xff, 0xff, 0x20, 0xb, 0xff, 0xd0, 0x0, 0x8f,
    0x91, 0xef, 0xf9, 0x0, 0xff, 0xf5, 0x0, 0x1f,
    0xf1, 0x7, 0xff, 0xe0, 0x2f, 0xff, 0x10, 0xa,
    0xf8, 0x0, 0x4f, 0xff, 0x2, 0xff, 0xf1, 0x2,
    0xfe, 0x10, 0x4, 0xff, 0xf0, 0xf, 0xff, 0x50,
    0xbf, 0x70, 0x0, 0x7f, 0xfe, 0x0, 0xbf, 0xfd,
    0x4f, 0xe0, 0x0, 0x1e, 0xff, 0x90, 0x4, 0xff,
    0xff, 0xf6, 0x0, 0x3d, 0xff, 0xf2, 0x0, 0x8,
    0xff, 0xff, 0xec, 0xef, 0xff, 0xf6, 0x0, 0x0,
    0x7, 0xff, 0xff, 0xff, 0xff, 0xe5, 0x0, 0x0,
    0x0, 0x6f, 0xfc, 0xef, 0xeb, 0x70, 0x0, 0x0,
    0x0, 0xe, 0xf3, 0x0, 0x0, 0x0, 0x0, 0x0,
    0x0,

    /* U+00D9 "Ù" */
    0x0, 0x7, 0x88, 0x10, 0x0, 0x0, 0x0, 0x0,
    0x3, 0xef, 0xd1, 0x0, 0x0, 0x0, 0x0, 0x0,
    0x1c, 0xfc, 0x0, 0x0, 0x0, 0x0, 0x0, 0x0,
    0x78, 0x30, 0x0, 0x0, 0x0, 0x0, 0x0, 0x0,
    0x0, 0x0, 0x0, 0x7f, 0xfc, 0x0, 0x0, 0x0,
    0xff, 0xf3, 0x7f, 0xfc, 0x0, 0x0, 0x0, 0xff,
    0xf3, 0x7f, 0xfc, 0x0, 0x0, 0x0, 0xff, 0xf3,
    0x7f, 0xfc, 0x0, 0x0, 0x0, 0xff, 0xf3, 0x7f,
    0xfc, 0x0, 0x0, 0x0, 0xff, 0xf3, 0x7f, 0xfc,
    0x0, 0x0, 0x0, 0xff, 0xf3, 0x7f, 0xfc, 0x0,
    0x0, 0x0, 0xff, 0xf3, 0x7f, 0xfc, 0x0, 0x0,
    0x0, 0xff, 0xf3, 0x6f, 0xfd, 0x0, 0x0, 0x1,
    0xff, 0xf2, 0x4f, 0xff, 0x10, 0x0, 0x4, 0xff,
    0xf0, 0xe, 0xff, 0xb1, 0x0, 0x3d, 0xff, 0xb0,
    0x7, 0xff, 0xff, 0xdd, 0xff, 0xff, 0x30, 0x0,
    0x9f, 0xff, 0xff, 0xff, 0xf5, 0x0, 0x0, 0x4,
    0xae, 0xff, 0xd9, 0x20, 0x0,

    /* U+00DA "Ú" */
    0x0, 0x0, 0x0, 0x3, 0x88, 0x60, 0x0, 0x0,
    0x0, 0x0, 0x2f, 0xfd, 0x10, 0x0, 0x0, 0x0,
    0x1, 0xef, 0xa0, 0x0, 0x0, 0x0, 0x0, 0x5,
    0x86, 0x0, 0x0, 0x0, 0x0, 0x0, 0x0, 0x0,
    0x0, 0x0, 0x0, 0x7f, 0xfc, 0x0, 0x0, 0x0,
    0xff, 0xf3, 0x7f, 0xfc, 0x0, 0x0, 0x0, 0xff,
    0xf3, 0x7f, 0xfc, 0x0, 0x0, 0x0, 0xff, 0xf3,
    0x7f, 0xfc, 0x0, 0x0, 0x0, 0xff, 0xf3, 0x7f,
    0xfc, 0x0, 0x0, 0x0, 0xff, 0xf3, 0x7f, 0xfc,
    0x0, 0x0, 0x0, 0xff, 0xf3, 0x7f, 0xfc, 0x0,
    0x0, 0x0, 0xff, 0xf3, 0x7f, 0xfc, 0x0, 0x0,
    0x0, 0xff, 0xf3, 0x6f, 0xfd, 0x0, 0x0, 0x1,
    0xff, 0xf2, 0x4f, 0xff, 0x10, 0x0, 0x4, 0xff,
    0xf0, 0xe, 0xff, 0xb1, 0x0, 0x3d, 0xff, 0xb0,
    0x7, 0xff, 0xff, 0xdd, 0xff, 0xff, 0x30, 0x0,
    0x9f, 0xff, 0xff, 0xff, 0xf5, 0x0, 0x0, 0x4,
    0xae, 0xff, 0xd9, 0x20, 0x0,

    /* U+00DB "Û" */
    0x0, 0x0, 0x5, 0x88, 0x40, 0x0, 0x0, 0x0,
    0x0, 0x5f, 0xff, 0xf3, 0x0, 0x0, 0x0, 0x4,
    0xff, 0x57, 0xfe, 0x20, 0x0, 0x0, 0x7, 0x83,
    0x0, 0x58, 0x50, 0x0, 0x0, 0x0, 0x0, 0x0,
    0x0, 0x0, 0x0, 0x7f, 0xfc, 0x0, 0x0, 0x0,
    0xff, 0xf3, 0x7f, 0xfc, 0x0, 0x0, 0x0, 0xff,
    0xf3, 0x7f, 0xfc, 0x0, 0x0, 0x0, 0xff, 0xf3,
    0x7f, 0xfc, 0x0, 0x0, 0x0, 0xff, 0xf3, 0x7f,
    0xfc, 0x0, 0x0, 0x0, 0xff, 0xf3, 0x7f, 0xfc,
    0x0, 0x0, 0x0, 0xff, 0xf3, 0x7f, 0xfc, 0x0,
    0x0, 0x0, 0xff, 0xf3, 0x7f, 0xfc, 0x0, 0x0,
    0x0, 0xff, 0xf3, 0x6f, 0xfd, 0x0, 0x0, 0x1,
    0xff, 0xf2, 0x4f, 0xff, 0x10, 0x0, 0x4, 0xff,
    0xf0, 0xe, 0xff, 0xb1, 0x0, 0x3d, 0xff, 0xb0,
    0x7, 0xff, 0xff, 0xdd, 0xff, 0xff, 0x30, 0x0,
    0x9f, 0xff, 0xff, 0xff, 0xf5, 0x0, 0x0, 0x4,
    0xae, 0xff, 0xd9, 0x20, 0x0,

    /* U+00DC "Ü" */
    0x0, 0x3, 0xec, 0x2, 0xed, 0x10, 0x0, 0x0,
    0x7, 0xff, 0x36, 0xff, 0x40, 0x0, 0x0, 0x1,
    0xb9, 0x1, 0xa9, 0x0, 0x0, 0x0, 0x0, 0x0,
    0x0, 0x0, 0x0, 0x0, 0x7f, 0xfc, 0x0, 0x0,
    0x0, 0xff, 0xf3, 0x7f, 0xfc, 0x0, 0x0, 0x0,
    0xff, 0xf3, 0x7f, 0xfc, 0x0, 0x0, 0x0, 0xff,
    0xf3, 0x7f, 0xfc, 0x0, 0x0, 0x0, 0xff, 0xf3,
    0x7f, 0xfc, 0x0, 0x0, 0x0, 0xff, 0xf3, 0x7f,
    0xfc, 0x0, 0x0, 0x0, 0xff, 0xf3, 0x7f, 0xfc,
    0x0, 0x0, 0x0, 0xff, 0xf3, 0x7f, 0xfc, 0x0,
    0x0, 0x0, 0xff, 0xf3, 0x6f, 0xfd, 0x0, 0x0,
    0x1, 0xff, 0xf2, 0x4f, 0xff, 0x10, 0x0, 0x4,
    0xff, 0xf0, 0xe, 0xff, 0xb1, 0x0, 0x3d, 0xff,
    0xb0, 0x7, 0xff, 0xff, 0xdd, 0xff, 0xff, 0x30,
    0x0, 0x9f, 0xff, 0xff, 0xff, 0xf5, 0x0, 0x0,
    0x4, 0xae, 0xff, 0xd9, 0x20, 0x0,

    /* U+00DD "Ý" */
    0x0, 0x0, 0x0, 0x0, 0x12, 0x22, 0x0, 0x0,
    0x0, 0x0, 0x0, 0x1d, 0xfe, 0x40, 0x0, 0x0,
    0x0, 0x0, 0xc, 0xfd, 0x20, 0x0, 0x0, 0x0,
    0x0, 0x8, 0xda, 0x0, 0x0, 0x0, 0x0, 0x0,
    0x0, 0x0, 0x0, 0x0, 0x0, 0x1, 0xef, 0xf7,
    0x0, 0x0, 0x0, 0xaf, 0xf8, 0x6, 0xff, 0xf1,
    0x0, 0x0, 0x4f, 0xfd, 0x0, 0xc, 0xff, 0xa0,
    0x0, 0xd, 0xff, 0x40, 0x0, 0x3f, 0xff, 0x30,
    0x7, 0xff, 0xb0, 0x0, 0x0, 0x9f, 0xfd, 0x1,
    0xff, 0xf2, 0x0, 0x0, 0x1, 0xef, 0xf7, 0xbf,
    0xf8, 0x0, 0x0, 0x0, 0x6, 0xff, 0xff, 0xfd,
    0x0, 0x0, 0x0, 0x0, 0xc, 0xff, 0xff, 0x40,
    0x0, 0x0, 0x0, 0x0, 0x2f, 0xff, 0xb0, 0x0,
    0x0, 0x0, 0x0, 0x0, 0xdf, 0xf6, 0x0, 0x0,
    0x0, 0x0, 0x0, 0xd, 0xff, 0x60, 0x0, 0x0,
    0x0, 0x0, 0x0, 0xdf, 0xf6, 0x0, 0x0, 0x0,
    0x0, 0x0, 0xd, 0xff, 0x60, 0x0, 0x0, 0x0,
    0x0, 0x0, 0xdf, 0xf6, 0x0, 0x0, 0x0,

    /* U+00DE "Þ" */
    0x5f, 0xfe, 0x0, 0x0, 0x0, 0x0, 0x5, 0xff,
    0xfa, 0xaa, 0x97, 0x20, 0x0, 0x5f, 0xff, 0xff,
    0xff, 0xff, 0xa1, 0x5, 0xff, 0xff, 0xff, 0xff,
    0xff, 0xc0, 0x5f, 0xfe, 0x0, 0x2, 0x8f, 0xff,
    0x55, 0xff, 0xe0, 0x0, 0x0, 0xbf, 0xfa, 0x5f,
    0xfe, 0x0, 0x0, 0x8, 0xff, 0xc5, 0xff, 0xe0,
    0x0, 0x0, 0xbf, 0xfa, 0x5f, 0xfe, 0x0, 0x2,
    0x8f, 0xff, 0x55, 0xff, 0xff, 0xff, 0xff, 0xff,
    0xc0, 0x5f, 0xff, 0xff, 0xff, 0xff, 0xa1, 0x5,
    0xff, 0xfa, 0xaa, 0x97, 0x20, 0x0, 0x5f, 0xfe,
    0x0, 0x0, 0x0, 0x0, 0x5, 0xff, 0xe0, 0x0,
    0x0, 0x0, 0x0,

    /* U+00DF "ß" */
    0x0, 0x18, 0xdf, 0xfc, 0x70, 0x0, 0x0, 0x2e,
    0xff, 0xff, 0xff, 0xc0, 0x0, 0xd, 0xff, 0xea,
    0xaf, 0xff, 0x90, 0x4, 0xff, 0xe1, 0x0, 0x4f,
    0xfe, 0x0, 0x7f, 0xfa, 0x0, 0x0, 0xff, 0xf0,
    0x8, 0xff, 0x90, 0x0, 0x5f, 0xfb, 0x0, 0x9f,
    0xf9, 0x3, 0xaf, 0xfe, 0x20, 0x9, 0xff, 0x90,
    0x7f, 0xff, 0xd4, 0x0, 0x9f, 0xf9, 0x7, 0xff,
    0xff, 0xf6, 0x9, 0xff, 0x90, 0x0, 0x19, 0xff,
    0xe0, 0x9f, 0xf9, 0x0, 0x0, 0xf, 0xff, 0x29,
    0xff, 0x90, 0x0, 0x3, 0xff, 0xf2, 0x9f, 0xf9,
    0x9, 0x9a, 0xff, 0xfd, 0x9, 0xff, 0x90, 0xff,
    0xff, 0xff, 0x30, 0x9f, 0xf9, 0x1d, 0xff, 0xd9,
    0x20, 0x0,

    /* U+00E0 "à" */
    0x0, 0x68, 0x83, 0x0, 0x0, 0x0, 0x1, 0xdf,
    0xf2, 0x0, 0x0, 0x0, 0x0, 0xaf, 0xe1, 0x0,
    0x0, 0x0, 0x0, 0x68, 0x50, 0x0, 0x0, 0x0,
    0x0, 0x0, 0x0, 0x0, 0x6, 0xbe, 0xff, 0xc7,
    0x0, 0xa, 0xff, 0xff, 0xff, 0xfc, 0x0, 0x3f,
    0xc9, 0x8a, 0xff, 0xf8, 0x0, 0x10, 0x0, 0x5,
    0xff, 0xd0, 0x4, 0xac, 0xdd, 0xdf, 0xfe, 0x8,
    0xff, 0xff, 0xff, 0xff, 0xf1, 0xff, 0xf4, 0x0,
    0x2f, 0xff, 0x3f, 0xfd, 0x0, 0x4, 0xff, 0xf1,
    0xff, 0xf6, 0x25, 0xef, 0xff, 0x9, 0xff, 0xff,
    0xfe, 0xff, 0xf0, 0x6, 0xdf, 0xfb, 0x2f, 0xff,

    /* U+00E1 "á" */
    0x0, 0x0, 0x0, 0x18, 0x87, 0x0, 0x0, 0x0,
    0x1d, 0xfe, 0x30, 0x0, 0x0, 0xc, 0xfc, 0x10,
    0x0, 0x0, 0x3, 0x87, 0x0, 0x0, 0x0, 0x0,
    0x0, 0x0, 0x0, 0x0, 0x6, 0xbe, 0xff, 0xc7,
    0x0, 0xa, 0xff, 0xff, 0xff, 0xfc, 0x0, 0x3f,
    0xc9, 0x8a, 0xff, 0xf8, 0x0, 0x10, 0x0, 0x5,
    0xff, 0xd0, 0x4, 0xac, 0xdd, 0xdf, 0xfe, 0x8,
    0xff, 0xff, 0xff, 0xff, 0xf1, 0xff, 0xf4, 0x0,
    0x2f, 0xff, 0x3f, 0xfd, 0x0, 0x4, 0xff, 0xf1,
    0xff, 0xf6, 0x25, 0xef, 0xff, 0x9, 0xff, 0xff,
    0xfe, 0xff, 0xf0, 0x6, 0xdf, 0xfb, 0x2f, 0xff,

    /* U+00E2 "â" */
    0x0, 0x0, 0x48, 0x85, 0x0, 0x0, 0x0, 0x3f,
    0xff, 0xf5, 0x0, 0x0, 0x2e, 0xf7, 0x5f, 0xf4,
    0x0, 0x5, 0x85, 0x0, 0x38, 0x70, 0x0, 0x0,
    0x0, 0x0, 0x0, 0x0, 0x6, 0xbe, 0xff, 0xc7,
    0x0, 0xa, 0xff, 0xff, 0xff, 0xfc, 0x0, 0x3f,
    0xc9, 0x8a, 0xff, 0xf8, 0x0, 0x10, 0x0, 0x5,
    0xff, 0xd0, 0x4, 0xac, 0xdd, 0xdf, 0xfe, 0x8,
    0xff, 0xff, 0xff, 0xff, 0xf1, 0xff, 0xf4, 0x0,
    0x2f, 0xff, 0x3f, 0xfd, 0x0, 0x4, 0xff, 0xf1,
    0xff, 0xf6, 0x25, 0xef, 0xff, 0x9, 0xff, 0xff,
    0xfe, 0xff, 0xf0, 0x6, 0xdf, 0xfb, 0x2f, 0xff,

    /* U+00E3 "ã" */
    0x0, 0xa, 0xfc, 0x51, 0xdd, 0x0, 0x7, 0xfe,
    0xff, 0xff, 0x80, 0x0, 0x8c, 0x1, 0x8b, 0x80,
    0x0, 0x0, 0x0, 0x0, 0x0, 0x0, 0x0, 0x6b,
    0xef, 0xfc, 0x70, 0x0, 0xaf, 0xff, 0xff, 0xff,
    0xc0, 0x3, 0xfc, 0x98, 0xaf, 0xff, 0x80, 0x1,
    0x0, 0x0, 0x5f, 0xfd, 0x0, 0x4a, 0xcd, 0xdd,
    0xff, 0xe0, 0x8f, 0xff, 0xff, 0xff, 0xff, 0x1f,
    0xff, 0x40, 0x2, 0xff, 0xf3, 0xff, 0xd0, 0x0,
    0x4f, 0xff, 0x1f, 0xff, 0x62, 0x5e, 0xff, 0xf0,
    0x9f, 0xff, 0xff, 0xef, 0xff, 0x0, 0x6d, 0xff,
    0xb2, 0xff, 0xf0,

    /* U+00E4 "ä" */
    0x0, 0x1d, 0xe2, 0xc, 0xe3, 0x0, 0x4, 0xff,
    0x63, 0xff, 0x70, 0x0, 0x9, 0xa1, 0x9, 0xb1,
    0x0, 0x0, 0x0, 0x0, 0x0, 0x0, 0x0, 0x6b,
    0xef, 0xfc, 0x70, 0x0, 0xaf, 0xff, 0xff, 0xff,
    0xc0, 0x3, 0xfc, 0x98, 0xaf, 0xff, 0x80, 0x1,
    0x0, 0x0, 0x5f, 0xfd, 0x0, 0x4a, 0xcd, 0xdd,
    0xff, 0xe0, 0x8f, 0xff, 0xff, 0xff, 0xff, 0x1f,
    0xff, 0x40, 0x2, 0xff, 0xf3, 0xff, 0xd0, 0x0,
    0x4f, 0xff, 0x1f, 0xff, 0x62, 0x5e, 0xff, 0xf0,
    0x9f, 0xff, 0xff, 0xef, 0xff, 0x0, 0x6d, 0xff,
    0xb2, 0xff, 0xf0,

    /* U+00E5 "å" */
    0x0, 0x0, 0x5e, 0xe7, 0x0, 0x0, 0x0, 0x2f,
    0x75, 0xf4, 0x0, 0x0, 0x5, 0xe0, 0xb, 0x80,
    0x0, 0x0, 0x3f, 0x42, 0xe6, 0x0, 0x0, 0x0,
    0x8f, 0xfb, 0x0, 0x0, 0x0, 0x0, 0x11, 0x0,
    0x0, 0x0, 0x6b, 0xef, 0xfc, 0x70, 0x0, 0xaf,
    0xff, 0xff, 0xff, 0xc0, 0x3, 0xfc, 0x98, 0xaf,
    0xff, 0x80, 0x1, 0x0, 0x0, 0x5f, 0xfd, 0x0,
    0x4a, 0xcd, 0xdd, 0xff, 0xe0, 0x8f, 0xff, 0xff,
    0xff, 0xff, 0x1f, 0xff, 0x40, 0x2, 0xff, 0xf3,
    0xff, 0xd0, 0x0, 0x4f, 0xff, 0x1f, 0xff, 0x62,
    0x5e, 0xff, 0xf0, 0x9f, 0xff, 0xff, 0xef, 0xff,
    0x0, 0x6d, 0xff, 0xb2, 0xff, 0xf0,

    /* U+00E6 "æ" */
    0x0, 0x6b, 0xef, 0xfc, 0x60, 0x19, 0xdf, 0xeb,
    0x40, 0x0, 0xa, 0xff, 0xff, 0xff, 0xfb, 0xff,
    0xff, 0xff, 0xfa, 0x0, 0x3, 0xfc, 0x98, 0xaf,
    0xff, 0xff, 0xb8, 0xaf, 0xff, 0x80, 0x0, 0x10,
    0x0, 0x6, 0xff, 0xf5, 0x0, 0x2, 0xff, 0xf0,
    0x0, 0x4a, 0xcd, 0xdd, 0xff, 0xfd, 0xdd, 0xdd,
    0xff, 0xf2, 0x8, 0xff, 0xff, 0xff, 0xff, 0xff,
    0xff, 0xff, 0xff, 0xf3, 0x1f, 0xff, 0x40, 0x2,
    0xff, 0xf3, 0x0, 0x0, 0x0, 0x0, 0x3f, 0xfd,
    0x0, 0x5, 0xff, 0xfc, 0x0, 0x0, 0x61, 0x0,
    0x1f, 0xff, 0x62, 0x5e, 0xff, 0xff, 0xe9, 0x8c,
    0xfc, 0x0, 0x8, 0xff, 0xff, 0xff, 0xe6, 0xff,
    0xff, 0xff, 0xff, 0x30, 0x0, 0x5b, 0xef, 0xd9,
    0x10, 0x18, 0xdf, 0xfd, 0x91, 0x0,

    /* U+00E7 "ç" */
    0x0, 0x3, 0xae, 0xfe, 0xb4, 0x0, 0x0, 0x8f,
    0xff, 0xff, 0xff, 0x80, 0x7, 0xff, 0xfd, 0x9c,
    0xff, 0xf3, 0xe, 0xff, 0x90, 0x0, 0x6c, 0x40,
    0x3f, 0xff, 0x0, 0x0, 0x0, 0x0, 0x5f, 0xfd,
    0x0, 0x0, 0x0, 0x0, 0x3f, 0xff, 0x0, 0x0,
    0x0, 0x0, 0xe, 0xff, 0x80, 0x0, 0x6c, 0x30,
    0x7, 0xff, 0xfd, 0x9b, 0xff, 0xf3, 0x0, 0x8f,
    0xff, 0xff, 0xff, 0x80, 0x0, 0x3, 0xaf, 0xff,
    0xb4, 0x0, 0x0, 0x0, 0xb, 0xf1, 0x0, 0x0,
    0x0, 0x0, 0xa, 0xef, 0x40, 0x0, 0x0, 0x0,
    0x32, 0x9f, 0x90, 0x0, 0x0, 0x0, 0xff, 0xfe,
    0x30, 0x0, 0x0, 0x0, 0x24, 0x30, 0x0, 0x0,

    /* U+00E8 "è" */
    0x0, 0x48, 0x85, 0x0, 0x0, 0x0, 0x0, 0xa,
    0xff, 0x50, 0x0, 0x0, 0x0, 0x0, 0x8f, 0xf4,
    0x0, 0x0, 0x0, 0x0, 0x4, 0x87, 0x0, 0x0,
    0x0, 0x0, 0x0, 0x0, 0x0, 0x0, 0x0, 0x4,
    0xbe, 0xfe, 0x92, 0x0, 0x0, 0x9f, 0xff, 0xff,
    0xff, 0x60, 0x7, 0xff, 0xe8, 0x69, 0xff, 0xf3,
    0xe, 0xff, 0x20, 0x0, 0x4f, 0xfa, 0x3f, 0xff,
    0xdd, 0xdd, 0xdf, 0xfe, 0x5f, 0xff, 0xff, 0xff,
    0xff, 0xff, 0x3f, 0xfe, 0x0, 0x0, 0x0, 0x0,
    0xe, 0xff, 0x90, 0x0, 0x7, 0x0, 0x7, 0xff,
    0xfd, 0x99, 0xef, 0x90, 0x0, 0x8f, 0xff, 0xff,
    0xff, 0xd0, 0x0, 0x3, 0xad, 0xff, 0xc7, 0x0,

    /* U+00E9 "é" */
    0x0, 0x0, 0x0, 0x7, 0x87, 0x20, 0x0, 0x0,
    0x0, 0xaf, 0xf6, 0x0, 0x0, 0x0, 0x9, 0xfe,
    0x30, 0x0, 0x0, 0x0, 0x28, 0x71, 0x0, 0x0,
    0x0, 0x0, 0x0, 0x0, 0x0, 0x0, 0x0, 0x4,
    0xbe, 0xfe, 0x92, 0x0, 0x0, 0x9f, 0xff, 0xff,
    0xff, 0x60, 0x7, 0xff, 0xe8, 0x69, 0xff, 0xf3,
    0xe, 0xff, 0x20, 0x0, 0x4f, 0xfa, 0x3f, 0xff,
    0xdd, 0xdd, 0xdf, 0xfe, 0x5f, 0xff, 0xff, 0xff,
    0xff, 0xff, 0x3f, 0xfe, 0x0, 0x0, 0x0, 0x0,
    0xe, 0xff, 0x90, 0x0, 0x7, 0x0, 0x7, 0xff,
    0xfd, 0x99, 0xef, 0x90, 0x0, 0x8f, 0xff, 0xff,
    0xff, 0xd0, 0x0, 0x3, 0xad, 0xff, 0xc7, 0x0,

    /* U+00EA "ê" */
    0x0, 0x0, 0x28, 0x87, 0x0, 0x0, 0x0, 0x1,
    0xdf, 0xff, 0x90, 0x0, 0x0, 0xc, 0xfa, 0x3e,
    0xf7, 0x0, 0x0, 0x38, 0x60, 0x1, 0x77, 0x10,
    0x0, 0x0, 0x0, 0x0, 0x0, 0x0, 0x0, 0x4,
    0xbe, 0xfe, 0x92, 0x0, 0x0, 0x9f, 0xff, 0xff,
    0xff, 0x60, 0x7, 0xff, 0xe8, 0x69, 0xff, 0xf3,
    0xe, 0xff, 0x20, 0x0, 0x4f, 0xfa, 0x3f, 0xff,
    0xdd, 0xdd, 0xdf, 0xfe, 0x5f, 0xff, 0xff, 0xff,
    0xff, 0xff, 0x3f, 0xfe, 0x0, 0x0, 0x0, 0x0,
    0xe, 0xff, 0x90, 0x0, 0x7, 0x0, 0x7, 0xff,
    0xfd, 0x99, 0xef, 0x90, 0x0, 0x8f, 0xff, 0xff,
    0xff, 0xd0, 0x0, 0x3, 0xad, 0xff, 0xc7, 0x0,

    /* U+00EB "ë" */
    0x0, 0xb, 0xf5, 0xa, 0xf5, 0x0, 0x0, 0xf,
    0xfa, 0xf, 0xfa, 0x0, 0x0, 0x7, 0xb3, 0x6,
    0xb3, 0x0, 0x0, 0x0, 0x0, 0x0, 0x0, 0x0,
    0x0, 0x4, 0xbe, 0xfe, 0x92, 0x0, 0x0, 0x9f,
    0xff, 0xff, 0xff, 0x60, 0x7, 0xff, 0xe8, 0x69,
    0xff, 0xf3, 0xe, 0xff, 0x20, 0x0, 0x4f, 0xfa,
    0x3f, 0xff, 0xdd, 0xdd, 0xdf, 0xfe, 0x5f, 0xff,
    0xff, 0xff, 0xff, 0xff, 0x3f, 0xfe, 0x0, 0x0,
    0x0, 0x0, 0xe, 0xff, 0x90, 0x0, 0x7, 0x0,
    0x7, 0xff, 0xfd, 0x99, 0xef, 0x90, 0x0, 0x8f,
    0xff, 0xff, 0xff, 0xd0, 0x0, 0x3, 0xad, 0xff,
    0xc7, 0x0,

    /* U+00EC "ì" */
    0x9, 0xff, 0x90, 0x0, 0x7, 0xff, 0x70, 0x0,
    0x4, 0xff, 0x50, 0x0, 0x0, 0x0, 0x0, 0x9,
    0xff, 0x90, 0x0, 0x9f, 0xf9, 0x0, 0x9, 0xff,
    0x90, 0x0, 0x9f, 0xf9, 0x0, 0x9, 0xff, 0x90,
    0x0, 0x9f, 0xf9, 0x0, 0x9, 0xff, 0x90, 0x0,
    0x9f, 0xf9, 0x0, 0x9, 0xff, 0x90, 0x0, 0x9f,
    0xf9, 0x0, 0x9, 0xff, 0x90,

    /* U+00ED "í" */
    0x0, 0x9f, 0xf9, 0x0, 0x7f, 0xf7, 0x0, 0x5f,
    0xf4, 0x0, 0x0, 0x0, 0x0, 0x0, 0x9f, 0xf9,
    0x0, 0x9, 0xff, 0x90, 0x0, 0x9f, 0xf9, 0x0,
    0x9, 0xff, 0x90, 0x0, 0x9f, 0xf9, 0x0, 0x9,
    0xff, 0x90, 0x0, 0x9f, 0xf9, 0x0, 0x9, 0xff,
    0x90, 0x0, 0x9f, 0xf9, 0x0, 0x9, 0xff, 0x90,
    0x0, 0x9f, 0xf9, 0x0, 0x0,

    /* U+00EE "î" */
    0x0, 0xbf, 0xfb, 0x0, 0x6, 0xfe, 0xef, 0x60,
    0x2f, 0xf3, 0x3f, 0xf2, 0x0, 0x0, 0x0, 0x0,
    0x0, 0x9f, 0xf9, 0x0, 0x0, 0x9f, 0xf9, 0x0,
    0x0, 0x9f, 0xf9, 0x0, 0x0, 0x9f, 0xf9, 0x0,
    0x0, 0x9f, 0xf9, 0x0, 0x0, 0x9f, 0xf9, 0x0,
    0x0, 0x9f, 0xf9, 0x0, 0x0, 0x9f, 0xf9, 0x0,
    0x0, 0x9f, 0xf9, 0x0, 0x0, 0x9f, 0xf9, 0x0,
    0x0, 0x9f, 0xf9, 0x0,

    /* U+00EF "ï" */
    0x9f, 0x55, 0xf8, 0xef, 0xaa, 0xfe, 0x5b, 0x23,
    0xb5, 0x0, 0x0, 0x0, 0x9, 0xff, 0x90, 0x9,
    0xff, 0x90, 0x9, 0xff, 0x90, 0x9, 0xff, 0x90,
    0x9, 0xff, 0x90, 0x9, 0xff, 0x90, 0x9, 0xff,
    0x90, 0x9, 0xff, 0x90, 0x9, 0xff, 0x90, 0x9,
    0xff, 0x90, 0x9, 0xff, 0x90,

    /* U+00F0 "ð" */
    0x0, 0x0, 0x0, 0x0, 0x0, 0x0, 0x0, 0x1a,
    0xf8, 0x0, 0x19, 0x10, 0x0, 0x5e, 0xff, 0xda,
    0xff, 0x50, 0x0, 0x0, 0xbf, 0xff, 0xb1, 0x0,
    0x0, 0x5c, 0xfe, 0xef, 0xf3, 0x0, 0x0, 0xdc,
    0x50, 0x2f, 0xfe, 0x0, 0x0, 0x10, 0x0, 0x5,
    0xff, 0x80, 0x0, 0x5c, 0xff, 0xc5, 0xef, 0xe0,
    0x7, 0xff, 0xff, 0xff, 0xff, 0xf4, 0x1f, 0xff,
    0x94, 0x5c, 0xff, 0xf6, 0x6f, 0xfb, 0x0, 0x1,
    0xff, 0xf7, 0x7f, 0xf8, 0x0, 0x0, 0xdf, 0xf5,
    0x5f, 0xfc, 0x0, 0x2, 0xff, 0xf1, 0xf, 0xff,
    0xc7, 0x8f, 0xff, 0x90, 0x4, 0xff, 0xff, 0xff,
    0xfb, 0x0, 0x0, 0x2a, 0xef, 0xeb, 0x60, 0x0,

    /* U+00F1 "ñ" */
    0x0, 0x1b, 0xfc, 0x41, 0xfb, 0x0, 0x0, 0x9f,
    0xef, 0xff, 0xf6, 0x0, 0x0, 0xaa, 0x2, 0x9b,
    0x70, 0x0, 0x0, 0x0, 0x0, 0x0, 0x0, 0x0,
    0x9f, 0xf7, 0x6c, 0xff, 0xc4, 0x0, 0x9f, 0xff,
    0xff, 0xff, 0xff, 0x60, 0x9f, 0xff, 0xfa, 0xae,
    0xff, 0xf0, 0x9f, 0xff, 0x30, 0x2, 0xff, 0xf4,
    0x9f, 0xfb, 0x0, 0x0, 0xcf, 0xf6, 0x9f, 0xf9,
    0x0, 0x0, 0xbf, 0xf7, 0x9f, 0xf9, 0x0, 0x0,
    0xbf, 0xf7, 0x9f, 0xf9, 0x0, 0x0, 0xbf, 0xf7,
    0x9f, 0xf9, 0x0, 0x0, 0xbf, 0xf7, 0x9f, 0xf9,
    0x0, 0x0, 0xbf, 0xf7, 0x9f, 0xf9, 0x0, 0x0,
    0xbf, 0xf7,

    /* U+00F2 "ò" */
    0x0, 0x38, 0x86, 0x0, 0x0, 0x0, 0x0, 0x0,
    0x8f, 0xf8, 0x0, 0x0, 0x0, 0x0, 0x0, 0x5f,
    0xf7, 0x0, 0x0, 0x0, 0x0, 0x0, 0x38, 0x71,
    0x0, 0x0, 0x0, 0x0, 0x0, 0x0, 0x0, 0x0,
    0x0, 0x0, 0x3a, 0xef, 0xeb, 0x40, 0x0, 0x0,
    0x8f, 0xff, 0xff, 0xff, 0xa0, 0x0, 0x7f, 0xff,
    0xd9, 0xcf, 0xff, 0x80, 0xe, 0xff, 0x80, 0x0,
    0x7f, 0xff, 0x13, 0xff, 0xf0, 0x0, 0x0, 0xef,
    0xf5, 0x5f, 0xfd, 0x0, 0x0, 0xb, 0xff, 0x63,
    0xff, 0xf0, 0x0, 0x0, 0xef, 0xf5, 0xe, 0xff,
    0x80, 0x0, 0x7f, 0xff, 0x10, 0x7f, 0xff, 0xd9,
    0xcf, 0xff, 0x80, 0x0, 0x8f, 0xff, 0xff, 0xff,
    0xa0, 0x0, 0x0, 0x4a, 0xef, 0xeb, 0x40, 0x0,

    /* U+00F3 "ó" */
    0x0, 0x0, 0x0, 0x6, 0x88, 0x30, 0x0, 0x0,
    0x0, 0x7, 0xff, 0x80, 0x0, 0x0, 0x0, 0x6,
    0xff, 0x50, 0x0, 0x0, 0x0, 0x0, 0x78, 0x30,
    0x0, 0x0, 0x0, 0x0, 0x0, 0x0, 0x0, 0x0,
    0x0, 0x0, 0x3a, 0xef, 0xeb, 0x40, 0x0, 0x0,
    0x8f, 0xff, 0xff, 0xff, 0xa0, 0x0, 0x7f, 0xff,
    0xd9, 0xcf, 0xff, 0x80, 0xe, 0xff, 0x80, 0x0,
    0x7f, 0xff, 0x13, 0xff, 0xf0, 0x0, 0x0, 0xef,
    0xf5, 0x5f, 0xfd, 0x0, 0x0, 0xb, 0xff, 0x63,
    0xff, 0xf0, 0x0, 0x0, 0xef, 0xf5, 0xe, 0xff,
    0x80, 0x0, 0x7f, 0xff, 0x10, 0x7f, 0xff, 0xd9,
    0xcf, 0xff, 0x80, 0x0, 0x8f, 0xff, 0xff, 0xff,
    0xa0, 0x0, 0x0, 0x4a, 0xef, 0xeb, 0x40, 0x0,

    /* U+00F4 "ô" */
    0x0, 0x0, 0x7, 0x87, 0x10, 0x0, 0x0, 0x0,
    0xb, 0xff, 0xfc, 0x0, 0x0, 0x0, 0x9, 0xfc,
    0x2c, 0xfa, 0x0, 0x0, 0x2, 0x87, 0x0, 0x7,
    0x82, 0x0, 0x0, 0x0, 0x0, 0x0, 0x0, 0x0,
    0x0, 0x0, 0x3a, 0xef, 0xeb, 0x40, 0x0, 0x0,
    0x8f, 0xff, 0xff, 0xff, 0xa0, 0x0, 0x7f, 0xff,
    0xd9, 0xcf, 0xff, 0x80, 0xe, 0xff, 0x80, 0x0,
    0x7f, 0xff, 0x13, 0xff, 0xf0, 0x0, 0x0, 0xef,
    0xf5, 0x5f, 0xfd, 0x0, 0x0, 0xb, 0xff, 0x63,
    0xff, 0xf0, 0x0, 0x0, 0xef, 0xf5, 0xe, 0xff,
    0x80, 0x0, 0x7f, 0xff, 0x10, 0x7f, 0xff, 0xd9,
    0xcf, 0xff, 0x80, 0x0, 0x8f, 0xff, 0xff, 0xff,
    0xa0, 0x0, 0x0, 0x4a, 0xef, 0xeb, 0x40, 0x0,

    /* U+00F5 "õ" */
    0x0, 0x5, 0xee, 0x91, 0x7f, 0x40, 0x0, 0x1,
    0xff, 0xef, 0xff, 0xe0, 0x0, 0x0, 0x3c, 0x50,
    0x5b, 0xa3, 0x0, 0x0, 0x0, 0x0, 0x0, 0x0,
    0x0, 0x0, 0x0, 0x3, 0xae, 0xfe, 0xb4, 0x0,
    0x0, 0x8, 0xff, 0xff, 0xff, 0xfa, 0x0, 0x7,
    0xff, 0xfd, 0x9c, 0xff, 0xf8, 0x0, 0xef, 0xf8,
    0x0, 0x7, 0xff, 0xf1, 0x3f, 0xff, 0x0, 0x0,
    0xe, 0xff, 0x55, 0xff, 0xd0, 0x0, 0x0, 0xbf,
    0xf6, 0x3f, 0xff, 0x0, 0x0, 0xe, 0xff, 0x50,
    0xef, 0xf8, 0x0, 0x7, 0xff, 0xf1, 0x7, 0xff,
    0xfd, 0x9c, 0xff, 0xf8, 0x0, 0x8, 0xff, 0xff,
    0xff, 0xfa, 0x0, 0x0, 0x4, 0xae, 0xfe, 0xb4,
    0x0, 0x0,

    /* U+00F6 "ö" */
    0x0, 0x8, 0xf7, 0x7, 0xf8, 0x0, 0x0, 0x0,
    0xdf, 0xd0, 0xcf, 0xe0, 0x0, 0x0, 0x5, 0xb5,
    0x4, 0xb5, 0x0, 0x0, 0x0, 0x0, 0x0, 0x0,
    0x0, 0x0, 0x0, 0x3, 0xae, 0xfe, 0xb4, 0x0,
    0x0, 0x8, 0xff, 0xff, 0xff, 0xfa, 0x0, 0x7,
    0xff, 0xfd, 0x9c, 0xff, 0xf8, 0x0, 0xef, 0xf8,
    0x0, 0x7, 0xff, 0xf1, 0x3f, 0xff, 0x0, 0x0,
    0xe, 0xff, 0x55, 0xff, 0xd0, 0x0, 0x0, 0xbf,
    0xf6, 0x3f, 0xff, 0x0, 0x0, 0xe, 0xff, 0x50,
    0xef, 0xf8, 0x0, 0x7, 0xff, 0xf1, 0x7, 0xff,
    0xfd, 0x9c, 0xff, 0xf8, 0x0, 0x8, 0xff, 0xff,
    0xff, 0xfa, 0x0, 0x0, 0x4, 0xae, 0xfe, 0xb4,
    0x0, 0x0,

    /* U+00F7 "÷" */
    0x0, 0x3, 0xee, 0x30, 0x0, 0x0, 0x9, 0xff,
    0x90, 0x0, 0x0, 0x6, 0xff, 0x60, 0x0, 0x0,
    0x0, 0x33, 0x0, 0x0, 0x0, 0x0, 0x0, 0x0,
    0x0, 0xcf, 0xff, 0xff, 0xff, 0xfc, 0xcf, 0xff,
    0xff, 0xff, 0xfc, 0x57, 0x77, 0x77, 0x77, 0x75,
    0x0, 0x0, 0x33, 0x0, 0x0, 0x0, 0x6, 0xff,
    0x60, 0x0, 0x0, 0x9, 0xff, 0x90, 0x0, 0x0,
    0x3, 0xee, 0x30, 0x0,

    /* U+00F8 "ø" */
    0x0, 0x0, 0x0, 0x0, 0x2f, 0x80, 0x0, 0x0,
    0x3a, 0xef, 0xef, 0xf0, 0x0, 0x0, 0x8f, 0xff,
    0xff, 0xff, 0xa0, 0x0, 0x7f, 0xff, 0xd9, 0xff,
    0xff, 0x80, 0xe, 0xff, 0x80, 0x3f, 0xef, 0xff,
    0x13, 0xff, 0xf0, 0xc, 0xe0, 0xef, 0xf5, 0x5f,
    0xfd, 0x4, 0xf6, 0xb, 0xff, 0x63, 0xff, 0xf0,
    0xcd, 0x0, 0xef, 0xf5, 0xe, 0xff, 0xdf, 0x50,
    0x7f, 0xff, 0x10, 0x7f, 0xff, 0xfa, 0xcf, 0xff,
    0x80, 0x0, 0x8f, 0xff, 0xff, 0xff, 0xa0, 0x0,
    0x0, 0xff, 0xef, 0xeb, 0x40, 0x0, 0x0, 0x6f,
    0x40, 0x0, 0x0, 0x0, 0x0, 0x6, 0x70, 0x0,
    0x0, 0x0, 0x0,

    /* U+00F9 "ù" */
    0x1, 0x78, 0x71, 0x0, 0x0, 0x0, 0x0, 0x4f,
    0xfc, 0x0, 0x0, 0x0, 0x0, 0x2, 0xdf, 0xb0,
    0x0, 0x0, 0x0, 0x0, 0x17, 0x83, 0x0, 0x0,
    0x0, 0x0, 0x0, 0x0, 0x0, 0x0, 0xaf, 0xf8,
    0x0, 0x0, 0xdf, 0xf4, 0xaf, 0xf8, 0x0, 0x0,
    0xdf, 0xf4, 0xaf, 0xf8, 0x0, 0x0, 0xdf, 0xf4,
    0xaf, 0xf8, 0x0, 0x0, 0xdf, 0xf4, 0xaf, 0xf8,
    0x0, 0x0, 0xdf, 0xf4, 0xaf, 0xf8, 0x0, 0x0,
    0xdf, 0xf4, 0x9f, 0xf9, 0x0, 0x0, 0xff, 0xf4,
    0x7f, 0xfe, 0x10, 0x9, 0xff, 0xf4, 0x2f, 0xff,
    0xfc, 0xef, 0xff, 0xf4, 0x9, 0xff, 0xff, 0xff,
    0xef, 0xf4, 0x0, 0x6c, 0xff, 0xb4, 0xbf, 0xf4,

    /* U+00FA "ú" */
    0x0, 0x0, 0x0, 0x48, 0x86, 0x0, 0x0, 0x0,
    0x3, 0xff, 0xc1, 0x0, 0x0, 0x0, 0x2e, 0xf9,
    0x0, 0x0, 0x0, 0x0, 0x68, 0x50, 0x0, 0x0,
    0x0, 0x0, 0x0, 0x0, 0x0, 0x0, 0xaf, 0xf8,
    0x0, 0x0, 0xdf, 0xf4, 0xaf, 0xf8, 0x0, 0x0,
    0xdf, 0xf4, 0xaf, 0xf8, 0x0, 0x0, 0xdf, 0xf4,
    0xaf, 0xf8, 0x0, 0x0, 0xdf, 0xf4, 0xaf, 0xf8,
    0x0, 0x0, 0xdf, 0xf4, 0xaf, 0xf8, 0x0, 0x0,
    0xdf, 0xf4, 0x9f, 0xf9, 0x0, 0x0, 0xff, 0xf4,
    0x7f, 0xfe, 0x10, 0x9, 0xff, 0xf4, 0x2f, 0xff,
    0xfc, 0xef, 0xff, 0xf4, 0x9, 0xff, 0xff, 0xff,
    0xef, 0xf4, 0x0, 0x6c, 0xff, 0xb4, 0xbf, 0xf4,

    /* U+00FB "û" */
    0x0, 0x0, 0x68, 0x83, 0x0, 0x0, 0x0, 0x7,
    0xff, 0xfe, 0x20, 0x0, 0x0, 0x5f, 0xf4, 0x8f,
    0xd1, 0x0, 0x0, 0x78, 0x20, 0x5, 0x84, 0x0,
    0x0, 0x0, 0x0, 0x0, 0x0, 0x0, 0xaf, 0xf8,
    0x0, 0x0, 0xdf, 0xf4, 0xaf, 0xf8, 0x0, 0x0,
    0xdf, 0xf4, 0xaf, 0xf8, 0x0, 0x0, 0xdf, 0xf4,
    0xaf, 0xf8, 0x0, 0x0, 0xdf, 0xf4, 0xaf, 0xf8,
    0x0, 0x0, 0xdf, 0xf4, 0xaf, 0xf8, 0x0, 0x0,
    0xdf, 0xf4, 0x9f, 0xf9, 0x0, 0x0, 0xff, 0xf4,
    0x7f, 0xfe, 0x10, 0x9, 0xff, 0xf4, 0x2f, 0xff,
    0xfc, 0xef, 0xff, 0xf4, 0x9, 0xff, 0xff, 0xff,
    0xef, 0xf4, 0x0, 0x6c, 0xff, 0xb4, 0xbf, 0xf4,

    /* U+00FC "ü" */
    0x0, 0x4e, 0xb0, 0x3e, 0xc0, 0x0, 0x0, 0x8f,
    0xf2, 0x7f, 0xf2, 0x0, 0x0, 0x2b, 0x80, 0x1b,
    0x90, 0x0, 0x0, 0x0, 0x0, 0x0, 0x0, 0x0,
    0xaf, 0xf8, 0x0, 0x0, 0xdf, 0xf4, 0xaf, 0xf8,
    0x0, 0x0, 0xdf, 0xf4, 0xaf, 0xf8, 0x0, 0x0,
    0xdf, 0xf4, 0xaf, 0xf8, 0x0, 0x0, 0xdf, 0xf4,
    0xaf, 0xf8, 0x0, 0x0, 0xdf, 0xf4, 0xaf, 0xf8,
    0x0, 0x0, 0xdf, 0xf4, 0x9f, 0xf9, 0x0, 0x0,
    0xff, 0xf4, 0x7f, 0xfe, 0x10, 0x9, 0xff, 0xf4,
    0x2f, 0xff, 0xfc, 0xef, 0xff, 0xf4, 0x9, 0xff,
    0xff, 0xff, 0xef, 0xf4, 0x0, 0x6c, 0xff, 0xb4,
    0xbf, 0xf4,

    /* U+00FD "ý" */
    0x0, 0x0, 0x0, 0x1c, 0xfe, 0x50, 0x0, 0x0,
    0x0, 0x2, 0xdf, 0xb1, 0x0, 0x0, 0x0, 0x0,
    0x6, 0x85, 0x0, 0x0, 0x0, 0x0, 0x0, 0x0,
    0x0, 0x0, 0x0, 0x0, 0xe, 0xff, 0x40, 0x0,
    0x1, 0xff, 0xe0, 0x8, 0xff, 0xa0, 0x0, 0x7,
    0xff, 0x70, 0x1, 0xff, 0xf1, 0x0, 0xe, 0xff,
    0x10, 0x0, 0xaf, 0xf7, 0x0, 0x4f, 0xfa, 0x0,
    0x0, 0x4f, 0xfe, 0x0, 0xbf, 0xf3, 0x0, 0x0,
    0xd, 0xff, 0x42, 0xff, 0xd0, 0x0, 0x0, 0x6,
    0xff, 0xb8, 0xff, 0x60, 0x0, 0x0, 0x0, 0xff,
    0xfe, 0xfe, 0x0, 0x0, 0x0, 0x0, 0x8f, 0xff,
    0xf8, 0x0, 0x0, 0x0, 0x0, 0x2f, 0xff, 0xf2,
    0x0, 0x0, 0x0, 0x0, 0xb, 0xff, 0xb0, 0x0,
    0x0, 0x0, 0x0, 0xc, 0xff, 0x40, 0x0, 0x0,
    0x6, 0xd9, 0xbf, 0xfd, 0x0, 0x0, 0x0, 0xe,
    0xff, 0xff, 0xf3, 0x0, 0x0, 0x0, 0x7, 0xcf,
    0xea, 0x20, 0x0, 0x0, 0x0,

    /* U+00FE "þ" */
    0x7d, 0xd7, 0x0, 0x0, 0x0, 0x0, 0x9, 0xff,
    0x90, 0x0, 0x0, 0x0, 0x0, 0x9f, 0xf9, 0x0,
    0x0, 0x0, 0x0, 0x9, 0xff, 0x90, 0x0, 0x0,
    0x0, 0x0, 0x9f, 0xf9, 0x7d, 0xfe, 0xb4, 0x0,
    0x9, 0xff, 0xff, 0xff, 0xff, 0xf8, 0x0, 0x9f,
    0xff, 0xfb, 0xae, 0xff, 0xf5, 0x9, 0xff, 0xf4,
    0x0, 0xb, 0xff, 0xc0, 0x9f, 0xfb, 0x0, 0x0,
    0x2f, 0xff, 0x9, 0xff, 0x80, 0x0, 0x0, 0xff,
    0xf2, 0x9f, 0xfb, 0x0, 0x0, 0x2f, 0xff, 0x9,
    0xff, 0xf4, 0x0, 0xb, 0xff, 0xc0, 0x9f, 0xff,
    0xfb, 0xad, 0xff, 0xf5, 0x9, 0xff, 0xff, 0xff,
    0xff, 0xf8, 0x0, 0x9f, 0xf9, 0x6d, 0xfe, 0xb4,
    0x0, 0x9, 0xff, 0x90, 0x0, 0x0, 0x0, 0x0,
    0x9f, 0xf9, 0x0, 0x0, 0x0, 0x0, 0x9, 0xff,
    0x90, 0x0, 0x0, 0x0, 0x0, 0x9f, 0xf9, 0x0,
    0x0, 0x0, 0x0, 0x0,

    /* U+00FF "ÿ" */
    0x0, 0x4, 0xeb, 0x4, 0xeb, 0x0, 0x0, 0x0,
    0x9, 0xff, 0x18, 0xff, 0x20, 0x0, 0x0, 0x2,
    0xb7, 0x2, 0xb8, 0x0, 0x0, 0x0, 0x0, 0x0,
    0x0, 0x0, 0x0, 0x0, 0xe, 0xff, 0x40, 0x0,
    0x1, 0xff, 0xe0, 0x8, 0xff, 0xa0, 0x0, 0x7,
    0xff, 0x70, 0x1, 0xff, 0xf1, 0x0, 0xe, 0xff,
    0x10, 0x0, 0xaf, 0xf7, 0x0, 0x4f, 0xfa, 0x0,
    0x0, 0x4f, 0xfe, 0x0, 0xbf, 0xf3, 0x0, 0x0,
    0xd, 0xff, 0x42, 0xff, 0xd0, 0x0, 0x0, 0x6,
    0xff, 0xb8, 0xff, 0x60, 0x0, 0x0, 0x0, 0xff,
    0xfe, 0xfe, 0x0, 0x0, 0x0, 0x0, 0x8f, 0xff,
    0xf8, 0x0, 0x0, 0x0, 0x0, 0x2f, 0xff, 0xf2,
    0x0, 0x0, 0x0, 0x0, 0xb, 0xff, 0xb0, 0x0,
    0x0, 0x0, 0x0, 0xc, 0xff, 0x40, 0x0, 0x0,
    0x6, 0xd9, 0xbf, 0xfd, 0x0, 0x0, 0x0, 0xe,
    0xff, 0xff, 0xf3, 0x0, 0x0, 0x0, 0x7, 0xcf,
    0xea, 0x20, 0x0, 0x0, 0x0,

    /* U+0100 "Ā" */
    0x0, 0x0, 0xc, 0xcc, 0xcc, 0xcc, 0x40, 0x0,
    0x0, 0x0, 0x0, 0xff, 0xff, 0xff, 0xf5, 0x0,
    0x0, 0x0, 0x0, 0x0, 0x0, 0x0, 0x0, 0x0,
    0x0, 0x0, 0x0, 0x0, 0x0, 0x0, 0x0, 0x0,
    0x0, 0x0, 0x0, 0x0, 0x0, 0x2f, 0xff, 0x70,
    0x0, 0x0, 0x0, 0x0, 0x0, 0x9, 0xff, 0xfe,
    0x0, 0x0, 0x0, 0x0, 0x0, 0x1, 0xff, 0xff,
    0xf6, 0x0, 0x0, 0x0, 0x0, 0x0, 0x8f, 0xfb,
    0xff, 0xd0, 0x0, 0x0, 0x0, 0x0, 0xe, 0xff,
    0x1d, 0xff, 0x40, 0x0, 0x0, 0x0, 0x6, 0xff,
    0xa0, 0x6f, 0xfb, 0x0, 0x0, 0x0, 0x0, 0xdf,
    0xf4, 0x0, 0xff, 0xf2, 0x0, 0x0, 0x0, 0x4f,
    0xfd, 0x0, 0x9, 0xff, 0x90, 0x0, 0x0, 0xb,
    0xff, 0xb7, 0x77, 0x9f, 0xff, 0x10, 0x0, 0x2,
    0xff, 0xff, 0xff, 0xff, 0xff, 0xf8, 0x0, 0x0,
    0xaf, 0xff, 0xff, 0xff, 0xff, 0xff, 0xe0, 0x0,
    0x1f, 0xff, 0x20, 0x0, 0x0, 0xe, 0xff, 0x60,
    0x8, 0xff, 0xc0, 0x0, 0x0, 0x0, 0x8f, 0xfd,
    0x0, 0xef, 0xf5, 0x0, 0x0, 0x0, 0x1, 0xff,
    0xf4,

    /* U+0101 "ā" */
    0x0, 0x9f, 0xff, 0xff, 0xfc, 0x0, 0x7, 0xcc,
    0xcc, 0xcc, 0x90, 0x0, 0x0, 0x0, 0x0, 0x0,
    0x0, 0x6, 0xbe, 0xff, 0xc7, 0x0, 0xa, 0xff,
    0xff, 0xff, 0xfc, 0x0, 0x3f, 0xc9, 0x8a, 0xff,
    0xf8, 0x0, 0x10, 0x0, 0x5, 0xff, 0xd0, 0x4,
    0xac, 0xdd, 0xdf, 0xfe, 0x8, 0xff, 0xff, 0xff,
    0xff, 0xf1, 0xff, 0xf4, 0x0, 0x2f, 0xff, 0x3f,
    0xfd, 0x0, 0x4, 0xff, 0xf1, 0xff, 0xf6, 0x25,
    0xef, 0xff, 0x9, 0xff, 0xff, 0xfe, 0xff, 0xf0,
    0x6, 0xdf, 0xfb, 0x2f, 0xff,

    /* U+0102 "Ă" */
    0x0, 0x0, 0x7, 0x70, 0x0, 0x58, 0x20, 0x0,
    0x0, 0x0, 0x0, 0xcf, 0x70, 0x3f, 0xf1, 0x0,
    0x0, 0x0, 0x0, 0x3, 0xff, 0xff, 0xf7, 0x0,
    0x0, 0x0, 0x0, 0x0, 0x1, 0x79, 0x83, 0x0,
    0x0, 0x0, 0x0, 0x0, 0x0, 0x0, 0x0, 0x0,
    0x0, 0x0, 0x0, 0x0, 0x0, 0x2, 0xff, 0xf7,
    0x0, 0x0, 0x0, 0x0, 0x0, 0x0, 0x9f, 0xff,
    0xe0, 0x0, 0x0, 0x0, 0x0, 0x0, 0x1f, 0xff,
    0xff, 0x60, 0x0, 0x0, 0x0, 0x0, 0x8, 0xff,
    0xbf, 0xfd, 0x0, 0x0, 0x0, 0x0, 0x0, 0xef,
    0xf1, 0xdf, 0xf4, 0x0, 0x0, 0x0, 0x0, 0x6f,
    0xfa, 0x6, 0xff, 0xb0, 0x0, 0x0, 0x0, 0xd,
    0xff, 0x40, 0xf, 0xff, 0x20, 0x0, 0x0, 0x4,
    0xff, 0xd0, 0x0, 0x9f, 0xf9, 0x0, 0x0, 0x0,
    0xbf, 0xfb, 0x77, 0x79, 0xff, 0xf1, 0x0, 0x0,
    0x2f, 0xff, 0xff, 0xff, 0xff, 0xff, 0x80, 0x0,
    0xa, 0xff, 0xff, 0xff, 0xff, 0xff, 0xfe, 0x0,
    0x1, 0xff, 0xf2, 0x0, 0x0, 0x0, 0xef, 0xf6,
    0x0, 0x8f, 0xfc, 0x0, 0x0, 0x0, 0x8, 0xff,
    0xd0, 0xe, 0xff, 0x50, 0x0, 0x0, 0x0, 0x1f,
    0xff, 0x40,

    /* U+0103 "ă" */
    0x0, 0x48, 0x30, 0x2, 0x85, 0x0, 0x5, 0xfc,
    0x21, 0xaf, 0x80, 0x0, 0xb, 0xff, 0xff, 0xd1,
    0x0, 0x0, 0x5, 0x89, 0x60, 0x0, 0x0, 0x0,
    0x0, 0x0, 0x0, 0x0, 0x6, 0xbe, 0xff, 0xc7,
    0x0, 0xa, 0xff, 0xff, 0xff, 0xfc, 0x0, 0x3f,
    0xc9, 0x8a, 0xff, 0xf8, 0x0, 0x10, 0x0, 0x5,
    0xff, 0xd0, 0x4, 0xac, 0xdd, 0xdf, 0xfe, 0x8,
    0xff, 0xff, 0xff, 0xff, 0xf1, 0xff, 0xf4, 0x0,
    0x2f, 0xff, 0x3f, 0xfd, 0x0, 0x4, 0xff, 0xf1,
    0xff, 0xf6, 0x25, 0xef, 0xff, 0x9, 0xff, 0xff,
    0xfe, 0xff, 0xf0, 0x6, 0xdf, 0xfb, 0x2f, 0xff,

    /* U+0104 "Ą" */
    0x0, 0x0, 0x0, 0x2f, 0xff, 0x70, 0x0, 0x0,
    0x0, 0x0, 0x0, 0x9, 0xff, 0xfe, 0x0, 0x0,
    0x0, 0x0, 0x0, 0x1, 0xff, 0xff, 0xf6, 0x0,
    0x0, 0x0, 0x0, 0x0, 0x8f, 0xfb, 0xff, 0xd0,
    0x0, 0x0, 0x0, 0x0, 0xe, 0xff, 0x1d, 0xff,
    0x40, 0x0, 0x0, 0x0, 0x6, 0xff, 0xa0, 0x6f,
    0xfb, 0x0, 0x0, 0x0, 0x0, 0xdf, 0xf4, 0x0,
    0xff, 0xf2, 0x0, 0x0, 0x0, 0x4f, 0xfd, 0x0,
    0x9, 0xff, 0x90, 0x0, 0x0, 0xb, 0xff, 0xb7,
    0x77, 0x9f, 0xff, 0x10, 0x0, 0x2, 0xff, 0xff,
    0xff, 0xff, 0xff, 0xf8, 0x0, 0x0, 0xaf, 0xff,
    0xff, 0xff, 0xff, 0xff, 0xe0, 0x0, 0x1f, 0xff,
    0x20, 0x0, 0x0, 0xe, 0xff, 0x60, 0x8, 0xff,
    0xc0, 0x0, 0x0, 0x0, 0x8f, 0xfd, 0x0, 0xef,
    0xf5, 0x0, 0x0, 0x0, 0x1, 0xff, 0xf6, 0x0,
    0x0, 0x0, 0x0, 0x0, 0x0, 0x1c, 0xf8, 0x10,
    0x0, 0x0, 0x0, 0x0, 0x0, 0x8, 0xf6, 0x0,
    0x0, 0x0, 0x0, 0x0, 0x0, 0x0, 0xbf, 0x60,
    0x10, 0x0, 0x0, 0x0, 0x0, 0x0, 0x6, 0xff,
    0xfc, 0x0, 0x0, 0x0, 0x0, 0x0, 0x0, 0x4,
    0x88, 0x40,

    /* U+0105 "ą" */
    0x0, 0x6b, 0xef, 0xfc, 0x70, 0x0, 0xa, 0xff,
    0xff, 0xff, 0xfc, 0x0, 0x3, 0xfc, 0x98, 0xaf,
    0xff, 0x80, 0x0, 0x10, 0x0, 0x5, 0xff, 0xd0,
    0x0, 0x4a, 0xcd, 0xdd, 0xff, 0xe0, 0x8, 0xff,
    0xff, 0xff, 0xff, 0xf0, 0x1f, 0xff, 0x40, 0x2,
    0xff, 0xf0, 0x3f, 0xfd, 0x0, 0x4, 0xff, 0xf0,
    0x1f, 0xff, 0x62, 0x5e, 0xff, 0xf0, 0x9, 0xff,
    0xff, 0xfe, 0xff, 0xf0, 0x0, 0x6d, 0xff, 0xb2,
    0xff, 0xf0, 0x0, 0x0, 0x0, 0x8, 0xfb, 0x10,
    0x0, 0x0, 0x0, 0x2f, 0xd0, 0x0, 0x0, 0x0,
    0x0, 0x4f, 0xc1, 0x20, 0x0, 0x0, 0x0, 0x1e,
    0xff, 0xf3, 0x0, 0x0, 0x0, 0x1, 0x79, 0x71,

    /* U+0106 "Ć" */
    0x0, 0x0, 0x0, 0x0, 0x7, 0x87, 0x10, 0x0,
    0x0, 0x0, 0x0, 0xb, 0xff, 0x50, 0x0, 0x0,
    0x0, 0x0, 0xa, 0xfe, 0x30, 0x0, 0x0, 0x0,
    0x0, 0x2, 0x87, 0x10, 0x0, 0x0, 0x0, 0x0,
    0x0, 0x0, 0x0, 0x0, 0x0, 0x0, 0x0, 0x1,
    0x7c, 0xef, 0xeb, 0x60, 0x0, 0x0, 0x6, 0xff,
    0xff, 0xff, 0xff, 0xd2, 0x0, 0x8, 0xff, 0xff,
    0xec, 0xef, 0xff, 0xd0, 0x4, 0xff, 0xfc, 0x30,
    0x0, 0x3c, 0xd2, 0x0, 0xbf, 0xfd, 0x0, 0x0,
    0x0, 0x1, 0x0, 0xf, 0xff, 0x50, 0x0, 0x0,
    0x0, 0x0, 0x2, 0xff, 0xf1, 0x0, 0x0, 0x0,
    0x0, 0x0, 0x2f, 0xff, 0x10, 0x0, 0x0, 0x0,
    0x0, 0x0, 0xff, 0xf5, 0x0, 0x0, 0x0, 0x0,
    0x0, 0xc, 0xff, 0xd0, 0x0, 0x0, 0x0, 0x10,
    0x0, 0x4f, 0xff, 0xc3, 0x0, 0x3, 0xcd, 0x20,
    0x0, 0x8f, 0xff, 0xfe, 0xce, 0xff, 0xfd, 0x0,
    0x0, 0x7f, 0xff, 0xff, 0xff, 0xfd, 0x30, 0x0,
    0x0, 0x18, 0xce, 0xfe, 0xb6, 0x0, 0x0,

    /* U+0107 "ć" */
    0x0, 0x0, 0x0, 0x7, 0x87, 0x20, 0x0, 0x0,
    0x0, 0xaf, 0xf6, 0x0, 0x0, 0x0, 0x8, 0xfe,
    0x40, 0x0, 0x0, 0x0, 0x18, 0x72, 0x0, 0x0,
    0x0, 0x0, 0x0, 0x0, 0x0, 0x0, 0x0, 0x3,
    0xae, 0xfe, 0xb4, 0x0, 0x0, 0x8f, 0xff, 0xff,
    0xff, 0x80, 0x7, 0xff, 0xfd, 0x9c, 0xff, 0xf3,
    0xe, 0xff, 0x90, 0x0, 0x6c, 0x40, 0x3f, 0xff,
    0x0, 0x0, 0x0, 0x0, 0x5f, 0xfd, 0x0, 0x0,
    0x0, 0x0, 0x3f, 0xff, 0x0, 0x0, 0x0, 0x0,
    0xe, 0xff, 0x80, 0x0, 0x6c, 0x30, 0x7, 0xff,
    0xfd, 0x9b, 0xff, 0xf3, 0x0, 0x8f, 0xff, 0xff,
    0xff, 0x80, 0x0, 0x3, 0xae, 0xfe, 0xb4, 0x0,

    /* U+0108 "Ĉ" */
    0x0, 0x0, 0x0, 0x28, 0x86, 0x0, 0x0, 0x0,
    0x0, 0x0, 0x1e, 0xff, 0xf8, 0x0, 0x0, 0x0,
    0x0, 0xd, 0xf9, 0x3e, 0xf6, 0x0, 0x0, 0x0,
    0x4, 0x86, 0x0, 0x28, 0x70, 0x0, 0x0, 0x0,
    0x0, 0x0, 0x0, 0x0, 0x0, 0x0, 0x0, 0x1,
    0x7c, 0xef, 0xeb, 0x60, 0x0, 0x0, 0x6, 0xff,
    0xff, 0xff, 0xff, 0xd2, 0x0, 0x8, 0xff, 0xff,
    0xec, 0xef, 0xff, 0xd0, 0x4, 0xff, 0xfc, 0x30,
    0x0, 0x3c, 0xd2, 0x0, 0xbf, 0xfd, 0x0, 0x0,
    0x0, 0x1, 0x0, 0xf, 0xff, 0x50, 0x0, 0x0,
    0x0, 0x0, 0x2, 0xff, 0xf1, 0x0, 0x0, 0x0,
    0x0, 0x0, 0x2f, 0xff, 0x10, 0x0, 0x0, 0x0,
    0x0, 0x0, 0xff, 0xf5, 0x0, 0x0, 0x0, 0x0,
    0x0, 0xc, 0xff, 0xd0, 0x0, 0x0, 0x0, 0x10,
    0x0, 0x4f, 0xff, 0xc3, 0x0, 0x3, 0xcd, 0x20,
    0x0, 0x8f, 0xff, 0xfe, 0xce, 0xff, 0xfd, 0x0,
    0x0, 0x7f, 0xff, 0xff, 0xff, 0xfd, 0x30, 0x0,
    0x0, 0x18, 0xce, 0xfe, 0xb6, 0x0, 0x0,

    /* U+0109 "ĉ" */
    0x0, 0x0, 0x18, 0x87, 0x0, 0x0, 0x0, 0x1,
    0xdf, 0xff, 0x90, 0x0, 0x0, 0xb, 0xfb, 0x2d,
    0xf7, 0x0, 0x0, 0x38, 0x60, 0x1, 0x77, 0x10,
    0x0, 0x0, 0x0, 0x0, 0x0, 0x0, 0x0, 0x3,
    0xae, 0xfe, 0xb4, 0x0, 0x0, 0x8f, 0xff, 0xff,
    0xff, 0x80, 0x7, 0xff, 0xfd, 0x9c, 0xff, 0xf3,
    0xe, 0xff, 0x90, 0x0, 0x6c, 0x40, 0x3f, 0xff,
    0x0, 0x0, 0x0, 0x0, 0x5f, 0xfd, 0x0, 0x0,
    0x0, 0x0, 0x3f, 0xff, 0x0, 0x0, 0x0, 0x0,
    0xe, 0xff, 0x80, 0x0, 0x6c, 0x30, 0x7, 0xff,
    0xfd, 0x9b, 0xff, 0xf3, 0x0, 0x8f, 0xff, 0xff,
    0xff, 0x80, 0x0, 0x3, 0xae, 0xfe, 0xb4, 0x0,

    /* U+010A "Ċ" */
    0x0, 0x0, 0x0, 0x1c, 0xf6, 0x0, 0x0, 0x0,
    0x0, 0x0, 0x5, 0xff, 0xe0, 0x0, 0x0, 0x0,
    0x0, 0x0, 0x3f, 0xfb, 0x0, 0x0, 0x0, 0x0,
    0x0, 0x0, 0x35, 0x0, 0x0, 0x0, 0x0, 0x0,
    0x0, 0x0, 0x0, 0x0, 0x0, 0x0, 0x0, 0x1,
    0x7c, 0xef, 0xeb, 0x60, 0x0, 0x0, 0x6, 0xff,
    0xff, 0xff, 0xff, 0xd2, 0x0, 0x8, 0xff, 0xff,
    0xec, 0xef, 0xff, 0xd0, 0x4, 0xff, 0xfc, 0x30,
    0x0, 0x3c, 0xd2, 0x0, 0xbf, 0xfd, 0x0, 0x0,
    0x0, 0x1, 0x0, 0xf, 0xff, 0x50, 0x0, 0x0,
    0x0, 0x0, 0x2, 0xff, 0xf1, 0x0, 0x0, 0x0,
    0x0, 0x0, 0x2f, 0xff, 0x10, 0x0, 0x0, 0x0,
    0x0, 0x0, 0xff, 0xf5, 0x0, 0x0, 0x0, 0x0,
    0x0, 0xc, 0xff, 0xd0, 0x0, 0x0, 0x0, 0x10,
    0x0, 0x4f, 0xff, 0xc3, 0x0, 0x3, 0xcd, 0x20,
    0x0, 0x8f, 0xff, 0xfe, 0xce, 0xff, 0xfd, 0x0,
    0x0, 0x7f, 0xff, 0xff, 0xff, 0xfd, 0x30, 0x0,
    0x0, 0x18, 0xce, 0xfe, 0xb6, 0x0, 0x0,

    /* U+010B "ċ" */
    0x0, 0x0, 0xb, 0xf7, 0x0, 0x0, 0x0, 0x0,
    0x4f, 0xff, 0x0, 0x0, 0x0, 0x0, 0x1f, 0xfc,
    0x0, 0x0, 0x0, 0x0, 0x2, 0x51, 0x0, 0x0,
    0x0, 0x0, 0x0, 0x0, 0x0, 0x0, 0x0, 0x3,
    0xae, 0xfe, 0xb4, 0x0, 0x0, 0x8f, 0xff, 0xff,
    0xff, 0x80, 0x7, 0xff, 0xfd, 0x9c, 0xff, 0xf3,
    0xe, 0xff, 0x90, 0x0, 0x6c, 0x40, 0x3f, 0xff,
    0x0, 0x0, 0x0, 0x0, 0x5f, 0xfd, 0x0, 0x0,
    0x0, 0x0, 0x3f, 0xff, 0x0, 0x0, 0x0, 0x0,
    0xe, 0xff, 0x80, 0x0, 0x6c, 0x30, 0x7, 0xff,
    0xfd, 0x9b, 0xff, 0xf3, 0x0, 0x8f, 0xff, 0xff,
    0xff, 0x80, 0x0, 0x3, 0xae, 0xfe, 0xb4, 0x0,

    /* U+010C "Č" */
    0x0, 0x0, 0x48, 0x60, 0x2, 0x87, 0x0, 0x0,
    0x0, 0x0, 0xdf, 0x93, 0xef, 0x60, 0x0, 0x0,
    0x0, 0x1, 0xef, 0xff, 0x80, 0x0, 0x0, 0x0,
    0x0, 0x2, 0x88, 0x60, 0x0, 0x0, 0x0, 0x0,
    0x0, 0x0, 0x0, 0x0, 0x0, 0x0, 0x0, 0x1,
    0x7c, 0xef, 0xeb, 0x60, 0x0, 0x0, 0x6, 0xff,
    0xff, 0xff, 0xff, 0xd2, 0x0, 0x8, 0xff, 0xff,
    0xec, 0xef, 0xff, 0xd0, 0x4, 0xff, 0xfc, 0x30,
    0x0, 0x3c, 0xd2, 0x0, 0xbf, 0xfd, 0x0, 0x0,
    0x0, 0x1, 0x0, 0xf, 0xff, 0x50, 0x0, 0x0,
    0x0, 0x0, 0x2, 0xff, 0xf1, 0x0, 0x0, 0x0,
    0x0, 0x0, 0x2f, 0xff, 0x10, 0x0, 0x0, 0x0,
    0x0, 0x0, 0xff, 0xf5, 0x0, 0x0, 0x0, 0x0,
    0x0, 0xc, 0xff, 0xd0, 0x0, 0x0, 0x0, 0x10,
    0x0, 0x4f, 0xff, 0xc3, 0x0, 0x3, 0xcd, 0x20,
    0x0, 0x8f, 0xff, 0xfe, 0xce, 0xff, 0xfd, 0x0,
    0x0, 0x7f, 0xff, 0xff, 0xff, 0xfd, 0x30, 0x0,
    0x0, 0x18, 0xce, 0xfe, 0xb6, 0x0, 0x0,

    /* U+010D "č" */
    0x0, 0x38, 0x60, 0x1, 0x77, 0x10, 0x0, 0xc,
    0xfb, 0x2d, 0xf7, 0x0, 0x0, 0x1, 0xdf, 0xff,
    0x90, 0x0, 0x0, 0x0, 0x18, 0x87, 0x0, 0x0,
    0x0, 0x0, 0x0, 0x0, 0x0, 0x0, 0x0, 0x3,
    0xae, 0xfe, 0xb4, 0x0, 0x0, 0x8f, 0xff, 0xff,
    0xff, 0x80, 0x7, 0xff, 0xfd, 0x9c, 0xff, 0xf3,
    0xe, 0xff, 0x90, 0x0, 0x6c, 0x40, 0x3f, 0xff,
    0x0, 0x0, 0x0, 0x0, 0x5f, 0xfd, 0x0, 0x0,
    0x0, 0x0, 0x3f, 0xff, 0x0, 0x0, 0x0, 0x0,
    0xe, 0xff, 0x80, 0x0, 0x6c, 0x30, 0x7, 0xff,
    0xfd, 0x9b, 0xff, 0xf3, 0x0, 0x8f, 0xff, 0xff,
    0xff, 0x80, 0x0, 0x3, 0xae, 0xfe, 0xb4, 0x0,

    /* U+010E "Ď" */
    0x0, 0x2e, 0xf5, 0x8, 0xfc, 0x10, 0x0, 0x0,
    0x0, 0x2e, 0xfe, 0xfc, 0x10, 0x0, 0x0, 0x0,
    0x0, 0x27, 0x87, 0x0, 0x0, 0x0, 0x0, 0x0,
    0x0, 0x0, 0x0, 0x0, 0x0, 0x0, 0x5f, 0xff,
    0xff, 0xff, 0xda, 0x40, 0x0, 0x5, 0xff, 0xff,
    0xff, 0xff, 0xff, 0xc2, 0x0, 0x5f, 0xff, 0xaa,
    0xab, 0xef, 0xff, 0xe2, 0x5, 0xff, 0xe0, 0x0,
    0x0, 0x5f, 0xff, 0xc0, 0x5f, 0xfe, 0x0, 0x0,
    0x0, 0x4f, 0xff, 0x45, 0xff, 0xe0, 0x0, 0x0,
    0x0, 0xcf, 0xf8, 0x5f, 0xfe, 0x0, 0x0, 0x0,
    0x9, 0xff, 0xa5, 0xff, 0xe0, 0x0, 0x0, 0x0,
    0x9f, 0xfa, 0x5f, 0xfe, 0x0, 0x0, 0x0, 0xc,
    0xff, 0x85, 0xff, 0xe0, 0x0, 0x0, 0x4, 0xff,
    0xf4, 0x5f, 0xfe, 0x0, 0x0, 0x5, 0xff, 0xfc,
    0x5, 0xff, 0xfa, 0xaa, 0xbe, 0xff, 0xfe, 0x20,
    0x5f, 0xff, 0xff, 0xff, 0xff, 0xfc, 0x20, 0x5,
    0xff, 0xff, 0xff, 0xfd, 0xa5, 0x0, 0x0,

    /* U+010F "ď" */
    0x0, 0x0, 0x0, 0x0, 0x1, 0x11, 0x0, 0xff,
    0x50, 0x0, 0x0, 0x0, 0x0, 0xbf, 0xf6, 0xf,
    0xf3, 0x0, 0x0, 0x0, 0x0, 0xb, 0xff, 0x60,
    0xff, 0x20, 0x0, 0x0, 0x0, 0x0, 0xbf, 0xf6,
    0xf, 0xf0, 0x0, 0x0, 0x0, 0x0, 0xb, 0xff,
    0x60, 0x0, 0x0, 0x0, 0x5c, 0xef, 0xc5, 0xbf,
    0xf6, 0x0, 0x0, 0x0, 0xbf, 0xff, 0xff, 0xff,
    0xff, 0x60, 0x0, 0x0, 0x8f, 0xff, 0xda, 0xcf,
    0xff, 0xf6, 0x0, 0x0, 0xe, 0xff, 0x90, 0x0,
    0x6f, 0xff, 0x60, 0x0, 0x3, 0xff, 0xf0, 0x0,
    0x0, 0xdf, 0xf6, 0x0, 0x0, 0x4f, 0xfe, 0x0,
    0x0, 0xb, 0xff, 0x60, 0x0, 0x3, 0xff, 0xf0,
    0x0, 0x0, 0xdf, 0xf6, 0x0, 0x0, 0xe, 0xff,
    0x90, 0x0, 0x6f, 0xff, 0x60, 0x0, 0x0, 0x8f,
    0xff, 0xd9, 0xcf, 0xff, 0xf6, 0x0, 0x0, 0x0,
    0xbf, 0xff, 0xff, 0xfe, 0xff, 0x60, 0x0, 0x0,
    0x0, 0x6c, 0xff, 0xc5, 0x9f, 0xf6, 0x0, 0x0,

    /* U+0110 "Đ" */
    0x1, 0xff, 0xff, 0xff, 0xfe, 0xb6, 0x10, 0x0,
    0x1, 0xff, 0xff, 0xff, 0xff, 0xff, 0xe5, 0x0,
    0x1, 0xff, 0xfb, 0xaa, 0xbd, 0xff, 0xff, 0x50,
    0x1, 0xff, 0xf2, 0x0, 0x0, 0x3d, 0xff, 0xf1,
    0x1, 0xff, 0xf2, 0x0, 0x0, 0x1, 0xef, 0xf8,
    0x24, 0xff, 0xf5, 0x22, 0x10, 0x0, 0x8f, 0xfd,
    0xff, 0xff, 0xff, 0xff, 0xb0, 0x0, 0x5f, 0xff,
    0xff, 0xff, 0xff, 0xff, 0xb0, 0x0, 0x5f, 0xfe,
    0x1, 0xff, 0xf2, 0x0, 0x0, 0x0, 0x8f, 0xfd,
    0x1, 0xff, 0xf2, 0x0, 0x0, 0x1, 0xef, 0xf8,
    0x1, 0xff, 0xf2, 0x0, 0x0, 0x3d, 0xff, 0xf1,
    0x1, 0xff, 0xfb, 0xaa, 0xbd, 0xff, 0xff, 0x50,
    0x1, 0xff, 0xff, 0xff, 0xff, 0xff, 0xe5, 0x0,
    0x1, 0xff, 0xff, 0xff, 0xfe, 0xb6, 0x10, 0x0,

    /* U+0111 "đ" */
    0x0, 0x0, 0x0, 0x0, 0x2, 0x33, 0x10, 0x0,
    0x0, 0x0, 0x0, 0xb, 0xff, 0x60, 0x0, 0x0,
    0x6, 0xff, 0xff, 0xff, 0xfd, 0x0, 0x0, 0x4,
    0xdd, 0xdf, 0xff, 0xfb, 0x0, 0x0, 0x0, 0x0,
    0xb, 0xff, 0x60, 0x0, 0x5, 0xce, 0xfc, 0x5b,
    0xff, 0x60, 0x0, 0xbf, 0xff, 0xff, 0xff, 0xff,
    0x60, 0x8, 0xff, 0xfd, 0xac, 0xff, 0xff, 0x60,
    0xe, 0xff, 0x90, 0x0, 0x6f, 0xff, 0x60, 0x3f,
    0xff, 0x0, 0x0, 0xd, 0xff, 0x60, 0x4f, 0xfe,
    0x0, 0x0, 0xb, 0xff, 0x60, 0x3f, 0xff, 0x0,
    0x0, 0xd, 0xff, 0x60, 0xe, 0xff, 0x90, 0x0,
    0x6f, 0xff, 0x60, 0x8, 0xff, 0xfd, 0x9c, 0xff,
    0xff, 0x60, 0x0, 0xbf, 0xff, 0xff, 0xfe, 0xff,
    0x60, 0x0, 0x6, 0xcf, 0xfc, 0x59, 0xff, 0x60,

    /* U+0112 "Ē" */
    0x0, 0x9c, 0xcc, 0xcc, 0xc7, 0x0, 0x0, 0xcf,
    0xff, 0xff, 0xfa, 0x0, 0x0, 0x0, 0x0, 0x0,
    0x0, 0x0, 0x0, 0x0, 0x0, 0x0, 0x0, 0x0,
    0x5f, 0xff, 0xff, 0xff, 0xff, 0xf3, 0x5f, 0xff,
    0xff, 0xff, 0xff, 0xf3, 0x5f, 0xff, 0x99, 0x99,
    0x99, 0x92, 0x5f, 0xfe, 0x0, 0x0, 0x0, 0x0,
    0x5f, 0xfe, 0x0, 0x0, 0x0, 0x0, 0x5f, 0xff,
    0x88, 0x88, 0x88, 0x30, 0x5f, 0xff, 0xff, 0xff,
    0xff, 0x60, 0x5f, 0xff, 0xff, 0xff, 0xff, 0x60,
    0x5f, 0xfe, 0x0, 0x0, 0x0, 0x0, 0x5f, 0xfe,
    0x0, 0x0, 0x0, 0x0, 0x5f, 0xfe, 0x0, 0x0,
    0x0, 0x0, 0x5f, 0xff, 0xaa, 0xaa, 0xaa, 0xa5,
    0x5f, 0xff, 0xff, 0xff, 0xff, 0xf8, 0x5f, 0xff,
    0xff, 0xff, 0xff, 0xf8,

    /* U+0113 "ē" */
    0x0, 0x6f, 0xff, 0xff, 0xff, 0x0, 0x0, 0x4c,
    0xcc, 0xcc, 0xcc, 0x0, 0x0, 0x0, 0x0, 0x0,
    0x0, 0x0, 0x0, 0x4, 0xbe, 0xfe, 0x92, 0x0,
    0x0, 0x9f, 0xff, 0xff, 0xff, 0x60, 0x7, 0xff,
    0xe8, 0x69, 0xff, 0xf3, 0xe, 0xff, 0x20, 0x0,
    0x4f, 0xfa, 0x3f, 0xff, 0xdd, 0xdd, 0xdf, 0xfe,
    0x5f, 0xff, 0xff, 0xff, 0xff, 0xff, 0x3f, 0xfe,
    0x0, 0x0, 0x0, 0x0, 0xe, 0xff, 0x90, 0x0,
    0x7, 0x0, 0x7, 0xff, 0xfd, 0x99, 0xef, 0x90,
    0x0, 0x8f, 0xff, 0xff, 0xff, 0xd0, 0x0, 0x3,
    0xad, 0xff, 0xc7, 0x0,

    /* U+0114 "Ĕ" */
    0x0, 0x58, 0x20, 0x3, 0x84, 0x0, 0x0, 0x7f,
    0xb1, 0x1c, 0xf6, 0x0, 0x0, 0xd, 0xff, 0xff,
    0xb0, 0x0, 0x0, 0x0, 0x69, 0x85, 0x0, 0x0,
    0x0, 0x0, 0x0, 0x0, 0x0, 0x0, 0x5f, 0xff,
    0xff, 0xff, 0xff, 0xf3, 0x5f, 0xff, 0xff, 0xff,
    0xff, 0xf3, 0x5f, 0xff, 0x99, 0x99, 0x99, 0x92,
    0x5f, 0xfe, 0x0, 0x0, 0x0, 0x0, 0x5f, 0xfe,
    0x0, 0x0, 0x0, 0x0, 0x5f, 0xff, 0x88, 0x88,
    0x88, 0x30, 0x5f, 0xff, 0xff, 0xff, 0xff, 0x60,
    0x5f, 0xff, 0xff, 0xff, 0xff, 0x60, 0x5f, 0xfe,
    0x0, 0x0, 0x0, 0x0, 0x5f, 0xfe, 0x0, 0x0,
    0x0, 0x0, 0x5f, 0xfe, 0x0, 0x0, 0x0, 0x0,
    0x5f, 0xff, 0xaa, 0xaa, 0xaa, 0xa5, 0x5f, 0xff,
    0xff, 0xff, 0xff, 0xf8, 0x5f, 0xff, 0xff, 0xff,
    0xff, 0xf8,

    /* U+0115 "ĕ" */
    0x0, 0x28, 0x50, 0x0, 0x77, 0x0, 0x0, 0x1f,
    0xe3, 0x7, 0xfc, 0x0, 0x0, 0x7, 0xff, 0xff,
    0xe2, 0x0, 0x0, 0x0, 0x38, 0x97, 0x10, 0x0,
    0x0, 0x0, 0x0, 0x0, 0x0, 0x0, 0x0, 0x4,
    0xbe, 0xfe, 0x92, 0x0, 0x0, 0x9f, 0xff, 0xff,
    0xff, 0x60, 0x7, 0xff, 0xe8, 0x69, 0xff, 0xf3,
    0xe, 0xff, 0x20, 0x0, 0x4f, 0xfa, 0x3f, 0xff,
    0xdd, 0xdd, 0xdf, 0xfe, 0x5f, 0xff, 0xff, 0xff,
    0xff, 0xff, 0x3f, 0xfe, 0x0, 0x0, 0x0, 0x0,
    0xe, 0xff, 0x90, 0x0, 0x7, 0x0, 0x7, 0xff,
    0xfd, 0x99, 0xef, 0x90, 0x0, 0x8f, 0xff, 0xff,
    0xff, 0xd0, 0x0, 0x3, 0xad, 0xff, 0xc7, 0x0,

    /* U+0116 "Ė" */
    0x0, 0x0, 0x3e, 0xd2, 0x0, 0x0, 0x0, 0x0,
    0xaf, 0xf9, 0x0, 0x0, 0x0, 0x0, 0x8f, 0xf6,
    0x0, 0x0, 0x0, 0x0, 0x4, 0x40, 0x0, 0x0,
    0x0, 0x0, 0x0, 0x0, 0x0, 0x0, 0x5f, 0xff,
    0xff, 0xff, 0xff, 0xf3, 0x5f, 0xff, 0xff, 0xff,
    0xff, 0xf3, 0x5f, 0xff, 0x99, 0x99, 0x99, 0x92,
    0x5f, 0xfe, 0x0, 0x0, 0x0, 0x0, 0x5f, 0xfe,
    0x0, 0x0, 0x0, 0x0, 0x5f, 0xff, 0x88, 0x88,
    0x88, 0x30, 0x5f, 0xff, 0xff, 0xff, 0xff, 0x60,
    0x5f, 0xff, 0xff, 0xff, 0xff, 0x60, 0x5f, 0xfe,
    0x0, 0x0, 0x0, 0x0, 0x5f, 0xfe, 0x0, 0x0,
    0x0, 0x0, 0x5f, 0xfe, 0x0, 0x0, 0x0, 0x0,
    0x5f, 0xff, 0xaa, 0xaa, 0xaa, 0xa5, 0x5f, 0xff,
    0xff, 0xff, 0xff, 0xf8, 0x5f, 0xff, 0xff, 0xff,
    0xff, 0xf8,

    /* U+0117 "ė" */
    0x0, 0x0, 0xb, 0xf7, 0x0, 0x0, 0x0, 0x0,
    0x4f, 0xff, 0x0, 0x0, 0x0, 0x0, 0x2f, 0xfc,
    0x0, 0x0, 0x0, 0x0, 0x2, 0x50, 0x0, 0x0,
    0x0, 0x0, 0x0, 0x0, 0x0, 0x0, 0x0, 0x4,
    0xbe, 0xfe, 0x92, 0x0, 0x0, 0x9f, 0xff, 0xff,
    0xff, 0x60, 0x7, 0xff, 0xe8, 0x69, 0xff, 0xf3,
    0xe, 0xff, 0x20, 0x0, 0x4f, 0xfa, 0x3f, 0xff,
    0xdd, 0xdd, 0xdf, 0xfe, 0x5f, 0xff, 0xff, 0xff,
    0xff, 0xff, 0x3f, 0xfe, 0x0, 0x0, 0x0, 0x0,
    0xe, 0xff, 0x90, 0x0, 0x7, 0x0, 0x7, 0xff,
    0xfd, 0x99, 0xef, 0x90, 0x0, 0x8f, 0xff, 0xff,
    0xff, 0xd0, 0x0, 0x3, 0xad, 0xff, 0xc7, 0x0,

    /* U+0118 "Ę" */
    0x5f, 0xff, 0xff, 0xff, 0xff, 0xf3, 0x5f, 0xff,
    0xff, 0xff, 0xff, 0xf3, 0x5f, 0xff, 0x99, 0x99,
    0x99, 0x92, 0x5f, 0xfe, 0x0, 0x0, 0x0, 0x0,
    0x5f, 0xfe, 0x0, 0x0, 0x0, 0x0, 0x5f, 0xff,
    0x88, 0x88, 0x88, 0x30, 0x5f, 0xff, 0xff, 0xff,
    0xff, 0x60, 0x5f, 0xff, 0xff, 0xff, 0xff, 0x60,
    0x5f, 0xfe, 0x0, 0x0, 0x0, 0x0, 0x5f, 0xfe,
    0x0, 0x0, 0x0, 0x0, 0x5f, 0xfe, 0x0, 0x0,
    0x0, 0x0, 0x5f, 0xff, 0xaa, 0xaa, 0xaa, 0xa5,
    0x5f, 0xff, 0xff, 0xff, 0xff, 0xf8, 0x5f, 0xff,
    0xff, 0xff, 0xff, 0xf9, 0x0, 0x0, 0x0, 0x1,
    0xdf, 0x80, 0x0, 0x0, 0x0, 0x9, 0xf6, 0x0,
    0x0, 0x0, 0x0, 0xb, 0xf6, 0x1, 0x0, 0x0,
    0x0, 0x6, 0xff, 0xfc, 0x0, 0x0, 0x0, 0x0,
    0x48, 0x84,

    /* U+0119 "ę" */
    0x0, 0x4, 0xbe, 0xfe, 0x92, 0x0, 0x0, 0x9f,
    0xff, 0xff, 0xff, 0x60, 0x7, 0xff, 0xe8, 0x69,
    0xff, 0xf3, 0xe, 0xff, 0x20, 0x0, 0x4f, 0xfa,
    0x3f, 0xff, 0xdd, 0xdd, 0xdf, 0xfe, 0x5f, 0xff,
    0xff, 0xff, 0xff, 0xff, 0x3f, 0xfe, 0x0, 0x0,
    0x0, 0x0, 0xe, 0xff, 0x90, 0x0, 0x7, 0x0,
    0x7, 0xff, 0xfd, 0x99, 0xef, 0x90, 0x0, 0x8f,
    0xff, 0xff, 0xff, 0xd0, 0x0, 0x3, 0xad, 0xff,
    0xfb, 0x10, 0x0, 0x0, 0x0, 0x2f, 0xc0, 0x0,
    0x0, 0x0, 0x0, 0xaf, 0x40, 0x0, 0x0, 0x0,
    0x0, 0xbf, 0x60, 0x20, 0x0, 0x0, 0x0, 0x5f,
    0xff, 0xc0, 0x0, 0x0, 0x0, 0x3, 0x88, 0x40,

    /* U+011A "Ě" */
    0x0, 0x8f, 0xc1, 0x2d, 0xf6, 0x0, 0x0, 0x7,
    0xfe, 0xff, 0x60, 0x0, 0x0, 0x0, 0x58, 0x84,
    0x0, 0x0, 0x0, 0x0, 0x0, 0x0, 0x0, 0x0,
    0x5f, 0xff, 0xff, 0xff, 0xff, 0xf3, 0x5f, 0xff,
    0xff, 0xff, 0xff, 0xf3, 0x5f, 0xff, 0x99, 0x99,
    0x99, 0x92, 0x5f, 0xfe, 0x0, 0x0, 0x0, 0x0,
    0x5f, 0xfe, 0x0, 0x0, 0x0, 0x0, 0x5f, 0xff,
    0x88, 0x88, 0x88, 0x30, 0x5f, 0xff, 0xff, 0xff,
    0xff, 0x60, 0x5f, 0xff, 0xff, 0xff, 0xff, 0x60,
    0x5f, 0xfe, 0x0, 0x0, 0x0, 0x0, 0x5f, 0xfe,
    0x0, 0x0, 0x0, 0x0, 0x5f, 0xfe, 0x0, 0x0,
    0x0, 0x0, 0x5f, 0xff, 0xaa, 0xaa, 0xaa, 0xa5,
    0x5f, 0xff, 0xff, 0xff, 0xff, 0xf8, 0x5f, 0xff,
    0xff, 0xff, 0xff, 0xf8,

    /* U+011B "ě" */
    0x0, 0x38, 0x60, 0x1, 0x77, 0x10, 0x0, 0xc,
    0xfa, 0x3e, 0xf7, 0x0, 0x0, 0x1, 0xdf, 0xff,
    0x90, 0x0, 0x0, 0x0, 0x28, 0x87, 0x0, 0x0,
    0x0, 0x0, 0x0, 0x0, 0x0, 0x0, 0x0, 0x4,
    0xbe, 0xfe, 0x92, 0x0, 0x0, 0x9f, 0xff, 0xff,
    0xff, 0x60, 0x7, 0xff, 0xe8, 0x69, 0xff, 0xf3,
    0xe, 0xff, 0x20, 0x0, 0x4f, 0xfa, 0x3f, 0xff,
    0xdd, 0xdd, 0xdf, 0xfe, 0x5f, 0xff, 0xff, 0xff,
    0xff, 0xff, 0x3f, 0xfe, 0x0, 0x0, 0x0, 0x0,
    0xe, 0xff, 0x90, 0x0, 0x7, 0x0, 0x7, 0xff,
    0xfd, 0x99, 0xef, 0x90, 0x0, 0x8f, 0xff, 0xff,
    0xff, 0xd0, 0x0, 0x3, 0xad, 0xff, 0xc7, 0x0,

    /* U+011C "Ĝ" */
    0x0, 0x0, 0x0, 0x28, 0x87, 0x0, 0x0, 0x0,
    0x0, 0x0, 0x1d, 0xff, 0xf9, 0x0, 0x0, 0x0,
    0x0, 0xc, 0xfa, 0x3e, 0xf7, 0x0, 0x0, 0x0,
    0x3, 0x86, 0x0, 0x17, 0x71, 0x0, 0x0, 0x0,
    0x0, 0x0, 0x0, 0x0, 0x0, 0x0, 0x0, 0x1,
    0x7c, 0xef, 0xec, 0x71, 0x0, 0x0, 0x6, 0xff,
    0xff, 0xff, 0xff, 0xe5, 0x0, 0x8, 0xff, 0xff,
    0xec, 0xdf, 0xff, 0xf1, 0x4, 0xff, 0xfc, 0x30,
    0x0, 0x2a, 0xe3, 0x0, 0xbf, 0xfd, 0x0, 0x0,
    0x0, 0x1, 0x0, 0xf, 0xff, 0x50, 0x0, 0x0,
    0x0, 0x0, 0x2, 0xff, 0xf1, 0x0, 0x0, 0x0,
    0x23, 0x30, 0x2f, 0xff, 0x10, 0x0, 0x0, 0xe,
    0xff, 0x10, 0xff, 0xf5, 0x0, 0x0, 0x0, 0xef,
    0xf1, 0xc, 0xff, 0xd0, 0x0, 0x0, 0xe, 0xff,
    0x10, 0x4f, 0xff, 0xc3, 0x0, 0x1, 0xef, 0xf1,
    0x0, 0x8f, 0xff, 0xfe, 0xcd, 0xff, 0xff, 0x10,
    0x0, 0x7f, 0xff, 0xff, 0xff, 0xff, 0x90, 0x0,
    0x0, 0x18, 0xce, 0xfe, 0xc8, 0x20, 0x0,

    /* U+011D "ĝ" */
    0x0, 0x0, 0x2e, 0xff, 0xb0, 0x0, 0x0, 0x0,
    0x3e, 0xf7, 0xbf, 0xb0, 0x0, 0x0, 0x7, 0x83,
    0x0, 0x68, 0x40, 0x0, 0x0, 0x0, 0x0, 0x0,
    0x0, 0x0, 0x0, 0x6, 0xcf, 0xfc, 0x56, 0xff,
    0x80, 0xb, 0xff, 0xff, 0xff, 0xdf, 0xf8, 0x9,
    0xff, 0xfd, 0x9b, 0xff, 0xff, 0x81, 0xff, 0xf8,
    0x0, 0x4, 0xff, 0xf8, 0x4f, 0xfe, 0x0, 0x0,
    0xb, 0xff, 0x85, 0xff, 0xd0, 0x0, 0x0, 0x9f,
    0xf8, 0x3f, 0xff, 0x20, 0x0, 0xd, 0xff, 0x80,
    0xef, 0xfd, 0x30, 0x2a, 0xff, 0xf8, 0x5, 0xff,
    0xff, 0xff, 0xff, 0xff, 0x80, 0x5, 0xff, 0xff,
    0xfe, 0xcf, 0xf8, 0x0, 0x0, 0x58, 0x85, 0xb,
    0xff, 0x60, 0x6, 0x10, 0x0, 0x3, 0xff, 0xf3,
    0x3, 0xff, 0xb9, 0x8a, 0xff, 0xfc, 0x0, 0x8f,
    0xff, 0xff, 0xff, 0xfd, 0x10, 0x0, 0x39, 0xdf,
    0xfe, 0xc7, 0x0, 0x0,

    /* U+011E "Ğ" */
    0x0, 0x0, 0x28, 0x50, 0x0, 0x77, 0x0, 0x0,
    0x0, 0x1, 0xff, 0x30, 0x7f, 0xc0, 0x0, 0x0,
    0x0, 0x7, 0xff, 0xff, 0xf3, 0x0, 0x0, 0x0,
    0x0, 0x3, 0x89, 0x71, 0x0, 0x0, 0x0, 0x0,
    0x0, 0x0, 0x0, 0x0, 0x0, 0x0, 0x0, 0x1,
    0x7c, 0xef, 0xec, 0x71, 0x0, 0x0, 0x6, 0xff,
    0xff, 0xff, 0xff, 0xe5, 0x0, 0x8, 0xff, 0xff,
    0xec, 0xdf, 0xff, 0xf1, 0x4, 0xff, 0xfc, 0x30,
    0x0, 0x2a, 0xe3, 0x0, 0xbf, 0xfd, 0x0, 0x0,
    0x0, 0x1, 0x0, 0xf, 0xff, 0x50, 0x0, 0x0,
    0x0, 0x0, 0x2, 0xff, 0xf1, 0x0, 0x0, 0x0,
    0x23, 0x30, 0x2f, 0xff, 0x10, 0x0, 0x0, 0xe,
    0xff, 0x10, 0xff, 0xf5, 0x0, 0x0, 0x0, 0xef,
    0xf1, 0xc, 0xff, 0xd0, 0x0, 0x0, 0xe, 0xff,
    0x10, 0x4f, 0xff, 0xc3, 0x0, 0x1, 0xef, 0xf1,
    0x0, 0x8f, 0xff, 0xfe, 0xcd, 0xff, 0xff, 0x10,
    0x0, 0x7f, 0xff, 0xff, 0xff, 0xff, 0x90, 0x0,
    0x0, 0x18, 0xce, 0xfe, 0xc8, 0x20, 0x0,

    /* U+011F "ğ" */
    0x0, 0xb, 0xf7, 0x1, 0xbf, 0x50, 0x0, 0x0,
    0x3f, 0xff, 0xff, 0xc0, 0x0, 0x0, 0x0, 0x17,
    0x98, 0x50, 0x0, 0x0, 0x0, 0x0, 0x0, 0x0,
    0x0, 0x0, 0x0, 0x6, 0xcf, 0xfc, 0x56, 0xff,
    0x80, 0xb, 0xff, 0xff, 0xff, 0xdf, 0xf8, 0x9,
    0xff, 0xfd, 0x9b, 0xff, 0xff, 0x81, 0xff, 0xf8,
    0x0, 0x4, 0xff, 0xf8, 0x4f, 0xfe, 0x0, 0x0,
    0xb, 0xff, 0x85, 0xff, 0xd0, 0x0, 0x0, 0x9f,
    0xf8, 0x3f, 0xff, 0x20, 0x0, 0xd, 0xff, 0x80,
    0xef, 0xfd, 0x30, 0x2a, 0xff, 0xf8, 0x5, 0xff,
    0xff, 0xff, 0xff, 0xff, 0x80, 0x5, 0xff, 0xff,
    0xfe, 0xcf, 0xf8, 0x0, 0x0, 0x58, 0x85, 0xb,
    0xff, 0x60, 0x6, 0x10, 0x0, 0x3, 0xff, 0xf3,
    0x3, 0xff, 0xb9, 0x8a, 0xff, 0xfc, 0x0, 0x8f,
    0xff, 0xff, 0xff, 0xfd, 0x10, 0x0, 0x39, 0xdf,
    0xfe, 0xc7, 0x0, 0x0,

    /* U+0120 "Ġ" */
    0x0, 0x0, 0x0, 0xb, 0xf7, 0x0, 0x0, 0x0,
    0x0, 0x0, 0x4, 0xff, 0xf0, 0x0, 0x0, 0x0,
    0x0, 0x0, 0x2f, 0xfc, 0x0, 0x0, 0x0, 0x0,
    0x0, 0x0, 0x25, 0x10, 0x0, 0x0, 0x0, 0x0,
    0x0, 0x0, 0x0, 0x0, 0x0, 0x0, 0x0, 0x1,
    0x7c, 0xef, 0xec, 0x71, 0x0, 0x0, 0x6, 0xff,
    0xff, 0xff, 0xff, 0xe5, 0x0, 0x8, 0xff, 0xff,
    0xec, 0xdf, 0xff, 0xf1, 0x4, 0xff, 0xfc, 0x30,
    0x0, 0x2a, 0xe3, 0x0, 0xbf, 0xfd, 0x0, 0x0,
    0x0, 0x1, 0x0, 0xf, 0xff, 0x50, 0x0, 0x0,
    0x0, 0x0, 0x2, 0xff, 0xf1, 0x0, 0x0, 0x0,
    0x23, 0x30, 0x2f, 0xff, 0x10, 0x0, 0x0, 0xe,
    0xff, 0x10, 0xff, 0xf5, 0x0, 0x0, 0x0, 0xef,
    0xf1, 0xc, 0xff, 0xd0, 0x0, 0x0, 0xe, 0xff,
    0x10, 0x4f, 0xff, 0xc3, 0x0, 0x1, 0xef, 0xf1,
    0x0, 0x8f, 0xff, 0xfe, 0xcd, 0xff, 0xff, 0x10,
    0x0, 0x7f, 0xff, 0xff, 0xff, 0xff, 0x90, 0x0,
    0x0, 0x18, 0xce, 0xfe, 0xc8, 0x20, 0x0,

    /* U+0121 "ġ" */
    0x0, 0x0, 0x5, 0xed, 0x10, 0x0, 0x0, 0x0,
    0x0, 0xcf, 0xf7, 0x0, 0x0, 0x0, 0x0, 0xa,
    0xff, 0x40, 0x0, 0x0, 0x0, 0x0, 0x5, 0x30,
    0x0, 0x0, 0x0, 0x0, 0x0, 0x0, 0x0, 0x0,
    0x0, 0x0, 0x6c, 0xff, 0xc5, 0x6f, 0xf8, 0x0,
    0xbf, 0xff, 0xff, 0xfd, 0xff, 0x80, 0x9f, 0xff,
    0xd9, 0xbf, 0xff, 0xf8, 0x1f, 0xff, 0x80, 0x0,
    0x4f, 0xff, 0x84, 0xff, 0xe0, 0x0, 0x0, 0xbf,
    0xf8, 0x5f, 0xfd, 0x0, 0x0, 0x9, 0xff, 0x83,
    0xff, 0xf2, 0x0, 0x0, 0xdf, 0xf8, 0xe, 0xff,
    0xd3, 0x2, 0xaf, 0xff, 0x80, 0x5f, 0xff, 0xff,
    0xff, 0xff, 0xf8, 0x0, 0x5f, 0xff, 0xff, 0xec,
    0xff, 0x80, 0x0, 0x5, 0x88, 0x50, 0xbf, 0xf6,
    0x0, 0x61, 0x0, 0x0, 0x3f, 0xff, 0x30, 0x3f,
    0xfb, 0x98, 0xaf, 0xff, 0xc0, 0x8, 0xff, 0xff,
    0xff, 0xff, 0xd1, 0x0, 0x3, 0x9d, 0xff, 0xec,
    0x70, 0x0,

    /* U+0122 "Ģ" */
    0x0, 0x0, 0x17, 0xce, 0xfe, 0xc7, 0x10, 0x0,
    0x0, 0x6f, 0xff, 0xff, 0xff, 0xfe, 0x50, 0x0,
    0x8f, 0xff, 0xfe, 0xcd, 0xff, 0xff, 0x10, 0x4f,
    0xff, 0xc3, 0x0, 0x2, 0xae, 0x30, 0xb, 0xff,
    0xd0, 0x0, 0x0, 0x0, 0x10, 0x0, 0xff, 0xf5,
    0x0, 0x0, 0x0, 0x0, 0x0, 0x2f, 0xff, 0x10,
    0x0, 0x0, 0x2, 0x33, 0x2, 0xff, 0xf1, 0x0,
    0x0, 0x0, 0xef, 0xf1, 0xf, 0xff, 0x50, 0x0,
    0x0, 0xe, 0xff, 0x10, 0xcf, 0xfd, 0x0, 0x0,
    0x0, 0xef, 0xf1, 0x4, 0xff, 0xfc, 0x30, 0x0,
    0x1e, 0xff, 0x10, 0x8, 0xff, 0xff, 0xec, 0xdf,
    0xff, 0xf1, 0x0, 0x7, 0xff, 0xff, 0xff, 0xff,
    0xf9, 0x0, 0x0, 0x1, 0x8c, 0xef, 0xec, 0x82,
    0x0, 0x0, 0x0, 0x0, 0x0, 0x0, 0x0, 0x0,
    0x0, 0x0, 0x0, 0x0, 0xbd, 0x20, 0x0, 0x0,
    0x0, 0x0, 0x0, 0x2f, 0xf7, 0x0, 0x0, 0x0,
    0x0, 0x0, 0x0, 0xaf, 0x30, 0x0, 0x0, 0x0,
    0x0, 0x0, 0xd, 0xb0, 0x0, 0x0, 0x0,

    /* U+0123 "ģ" */
    0x0, 0x0, 0x0, 0x25, 0x0, 0x0, 0x0, 0x0,
    0x0, 0xd, 0xf0, 0x0, 0x0, 0x0, 0x0, 0x5,
    0xfb, 0x0, 0x0, 0x0, 0x0, 0x0, 0xbf, 0xf4,
    0x0, 0x0, 0x0, 0x0, 0x6, 0xfe, 0x20, 0x0,
    0x0, 0x0, 0x0, 0x0, 0x0, 0x0, 0x0, 0x0,
    0x6, 0xcf, 0xfc, 0x56, 0xff, 0x80, 0xb, 0xff,
    0xff, 0xff, 0xdf, 0xf8, 0x9, 0xff, 0xfd, 0x9b,
    0xff, 0xff, 0x81, 0xff, 0xf8, 0x0, 0x4, 0xff,
    0xf8, 0x4f, 0xfe, 0x0, 0x0, 0xb, 0xff, 0x85,
    0xff, 0xd0, 0x0, 0x0, 0x9f, 0xf8, 0x3f, 0xff,
    0x20, 0x0, 0xd, 0xff, 0x80, 0xef, 0xfd, 0x30,
    0x2a, 0xff, 0xf8, 0x5, 0xff, 0xff, 0xff, 0xff,
    0xff, 0x80, 0x5, 0xff, 0xff, 0xfe, 0xcf, 0xf8,
    0x0, 0x0, 0x58, 0x85, 0xb, 0xff, 0x60, 0x6,
    0x10, 0x0, 0x3, 0xff, 0xf3, 0x3, 0xff, 0xb9,
    0x8a, 0xff, 0xfc, 0x0, 0x8f, 0xff, 0xff, 0xff,
    0xfd, 0x10, 0x0, 0x39, 0xdf, 0xfe, 0xc7, 0x0,
    0x0,

    /* U+0124 "Ĥ" */
    0x0, 0x0, 0xc, 0xff, 0xd1, 0x0, 0x0, 0x0,
    0x1, 0xcf, 0xa8, 0xfe, 0x20, 0x0, 0x0, 0x5,
    0x85, 0x0, 0x48, 0x60, 0x0, 0x0, 0x0, 0x0,
    0x0, 0x0, 0x0, 0x0, 0x5f, 0xfe, 0x0, 0x0,
    0x0, 0xbf, 0xf8, 0x5f, 0xfe, 0x0, 0x0, 0x0,
    0xbf, 0xf8, 0x5f, 0xfe, 0x0, 0x0, 0x0, 0xbf,
    0xf8, 0x5f, 0xfe, 0x0, 0x0, 0x0, 0xbf, 0xf8,
    0x5f, 0xfe, 0x0, 0x0, 0x0, 0xbf, 0xf8, 0x5f,
    0xff, 0xcc, 0xcc, 0xcc, 0xff, 0xf8, 0x5f, 0xff,
    0xff, 0xff, 0xff, 0xff, 0xf8, 0x5f, 0xff, 0xff,
    0xff, 0xff, 0xff, 0xf8, 0x5f, 0xfe, 0x0, 0x0,
    0x0, 0xbf, 0xf8, 0x5f, 0xfe, 0x0, 0x0, 0x0,
    0xbf, 0xf8, 0x5f, 0xfe, 0x0, 0x0, 0x0, 0xbf,
    0xf8, 0x5f, 0xfe, 0x0, 0x0, 0x0, 0xbf, 0xf8,
    0x5f, 0xfe, 0x0, 0x0, 0x0, 0xbf, 0xf8, 0x5f,
    0xfe, 0x0, 0x0, 0x0, 0xbf, 0xf8,

    /* U+0125 "ĥ" */
    0x0, 0x5, 0x88, 0x50, 0x0, 0x0, 0x0, 0x0,
    0x6, 0xff, 0xff, 0x60, 0x0, 0x0, 0x0, 0x7,
    0xfc, 0x22, 0xcf, 0x70, 0x0, 0x0, 0x0, 0x0,
    0x0, 0x0, 0x0, 0x0, 0x0, 0x0, 0x0, 0x8,
    0xff, 0x80, 0x0, 0x0, 0x0, 0x0, 0x0, 0x9f,
    0xf9, 0x0, 0x0, 0x0, 0x0, 0x0, 0x9, 0xff,
    0x90, 0x0, 0x0, 0x0, 0x0, 0x0, 0x9f, 0xf9,
    0x0, 0x0, 0x0, 0x0, 0x0, 0x9, 0xff, 0x96,
    0xcf, 0xfc, 0x40, 0x0, 0x0, 0x9f, 0xff, 0xff,
    0xff, 0xff, 0x60, 0x0, 0x9, 0xff, 0xff, 0xdc,
    0xff, 0xff, 0x0, 0x0, 0x9f, 0xff, 0x50, 0x3,
    0xff, 0xf4, 0x0, 0x9, 0xff, 0xb0, 0x0, 0xc,
    0xff, 0x60, 0x0, 0x9f, 0xf9, 0x0, 0x0, 0xbf,
    0xf7, 0x0, 0x9, 0xff, 0x90, 0x0, 0xb, 0xff,
    0x70, 0x0, 0x9f, 0xf9, 0x0, 0x0, 0xbf, 0xf7,
    0x0, 0x9, 0xff, 0x90, 0x0, 0xb, 0xff, 0x70,
    0x0, 0x9f, 0xf9, 0x0, 0x0, 0xbf, 0xf7, 0x0,
    0x9, 0xff, 0x90, 0x0, 0xb, 0xff, 0x70,

    /* U+0126 "Ħ" */
    0x1, 0xff, 0xf3, 0x0, 0x0, 0x7, 0xff, 0xc0,
    0x2, 0x4f, 0xff, 0x53, 0x33, 0x33, 0x9f, 0xfd,
    0x31, 0xdf, 0xff, 0xff, 0xff, 0xff, 0xff, 0xff,
    0xff, 0x8d, 0xff, 0xff, 0xff, 0xff, 0xff, 0xff,
    0xff, 0xf8, 0x1, 0xff, 0xf3, 0x0, 0x0, 0x7,
    0xff, 0xc0, 0x0, 0x1f, 0xff, 0xba, 0xaa, 0xaa,
    0xdf, 0xfc, 0x0, 0x1, 0xff, 0xff, 0xff, 0xff,
    0xff, 0xff, 0xc0, 0x0, 0x1f, 0xff, 0xff, 0xff,
    0xff, 0xff, 0xfc, 0x0, 0x1, 0xff, 0xf3, 0x0,
    0x0, 0x7, 0xff, 0xc0, 0x0, 0x1f, 0xff, 0x30,
    0x0, 0x0, 0x7f, 0xfc, 0x0, 0x1, 0xff, 0xf3,
    0x0, 0x0, 0x7, 0xff, 0xc0, 0x0, 0x1f, 0xff,
    0x30, 0x0, 0x0, 0x7f, 0xfc, 0x0, 0x1, 0xff,
    0xf3, 0x0, 0x0, 0x7, 0xff, 0xc0, 0x0, 0x1f,
    0xff, 0x30, 0x0, 0x0, 0x7f, 0xfc, 0x0,

    /* U+0127 "ħ" */
    0x4, 0xff, 0xc0, 0x0, 0x0, 0x0, 0xf, 0xff,
    0xff, 0xff, 0xf2, 0x0, 0x0, 0xcd, 0xff, 0xfd,
    0xdd, 0x10, 0x0, 0x0, 0x5f, 0xfc, 0x0, 0x0,
    0x0, 0x0, 0x5, 0xff, 0xc4, 0xbe, 0xfd, 0x60,
    0x0, 0x5f, 0xff, 0xff, 0xff, 0xff, 0xa0, 0x5,
    0xff, 0xff, 0xec, 0xff, 0xff, 0x30, 0x5f, 0xff,
    0x90, 0x1, 0xef, 0xf8, 0x5, 0xff, 0xf0, 0x0,
    0x8, 0xff, 0xa0, 0x5f, 0xfd, 0x0, 0x0, 0x7f,
    0xfb, 0x5, 0xff, 0xc0, 0x0, 0x7, 0xff, 0xb0,
    0x5f, 0xfc, 0x0, 0x0, 0x7f, 0xfb, 0x5, 0xff,
    0xc0, 0x0, 0x7, 0xff, 0xb0, 0x5f, 0xfc, 0x0,
    0x0, 0x7f, 0xfb, 0x5, 0xff, 0xc0, 0x0, 0x7,
    0xff, 0xb0,

    /* U+0128 "Ĩ" */
    0x5, 0xee, 0x71, 0xfa, 0xe, 0xff, 0xff, 0xf6,
    0x1d, 0x70, 0x8c, 0x90, 0x0, 0x0, 0x0, 0x0,
    0x0, 0x5f, 0xfe, 0x0, 0x0, 0x5f, 0xfe, 0x0,
    0x0, 0x5f, 0xfe, 0x0, 0x0, 0x5f, 0xfe, 0x0,
    0x0, 0x5f, 0xfe, 0x0, 0x0, 0x5f, 0xfe, 0x0,
    0x0, 0x5f, 0xfe, 0x0, 0x0, 0x5f, 0xfe, 0x0,
    0x0, 0x5f, 0xfe, 0x0, 0x0, 0x5f, 0xfe, 0x0,
    0x0, 0x5f, 0xfe, 0x0, 0x0, 0x5f, 0xfe, 0x0,
    0x0, 0x5f, 0xfe, 0x0, 0x0, 0x5f, 0xfe, 0x0,

    /* U+0129 "ĩ" */
    0x8, 0xfc, 0x46, 0xf3, 0x1f, 0xef, 0xff, 0xf1,
    0x3c, 0x41, 0x9b, 0x40, 0x0, 0x0, 0x0, 0x0,
    0x0, 0x9f, 0xf9, 0x0, 0x0, 0x9f, 0xf9, 0x0,
    0x0, 0x9f, 0xf9, 0x0, 0x0, 0x9f, 0xf9, 0x0,
    0x0, 0x9f, 0xf9, 0x0, 0x0, 0x9f, 0xf9, 0x0,
    0x0, 0x9f, 0xf9, 0x0, 0x0, 0x9f, 0xf9, 0x0,
    0x0, 0x9f, 0xf9, 0x0, 0x0, 0x9f, 0xf9, 0x0,
    0x0, 0x9f, 0xf9, 0x0,

    /* U+012A "Ī" */
    0x8c, 0xcc, 0xcc, 0x3b, 0xff, 0xff, 0xf4, 0x0,
    0x0, 0x0, 0x0, 0x0, 0x0, 0x0, 0x5, 0xff,
    0xe0, 0x0, 0x5f, 0xfe, 0x0, 0x5, 0xff, 0xe0,
    0x0, 0x5f, 0xfe, 0x0, 0x5, 0xff, 0xe0, 0x0,
    0x5f, 0xfe, 0x0, 0x5, 0xff, 0xe0, 0x0, 0x5f,
    0xfe, 0x0, 0x5, 0xff, 0xe0, 0x0, 0x5f, 0xfe,
    0x0, 0x5, 0xff, 0xe0, 0x0, 0x5f, 0xfe, 0x0,
    0x5, 0xff, 0xe0, 0x0, 0x5f, 0xfe, 0x0,

    /* U+012B "ī" */
    0xff, 0xff, 0xff, 0xcc, 0xcc, 0xcc, 0x0, 0x0,
    0x0, 0x9, 0xff, 0x90, 0x9, 0xff, 0x90, 0x9,
    0xff, 0x90, 0x9, 0xff, 0x90, 0x9, 0xff, 0x90,
    0x9, 0xff, 0x90, 0x9, 0xff, 0x90, 0x9, 0xff,
    0x90, 0x9, 0xff, 0x90, 0x9, 0xff, 0x90, 0x9,
    0xff, 0x90,

    /* U+012C "Ĭ" */
    0x28, 0x40, 0x0, 0x87, 0x2f, 0xe3, 0x8, 0xfb,
    0x8, 0xff, 0xff, 0xe2, 0x0, 0x38, 0x97, 0x10,
    0x0, 0x0, 0x0, 0x0, 0x0, 0x5f, 0xfe, 0x0,
    0x0, 0x5f, 0xfe, 0x0, 0x0, 0x5f, 0xfe, 0x0,
    0x0, 0x5f, 0xfe, 0x0, 0x0, 0x5f, 0xfe, 0x0,
    0x0, 0x5f, 0xfe, 0x0, 0x0, 0x5f, 0xfe, 0x0,
    0x0, 0x5f, 0xfe, 0x0, 0x0, 0x5f, 0xfe, 0x0,
    0x0, 0x5f, 0xfe, 0x0, 0x0, 0x5f, 0xfe, 0x0,
    0x0, 0x5f, 0xfe, 0x0, 0x0, 0x5f, 0xfe, 0x0,
    0x0, 0x5f, 0xfe, 0x0,

    /* U+012D "ĭ" */
    0x1f, 0xd1, 0x1d, 0xf1, 0x9, 0xff, 0xff, 0x90,
    0x0, 0x48, 0x84, 0x0, 0x0, 0x0, 0x0, 0x0,
    0x0, 0x9f, 0xf9, 0x0, 0x0, 0x9f, 0xf9, 0x0,
    0x0, 0x9f, 0xf9, 0x0, 0x0, 0x9f, 0xf9, 0x0,
    0x0, 0x9f, 0xf9, 0x0, 0x0, 0x9f, 0xf9, 0x0,
    0x0, 0x9f, 0xf9, 0x0, 0x0, 0x9f, 0xf9, 0x0,
    0x0, 0x9f, 0xf9, 0x0, 0x0, 0x9f, 0xf9, 0x0,
    0x0, 0x9f, 0xf9, 0x0,

    /* U+012E "Į" */
    0x5f, 0xfe, 0x5, 0xff, 0xe0, 0x5f, 0xfe, 0x5,
    0xff, 0xe0, 0x5f, 0xfe, 0x5, 0xff, 0xe0, 0x5f,
    0xfe, 0x5, 0xff, 0xe0, 0x5f, 0xfe, 0x5, 0xff,
    0xe0, 0x5f, 0xfe, 0x5, 0xff, 0xe0, 0x5f, 0xfe,
    0x5, 0xff, 0xf0, 0xa, 0xf6, 0x2, 0xfc, 0x0,
    0x5f, 0xc1, 0x1, 0xef, 0xf4, 0x2, 0x88, 0x20,

    /* U+012F "į" */
    0x5e, 0xe5, 0xd, 0xff, 0xe0, 0xbf, 0xfb, 0x0,
    0x66, 0x0, 0x0, 0x0, 0x9, 0xff, 0x90, 0x9f,
    0xf9, 0x9, 0xff, 0x90, 0x9f, 0xf9, 0x9, 0xff,
    0x90, 0x9f, 0xf9, 0x9, 0xff, 0x90, 0x9f, 0xf9,
    0x9, 0xff, 0x90, 0x9f, 0xf9, 0x9, 0xff, 0xb0,
    0x1e, 0xe2, 0x8, 0xf6, 0x0, 0xaf, 0x71, 0x5,
    0xff, 0xf0, 0x4, 0x87, 0x0,

    /* U+0130 "İ" */
    0xc, 0xf6, 0x5f, 0xfe, 0x2f, 0xfb, 0x2, 0x50,
    0x0, 0x0, 0x5f, 0xfe, 0x5f, 0xfe, 0x5f, 0xfe,
    0x5f, 0xfe, 0x5f, 0xfe, 0x5f, 0xfe, 0x5f, 0xfe,
    0x5f, 0xfe, 0x5f, 0xfe, 0x5f, 0xfe, 0x5f, 0xfe,
    0x5f, 0xfe, 0x5f, 0xfe, 0x5f, 0xfe,

    /* U+0131 "ı" */
    0x9f, 0xf9, 0x9f, 0xf9, 0x9f, 0xf9, 0x9f, 0xf9,
    0x9f, 0xf9, 0x9f, 0xf9, 0x9f, 0xf9, 0x9f, 0xf9,
    0x9f, 0xf9, 0x9f, 0xf9, 0x9f, 0xf9,

    /* U+0132 "Ĳ" */
    0x7f, 0xfc, 0x0, 0x0, 0x4f, 0xff, 0x7f, 0xfc,
    0x0, 0x0, 0x4f, 0xff, 0x7f, 0xfc, 0x0, 0x0,
    0x4f, 0xff, 0x7f, 0xfc, 0x0, 0x0, 0x4f, 0xff,
    0x7f, 0xfc, 0x0, 0x0, 0x4f, 0xff, 0x7f, 0xfc,
    0x0, 0x0, 0x4f, 0xff, 0x7f, 0xfc, 0x0, 0x0,
    0x4f, 0xff, 0x49, 0x97, 0x0, 0x0, 0x4f, 0xfe,
    0x0, 0x0, 0x0, 0x0, 0x6f, 0xfd, 0x0, 0x0,
    0x0, 0x0, 0xaf, 0xfb, 0x9, 0x50, 0x0, 0x5,
    0xff, 0xf5, 0x4f, 0xff, 0xdc, 0xef, 0xff, 0xc0,
    0x7f, 0xff, 0xff, 0xff, 0xfd, 0x20, 0x2, 0x8c,
    0xef, 0xec, 0x60, 0x0,

    /* U+0133 "ĳ" */
    0x5e, 0xe5, 0x0, 0x3d, 0xf7, 0xd, 0xff, 0xe0,
    0xb, 0xff, 0xf0, 0xbf, 0xfb, 0x0, 0x9f, 0xfd,
    0x0, 0x66, 0x0, 0x0, 0x67, 0x10, 0x0, 0x0,
    0x0, 0x0, 0x0, 0x9, 0xff, 0x90, 0x6, 0xff,
    0xb0, 0x9f, 0xf9, 0x0, 0x6f, 0xfb, 0x9, 0xff,
    0x90, 0x6, 0xff, 0xb0, 0x9f, 0xf9, 0x0, 0x6f,
    0xfb, 0x9, 0xff, 0x90, 0x6, 0xff, 0xb0, 0x9f,
    0xf9, 0x0, 0x6f, 0xfb, 0x9, 0xff, 0x90, 0x6,
    0xff, 0xb0, 0x9f, 0xf9, 0x0, 0x6f, 0xfb, 0x9,
    0xff, 0x90, 0x6, 0xff, 0xb0, 0x9f, 0xf9, 0x0,
    0x6f, 0xfb, 0x9, 0xff, 0x90, 0x6, 0xff, 0xb0,
    0x0, 0x0, 0x0, 0x8f, 0xfa, 0x0, 0x0, 0x2a,
    0x8f, 0xff, 0x70, 0x0, 0x8, 0xff, 0xff, 0xe1,
    0x0, 0x0, 0x7d, 0xfe, 0xa1, 0x0,

    /* U+0134 "Ĵ" */
    0x0, 0x0, 0x38, 0x86, 0x0, 0x0, 0x0, 0x2e,
    0xff, 0xf7, 0x0, 0x0, 0x1d, 0xf9, 0x3e, 0xf5,
    0x0, 0x4, 0x86, 0x0, 0x28, 0x70, 0x0, 0x0,
    0x0, 0x0, 0x0, 0x0, 0xd, 0xff, 0xff, 0xff,
    0xf4, 0x0, 0xdf, 0xff, 0xff, 0xff, 0x40, 0x8,
    0x99, 0x99, 0xff, 0xf4, 0x0, 0x0, 0x0, 0xf,
    0xff, 0x40, 0x0, 0x0, 0x0, 0xff, 0xf4, 0x0,
    0x0, 0x0, 0xf, 0xff, 0x40, 0x0, 0x0, 0x0,
    0xff, 0xf4, 0x0, 0x0, 0x0, 0xf, 0xff, 0x40,
    0x0, 0x0, 0x0, 0xff, 0xf4, 0x0, 0x0, 0x0,
    0xf, 0xff, 0x30, 0x2d, 0x30, 0x5, 0xff, 0xf1,
    0x1d, 0xff, 0xcb, 0xff, 0xfc, 0x0, 0xbf, 0xff,
    0xff, 0xff, 0x30, 0x0, 0x6b, 0xef, 0xea, 0x20,
    0x0,

    /* U+0135 "ĵ" */
    0x0, 0xa, 0xff, 0xd1, 0x0, 0x8, 0xfd, 0xaf,
    0xc0, 0x1, 0x77, 0x10, 0x68, 0x30, 0x0, 0x0,
    0x0, 0x0, 0x0, 0x6, 0xff, 0xb0, 0x0, 0x0,
    0x6f, 0xfb, 0x0, 0x0, 0x6, 0xff, 0xb0, 0x0,
    0x0, 0x6f, 0xfb, 0x0, 0x0, 0x6, 0xff, 0xb0,
    0x0, 0x0, 0x6f, 0xfb, 0x0, 0x0, 0x6, 0xff,
    0xb0, 0x0, 0x0, 0x6f, 0xfb, 0x0, 0x0, 0x6,
    0xff, 0xb0, 0x0, 0x0, 0x6f, 0xfb, 0x0, 0x0,
    0x6, 0xff, 0xb0, 0x0, 0x0, 0x8f, 0xfa, 0x0,
    0x2a, 0x8f, 0xff, 0x70, 0x8, 0xff, 0xff, 0xd0,
    0x0, 0x7e, 0xfe, 0xa1, 0x0, 0x0,

    /* U+0136 "Ķ" */
    0x5f, 0xfe, 0x0, 0x0, 0x6, 0xff, 0xf4, 0x5,
    0xff, 0xe0, 0x0, 0x5, 0xff, 0xf4, 0x0, 0x5f,
    0xfe, 0x0, 0x4, 0xff, 0xf5, 0x0, 0x5, 0xff,
    0xe0, 0x4, 0xff, 0xf6, 0x0, 0x0, 0x5f, 0xfe,
    0x3, 0xff, 0xf7, 0x0, 0x0, 0x5, 0xff, 0xe3,
    0xff, 0xf8, 0x0, 0x0, 0x0, 0x5f, 0xff, 0xef,
    0xff, 0x20, 0x0, 0x0, 0x5, 0xff, 0xff, 0xff,
    0xfd, 0x0, 0x0, 0x0, 0x5f, 0xff, 0xfc, 0xff,
    0xfa, 0x0, 0x0, 0x5, 0xff, 0xfb, 0x7, 0xff,
    0xf7, 0x0, 0x0, 0x5f, 0xfe, 0x0, 0xa, 0xff,
    0xf4, 0x0, 0x5, 0xff, 0xe0, 0x0, 0xc, 0xff,
    0xe1, 0x0, 0x5f, 0xfe, 0x0, 0x0, 0x1e, 0xff,
    0xc0, 0x5, 0xff, 0xe0, 0x0, 0x0, 0x3f, 0xff,
    0x90, 0x0, 0x0, 0x0, 0x0, 0x0, 0x0, 0x0,
    0x0, 0x0, 0x0, 0x6d, 0x80, 0x0, 0x0, 0x0,
    0x0, 0x0, 0xb, 0xfe, 0x0, 0x0, 0x0, 0x0,
    0x0, 0x0, 0x3f, 0xa0, 0x0, 0x0, 0x0, 0x0,
    0x0, 0x6, 0xf2, 0x0, 0x0, 0x0, 0x0,

    /* U+0137 "ķ" */
    0x8f, 0xf8, 0x0, 0x0, 0x0, 0x0, 0x9, 0xff,
    0x90, 0x0, 0x0, 0x0, 0x0, 0x9f, 0xf9, 0x0,
    0x0, 0x0, 0x0, 0x9, 0xff, 0x90, 0x0, 0x0,
    0x0, 0x0, 0x9f, 0xf9, 0x0, 0x6, 0xff, 0xf5,
    0x9, 0xff, 0x90, 0x6, 0xff, 0xf6, 0x0, 0x9f,
    0xf9, 0x7, 0xff, 0xf6, 0x0, 0x9, 0xff, 0x98,
    0xff, 0xf7, 0x0, 0x0, 0x9f, 0xfe, 0xff, 0xf9,
    0x0, 0x0, 0x9, 0xff, 0xff, 0xff, 0xe1, 0x0,
    0x0, 0x9f, 0xff, 0xff, 0xff, 0xc0, 0x0, 0x9,
    0xff, 0xf4, 0x4f, 0xff, 0x80, 0x0, 0x9f, 0xf9,
    0x0, 0x8f, 0xff, 0x50, 0x9, 0xff, 0x90, 0x0,
    0xbf, 0xff, 0x20, 0x9f, 0xf9, 0x0, 0x1, 0xdf,
    0xfd, 0x0, 0x0, 0x0, 0x0, 0x0, 0x0, 0x0,
    0x0, 0x0, 0x9d, 0x50, 0x0, 0x0, 0x0, 0x0,
    0xf, 0xfb, 0x0, 0x0, 0x0, 0x0, 0x0, 0x7f,
    0x60, 0x0, 0x0, 0x0, 0x0, 0xa, 0xe0, 0x0,
    0x0, 0x0,

    /* U+0138 "ĸ" */
    0x9f, 0xf9, 0x0, 0x6, 0xff, 0xf5, 0x9, 0xff,
    0x90, 0x6, 0xff, 0xf6, 0x0, 0x9f, 0xf9, 0x7,
    0xff, 0xf6, 0x0, 0x9, 0xff, 0x98, 0xff, 0xf7,
    0x0, 0x0, 0x9f, 0xfe, 0xff, 0xf9, 0x0, 0x0,
    0x9, 0xff, 0xff, 0xff, 0xe1, 0x0, 0x0, 0x9f,
    0xff, 0xff, 0xff, 0xc0, 0x0, 0x9, 0xff, 0xf4,
    0x4f, 0xff, 0x80, 0x0, 0x9f, 0xf9, 0x0, 0x8f,
    0xff, 0x50, 0x9, 0xff, 0x90, 0x0, 0xbf, 0xff,
    0x20, 0x9f, 0xf9, 0x0, 0x1, 0xdf, 0xfd, 0x0,

    /* U+0139 "Ĺ" */
    0x0, 0x6f, 0xfb, 0x10, 0x0, 0x0, 0x7f, 0xf6,
    0x0, 0x0, 0x0, 0x28, 0x72, 0x0, 0x0, 0x0,
    0x0, 0x0, 0x0, 0x0, 0x0, 0x0, 0x5f, 0xfe,
    0x0, 0x0, 0x0, 0x5, 0xff, 0xe0, 0x0, 0x0,
    0x0, 0x5f, 0xfe, 0x0, 0x0, 0x0, 0x5, 0xff,
    0xe0, 0x0, 0x0, 0x0, 0x5f, 0xfe, 0x0, 0x0,
    0x0, 0x5, 0xff, 0xe0, 0x0, 0x0, 0x0, 0x5f,
    0xfe, 0x0, 0x0, 0x0, 0x5, 0xff, 0xe0, 0x0,
    0x0, 0x0, 0x5f, 0xfe, 0x0, 0x0, 0x0, 0x5,
    0xff, 0xe0, 0x0, 0x0, 0x0, 0x5f, 0xfe, 0x0,
    0x0, 0x0, 0x5, 0xff, 0xfa, 0xaa, 0xaa, 0xa9,
    0x5f, 0xff, 0xff, 0xff, 0xff, 0xe5, 0xff, 0xff,
    0xff, 0xff, 0xfe,

    /* U+013A "ĺ" */
    0x0, 0x9f, 0xf9, 0x0, 0x7f, 0xf7, 0x0, 0x5f,
    0xf4, 0x0, 0x0, 0x0, 0x0, 0x0, 0x8f, 0xf8,
    0x0, 0x9, 0xff, 0x90, 0x0, 0x9f, 0xf9, 0x0,
    0x9, 0xff, 0x90, 0x0, 0x9f, 0xf9, 0x0, 0x9,
    0xff, 0x90, 0x0, 0x9f, 0xf9, 0x0, 0x9, 0xff,
    0x90, 0x0, 0x9f, 0xf9, 0x0, 0x9, 0xff, 0x90,
    0x0, 0x9f, 0xf9, 0x0, 0x9, 0xff, 0x90, 0x0,
    0x9f, 0xf9, 0x0, 0x9, 0xff, 0x90, 0x0, 0x9f,
    0xf9, 0x0, 0x0,

    /* U+013B "Ļ" */
    0x5f, 0xfe, 0x0, 0x0, 0x0, 0x5, 0xff, 0xe0,
    0x0, 0x0, 0x0, 0x5f, 0xfe, 0x0, 0x0, 0x0,
    0x5, 0xff, 0xe0, 0x0, 0x0, 0x0, 0x5f, 0xfe,
    0x0, 0x0, 0x0, 0x5, 0xff, 0xe0, 0x0, 0x0,
    0x0, 0x5f, 0xfe, 0x0, 0x0, 0x0, 0x5, 0xff,
    0xe0, 0x0, 0x0, 0x0, 0x5f, 0xfe, 0x0, 0x0,
    0x0, 0x5, 0xff, 0xe0, 0x0, 0x0, 0x0, 0x5f,
    0xfe, 0x0, 0x0, 0x0, 0x5, 0xff, 0xfa, 0xaa,
    0xaa, 0xa9, 0x5f, 0xff, 0xff, 0xff, 0xff, 0xe5,
    0xff, 0xff, 0xff, 0xff, 0xfe, 0x0, 0x0, 0x0,
    0x0, 0x0, 0x0, 0x0, 0x3, 0xda, 0x0, 0x0,
    0x0, 0x0, 0x8f, 0xf2, 0x0, 0x0, 0x0, 0x0,
    0xfd, 0x0, 0x0, 0x0, 0x0, 0x3f, 0x60, 0x0,
    0x0,

    /* U+013C "ļ" */
    0x8f, 0xf8, 0x9f, 0xf9, 0x9f, 0xf9, 0x9f, 0xf9,
    0x9f, 0xf9, 0x9f, 0xf9, 0x9f, 0xf9, 0x9f, 0xf9,
    0x9f, 0xf9, 0x9f, 0xf9, 0x9f, 0xf9, 0x9f, 0xf9,
    0x9f, 0xf9, 0x9f, 0xf9, 0x9f, 0xf9, 0x0, 0x0,
    0x1c, 0xc1, 0x4f, 0xf5, 0xc, 0xf1, 0xf, 0x90,

    /* U+013D "Ľ" */
    0x0, 0x0, 0x0, 0x6, 0xfe, 0x5, 0xff, 0xe0,
    0x0, 0x6f, 0xc0, 0x5f, 0xfe, 0x0, 0x6, 0xfb,
    0x5, 0xff, 0xe0, 0x0, 0x6f, 0x90, 0x5f, 0xfe,
    0x0, 0x0, 0x0, 0x5, 0xff, 0xe0, 0x0, 0x0,
    0x0, 0x5f, 0xfe, 0x0, 0x0, 0x0, 0x5, 0xff,
    0xe0, 0x0, 0x0, 0x0, 0x5f, 0xfe, 0x0, 0x0,
    0x0, 0x5, 0xff, 0xe0, 0x0, 0x0, 0x0, 0x5f,
    0xfe, 0x0, 0x0, 0x0, 0x5, 0xff, 0xe0, 0x0,
    0x0, 0x0, 0x5f, 0xff, 0xaa, 0xaa, 0xaa, 0x95,
    0xff, 0xff, 0xff, 0xff, 0xfe, 0x5f, 0xff, 0xff,
    0xff, 0xff, 0xe0,

    /* U+013E "ľ" */
    0x0, 0x0, 0xd, 0xf7, 0x8f, 0xf8, 0xd, 0xf5,
    0x9f, 0xf9, 0xd, 0xf3, 0x9f, 0xf9, 0xd, 0xf2,
    0x9f, 0xf9, 0x0, 0x0, 0x9f, 0xf9, 0x0, 0x0,
    0x9f, 0xf9, 0x0, 0x0, 0x9f, 0xf9, 0x0, 0x0,
    0x9f, 0xf9, 0x0, 0x0, 0x9f, 0xf9, 0x0, 0x0,
    0x9f, 0xf9, 0x0, 0x0, 0x9f, 0xf9, 0x0, 0x0,
    0x9f, 0xf9, 0x0, 0x0, 0x9f, 0xf9, 0x0, 0x0,
    0x9f, 0xf9, 0x0, 0x0, 0x9f, 0xf9, 0x0, 0x0,

    /* U+013F "Ŀ" */
    0x5f, 0xfe, 0x0, 0x0, 0x0, 0x5, 0xff, 0xe0,
    0x0, 0x0, 0x0, 0x5f, 0xfe, 0x0, 0x0, 0x0,
    0x5, 0xff, 0xe0, 0x0, 0x0, 0x0, 0x5f, 0xfe,
    0x0, 0x9, 0xfa, 0x5, 0xff, 0xe0, 0x2, 0xff,
    0xf2, 0x5f, 0xfe, 0x0, 0xe, 0xff, 0x15, 0xff,
    0xe0, 0x0, 0x27, 0x30, 0x5f, 0xfe, 0x0, 0x0,
    0x0, 0x5, 0xff, 0xe0, 0x0, 0x0, 0x0, 0x5f,
    0xfe, 0x0, 0x0, 0x0, 0x5, 0xff, 0xfa, 0xaa,
    0xaa, 0xa9, 0x5f, 0xff, 0xff, 0xff, 0xff, 0xe5,
    0xff, 0xff, 0xff, 0xff, 0xfe,

    /* U+0140 "ŀ" */
    0x8f, 0xf8, 0x0, 0x0, 0x9, 0xff, 0x90, 0x0,
    0x0, 0x9f, 0xf9, 0x0, 0x0, 0x9, 0xff, 0x90,
    0x0, 0x0, 0x9f, 0xf9, 0x0, 0x0, 0x9, 0xff,
    0x90, 0x0, 0x0, 0x9f, 0xf9, 0x8, 0xf9, 0x9,
    0xff, 0x90, 0xff, 0xf0, 0x9f, 0xf9, 0xb, 0xfc,
    0x9, 0xff, 0x90, 0x2, 0x0, 0x9f, 0xf9, 0x0,
    0x0, 0x9, 0xff, 0x90, 0x0, 0x0, 0x9f, 0xf9,
    0x0, 0x0, 0x9, 0xff, 0x90, 0x0, 0x0, 0x9f,
    0xf9, 0x0, 0x0, 0x0,

    /* U+0141 "Ł" */
    0x0, 0x1f, 0xff, 0x20, 0x0, 0x0, 0x0, 0x0,
    0x1f, 0xff, 0x20, 0x0, 0x0, 0x0, 0x0, 0x1f,
    0xff, 0x20, 0x10, 0x0, 0x0, 0x0, 0x1f, 0xff,
    0x3b, 0xc0, 0x0, 0x0, 0x0, 0x1f, 0xff, 0xff,
    0xe2, 0x0, 0x0, 0x0, 0x1f, 0xff, 0xfb, 0x10,
    0x0, 0x0, 0x0, 0x2f, 0xff, 0xa0, 0x0, 0x0,
    0x0, 0x3, 0xff, 0xff, 0x20, 0x0, 0x0, 0x0,
    0x1f, 0xff, 0xff, 0x20, 0x0, 0x0, 0x0, 0x6,
    0x8f, 0xff, 0x20, 0x0, 0x0, 0x0, 0x0, 0x1f,
    0xff, 0x20, 0x0, 0x0, 0x0, 0x0, 0x1f, 0xff,
    0xba, 0xaa, 0xaa, 0xa1, 0x0, 0x1f, 0xff, 0xff,
    0xff, 0xff, 0xf3, 0x0, 0x1f, 0xff, 0xff, 0xff,
    0xff, 0xf3,

    /* U+0142 "ł" */
    0x0, 0x4f, 0xfc, 0x0, 0x0, 0x4, 0xff, 0xd0,
    0x0, 0x0, 0x4f, 0xfd, 0x0, 0x0, 0x4, 0xff,
    0xd0, 0x0, 0x0, 0x4f, 0xfd, 0x10, 0x0, 0x4,
    0xff, 0xfe, 0x80, 0x0, 0x4f, 0xff, 0xfa, 0x0,
    0x6, 0xff, 0xf6, 0x0, 0x4, 0xff, 0xff, 0x0,
    0x4, 0xff, 0xff, 0xd0, 0x0, 0xc, 0xbf, 0xfd,
    0x0, 0x0, 0x4, 0xff, 0xd0, 0x0, 0x0, 0x4f,
    0xfd, 0x0, 0x0, 0x4, 0xff, 0xd0, 0x0, 0x0,
    0x4f, 0xfd, 0x0, 0x0,

    /* U+0143 "Ń" */
    0x0, 0x0, 0x0, 0x9, 0xff, 0x90, 0x0, 0x0,
    0x0, 0x0, 0xaf, 0xe4, 0x0, 0x0, 0x0, 0x0,
    0x3, 0x87, 0x10, 0x0, 0x0, 0x0, 0x0, 0x0,
    0x0, 0x0, 0x0, 0x0, 0x5f, 0xfb, 0x0, 0x0,
    0x0, 0xbf, 0xf8, 0x5f, 0xff, 0x90, 0x0, 0x0,
    0xbf, 0xf8, 0x5f, 0xff, 0xf6, 0x0, 0x0, 0xbf,
    0xf8, 0x5f, 0xff, 0xff, 0x30, 0x0, 0xbf, 0xf8,
    0x5f, 0xff, 0xff, 0xe1, 0x0, 0xbf, 0xf8, 0x5f,
    0xff, 0xff, 0xfc, 0x0, 0xbf, 0xf8, 0x5f, 0xfd,
    0x5f, 0xff, 0xa0, 0xbf, 0xf8, 0x5f, 0xfd, 0x7,
    0xff, 0xf7, 0xbf, 0xf8, 0x5f, 0xfd, 0x0, 0xaf,
    0xff, 0xef, 0xf8, 0x5f, 0xfd, 0x0, 0xc, 0xff,
    0xff, 0xf8, 0x5f, 0xfd, 0x0, 0x1, 0xef, 0xff,
    0xf8, 0x5f, 0xfd, 0x0, 0x0, 0x3f, 0xff, 0xf8,
    0x5f, 0xfd, 0x0, 0x0, 0x6, 0xff, 0xf8, 0x5f,
    0xfd, 0x0, 0x0, 0x0, 0x9f, 0xf8,

    /* U+0144 "ń" */
    0x0, 0x0, 0x0, 0x9f, 0xf9, 0x0, 0x0, 0x0,
    0x8, 0xff, 0x60, 0x0, 0x0, 0x0, 0x6f, 0xe4,
    0x0, 0x0, 0x0, 0x0, 0x0, 0x0, 0x0, 0x0,
    0x9f, 0xf7, 0x6c, 0xff, 0xc4, 0x0, 0x9f, 0xff,
    0xff, 0xff, 0xff, 0x60, 0x9f, 0xff, 0xfa, 0xae,
    0xff, 0xf0, 0x9f, 0xff, 0x30, 0x2, 0xff, 0xf4,
    0x9f, 0xfb, 0x0, 0x0, 0xcf, 0xf6, 0x9f, 0xf9,
    0x0, 0x0, 0xbf, 0xf7, 0x9f, 0xf9, 0x0, 0x0,
    0xbf, 0xf7, 0x9f, 0xf9, 0x0, 0x0, 0xbf, 0xf7,
    0x9f, 0xf9, 0x0, 0x0, 0xbf, 0xf7, 0x9f, 0xf9,
    0x0, 0x0, 0xbf, 0xf7, 0x9f, 0xf9, 0x0, 0x0,
    0xbf, 0xf7,

    /* U+0145 "Ņ" */
    0x5f, 0xfb, 0x0, 0x0, 0x0, 0xbf, 0xf8, 0x5f,
    0xff, 0x90, 0x0, 0x0, 0xbf, 0xf8, 0x5f, 0xff,
    0xf6, 0x0, 0x0, 0xbf, 0xf8, 0x5f, 0xff, 0xff,
    0x30, 0x0, 0xbf, 0xf8, 0x5f, 0xff, 0xff, 0xe1,
    0x0, 0xbf, 0xf8, 0x5f, 0xff, 0xff, 0xfc, 0x0,
    0xbf, 0xf8, 0x5f, 0xfd, 0x5f, 0xff, 0xa0, 0xbf,
    0xf8, 0x5f, 0xfd, 0x7, 0xff, 0xf7, 0xbf, 0xf8,
    0x5f, 0xfd, 0x0, 0xaf, 0xff, 0xef, 0xf8, 0x5f,
    0xfd, 0x0, 0xc, 0xff, 0xff, 0xf8, 0x5f, 0xfd,
    0x0, 0x1, 0xef, 0xff, 0xf8, 0x5f, 0xfd, 0x0,
    0x0, 0x3f, 0xff, 0xf8, 0x5f, 0xfd, 0x0, 0x0,
    0x6, 0xff, 0xf8, 0x5f, 0xfd, 0x0, 0x0, 0x0,
    0x9f, 0xf8, 0x0, 0x0, 0x0, 0x0, 0x0, 0x0,
    0x0, 0x0, 0x0, 0x1, 0xbc, 0x20, 0x0, 0x0,
    0x0, 0x0, 0x3, 0xff, 0x60, 0x0, 0x0, 0x0,
    0x0, 0x0, 0xbf, 0x20, 0x0, 0x0, 0x0, 0x0,
    0x0, 0xea, 0x0, 0x0, 0x0,

    /* U+0146 "ņ" */
    0x9f, 0xf7, 0x6c, 0xff, 0xc4, 0x0, 0x9f, 0xff,
    0xff, 0xff, 0xff, 0x60, 0x9f, 0xff, 0xfa, 0xae,
    0xff, 0xf0, 0x9f, 0xff, 0x30, 0x2, 0xff, 0xf4,
    0x9f, 0xfb, 0x0, 0x0, 0xcf, 0xf6, 0x9f, 0xf9,
    0x0, 0x0, 0xbf, 0xf7, 0x9f, 0xf9, 0x0, 0x0,
    0xbf, 0xf7, 0x9f, 0xf9, 0x0, 0x0, 0xbf, 0xf7,
    0x9f, 0xf9, 0x0, 0x0, 0xbf, 0xf7, 0x9f, 0xf9,
    0x0, 0x0, 0xbf, 0xf7, 0x9f, 0xf9, 0x0, 0x0,
    0xbf, 0xf7, 0x0, 0x0, 0x0, 0x0, 0x0, 0x0,
    0x0, 0x0, 0x2c, 0xc1, 0x0, 0x0, 0x0, 0x0,
    0x5f, 0xf4, 0x0, 0x0, 0x0, 0x0, 0xd, 0xf1,
    0x0, 0x0, 0x0, 0x0, 0xf, 0x80, 0x0, 0x0,

    /* U+0147 "Ň" */
    0x0, 0x6, 0xfd, 0x21, 0xcf, 0x80, 0x0, 0x0,
    0x0, 0x5f, 0xfe, 0xf8, 0x0, 0x0, 0x0, 0x0,
    0x4, 0x88, 0x50, 0x0, 0x0, 0x0, 0x0, 0x0,
    0x0, 0x0, 0x0, 0x0, 0x5f, 0xfb, 0x0, 0x0,
    0x0, 0xbf, 0xf8, 0x5f, 0xff, 0x90, 0x0, 0x0,
    0xbf, 0xf8, 0x5f, 0xff, 0xf6, 0x0, 0x0, 0xbf,
    0xf8, 0x5f, 0xff, 0xff, 0x30, 0x0, 0xbf, 0xf8,
    0x5f, 0xff, 0xff, 0xe1, 0x0, 0xbf, 0xf8, 0x5f,
    0xff, 0xff, 0xfc, 0x0, 0xbf, 0xf8, 0x5f, 0xfd,
    0x5f, 0xff, 0xa0, 0xbf, 0xf8, 0x5f, 0xfd, 0x7,
    0xff, 0xf7, 0xbf, 0xf8, 0x5f, 0xfd, 0x0, 0xaf,
    0xff, 0xef, 0xf8, 0x5f, 0xfd, 0x0, 0xc, 0xff,
    0xff, 0xf8, 0x5f, 0xfd, 0x0, 0x1, 0xef, 0xff,
    0xf8, 0x5f, 0xfd, 0x0, 0x0, 0x3f, 0xff, 0xf8,
    0x5f, 0xfd, 0x0, 0x0, 0x6, 0xff, 0xf8, 0x5f,
    0xfd, 0x0, 0x0, 0x0, 0x9f, 0xf8,

    /* U+0148 "ň" */
    0x0, 0x12, 0x0, 0x0, 0x21, 0x0, 0x0, 0x7f,
    0xd2, 0x2d, 0xf6, 0x0, 0x0, 0x8, 0xfe, 0xff,
    0x70, 0x0, 0x0, 0x0, 0x7a, 0xa6, 0x0, 0x0,
    0x0, 0x0, 0x0, 0x0, 0x0, 0x0, 0x9f, 0xf7,
    0x6c, 0xff, 0xc4, 0x0, 0x9f, 0xff, 0xff, 0xff,
    0xff, 0x60, 0x9f, 0xff, 0xfa, 0xae, 0xff, 0xf0,
    0x9f, 0xff, 0x30, 0x2, 0xff, 0xf4, 0x9f, 0xfb,
    0x0, 0x0, 0xcf, 0xf6, 0x9f, 0xf9, 0x0, 0x0,
    0xbf, 0xf7, 0x9f, 0xf9, 0x0, 0x0, 0xbf, 0xf7,
    0x9f, 0xf9, 0x0, 0x0, 0xbf, 0xf7, 0x9f, 0xf9,
    0x0, 0x0, 0xbf, 0xf7, 0x9f, 0xf9, 0x0, 0x0,
    0xbf, 0xf7, 0x9f, 0xf9, 0x0, 0x0, 0xbf, 0xf7,

    /* U+0149 "ŉ" */
    0x0, 0x31, 0x0, 0x0, 0x0, 0x0, 0x0, 0x0,
    0x1d, 0xfe, 0x20, 0x0, 0x0, 0x0, 0x0, 0x0,
    0x5f, 0xff, 0x70, 0x0, 0x0, 0x0, 0x0, 0x0,
    0x2f, 0xff, 0x50, 0x0, 0x0, 0x0, 0x0, 0x0,
    0x7, 0xff, 0x10, 0x0, 0x0, 0x0, 0x0, 0x0,
    0x9, 0xfa, 0x8f, 0xf7, 0x6c, 0xff, 0xc5, 0x0,
    0xd, 0xf3, 0x8f, 0xff, 0xff, 0xff, 0xff, 0x70,
    0x9, 0x80, 0x8f, 0xff, 0xfb, 0xae, 0xff, 0xf1,
    0x0, 0x0, 0x8f, 0xff, 0x40, 0x2, 0xff, 0xf5,
    0x0, 0x0, 0x8f, 0xfc, 0x0, 0x0, 0xbf, 0xf7,
    0x0, 0x0, 0x8f, 0xf9, 0x0, 0x0, 0xaf, 0xf7,
    0x0, 0x0, 0x8f, 0xf9, 0x0, 0x0, 0xaf, 0xf7,
    0x0, 0x0, 0x8f, 0xf9, 0x0, 0x0, 0xaf, 0xf7,
    0x0, 0x0, 0x8f, 0xf9, 0x0, 0x0, 0xaf, 0xf7,
    0x0, 0x0, 0x8f, 0xf9, 0x0, 0x0, 0xaf, 0xf7,
    0x0, 0x0, 0x8f, 0xf9, 0x0, 0x0, 0xaf, 0xf7,

    /* U+014A "Ŋ" */
    0x5f, 0xfb, 0x0, 0x0, 0x0, 0xbf, 0xf8, 0x5f,
    0xff, 0x90, 0x0, 0x0, 0xbf, 0xf8, 0x5f, 0xff,
    0xf6, 0x0, 0x0, 0xbf, 0xf8, 0x5f, 0xff, 0xff,
    0x30, 0x0, 0xbf, 0xf8, 0x5f, 0xff, 0xff, 0xe1,
    0x0, 0xbf, 0xf8, 0x5f, 0xff, 0xff, 0xfc, 0x0,
    0xbf, 0xf8, 0x5f, 0xfd, 0x5f, 0xff, 0xa0, 0xbf,
    0xf8, 0x5f, 0xfd, 0x7, 0xff, 0xf7, 0xbf, 0xf8,
    0x5f, 0xfd, 0x0, 0xaf, 0xff, 0xef, 0xf8, 0x5f,
    0xfd, 0x0, 0xc, 0xff, 0xff, 0xf8, 0x5f, 0xfd,
    0x0, 0x1, 0xef, 0xff, 0xf8, 0x5f, 0xfd, 0x0,
    0x0, 0x3f, 0xff, 0xf8, 0x5f, 0xfd, 0x0, 0x0,
    0x6, 0xff, 0xf7, 0x5f, 0xfd, 0x0, 0x0, 0x0,
    0xcf, 0xf6, 0x0, 0x0, 0x0, 0x50, 0x1, 0xff,
    0xf4, 0x0, 0x0, 0x6, 0xfd, 0xbe, 0xff, 0xe0,
    0x0, 0x0, 0xe, 0xff, 0xff, 0xff, 0x50, 0x0,
    0x0, 0x2, 0xae, 0xfe, 0xa3, 0x0,

    /* U+014B "ŋ" */
    0x9f, 0xf7, 0x6c, 0xff, 0xc4, 0x0, 0x9f, 0xff,
    0xff, 0xff, 0xff, 0x60, 0x9f, 0xff, 0xfa, 0xae,
    0xff, 0xf0, 0x9f, 0xff, 0x30, 0x2, 0xff, 0xf4,
    0x9f, 0xfb, 0x0, 0x0, 0xcf, 0xf6, 0x9f, 0xf9,
    0x0, 0x0, 0xbf, 0xf7, 0x9f, 0xf9, 0x0, 0x0,
    0xbf, 0xf7, 0x9f, 0xf9, 0x0, 0x0, 0xbf, 0xf7,
    0x9f, 0xf9, 0x0, 0x0, 0xbf, 0xf7, 0x9f, 0xf9,
    0x0, 0x0, 0xbf, 0xf7, 0x9f, 0xf9, 0x0, 0x0,
    0xbf, 0xf6, 0x0, 0x0, 0x0, 0x0, 0xcf, 0xf6,
    0x0, 0x0, 0x5, 0x99, 0xff, 0xf3, 0x0, 0x0,
    0xc, 0xff, 0xff, 0xa0, 0x0, 0x0, 0xa, 0xef,
    0xe8, 0x0,

    /* U+014C "Ō" */
    0x0, 0x0, 0x3c, 0xcc, 0xcc, 0xcc, 0x10, 0x0,
    0x0, 0x0, 0x4, 0xff, 0xff, 0xff, 0xf2, 0x0,
    0x0, 0x0, 0x0, 0x0, 0x0, 0x0, 0x0, 0x0,
    0x0, 0x0, 0x0, 0x0, 0x0, 0x0, 0x0, 0x0,
    0x0, 0x0, 0x0, 0x0, 0x17, 0xce, 0xfe, 0xb6,
    0x0, 0x0, 0x0, 0x0, 0x6f, 0xff, 0xff, 0xff,
    0xfe, 0x50, 0x0, 0x0, 0x7f, 0xff, 0xfe, 0xce,
    0xff, 0xff, 0x60, 0x0, 0x3f, 0xff, 0xc3, 0x0,
    0x4, 0xdf, 0xff, 0x20, 0xb, 0xff, 0xd0, 0x0,
    0x0, 0x1, 0xef, 0xf9, 0x0, 0xff, 0xf5, 0x0,
    0x0, 0x0, 0x7, 0xff, 0xe0, 0x2f, 0xff, 0x10,
    0x0, 0x0, 0x0, 0x4f, 0xff, 0x2, 0xff, 0xf1,
    0x0, 0x0, 0x0, 0x4, 0xff, 0xf0, 0xf, 0xff,
    0x50, 0x0, 0x0, 0x0, 0x7f, 0xfe, 0x0, 0xbf,
    0xfd, 0x0, 0x0, 0x0, 0x1e, 0xff, 0x90, 0x4,
    0xff, 0xfc, 0x30, 0x0, 0x3d, 0xff, 0xf2, 0x0,
    0x8, 0xff, 0xff, 0xec, 0xef, 0xff, 0xf6, 0x0,
    0x0, 0x6, 0xff, 0xff, 0xff, 0xff, 0xe5, 0x0,
    0x0, 0x0, 0x1, 0x7c, 0xef, 0xeb, 0x70, 0x0,
    0x0,

    /* U+014D "ō" */
    0x0, 0x3f, 0xff, 0xff, 0xff, 0x30, 0x0, 0x2,
    0xcc, 0xcc, 0xcc, 0xc2, 0x0, 0x0, 0x0, 0x0,
    0x0, 0x0, 0x0, 0x0, 0x0, 0x3a, 0xef, 0xeb,
    0x40, 0x0, 0x0, 0x8f, 0xff, 0xff, 0xff, 0xa0,
    0x0, 0x7f, 0xff, 0xd9, 0xcf, 0xff, 0x80, 0xe,
    0xff, 0x80, 0x0, 0x7f, 0xff, 0x13, 0xff, 0xf0,
    0x0, 0x0, 0xef, 0xf5, 0x5f, 0xfd, 0x0, 0x0,
    0xb, 0xff, 0x63, 0xff, 0xf0, 0x0, 0x0, 0xef,
    0xf5, 0xe, 0xff, 0x80, 0x0, 0x7f, 0xff, 0x10,
    0x7f, 0xff, 0xd9, 0xcf, 0xff, 0x80, 0x0, 0x8f,
    0xff, 0xff, 0xff, 0xa0, 0x0, 0x0, 0x4a, 0xef,
    0xeb, 0x40, 0x0,

    /* U+014E "Ŏ" */
    0x0, 0x0, 0x18, 0x60, 0x0, 0x78, 0x0, 0x0,
    0x0, 0x0, 0x0, 0xff, 0x40, 0x6f, 0xe0, 0x0,
    0x0, 0x0, 0x0, 0x6, 0xff, 0xff, 0xf4, 0x0,
    0x0, 0x0, 0x0, 0x0, 0x2, 0x89, 0x71, 0x0,
    0x0, 0x0, 0x0, 0x0, 0x0, 0x0, 0x0, 0x0,
    0x0, 0x0, 0x0, 0x0, 0x1, 0x7c, 0xef, 0xeb,
    0x60, 0x0, 0x0, 0x0, 0x6, 0xff, 0xff, 0xff,
    0xff, 0xe5, 0x0, 0x0, 0x7, 0xff, 0xff, 0xec,
    0xef, 0xff, 0xf6, 0x0, 0x3, 0xff, 0xfc, 0x30,
    0x0, 0x4d, 0xff, 0xf2, 0x0, 0xbf, 0xfd, 0x0,
    0x0, 0x0, 0x1e, 0xff, 0x90, 0xf, 0xff, 0x50,
    0x0, 0x0, 0x0, 0x7f, 0xfe, 0x2, 0xff, 0xf1,
    0x0, 0x0, 0x0, 0x4, 0xff, 0xf0, 0x2f, 0xff,
    0x10, 0x0, 0x0, 0x0, 0x4f, 0xff, 0x0, 0xff,
    0xf5, 0x0, 0x0, 0x0, 0x7, 0xff, 0xe0, 0xb,
    0xff, 0xd0, 0x0, 0x0, 0x1, 0xef, 0xf9, 0x0,
    0x4f, 0xff, 0xc3, 0x0, 0x3, 0xdf, 0xff, 0x20,
    0x0, 0x8f, 0xff, 0xfe, 0xce, 0xff, 0xff, 0x60,
    0x0, 0x0, 0x6f, 0xff, 0xff, 0xff, 0xfe, 0x50,
    0x0, 0x0, 0x0, 0x17, 0xce, 0xfe, 0xb7, 0x0,
    0x0, 0x0,

    /* U+014F "ŏ" */
    0x0, 0x8, 0x60, 0x0, 0x68, 0x10, 0x0, 0x0,
    0xef, 0x50, 0x5f, 0xf0, 0x0, 0x0, 0x4, 0xff,
    0xff, 0xf5, 0x0, 0x0, 0x0, 0x2, 0x79, 0x72,
    0x0, 0x0, 0x0, 0x0, 0x0, 0x0, 0x0, 0x0,
    0x0, 0x0, 0x3a, 0xef, 0xeb, 0x40, 0x0, 0x0,
    0x8f, 0xff, 0xff, 0xff, 0xa0, 0x0, 0x7f, 0xff,
    0xd9, 0xcf, 0xff, 0x80, 0xe, 0xff, 0x80, 0x0,
    0x7f, 0xff, 0x13, 0xff, 0xf0, 0x0, 0x0, 0xef,
    0xf5, 0x5f, 0xfd, 0x0, 0x0, 0xb, 0xff, 0x63,
    0xff, 0xf0, 0x0, 0x0, 0xef, 0xf5, 0xe, 0xff,
    0x80, 0x0, 0x7f, 0xff, 0x10, 0x7f, 0xff, 0xd9,
    0xcf, 0xff, 0x80, 0x0, 0x8f, 0xff, 0xff, 0xff,
    0xa0, 0x0, 0x0, 0x4a, 0xef, 0xeb, 0x40, 0x0,

    /* U+0150 "Ő" */
    0x0, 0x0, 0x0, 0x8f, 0xf4, 0x7f, 0xf5, 0x0,
    0x0, 0x0, 0x0, 0x1f, 0xf9, 0xe, 0xf9, 0x0,
    0x0, 0x0, 0x0, 0x7, 0xec, 0x6, 0xec, 0x0,
    0x0, 0x0, 0x0, 0x0, 0x0, 0x0, 0x0, 0x0,
    0x0, 0x0, 0x0, 0x0, 0x17, 0xce, 0xfe, 0xb6,
    0x0, 0x0, 0x0, 0x0, 0x6f, 0xff, 0xff, 0xff,
    0xfe, 0x50, 0x0, 0x0, 0x7f, 0xff, 0xfe, 0xce,
    0xff, 0xff, 0x60, 0x0, 0x3f, 0xff, 0xc3, 0x0,
    0x4, 0xdf, 0xff, 0x20, 0xb, 0xff, 0xd0, 0x0,
    0x0, 0x1, 0xef, 0xf9, 0x0, 0xff, 0xf5, 0x0,
    0x0, 0x0, 0x7, 0xff, 0xe0, 0x2f, 0xff, 0x10,
    0x0, 0x0, 0x0, 0x4f, 0xff, 0x2, 0xff, 0xf1,
    0x0, 0x0, 0x0, 0x4, 0xff, 0xf0, 0xf, 0xff,
    0x50, 0x0, 0x0, 0x0, 0x7f, 0xfe, 0x0, 0xbf,
    0xfd, 0x0, 0x0, 0x0, 0x1e, 0xff, 0x90, 0x4,
    0xff, 0xfc, 0x30, 0x0, 0x3d, 0xff, 0xf2, 0x0,
    0x8, 0xff, 0xff, 0xec, 0xef, 0xff, 0xf6, 0x0,
    0x0, 0x6, 0xff, 0xff, 0xff, 0xff, 0xe5, 0x0,
    0x0, 0x0, 0x1, 0x7c, 0xef, 0xeb, 0x70, 0x0,
    0x0,

    /* U+0151 "ő" */
    0x0, 0x0, 0x7f, 0xf5, 0x6f, 0xf6, 0x0, 0x0,
    0xe, 0xfa, 0xe, 0xfa, 0x0, 0x0, 0x5, 0xec,
    0x5, 0xed, 0x10, 0x0, 0x0, 0x0, 0x0, 0x0,
    0x0, 0x0, 0x0, 0x3, 0xae, 0xfe, 0xb4, 0x0,
    0x0, 0x8, 0xff, 0xff, 0xff, 0xfa, 0x0, 0x7,
    0xff, 0xfd, 0x9c, 0xff, 0xf8, 0x0, 0xef, 0xf8,
    0x0, 0x7, 0xff, 0xf1, 0x3f, 0xff, 0x0, 0x0,
    0xe, 0xff, 0x55, 0xff, 0xd0, 0x0, 0x0, 0xbf,
    0xf6, 0x3f, 0xff, 0x0, 0x0, 0xe, 0xff, 0x50,
    0xef, 0xf8, 0x0, 0x7, 0xff, 0xf1, 0x7, 0xff,
    0xfd, 0x9c, 0xff, 0xf8, 0x0, 0x8, 0xff, 0xff,
    0xff, 0xfa, 0x0, 0x0, 0x4, 0xae, 0xfe, 0xb4,
    0x0, 0x0,

    /* U+0152 "Œ" */
    0x0, 0x0, 0x27, 0xce, 0xff, 0xff, 0xff, 0xff,
    0xff, 0xff, 0xf8, 0x0, 0x7, 0xff, 0xff, 0xff,
    0xff, 0xff, 0xff, 0xff, 0xff, 0xf8, 0x0, 0x9f,
    0xff, 0xfb, 0xa9, 0xaf, 0xff, 0xa9, 0x99, 0x99,
    0x95, 0x4, 0xff, 0xfa, 0x10, 0x0, 0xf, 0xff,
    0x30, 0x0, 0x0, 0x0, 0xc, 0xff, 0xc0, 0x0,
    0x0, 0xf, 0xff, 0x30, 0x0, 0x0, 0x0, 0xf,
    0xff, 0x40, 0x0, 0x0, 0xf, 0xff, 0xa8, 0x88,
    0x88, 0x60, 0x2f, 0xff, 0x10, 0x0, 0x0, 0xf,
    0xff, 0xff, 0xff, 0xff, 0xb0, 0x2f, 0xff, 0x10,
    0x0, 0x0, 0xf, 0xff, 0xff, 0xff, 0xff, 0xb0,
    0xf, 0xff, 0x40, 0x0, 0x0, 0xf, 0xff, 0x30,
    0x0, 0x0, 0x0, 0xc, 0xff, 0xc0, 0x0, 0x0,
    0xf, 0xff, 0x30, 0x0, 0x0, 0x0, 0x4, 0xff,
    0xfa, 0x10, 0x0, 0xf, 0xff, 0x30, 0x0, 0x0,
    0x0, 0x0, 0x9f, 0xff, 0xfc, 0xaa, 0xaf, 0xff,
    0xba, 0xaa, 0xaa, 0xa7, 0x0, 0x7, 0xff, 0xff,
    0xff, 0xff, 0xff, 0xff, 0xff, 0xff, 0xfc, 0x0,
    0x0, 0x27, 0xce, 0xff, 0xff, 0xff, 0xff, 0xff,
    0xff, 0xfc,

    /* U+0153 "œ" */
    0x0, 0x3, 0xae, 0xfe, 0xa3, 0x0, 0x6c, 0xff,
    0xd7, 0x0, 0x0, 0x8, 0xff, 0xff, 0xff, 0xf7,
    0xcf, 0xff, 0xff, 0xfe, 0x20, 0x7, 0xff, 0xfd,
    0x9c, 0xff, 0xff, 0xfe, 0xaa, 0xef, 0xfd, 0x0,
    0xef, 0xf8, 0x0, 0x7, 0xff, 0xfb, 0x0, 0x0,
    0xbf, 0xf5, 0x3f, 0xff, 0x0, 0x0, 0xe, 0xff,
    0xed, 0xdd, 0xde, 0xff, 0x85, 0xff, 0xd0, 0x0,
    0x0, 0xbf, 0xff, 0xff, 0xff, 0xff, 0xf9, 0x3f,
    0xff, 0x0, 0x0, 0xd, 0xff, 0x90, 0x0, 0x0,
    0x0, 0x0, 0xef, 0xf7, 0x0, 0x6, 0xff, 0xff,
    0x30, 0x0, 0x25, 0x0, 0x7, 0xff, 0xfc, 0x8b,
    0xff, 0xff, 0xff, 0xb8, 0xaf, 0xf4, 0x0, 0x9,
    0xff, 0xff, 0xff, 0xf7, 0xbf, 0xff, 0xff, 0xff,
    0x80, 0x0, 0x4, 0xae, 0xfe, 0xa3, 0x0, 0x5b,
    0xef, 0xea, 0x40, 0x0,

    /* U+0154 "Ŕ" */
    0x0, 0x0, 0x0, 0x5f, 0xfb, 0x10, 0x0, 0x0,
    0x0, 0x6, 0xff, 0x60, 0x0, 0x0, 0x0, 0x0,
    0x17, 0x72, 0x0, 0x0, 0x0, 0x0, 0x0, 0x0,
    0x0, 0x0, 0x0, 0x0, 0x5f, 0xff, 0xff, 0xff,
    0xd8, 0x20, 0x0, 0x5f, 0xff, 0xff, 0xff, 0xff,
    0xf5, 0x0, 0x5f, 0xff, 0xaa, 0xac, 0xff, 0xff,
    0x20, 0x5f, 0xfe, 0x0, 0x0, 0x2e, 0xff, 0x90,
    0x5f, 0xfe, 0x0, 0x0, 0x9, 0xff, 0xb0, 0x5f,
    0xfe, 0x0, 0x0, 0x9, 0xff, 0xb0, 0x5f, 0xfe,
    0x0, 0x0, 0x2e, 0xff, 0x80, 0x5f, 0xff, 0x99,
    0x9b, 0xff, 0xff, 0x20, 0x5f, 0xff, 0xff, 0xff,
    0xff, 0xf4, 0x0, 0x5f, 0xff, 0xff, 0xff, 0xff,
    0x30, 0x0, 0x5f, 0xfe, 0x0, 0xc, 0xff, 0xa0,
    0x0, 0x5f, 0xfe, 0x0, 0x2, 0xff, 0xf5, 0x0,
    0x5f, 0xfe, 0x0, 0x0, 0x7f, 0xfe, 0x10, 0x5f,
    0xfe, 0x0, 0x0, 0xc, 0xff, 0xb0,

    /* U+0155 "ŕ" */
    0x0, 0x0, 0xcf, 0xf6, 0x0, 0x0, 0xaf, 0xe4,
    0x0, 0x0, 0x9f, 0xd2, 0x0, 0x0, 0x0, 0x0,
    0x0, 0x0, 0x9f, 0xf6, 0x6c, 0xf1, 0x9, 0xff,
    0xef, 0xff, 0x20, 0x9f, 0xff, 0xfd, 0xb1, 0x9,
    0xff, 0xf6, 0x0, 0x0, 0x9f, 0xfc, 0x0, 0x0,
    0x9, 0xff, 0x90, 0x0, 0x0, 0x9f, 0xf9, 0x0,
    0x0, 0x9, 0xff, 0x90, 0x0, 0x0, 0x9f, 0xf9,
    0x0, 0x0, 0x9, 0xff, 0x90, 0x0, 0x0, 0x9f,
    0xf9, 0x0, 0x0, 0x0,

    /* U+0156 "Ŗ" */
    0x5f, 0xff, 0xff, 0xff, 0xd8, 0x20, 0x0, 0x5f,
    0xff, 0xff, 0xff, 0xff, 0xf5, 0x0, 0x5f, 0xff,
    0xaa, 0xac, 0xff, 0xff, 0x20, 0x5f, 0xfe, 0x0,
    0x0, 0x2e, 0xff, 0x90, 0x5f, 0xfe, 0x0, 0x0,
    0x9, 0xff, 0xb0, 0x5f, 0xfe, 0x0, 0x0, 0x9,
    0xff, 0xb0, 0x5f, 0xfe, 0x0, 0x0, 0x2e, 0xff,
    0x80, 0x5f, 0xff, 0x99, 0x9b, 0xff, 0xff, 0x20,
    0x5f, 0xff, 0xff, 0xff, 0xff, 0xf4, 0x0, 0x5f,
    0xff, 0xff, 0xff, 0xff, 0x30, 0x0, 0x5f, 0xfe,
    0x0, 0xc, 0xff, 0xa0, 0x0, 0x5f, 0xfe, 0x0,
    0x2, 0xff, 0xf5, 0x0, 0x5f, 0xfe, 0x0, 0x0,
    0x7f, 0xfe, 0x10, 0x5f, 0xfe, 0x0, 0x0, 0xc,
    0xff, 0xb0, 0x0, 0x0, 0x0, 0x0, 0x0, 0x0,
    0x0, 0x0, 0x0, 0x9, 0xd4, 0x0, 0x0, 0x0,
    0x0, 0x0, 0xf, 0xfa, 0x0, 0x0, 0x0, 0x0,
    0x0, 0x7, 0xf6, 0x0, 0x0, 0x0, 0x0, 0x0,
    0xa, 0xe0, 0x0, 0x0, 0x0,

    /* U+0157 "ŗ" */
    0x9f, 0xf6, 0x6c, 0xf1, 0x9f, 0xfe, 0xff, 0xf2,
    0x9f, 0xff, 0xfd, 0xb1, 0x9f, 0xff, 0x60, 0x0,
    0x9f, 0xfc, 0x0, 0x0, 0x9f, 0xf9, 0x0, 0x0,
    0x9f, 0xf9, 0x0, 0x0, 0x9f, 0xf9, 0x0, 0x0,
    0x9f, 0xf9, 0x0, 0x0, 0x9f, 0xf9, 0x0, 0x0,
    0x9f, 0xf9, 0x0, 0x0, 0x0, 0x0, 0x0, 0x0,
    0xb, 0xc2, 0x0, 0x0, 0x3f, 0xf7, 0x0, 0x0,
    0xb, 0xf2, 0x0, 0x0, 0xe, 0xa0, 0x0, 0x0,

    /* U+0158 "Ř" */
    0x0, 0x12, 0x10, 0x0, 0x22, 0x0, 0x0, 0x0,
    0x2f, 0xf5, 0xa, 0xfb, 0x0, 0x0, 0x0, 0x4,
    0xff, 0xdf, 0xd0, 0x0, 0x0, 0x0, 0x0, 0x5d,
    0xdc, 0x10, 0x0, 0x0, 0x0, 0x0, 0x0, 0x0,
    0x0, 0x0, 0x0, 0x5f, 0xff, 0xff, 0xff, 0xd8,
    0x20, 0x0, 0x5f, 0xff, 0xff, 0xff, 0xff, 0xf5,
    0x0, 0x5f, 0xff, 0xaa, 0xac, 0xff, 0xff, 0x20,
    0x5f, 0xfe, 0x0, 0x0, 0x2e, 0xff, 0x90, 0x5f,
    0xfe, 0x0, 0x0, 0x9, 0xff, 0xb0, 0x5f, 0xfe,
    0x0, 0x0, 0x9, 0xff, 0xb0, 0x5f, 0xfe, 0x0,
    0x0, 0x2e, 0xff, 0x80, 0x5f, 0xff, 0x99, 0x9b,
    0xff, 0xff, 0x20, 0x5f, 0xff, 0xff, 0xff, 0xff,
    0xf4, 0x0, 0x5f, 0xff, 0xff, 0xff, 0xff, 0x30,
    0x0, 0x5f, 0xfe, 0x0, 0xc, 0xff, 0xa0, 0x0,
    0x5f, 0xfe, 0x0, 0x2, 0xff, 0xf5, 0x0, 0x5f,
    0xfe, 0x0, 0x0, 0x7f, 0xfe, 0x10, 0x5f, 0xfe,
    0x0, 0x0, 0xc, 0xff, 0xb0,

    /* U+0159 "ř" */
    0xc, 0xf9, 0x2, 0xef, 0x50, 0x1d, 0xfb, 0xef,
    0x70, 0x0, 0x2e, 0xff, 0x90, 0x0, 0x0, 0x0,
    0x0, 0x0, 0x9, 0xff, 0x66, 0xcf, 0x10, 0x9f,
    0xfe, 0xff, 0xf2, 0x9, 0xff, 0xff, 0xdb, 0x10,
    0x9f, 0xff, 0x60, 0x0, 0x9, 0xff, 0xc0, 0x0,
    0x0, 0x9f, 0xf9, 0x0, 0x0, 0x9, 0xff, 0x90,
    0x0, 0x0, 0x9f, 0xf9, 0x0, 0x0, 0x9, 0xff,
    0x90, 0x0, 0x0, 0x9f, 0xf9, 0x0, 0x0, 0x9,
    0xff, 0x90, 0x0, 0x0,

    /* U+015A "Ś" */
    0x0, 0x0, 0x0, 0x6, 0x88, 0x30, 0x0, 0x0,
    0x0, 0x8, 0xff, 0x80, 0x0, 0x0, 0x0, 0x6,
    0xff, 0x50, 0x0, 0x0, 0x0, 0x0, 0x78, 0x30,
    0x0, 0x0, 0x0, 0x0, 0x0, 0x0, 0x0, 0x0,
    0x0, 0x0, 0x6b, 0xef, 0xfd, 0x94, 0x0, 0x1,
    0xdf, 0xff, 0xff, 0xff, 0xf6, 0x0, 0xbf, 0xff,
    0xca, 0xbd, 0xff, 0x10, 0xf, 0xff, 0x50, 0x0,
    0x2, 0x60, 0x1, 0xff, 0xf3, 0x0, 0x0, 0x0,
    0x0, 0xe, 0xff, 0xe8, 0x41, 0x0, 0x0, 0x0,
    0x4f, 0xff, 0xff, 0xfc, 0x71, 0x0, 0x0, 0x18,
    0xef, 0xff, 0xff, 0xf4, 0x0, 0x0, 0x0, 0x26,
    0xaf, 0xff, 0xe0, 0x0, 0x0, 0x0, 0x0, 0x3f,
    0xff, 0x20, 0x88, 0x10, 0x0, 0x3, 0xff, 0xf1,
    0x1f, 0xff, 0xda, 0xab, 0xff, 0xfc, 0x3, 0xef,
    0xff, 0xff, 0xff, 0xfd, 0x10, 0x0, 0x5a, 0xdf,
    0xfe, 0xb6, 0x0, 0x0,

    /* U+015B "ś" */
    0x0, 0x0, 0x1, 0x78, 0x71, 0x0, 0x0, 0x0,
    0xcf, 0xf4, 0x0, 0x0, 0x0, 0xaf, 0xd2, 0x0,
    0x0, 0x0, 0x28, 0x71, 0x0, 0x0, 0x0, 0x0,
    0x0, 0x0, 0x0, 0x0, 0x5, 0xbe, 0xfe, 0xc9,
    0x20, 0x9, 0xff, 0xff, 0xff, 0xf8, 0x2, 0xff,
    0xf8, 0x67, 0xae, 0x10, 0x5f, 0xfb, 0x0, 0x0,
    0x0, 0x2, 0xff, 0xfd, 0x97, 0x30, 0x0, 0x7,
    0xff, 0xff, 0xff, 0xd3, 0x0, 0x1, 0x58, 0xcf,
    0xff, 0xe0, 0x2, 0x0, 0x0, 0xe, 0xff, 0x10,
    0xed, 0x96, 0x69, 0xff, 0xf0, 0x6f, 0xff, 0xff,
    0xff, 0xf6, 0x0, 0x5a, 0xdf, 0xfe, 0xa3, 0x0,

    /* U+015C "Ŝ" */
    0x0, 0x0, 0x7, 0x87, 0x0, 0x0, 0x0, 0x0,
    0xb, 0xff, 0xfb, 0x0, 0x0, 0x0, 0xa, 0xfc,
    0x2c, 0xfa, 0x0, 0x0, 0x2, 0x87, 0x0, 0x7,
    0x82, 0x0, 0x0, 0x0, 0x0, 0x0, 0x0, 0x0,
    0x0, 0x0, 0x6b, 0xef, 0xfd, 0x94, 0x0, 0x1,
    0xdf, 0xff, 0xff, 0xff, 0xf6, 0x0, 0xbf, 0xff,
    0xca, 0xbd, 0xff, 0x10, 0xf, 0xff, 0x50, 0x0,
    0x2, 0x60, 0x1, 0xff, 0xf3, 0x0, 0x0, 0x0,
    0x0, 0xe, 0xff, 0xe8, 0x41, 0x0, 0x0, 0x0,
    0x4f, 0xff, 0xff, 0xfc, 0x71, 0x0, 0x0, 0x18,
    0xef, 0xff, 0xff, 0xf4, 0x0, 0x0, 0x0, 0x26,
    0xaf, 0xff, 0xe0, 0x0, 0x0, 0x0, 0x0, 0x3f,
    0xff, 0x20, 0x88, 0x10, 0x0, 0x3, 0xff, 0xf1,
    0x1f, 0xff, 0xda, 0xab, 0xff, 0xfc, 0x3, 0xef,
    0xff, 0xff, 0xff, 0xfd, 0x10, 0x0, 0x5a, 0xdf,
    0xfe, 0xb6, 0x0, 0x0,

    /* U+015D "ŝ" */
    0x0, 0x3, 0x88, 0x60, 0x0, 0x0, 0x2, 0xef,
    0xff, 0x70, 0x0, 0x1, 0xdf, 0x93, 0xef, 0x50,
    0x0, 0x48, 0x60, 0x2, 0x87, 0x0, 0x0, 0x0,
    0x0, 0x0, 0x0, 0x0, 0x5, 0xbe, 0xfe, 0xc9,
    0x20, 0x9, 0xff, 0xff, 0xff, 0xf8, 0x2, 0xff,
    0xf8, 0x67, 0xae, 0x10, 0x5f, 0xfb, 0x0, 0x0,
    0x0, 0x2, 0xff, 0xfd, 0x97, 0x30, 0x0, 0x7,
    0xff, 0xff, 0xff, 0xd3, 0x0, 0x1, 0x58, 0xcf,
    0xff, 0xe0, 0x2, 0x0, 0x0, 0xe, 0xff, 0x10,
    0xed, 0x96, 0x69, 0xff, 0xf0, 0x6f, 0xff, 0xff,
    0xff, 0xf6, 0x0, 0x5a, 0xdf, 0xfe, 0xa3, 0x0,

    /* U+015E "Ş" */
    0x0, 0x6, 0xbe, 0xff, 0xd9, 0x40, 0x0, 0x1d,
    0xff, 0xff, 0xff, 0xff, 0x60, 0xb, 0xff, 0xfc,
    0xab, 0xdf, 0xf1, 0x0, 0xff, 0xf5, 0x0, 0x0,
    0x26, 0x0, 0x1f, 0xff, 0x30, 0x0, 0x0, 0x0,
    0x0, 0xef, 0xfe, 0x84, 0x10, 0x0, 0x0, 0x4,
    0xff, 0xff, 0xff, 0xc7, 0x10, 0x0, 0x1, 0x8e,
    0xff, 0xff, 0xff, 0x40, 0x0, 0x0, 0x2, 0x6a,
    0xff, 0xfe, 0x0, 0x0, 0x0, 0x0, 0x3, 0xff,
    0xf2, 0x8, 0x81, 0x0, 0x0, 0x3f, 0xff, 0x11,
    0xff, 0xfd, 0xaa, 0xbf, 0xff, 0xc0, 0x3e, 0xff,
    0xff, 0xff, 0xff, 0xd1, 0x0, 0x5, 0xad, 0xff,
    0xfb, 0x60, 0x0, 0x0, 0x0, 0x9, 0xf3, 0x0,
    0x0, 0x0, 0x0, 0x0, 0x8d, 0xf6, 0x0, 0x0,
    0x0, 0x0, 0x32, 0x7f, 0xb0, 0x0, 0x0, 0x0,
    0xd, 0xff, 0xf4, 0x0, 0x0, 0x0, 0x0, 0x14,
    0x40, 0x0, 0x0, 0x0,

    /* U+015F "ş" */
    0x0, 0x5b, 0xef, 0xec, 0x92, 0x0, 0x9f, 0xff,
    0xff, 0xff, 0x80, 0x2f, 0xff, 0x86, 0x7a, 0xe1,
    0x5, 0xff, 0xb0, 0x0, 0x0, 0x0, 0x2f, 0xff,
    0xd9, 0x73, 0x0, 0x0, 0x7f, 0xff, 0xff, 0xfd,
    0x30, 0x0, 0x15, 0x8c, 0xff, 0xfe, 0x0, 0x20,
    0x0, 0x0, 0xef, 0xf1, 0xe, 0xd9, 0x66, 0x9f,
    0xff, 0x6, 0xff, 0xff, 0xff, 0xff, 0x60, 0x5,
    0xad, 0xff, 0xea, 0x30, 0x0, 0x0, 0xd, 0xe0,
    0x0, 0x0, 0x0, 0x0, 0xbf, 0xe2, 0x0, 0x0,
    0x0, 0x42, 0xbf, 0x70, 0x0, 0x0, 0x2f, 0xff,
    0xd1, 0x0, 0x0, 0x0, 0x24, 0x30, 0x0, 0x0,

    /* U+0160 "Š" */
    0x0, 0x28, 0x70, 0x0, 0x78, 0x20, 0x0, 0x0,
    0xaf, 0xc2, 0xcf, 0xa0, 0x0, 0x0, 0x0, 0xbf,
    0xff, 0xb0, 0x0, 0x0, 0x0, 0x0, 0x78, 0x70,
    0x0, 0x0, 0x0, 0x0, 0x0, 0x0, 0x0, 0x0,
    0x0, 0x0, 0x6b, 0xef, 0xfd, 0x94, 0x0, 0x1,
    0xdf, 0xff, 0xff, 0xff, 0xf6, 0x0, 0xbf, 0xff,
    0xca, 0xbd, 0xff, 0x10, 0xf, 0xff, 0x50, 0x0,
    0x2, 0x60, 0x1, 0xff, 0xf3, 0x0, 0x0, 0x0,
    0x0, 0xe, 0xff, 0xe8, 0x41, 0x0, 0x0, 0x0,
    0x4f, 0xff, 0xff, 0xfc, 0x71, 0x0, 0x0, 0x18,
    0xef, 0xff, 0xff, 0xf4, 0x0, 0x0, 0x0, 0x26,
    0xaf, 0xff, 0xe0, 0x0, 0x0, 0x0, 0x0, 0x3f,
    0xff, 0x20, 0x88, 0x10, 0x0, 0x3, 0xff, 0xf1,
    0x1f, 0xff, 0xda, 0xab, 0xff, 0xfc, 0x3, 0xef,
    0xff, 0xff, 0xff, 0xfd, 0x10, 0x0, 0x5a, 0xdf,
    0xfe, 0xb6, 0x0, 0x0,

    /* U+0161 "š" */
    0x4, 0x86, 0x0, 0x28, 0x70, 0x0, 0x1d, 0xf9,
    0x3e, 0xf5, 0x0, 0x0, 0x2e, 0xff, 0xf7, 0x0,
    0x0, 0x0, 0x38, 0x86, 0x0, 0x0, 0x0, 0x0,
    0x0, 0x0, 0x0, 0x0, 0x5, 0xbe, 0xfe, 0xc9,
    0x20, 0x9, 0xff, 0xff, 0xff, 0xf8, 0x2, 0xff,
    0xf8, 0x67, 0xae, 0x10, 0x5f, 0xfb, 0x0, 0x0,
    0x0, 0x2, 0xff, 0xfd, 0x97, 0x30, 0x0, 0x7,
    0xff, 0xff, 0xff, 0xd3, 0x0, 0x1, 0x58, 0xcf,
    0xff, 0xe0, 0x2, 0x0, 0x0, 0xe, 0xff, 0x10,
    0xed, 0x96, 0x69, 0xff, 0xf0, 0x6f, 0xff, 0xff,
    0xff, 0xf6, 0x0, 0x5a, 0xdf, 0xfe, 0xa3, 0x0,

    /* U+0162 "Ţ" */
    0xef, 0xff, 0xff, 0xff, 0xff, 0xff, 0x4e, 0xff,
    0xff, 0xff, 0xff, 0xff, 0xf4, 0x9a, 0xaa, 0xcf,
    0xfe, 0xaa, 0xaa, 0x20, 0x0, 0x7, 0xff, 0xc0,
    0x0, 0x0, 0x0, 0x0, 0x7f, 0xfc, 0x0, 0x0,
    0x0, 0x0, 0x7, 0xff, 0xc0, 0x0, 0x0, 0x0,
    0x0, 0x7f, 0xfc, 0x0, 0x0, 0x0, 0x0, 0x7,
    0xff, 0xc0, 0x0, 0x0, 0x0, 0x0, 0x7f, 0xfc,
    0x0, 0x0, 0x0, 0x0, 0x7, 0xff, 0xc0, 0x0,
    0x0, 0x0, 0x0, 0x7f, 0xfc, 0x0, 0x0, 0x0,
    0x0, 0x7, 0xff, 0xc0, 0x0, 0x0, 0x0, 0x0,
    0x7f, 0xfc, 0x0, 0x0, 0x0, 0x0, 0x7, 0xff,
    0xc0, 0x0, 0x0, 0x0, 0x0, 0xd, 0xd0, 0x0,
    0x0, 0x0, 0x0, 0x1, 0xcf, 0xd2, 0x0, 0x0,
    0x0, 0x0, 0x42, 0xbf, 0x60, 0x0, 0x0, 0x0,
    0x2f, 0xff, 0xd1, 0x0, 0x0, 0x0, 0x0, 0x34,
    0x30, 0x0, 0x0, 0x0,

    /* U+0163 "ţ" */
    0x1, 0x88, 0x70, 0x0, 0x0, 0x3f, 0xff, 0x0,
    0x0, 0x3, 0xff, 0xf0, 0x0, 0xd, 0xff, 0xff,
    0xff, 0xa0, 0xdf, 0xff, 0xff, 0xfa, 0x5, 0x8f,
    0xff, 0x66, 0x40, 0x3, 0xff, 0xf0, 0x0, 0x0,
    0x3f, 0xff, 0x0, 0x0, 0x3, 0xff, 0xf0, 0x0,
    0x0, 0x3f, 0xff, 0x0, 0x0, 0x2, 0xff, 0xf0,
    0x0, 0x0, 0xf, 0xff, 0xc8, 0x90, 0x0, 0x8f,
    0xff, 0xff, 0x10, 0x0, 0x6f, 0xfe, 0xb2, 0x0,
    0x0, 0xce, 0x0, 0x0, 0x0, 0xb, 0xef, 0x30,
    0x0, 0x4, 0x2a, 0xf7, 0x0, 0x1, 0xff, 0xfd,
    0x20, 0x0, 0x2, 0x43, 0x0, 0x0,

    /* U+0164 "Ť" */
    0x0, 0x5f, 0xe3, 0x1a, 0xfa, 0x0, 0x0, 0x0,
    0x4f, 0xfe, 0xf9, 0x0, 0x0, 0x0, 0x0, 0x38,
    0x86, 0x0, 0x0, 0x0, 0x0, 0x0, 0x0, 0x0,
    0x0, 0x0, 0xef, 0xff, 0xff, 0xff, 0xff, 0xff,
    0x4e, 0xff, 0xff, 0xff, 0xff, 0xff, 0xf4, 0x9a,
    0xaa, 0xcf, 0xfe, 0xaa, 0xaa, 0x20, 0x0, 0x7,
    0xff, 0xc0, 0x0, 0x0, 0x0, 0x0, 0x7f, 0xfc,
    0x0, 0x0, 0x0, 0x0, 0x7, 0xff, 0xc0, 0x0,
    0x0, 0x0, 0x0, 0x7f, 0xfc, 0x0, 0x0, 0x0,
    0x0, 0x7, 0xff, 0xc0, 0x0, 0x0, 0x0, 0x0,
    0x7f, 0xfc, 0x0, 0x0, 0x0, 0x0, 0x7, 0xff,
    0xc0, 0x0, 0x0, 0x0, 0x0, 0x7f, 0xfc, 0x0,
    0x0, 0x0, 0x0, 0x7, 0xff, 0xc0, 0x0, 0x0,
    0x0, 0x0, 0x7f, 0xfc, 0x0, 0x0, 0x0, 0x0,
    0x7, 0xff, 0xc0, 0x0, 0x0,

    /* U+0165 "ť" */
    0x0, 0x0, 0x0, 0x8c, 0x50, 0x0, 0x0, 0xb,
    0xf6, 0x1, 0x66, 0x50, 0xbf, 0x50, 0x3f, 0xff,
    0xb, 0xf3, 0x3, 0xff, 0xf0, 0x0, 0xd, 0xff,
    0xff, 0xff, 0xa0, 0xdf, 0xff, 0xff, 0xfa, 0x5,
    0x8f, 0xff, 0x66, 0x40, 0x3, 0xff, 0xf0, 0x0,
    0x0, 0x3f, 0xff, 0x0, 0x0, 0x3, 0xff, 0xf0,
    0x0, 0x0, 0x3f, 0xff, 0x0, 0x0, 0x2, 0xff,
    0xf0, 0x0, 0x0, 0xf, 0xff, 0xc8, 0x90, 0x0,
    0x8f, 0xff, 0xff, 0x10, 0x0, 0x6c, 0xfe, 0xb2,

    /* U+0166 "Ŧ" */
    0xef, 0xff, 0xff, 0xff, 0xff, 0xff, 0x4e, 0xff,
    0xff, 0xff, 0xff, 0xff, 0xf4, 0x9a, 0xaa, 0xcf,
    0xfe, 0xaa, 0xaa, 0x20, 0x0, 0x7, 0xff, 0xc0,
    0x0, 0x0, 0x0, 0x0, 0x7f, 0xfc, 0x0, 0x0,
    0x0, 0x0, 0x7, 0xff, 0xc0, 0x0, 0x0, 0x1,
    0xff, 0xff, 0xff, 0xff, 0x70, 0x0, 0x1f, 0xff,
    0xff, 0xff, 0xf7, 0x0, 0x0, 0x22, 0x8f, 0xfd,
    0x22, 0x10, 0x0, 0x0, 0x7, 0xff, 0xc0, 0x0,
    0x0, 0x0, 0x0, 0x7f, 0xfc, 0x0, 0x0, 0x0,
    0x0, 0x7, 0xff, 0xc0, 0x0, 0x0, 0x0, 0x0,
    0x7f, 0xfc, 0x0, 0x0, 0x0, 0x0, 0x7, 0xff,
    0xc0, 0x0, 0x0,

    /* U+0167 "ŧ" */
    0x0, 0x88, 0x80, 0x0, 0x0, 0x1f, 0xff, 0x0,
    0x0, 0x1, 0xff, 0xf0, 0x0, 0xb, 0xff, 0xff,
    0xff, 0xb0, 0xbf, 0xff, 0xff, 0xfb, 0x4, 0x7f,
    0xff, 0x76, 0x40, 0x1, 0xff, 0xf0, 0x0, 0x8,
    0xdf, 0xff, 0xdb, 0x0, 0xbf, 0xff, 0xff, 0xe0,
    0x0, 0x1f, 0xff, 0x0, 0x0, 0x0, 0xff, 0xf2,
    0x0, 0x0, 0xd, 0xff, 0xd8, 0xa0, 0x0, 0x5f,
    0xff, 0xff, 0x20, 0x0, 0x5c, 0xfe, 0xb2,

    /* U+0168 "Ũ" */
    0x0, 0x1, 0xad, 0x60, 0xb, 0xb0, 0x0, 0x0,
    0x9, 0xff, 0xf7, 0x2f, 0xb0, 0x0, 0x0, 0xf,
    0xe1, 0xaf, 0xff, 0x50, 0x0, 0x0, 0x1d, 0x80,
    0x8, 0xd8, 0x0, 0x0, 0x0, 0x0, 0x0, 0x0,
    0x0, 0x0, 0x0, 0x7f, 0xfc, 0x0, 0x0, 0x0,
    0xff, 0xf3, 0x7f, 0xfc, 0x0, 0x0, 0x0, 0xff,
    0xf3, 0x7f, 0xfc, 0x0, 0x0, 0x0, 0xff, 0xf3,
    0x7f, 0xfc, 0x0, 0x0, 0x0, 0xff, 0xf3, 0x7f,
    0xfc, 0x0, 0x0, 0x0, 0xff, 0xf3, 0x7f, 0xfc,
    0x0, 0x0, 0x0, 0xff, 0xf3, 0x7f, 0xfc, 0x0,
    0x0, 0x0, 0xff, 0xf3, 0x7f, 0xfc, 0x0, 0x0,
    0x0, 0xff, 0xf3, 0x6f, 0xfd, 0x0, 0x0, 0x1,
    0xff, 0xf2, 0x4f, 0xff, 0x10, 0x0, 0x4, 0xff,
    0xf0, 0xe, 0xff, 0xb1, 0x0, 0x3d, 0xff, 0xb0,
    0x7, 0xff, 0xff, 0xdd, 0xff, 0xff, 0x30, 0x0,
    0x9f, 0xff, 0xff, 0xff, 0xf5, 0x0, 0x0, 0x4,
    0xae, 0xff, 0xd9, 0x20, 0x0,

    /* U+0169 "ũ" */
    0x0, 0x2c, 0xfb, 0x32, 0xf9, 0x0, 0x0, 0xbf,
    0xef, 0xff, 0xf4, 0x0, 0x0, 0xb9, 0x3, 0xab,
    0x60, 0x0, 0x0, 0x0, 0x0, 0x0, 0x0, 0x0,
    0xaf, 0xf8, 0x0, 0x0, 0xdf, 0xf4, 0xaf, 0xf8,
    0x0, 0x0, 0xdf, 0xf4, 0xaf, 0xf8, 0x0, 0x0,
    0xdf, 0xf4, 0xaf, 0xf8, 0x0, 0x0, 0xdf, 0xf4,
    0xaf, 0xf8, 0x0, 0x0, 0xdf, 0xf4, 0xaf, 0xf8,
    0x0, 0x0, 0xdf, 0xf4, 0x9f, 0xf9, 0x0, 0x0,
    0xff, 0xf4, 0x7f, 0xfe, 0x10, 0x9, 0xff, 0xf4,
    0x2f, 0xff, 0xfc, 0xef, 0xff, 0xf4, 0x9, 0xff,
    0xff, 0xff, 0xef, 0xf4, 0x0, 0x6c, 0xff, 0xb4,
    0xbf, 0xf4,

    /* U+016A "Ū" */
    0x0, 0x9, 0xcc, 0xcc, 0xcc, 0x70, 0x0, 0x0,
    0xc, 0xff, 0xff, 0xff, 0x90, 0x0, 0x0, 0x0,
    0x0, 0x0, 0x0, 0x0, 0x0, 0x0, 0x0, 0x0,
    0x0, 0x0, 0x0, 0x0, 0x7f, 0xfc, 0x0, 0x0,
    0x0, 0xff, 0xf3, 0x7f, 0xfc, 0x0, 0x0, 0x0,
    0xff, 0xf3, 0x7f, 0xfc, 0x0, 0x0, 0x0, 0xff,
    0xf3, 0x7f, 0xfc, 0x0, 0x0, 0x0, 0xff, 0xf3,
    0x7f, 0xfc, 0x0, 0x0, 0x0, 0xff, 0xf3, 0x7f,
    0xfc, 0x0, 0x0, 0x0, 0xff, 0xf3, 0x7f, 0xfc,
    0x0, 0x0, 0x0, 0xff, 0xf3, 0x7f, 0xfc, 0x0,
    0x0, 0x0, 0xff, 0xf3, 0x6f, 0xfd, 0x0, 0x0,
    0x1, 0xff, 0xf2, 0x4f, 0xff, 0x10, 0x0, 0x4,
    0xff, 0xf0, 0xe, 0xff, 0xb1, 0x0, 0x3d, 0xff,
    0xb0, 0x7, 0xff, 0xff, 0xdd, 0xff, 0xff, 0x30,
    0x0, 0x9f, 0xff, 0xff, 0xff, 0xf5, 0x0, 0x0,
    0x4, 0xae, 0xff, 0xd9, 0x20, 0x0,

    /* U+016B "ū" */
    0x0, 0xef, 0xff, 0xff, 0xf8, 0x0, 0x0, 0xac,
    0xcc, 0xcc, 0xc6, 0x0, 0x0, 0x0, 0x0, 0x0,
    0x0, 0x0, 0xaf, 0xf8, 0x0, 0x0, 0xdf, 0xf4,
    0xaf, 0xf8, 0x0, 0x0, 0xdf, 0xf4, 0xaf, 0xf8,
    0x0, 0x0, 0xdf, 0xf4, 0xaf, 0xf8, 0x0, 0x0,
    0xdf, 0xf4, 0xaf, 0xf8, 0x0, 0x0, 0xdf, 0xf4,
    0xaf, 0xf8, 0x0, 0x0, 0xdf, 0xf4, 0x9f, 0xf9,
    0x0, 0x0, 0xff, 0xf4, 0x7f, 0xfe, 0x10, 0x9,
    0xff, 0xf4, 0x2f, 0xff, 0xfc, 0xef, 0xff, 0xf4,
    0x9, 0xff, 0xff, 0xff, 0xef, 0xf4, 0x0, 0x6c,
    0xff, 0xb4, 0xbf, 0xf4,

    /* U+016C "Ŭ" */
    0x0, 0x5, 0x81, 0x0, 0x38, 0x40, 0x0, 0x0,
    0x8, 0xfa, 0x12, 0xdf, 0x50, 0x0, 0x0, 0x1,
    0xdf, 0xff, 0xfb, 0x0, 0x0, 0x0, 0x0, 0x6,
    0x98, 0x50, 0x0, 0x0, 0x0, 0x0, 0x0, 0x0,
    0x0, 0x0, 0x0, 0x7f, 0xfc, 0x0, 0x0, 0x0,
    0xff, 0xf3, 0x7f, 0xfc, 0x0, 0x0, 0x0, 0xff,
    0xf3, 0x7f, 0xfc, 0x0, 0x0, 0x0, 0xff, 0xf3,
    0x7f, 0xfc, 0x0, 0x0, 0x0, 0xff, 0xf3, 0x7f,
    0xfc, 0x0, 0x0, 0x0, 0xff, 0xf3, 0x7f, 0xfc,
    0x0, 0x0, 0x0, 0xff, 0xf3, 0x7f, 0xfc, 0x0,
    0x0, 0x0, 0xff, 0xf3, 0x7f, 0xfc, 0x0, 0x0,
    0x0, 0xff, 0xf3, 0x6f, 0xfd, 0x0, 0x0, 0x1,
    0xff, 0xf2, 0x4f, 0xff, 0x10, 0x0, 0x4, 0xff,
    0xf0, 0xe, 0xff, 0xb1, 0x0, 0x3d, 0xff, 0xb0,
    0x7, 0xff, 0xff, 0xdd, 0xff, 0xff, 0x30, 0x0,
    0x9f, 0xff, 0xff, 0xff, 0xf5, 0x0, 0x0, 0x4,
    0xae, 0xff, 0xd9, 0x20, 0x0,

    /* U+016D "ŭ" */
    0x0, 0x68, 0x10, 0x4, 0x83, 0x0, 0x0, 0x9f,
    0x90, 0x2d, 0xf4, 0x0, 0x0, 0x1e, 0xff, 0xff,
    0x90, 0x0, 0x0, 0x0, 0x69, 0x84, 0x0, 0x0,
    0x0, 0x0, 0x0, 0x0, 0x0, 0x0, 0xaf, 0xf8,
    0x0, 0x0, 0xdf, 0xf4, 0xaf, 0xf8, 0x0, 0x0,
    0xdf, 0xf4, 0xaf, 0xf8, 0x0, 0x0, 0xdf, 0xf4,
    0xaf, 0xf8, 0x0, 0x0, 0xdf, 0xf4, 0xaf, 0xf8,
    0x0, 0x0, 0xdf, 0xf4, 0xaf, 0xf8, 0x0, 0x0,
    0xdf, 0xf4, 0x9f, 0xf9, 0x0, 0x0, 0xff, 0xf4,
    0x7f, 0xfe, 0x10, 0x9, 0xff, 0xf4, 0x2f, 0xff,
    0xfc, 0xef, 0xff, 0xf4, 0x9, 0xff, 0xff, 0xff,
    0xef, 0xf4, 0x0, 0x6c, 0xff, 0xb4, 0xbf, 0xf4,

    /* U+016E "Ů" */
    0x0, 0x0, 0x0, 0x0, 0x0, 0x0, 0x0, 0x0,
    0x0, 0x7, 0xfe, 0x40, 0x0, 0x0, 0x0, 0x0,
    0x5f, 0x57, 0xf2, 0x0, 0x0, 0x0, 0x0, 0x8b,
    0x0, 0xf5, 0x0, 0x0, 0x0, 0x0, 0x6e, 0x24,
    0xf2, 0x0, 0x0, 0x0, 0x0, 0xb, 0xff, 0x70,
    0x0, 0x0, 0x0, 0x0, 0x0, 0x11, 0x0, 0x0,
    0x0, 0x7f, 0xfc, 0x0, 0x0, 0x0, 0xff, 0xf3,
    0x7f, 0xfc, 0x0, 0x0, 0x0, 0xff, 0xf3, 0x7f,
    0xfc, 0x0, 0x0, 0x0, 0xff, 0xf3, 0x7f, 0xfc,
    0x0, 0x0, 0x0, 0xff, 0xf3, 0x7f, 0xfc, 0x0,
    0x0, 0x0, 0xff, 0xf3, 0x7f, 0xfc, 0x0, 0x0,
    0x0, 0xff, 0xf3, 0x7f, 0xfc, 0x0, 0x0, 0x0,
    0xff, 0xf3, 0x7f, 0xfc, 0x0, 0x0, 0x0, 0xff,
    0xf3, 0x6f, 0xfd, 0x0, 0x0, 0x1, 0xff, 0xf2,
    0x4f, 0xff, 0x10, 0x0, 0x4, 0xff, 0xf0, 0xe,
    0xff, 0xb1, 0x0, 0x3d, 0xff, 0xb0, 0x7, 0xff,
    0xff, 0xdd, 0xff, 0xff, 0x30, 0x0, 0x9f, 0xff,
    0xff, 0xff, 0xf5, 0x0, 0x0, 0x4, 0xae, 0xff,
    0xd9, 0x20, 0x0,

    /* U+016F "ů" */
    0x0, 0x0, 0x8f, 0xd3, 0x0, 0x0, 0x0, 0x6,
    0xe4, 0x8f, 0x10, 0x0, 0x0, 0x9, 0xa0, 0xf,
    0x40, 0x0, 0x0, 0x7, 0xd1, 0x5f, 0x10, 0x0,
    0x0, 0x0, 0xcf, 0xf7, 0x0, 0x0, 0x0, 0x0,
    0x2, 0x10, 0x0, 0x0, 0xaf, 0xf8, 0x0, 0x0,
    0xdf, 0xf4, 0xaf, 0xf8, 0x0, 0x0, 0xdf, 0xf4,
    0xaf, 0xf8, 0x0, 0x0, 0xdf, 0xf4, 0xaf, 0xf8,
    0x0, 0x0, 0xdf, 0xf4, 0xaf, 0xf8, 0x0, 0x0,
    0xdf, 0xf4, 0xaf, 0xf8, 0x0, 0x0, 0xdf, 0xf4,
    0x9f, 0xf9, 0x0, 0x0, 0xff, 0xf4, 0x7f, 0xfe,
    0x10, 0x9, 0xff, 0xf4, 0x2f, 0xff, 0xfc, 0xef,
    0xff, 0xf4, 0x9, 0xff, 0xff, 0xff, 0xef, 0xf4,
    0x0, 0x6c, 0xff, 0xb4, 0xbf, 0xf4,

    /* U+0170 "Ű" */
    0x0, 0x0, 0x1f, 0xfb, 0x1f, 0xfc, 0x0, 0x0,
    0x0, 0x9f, 0xe1, 0x8f, 0xf2, 0x0, 0x0, 0x1,
    0xde, 0x40, 0xde, 0x50, 0x0, 0x0, 0x0, 0x0,
    0x0, 0x0, 0x0, 0x0, 0x7f, 0xfc, 0x0, 0x0,
    0x0, 0xff, 0xf3, 0x7f, 0xfc, 0x0, 0x0, 0x0,
    0xff, 0xf3, 0x7f, 0xfc, 0x0, 0x0, 0x0, 0xff,
    0xf3, 0x7f, 0xfc, 0x0, 0x0, 0x0, 0xff, 0xf3,
    0x7f, 0xfc, 0x0, 0x0, 0x0, 0xff, 0xf3, 0x7f,
    0xfc, 0x0, 0x0, 0x0, 0xff, 0xf3, 0x7f, 0xfc,
    0x0, 0x0, 0x0, 0xff, 0xf3, 0x7f, 0xfc, 0x0,
    0x0, 0x0, 0xff, 0xf3, 0x6f, 0xfd, 0x0, 0x0,
    0x1, 0xff, 0xf2, 0x4f, 0xff, 0x10, 0x0, 0x4,
    0xff, 0xf0, 0xe, 0xff, 0xb1, 0x0, 0x3d, 0xff,
    0xb0, 0x7, 0xff, 0xff, 0xdd, 0xff, 0xff, 0x30,
    0x0, 0x9f, 0xff, 0xff, 0xff, 0xf5, 0x0, 0x0,
    0x4, 0xae, 0xff, 0xd9, 0x20, 0x0,

    /* U+0171 "ű" */
    0x0, 0x2, 0xff, 0xa2, 0xff, 0xb0, 0x0, 0xa,
    0xfe, 0x9, 0xfe, 0x10, 0x0, 0x1e, 0xe3, 0x1d,
    0xe4, 0x0, 0x0, 0x0, 0x0, 0x0, 0x0, 0x0,
    0xaf, 0xf8, 0x0, 0x0, 0xdf, 0xf4, 0xaf, 0xf8,
    0x0, 0x0, 0xdf, 0xf4, 0xaf, 0xf8, 0x0, 0x0,
    0xdf, 0xf4, 0xaf, 0xf8, 0x0, 0x0, 0xdf, 0xf4,
    0xaf, 0xf8, 0x0, 0x0, 0xdf, 0xf4, 0xaf, 0xf8,
    0x0, 0x0, 0xdf, 0xf4, 0x9f, 0xf9, 0x0, 0x0,
    0xff, 0xf4, 0x7f, 0xfe, 0x10, 0x9, 0xff, 0xf4,
    0x2f, 0xff, 0xfc, 0xef, 0xff, 0xf4, 0x9, 0xff,
    0xff, 0xff, 0xef, 0xf4, 0x0, 0x6c, 0xff, 0xb4,
    0xbf, 0xf4,

    /* U+0172 "Ų" */
    0x7f, 0xfc, 0x0, 0x0, 0x0, 0xff, 0xf3, 0x7f,
    0xfc, 0x0, 0x0, 0x0, 0xff, 0xf3, 0x7f, 0xfc,
    0x0, 0x0, 0x0, 0xff, 0xf3, 0x7f, 0xfc, 0x0,
    0x0, 0x0, 0xff, 0xf3, 0x7f, 0xfc, 0x0, 0x0,
    0x0, 0xff, 0xf3, 0x7f, 0xfc, 0x0, 0x0, 0x0,
    0xff, 0xf3, 0x7f, 0xfc, 0x0, 0x0, 0x0, 0xff,
    0xf3, 0x7f, 0xfc, 0x0, 0x0, 0x0, 0xff, 0xf3,
    0x6f, 0xfd, 0x0, 0x0, 0x0, 0xff, 0xf2, 0x4f,
    0xff, 0x0, 0x0, 0x3, 0xff, 0xf0, 0xf, 0xff,
    0x90, 0x0, 0x1c, 0xff, 0xc0, 0x8, 0xff, 0xfd,
    0x9a, 0xef, 0xff, 0x40, 0x0, 0xbf, 0xff, 0xff,
    0xff, 0xf7, 0x0, 0x0, 0x6, 0xdf, 0xff, 0xfc,
    0x30, 0x0, 0x0, 0x0, 0x8, 0xfc, 0x30, 0x0,
    0x0, 0x0, 0x0, 0x2f, 0xe0, 0x0, 0x0, 0x0,
    0x0, 0x0, 0x3f, 0xd1, 0x10, 0x0, 0x0, 0x0,
    0x0, 0xe, 0xff, 0xf4, 0x0, 0x0, 0x0, 0x0,
    0x1, 0x79, 0x71, 0x0, 0x0,

    /* U+0173 "ų" */
    0xaf, 0xf8, 0x0, 0x0, 0xdf, 0xf4, 0xaf, 0xf8,
    0x0, 0x0, 0xdf, 0xf4, 0xaf, 0xf8, 0x0, 0x0,
    0xdf, 0xf4, 0xaf, 0xf8, 0x0, 0x0, 0xdf, 0xf4,
    0xaf, 0xf8, 0x0, 0x0, 0xdf, 0xf4, 0xaf, 0xf8,
    0x0, 0x0, 0xdf, 0xf4, 0x9f, 0xf9, 0x0, 0x0,
    0xff, 0xf4, 0x7f, 0xfe, 0x10, 0x9, 0xff, 0xf4,
    0x2f, 0xff, 0xfc, 0xef, 0xff, 0xf4, 0x9, 0xff,
    0xff, 0xff, 0xef, 0xf4, 0x0, 0x6c, 0xff, 0xb4,
    0xef, 0xf5, 0x0, 0x0, 0x0, 0x4, 0xfd, 0x40,
    0x0, 0x0, 0x0, 0xd, 0xf2, 0x0, 0x0, 0x0,
    0x0, 0xf, 0xf3, 0x11, 0x0, 0x0, 0x0, 0xa,
    0xff, 0xf8, 0x0, 0x0, 0x0, 0x0, 0x58, 0x83,

    /* U+0174 "Ŵ" */
    0x0, 0x0, 0x0, 0x0, 0x4, 0xff, 0xf8, 0x0,
    0x0, 0x0, 0x0, 0x0, 0x0, 0x0, 0x0, 0x5,
    0xfe, 0x6d, 0xf9, 0x0, 0x0, 0x0, 0x0, 0x0,
    0x0, 0x0, 0x1, 0x77, 0x10, 0x7, 0x83, 0x0,
    0x0, 0x0, 0x0, 0x0, 0x0, 0x0, 0x0, 0x0,
    0x0, 0x0, 0x0, 0x0, 0x0, 0x0, 0x6f, 0xfe,
    0x0, 0x0, 0x0, 0xef, 0xf6, 0x0, 0x0, 0x7,
    0xff, 0xa1, 0xff, 0xf4, 0x0, 0x0, 0x3f, 0xff,
    0xb0, 0x0, 0x0, 0xcf, 0xf5, 0xb, 0xff, 0x90,
    0x0, 0x9, 0xff, 0xff, 0x10, 0x0, 0x1f, 0xff,
    0x0, 0x6f, 0xfe, 0x0, 0x0, 0xef, 0xff, 0xf6,
    0x0, 0x6, 0xff, 0xa0, 0x1, 0xff, 0xf3, 0x0,
    0x4f, 0xfe, 0xff, 0xb0, 0x0, 0xcf, 0xf5, 0x0,
    0xc, 0xff, 0x80, 0x9, 0xff, 0x6f, 0xff, 0x0,
    0x1f, 0xff, 0x0, 0x0, 0x6f, 0xfe, 0x0, 0xef,
    0xf0, 0xaf, 0xf5, 0x6, 0xff, 0xa0, 0x0, 0x1,
    0xff, 0xf3, 0x4f, 0xfa, 0x5, 0xff, 0xa0, 0xcf,
    0xf5, 0x0, 0x0, 0xc, 0xff, 0x89, 0xff, 0x50,
    0xf, 0xff, 0x2f, 0xff, 0x0, 0x0, 0x0, 0x7f,
    0xfd, 0xef, 0xf0, 0x0, 0xbf, 0xfb, 0xff, 0xb0,
    0x0, 0x0, 0x1, 0xff, 0xff, 0xfa, 0x0, 0x5,
    0xff, 0xff, 0xf6, 0x0, 0x0, 0x0, 0xc, 0xff,
    0xff, 0x50, 0x0, 0x1f, 0xff, 0xff, 0x10, 0x0,
    0x0, 0x0, 0x7f, 0xff, 0xf0, 0x0, 0x0, 0xbf,
    0xff, 0xb0, 0x0, 0x0, 0x0, 0x1, 0xff, 0xfa,
    0x0, 0x0, 0x6, 0xff, 0xf6, 0x0, 0x0,

    /* U+0175 "ŵ" */
    0x0, 0x0, 0x0, 0x7, 0xff, 0xf3, 0x0, 0x0,
    0x0, 0x0, 0x0, 0x0, 0x5, 0xff, 0xaf, 0xe2,
    0x0, 0x0, 0x0, 0x0, 0x0, 0x4, 0xfe, 0x30,
    0x7f, 0xd1, 0x0, 0x0, 0x0, 0x0, 0x0, 0x0,
    0x0, 0x0, 0x0, 0x0, 0x0, 0x0, 0xcf, 0xf2,
    0x0, 0x1, 0xff, 0xe0, 0x0, 0x3, 0xff, 0x87,
    0xff, 0x70, 0x0, 0x6f, 0xff, 0x40, 0x0, 0x9f,
    0xf2, 0x1f, 0xfc, 0x0, 0xb, 0xff, 0xfa, 0x0,
    0xe, 0xfd, 0x0, 0xbf, 0xf2, 0x1, 0xff, 0xff,
    0xf0, 0x4, 0xff, 0x70, 0x6, 0xff, 0x70, 0x7f,
    0xfb, 0xff, 0x50, 0x9f, 0xf2, 0x0, 0x1f, 0xfd,
    0xd, 0xfe, 0x2f, 0xfa, 0xf, 0xfc, 0x0, 0x0,
    0xbf, 0xf5, 0xff, 0x80, 0xcf, 0xf5, 0xff, 0x60,
    0x0, 0x5, 0xff, 0xef, 0xf2, 0x6, 0xff, 0xef,
    0xf1, 0x0, 0x0, 0xf, 0xff, 0xfd, 0x0, 0x1f,
    0xff, 0xfb, 0x0, 0x0, 0x0, 0xaf, 0xff, 0x70,
    0x0, 0xbf, 0xff, 0x50, 0x0, 0x0, 0x4, 0xff,
    0xf1, 0x0, 0x5, 0xff, 0xf0, 0x0, 0x0,

    /* U+0176 "Ŷ" */
    0x0, 0x0, 0x0, 0x12, 0x20, 0x0, 0x0, 0x0,
    0x0, 0x0, 0x3f, 0xff, 0xb0, 0x0, 0x0, 0x0,
    0x0, 0x2e, 0xf8, 0xdf, 0x90, 0x0, 0x0, 0x0,
    0xb, 0xd6, 0x1, 0xbd, 0x50, 0x0, 0x0, 0x0,
    0x0, 0x0, 0x0, 0x0, 0x0, 0x1, 0xef, 0xf7,
    0x0, 0x0, 0x0, 0xaf, 0xf8, 0x6, 0xff, 0xf1,
    0x0, 0x0, 0x4f, 0xfd, 0x0, 0xc, 0xff, 0xa0,
    0x0, 0xd, 0xff, 0x40, 0x0, 0x3f, 0xff, 0x30,
    0x7, 0xff, 0xb0, 0x0, 0x0, 0x9f, 0xfd, 0x1,
    0xff, 0xf2, 0x0, 0x0, 0x1, 0xef, 0xf7, 0xbf,
    0xf8, 0x0, 0x0, 0x0, 0x6, 0xff, 0xff, 0xfd,
    0x0, 0x0, 0x0, 0x0, 0xc, 0xff, 0xff, 0x40,
    0x0, 0x0, 0x0, 0x0, 0x2f, 0xff, 0xb0, 0x0,
    0x0, 0x0, 0x0, 0x0, 0xdf, 0xf6, 0x0, 0x0,
    0x0, 0x0, 0x0, 0xd, 0xff, 0x60, 0x0, 0x0,
    0x0, 0x0, 0x0, 0xdf, 0xf6, 0x0, 0x0, 0x0,
    0x0, 0x0, 0xd, 0xff, 0x60, 0x0, 0x0, 0x0,
    0x0, 0x0, 0xdf, 0xf6, 0x0, 0x0, 0x0,

    /* U+0177 "ŷ" */
    0x0, 0x0, 0x3e, 0xff, 0xa0, 0x0, 0x0, 0x0,
    0x4, 0xff, 0x7b, 0xfb, 0x0, 0x0, 0x0, 0x7,
    0x82, 0x0, 0x68, 0x40, 0x0, 0x0, 0x0, 0x0,
    0x0, 0x0, 0x0, 0x0, 0xe, 0xff, 0x40, 0x0,
    0x1, 0xff, 0xe0, 0x8, 0xff, 0xa0, 0x0, 0x7,
    0xff, 0x70, 0x1, 0xff, 0xf1, 0x0, 0xe, 0xff,
    0x10, 0x0, 0xaf, 0xf7, 0x0, 0x4f, 0xfa, 0x0,
    0x0, 0x4f, 0xfe, 0x0, 0xbf, 0xf3, 0x0, 0x0,
    0xd, 0xff, 0x42, 0xff, 0xd0, 0x0, 0x0, 0x6,
    0xff, 0xb8, 0xff, 0x60, 0x0, 0x0, 0x0, 0xff,
    0xfe, 0xfe, 0x0, 0x0, 0x0, 0x0, 0x8f, 0xff,
    0xf8, 0x0, 0x0, 0x0, 0x0, 0x2f, 0xff, 0xf2,
    0x0, 0x0, 0x0, 0x0, 0xb, 0xff, 0xb0, 0x0,
    0x0, 0x0, 0x0, 0xc, 0xff, 0x40, 0x0, 0x0,
    0x6, 0xd9, 0xbf, 0xfd, 0x0, 0x0, 0x0, 0xe,
    0xff, 0xff, 0xf3, 0x0, 0x0, 0x0, 0x7, 0xcf,
    0xea, 0x20, 0x0, 0x0, 0x0,

    /* U+0178 "Ÿ" */
    0x0, 0x0, 0x4e, 0xb0, 0x4e, 0xb0, 0x0, 0x0,
    0x0, 0x9, 0xff, 0x18, 0xff, 0x20, 0x0, 0x0,
    0x0, 0x2b, 0x70, 0x2b, 0x80, 0x0, 0x0, 0x0,
    0x0, 0x0, 0x0, 0x0, 0x0, 0x0, 0x1e, 0xff,
    0x70, 0x0, 0x0, 0xa, 0xff, 0x80, 0x6f, 0xff,
    0x10, 0x0, 0x4, 0xff, 0xd0, 0x0, 0xcf, 0xfa,
    0x0, 0x0, 0xdf, 0xf4, 0x0, 0x3, 0xff, 0xf3,
    0x0, 0x7f, 0xfb, 0x0, 0x0, 0x9, 0xff, 0xd0,
    0x1f, 0xff, 0x20, 0x0, 0x0, 0x1e, 0xff, 0x7b,
    0xff, 0x80, 0x0, 0x0, 0x0, 0x6f, 0xff, 0xff,
    0xd0, 0x0, 0x0, 0x0, 0x0, 0xcf, 0xff, 0xf4,
    0x0, 0x0, 0x0, 0x0, 0x2, 0xff, 0xfb, 0x0,
    0x0, 0x0, 0x0, 0x0, 0xd, 0xff, 0x60, 0x0,
    0x0, 0x0, 0x0, 0x0, 0xdf, 0xf6, 0x0, 0x0,
    0x0, 0x0, 0x0, 0xd, 0xff, 0x60, 0x0, 0x0,
    0x0, 0x0, 0x0, 0xdf, 0xf6, 0x0, 0x0, 0x0,
    0x0, 0x0, 0xd, 0xff, 0x60, 0x0, 0x0,

    /* U+0179 "Ź" */
    0x0, 0x0, 0x0, 0xb, 0xff, 0x60, 0x0, 0x0,
    0x0, 0x1c, 0xfc, 0x20, 0x0, 0x0, 0x0, 0x5,
    0x86, 0x0, 0x0, 0x0, 0x0, 0x0, 0x0, 0x0,
    0x0, 0x0, 0x1f, 0xff, 0xff, 0xff, 0xff, 0xff,
    0xb1, 0xff, 0xff, 0xff, 0xff, 0xff, 0xfb, 0xa,
    0xaa, 0xaa, 0xaa, 0xef, 0xff, 0x60, 0x0, 0x0,
    0x0, 0x4f, 0xff, 0x80, 0x0, 0x0, 0x0, 0x2f,
    0xff, 0xb0, 0x0, 0x0, 0x0, 0x1d, 0xff, 0xd0,
    0x0, 0x0, 0x0, 0xb, 0xff, 0xe2, 0x0, 0x0,
    0x0, 0x9, 0xff, 0xf4, 0x0, 0x0, 0x0, 0x6,
    0xff, 0xf6, 0x0, 0x0, 0x0, 0x4, 0xff, 0xf9,
    0x0, 0x0, 0x0, 0x2, 0xef, 0xfb, 0x0, 0x0,
    0x0, 0x0, 0xdf, 0xff, 0xba, 0xaa, 0xaa, 0xaa,
    0x3f, 0xff, 0xff, 0xff, 0xff, 0xff, 0xf3, 0xff,
    0xff, 0xff, 0xff, 0xff, 0xff,

    /* U+017A "ź" */
    0x0, 0x0, 0x2, 0xef, 0xe3, 0x0, 0x0, 0x1,
    0xdf, 0xd1, 0x0, 0x0, 0x0, 0xcf, 0xa0, 0x0,
    0x0, 0x0, 0x0, 0x0, 0x0, 0x0, 0x2f, 0xff,
    0xff, 0xff, 0xff, 0x22, 0xff, 0xff, 0xff, 0xff,
    0xf1, 0x16, 0x66, 0x67, 0xff, 0xfa, 0x0, 0x0,
    0x0, 0xbf, 0xfc, 0x0, 0x0, 0x0, 0x8f, 0xfe,
    0x10, 0x0, 0x0, 0x5f, 0xff, 0x30, 0x0, 0x0,
    0x3f, 0xff, 0x50, 0x0, 0x0, 0x1e, 0xff, 0x80,
    0x0, 0x0, 0xc, 0xff, 0xe6, 0x66, 0x66, 0x24,
    0xff, 0xff, 0xff, 0xff, 0xf4, 0x4f, 0xff, 0xff,
    0xff, 0xff, 0x40,

    /* U+017B "Ż" */
    0x0, 0x0, 0x4, 0xed, 0x20, 0x0, 0x0, 0x0,
    0x0, 0xbf, 0xf8, 0x0, 0x0, 0x0, 0x0, 0x9,
    0xff, 0x50, 0x0, 0x0, 0x0, 0x0, 0x5, 0x30,
    0x0, 0x0, 0x0, 0x0, 0x0, 0x0, 0x0, 0x0,
    0x1, 0xff, 0xff, 0xff, 0xff, 0xff, 0xfb, 0x1f,
    0xff, 0xff, 0xff, 0xff, 0xff, 0xb0, 0xaa, 0xaa,
    0xaa, 0xae, 0xff, 0xf6, 0x0, 0x0, 0x0, 0x4,
    0xff, 0xf8, 0x0, 0x0, 0x0, 0x2, 0xff, 0xfb,
    0x0, 0x0, 0x0, 0x1, 0xdf, 0xfd, 0x0, 0x0,
    0x0, 0x0, 0xbf, 0xfe, 0x20, 0x0, 0x0, 0x0,
    0x9f, 0xff, 0x40, 0x0, 0x0, 0x0, 0x6f, 0xff,
    0x60, 0x0, 0x0, 0x0, 0x4f, 0xff, 0x90, 0x0,
    0x0, 0x0, 0x2e, 0xff, 0xb0, 0x0, 0x0, 0x0,
    0xd, 0xff, 0xfb, 0xaa, 0xaa, 0xaa, 0xa3, 0xff,
    0xff, 0xff, 0xff, 0xff, 0xff, 0x3f, 0xff, 0xff,
    0xff, 0xff, 0xff, 0xf0,

    /* U+017C "ż" */
    0x0, 0x0, 0x9f, 0x90, 0x0, 0x0, 0x0, 0x2f,
    0xff, 0x20, 0x0, 0x0, 0x0, 0xef, 0xe0, 0x0,
    0x0, 0x0, 0x1, 0x51, 0x0, 0x0, 0x0, 0x0,
    0x0, 0x0, 0x0, 0x2, 0xff, 0xff, 0xff, 0xff,
    0xf2, 0x2f, 0xff, 0xff, 0xff, 0xff, 0x11, 0x66,
    0x66, 0x7f, 0xff, 0xa0, 0x0, 0x0, 0xb, 0xff,
    0xc0, 0x0, 0x0, 0x8, 0xff, 0xe1, 0x0, 0x0,
    0x5, 0xff, 0xf3, 0x0, 0x0, 0x3, 0xff, 0xf5,
    0x0, 0x0, 0x1, 0xef, 0xf8, 0x0, 0x0, 0x0,
    0xcf, 0xfe, 0x66, 0x66, 0x62, 0x4f, 0xff, 0xff,
    0xff, 0xff, 0x44, 0xff, 0xff, 0xff, 0xff, 0xf4,

    /* U+017D "Ž" */
    0x0, 0x9, 0xfb, 0x13, 0xdf, 0x60, 0x0, 0x0,
    0x8, 0xfe, 0xff, 0x50, 0x0, 0x0, 0x0, 0x6,
    0x88, 0x40, 0x0, 0x0, 0x0, 0x0, 0x0, 0x0,
    0x0, 0x0, 0x1f, 0xff, 0xff, 0xff, 0xff, 0xff,
    0xb1, 0xff, 0xff, 0xff, 0xff, 0xff, 0xfb, 0xa,
    0xaa, 0xaa, 0xaa, 0xef, 0xff, 0x60, 0x0, 0x0,
    0x0, 0x4f, 0xff, 0x80, 0x0, 0x0, 0x0, 0x2f,
    0xff, 0xb0, 0x0, 0x0, 0x0, 0x1d, 0xff, 0xd0,
    0x0, 0x0, 0x0, 0xb, 0xff, 0xe2, 0x0, 0x0,
    0x0, 0x9, 0xff, 0xf4, 0x0, 0x0, 0x0, 0x6,
    0xff, 0xf6, 0x0, 0x0, 0x0, 0x4, 0xff, 0xf9,
    0x0, 0x0, 0x0, 0x2, 0xef, 0xfb, 0x0, 0x0,
    0x0, 0x0, 0xdf, 0xff, 0xba, 0xaa, 0xaa, 0xaa,
    0x3f, 0xff, 0xff, 0xff, 0xff, 0xff, 0xf3, 0xff,
    0xff, 0xff, 0xff, 0xff, 0xff,

    /* U+017E "ž" */
    0x2, 0xef, 0x50, 0x5f, 0xe2, 0x0, 0x3, 0xff,
    0xaf, 0xf3, 0x0, 0x0, 0x5, 0xff, 0xf5, 0x0,
    0x0, 0x0, 0x0, 0x0, 0x0, 0x0, 0x2f, 0xff,
    0xff, 0xff, 0xff, 0x22, 0xff, 0xff, 0xff, 0xff,
    0xf1, 0x16, 0x66, 0x67, 0xff, 0xfa, 0x0, 0x0,
    0x0, 0xbf, 0xfc, 0x0, 0x0, 0x0, 0x8f, 0xfe,
    0x10, 0x0, 0x0, 0x5f, 0xff, 0x30, 0x0, 0x0,
    0x3f, 0xff, 0x50, 0x0, 0x0, 0x1e, 0xff, 0x80,
    0x0, 0x0, 0xc, 0xff, 0xe6, 0x66, 0x66, 0x24,
    0xff, 0xff, 0xff, 0xff, 0xf4, 0x4f, 0xff, 0xff,
    0xff, 0xff, 0x40,

    /* U+017F "ſ" */
    0x0, 0x3, 0xbe, 0xfd, 0x40, 0x4, 0xff, 0xff,
    0xf3, 0x0, 0xcf, 0xfd, 0x89, 0x0, 0xf, 0xff,
    0x30, 0x0, 0xaf, 0xff, 0xf2, 0x0, 0xa, 0xff,
    0xff, 0x20, 0x0, 0x46, 0xff, 0xf2, 0x0, 0x0,
    0xf, 0xff, 0x20, 0x0, 0x0, 0xff, 0xf2, 0x0,
    0x0, 0xf, 0xff, 0x20, 0x0, 0x0, 0xff, 0xf2,
    0x0, 0x0, 0xf, 0xff, 0x20, 0x0, 0x0, 0xff,
    0xf2, 0x0, 0x0, 0xf, 0xff, 0x20, 0x0, 0x0,
    0xff, 0xf2, 0x0, 0x0,

    /* U+0400 "Ѐ" */
    0x0, 0x7f, 0xfa, 0x0, 0x0, 0x0, 0x0, 0x3,
    0xdf, 0xb0, 0x0, 0x0, 0x0, 0x0, 0x7, 0x84,
    0x0, 0x0, 0x0, 0x0, 0x0, 0x0, 0x0, 0x0,
    0x4f, 0xff, 0xff, 0xff, 0xff, 0xf5, 0x4f, 0xff,
    0xff, 0xff, 0xff, 0xf5, 0x4f, 0xff, 0x99, 0x99,
    0x99, 0x93, 0x4f, 0xff, 0x0, 0x0, 0x0, 0x0,
    0x4f, 0xff, 0x0, 0x0, 0x0, 0x0, 0x4f, 0xff,
    0x88, 0x88, 0x88, 0x30, 0x4f, 0xff, 0xff, 0xff,
    0xff, 0x70, 0x4f, 0xff, 0xff, 0xff, 0xff, 0x70,
    0x4f, 0xff, 0x0, 0x0, 0x0, 0x0, 0x4f, 0xff,
    0x0, 0x0, 0x0, 0x0, 0x4f, 0xff, 0x0, 0x0,
    0x0, 0x0, 0x4f, 0xff, 0xaa, 0xaa, 0xaa, 0xa5,
    0x4f, 0xff, 0xff, 0xff, 0xff, 0xf9, 0x4f, 0xff,
    0xff, 0xff, 0xff, 0xf9,

    /* U+0401 "Ё" */
    0x0, 0x1d, 0xd1, 0x1d, 0xe2, 0x0, 0x0, 0x5f,
    0xf5, 0x4f, 0xf6, 0x0, 0x0, 0xa, 0xa0, 0x9,
    0xa1, 0x0, 0x0, 0x0, 0x0, 0x0, 0x0, 0x0,
    0x4f, 0xff, 0xff, 0xff, 0xff, 0xf5, 0x4f, 0xff,
    0xff, 0xff, 0xff, 0xf5, 0x4f, 0xff, 0x99, 0x99,
    0x99, 0x93, 0x4f, 0xff, 0x0, 0x0, 0x0, 0x0,
    0x4f, 0xff, 0x0, 0x0, 0x0, 0x0, 0x4f, 0xff,
    0x88, 0x88, 0x88, 0x30, 0x4f, 0xff, 0xff, 0xff,
    0xff, 0x70, 0x4f, 0xff, 0xff, 0xff, 0xff, 0x70,
    0x4f, 0xff, 0x0, 0x0, 0x0, 0x0, 0x4f, 0xff,
    0x0, 0x0, 0x0, 0x0, 0x4f, 0xff, 0x0, 0x0,
    0x0, 0x0, 0x4f, 0xff, 0xaa, 0xaa, 0xaa, 0xa5,
    0x4f, 0xff, 0xff, 0xff, 0xff, 0xf9, 0x4f, 0xff,
    0xff, 0xff, 0xff, 0xf9,

    /* U+0402 "Ђ" */
    0xbf, 0xff, 0xff, 0xff, 0xff, 0xff, 0xf0, 0x0,
    0xb, 0xff, 0xff, 0xff, 0xff, 0xff, 0xff, 0x0,
    0x0, 0x7a, 0xaa, 0xbf, 0xff, 0xaa, 0xaa, 0xa0,
    0x0, 0x0, 0x0, 0x3, 0xff, 0xf0, 0x0, 0x0,
    0x0, 0x0, 0x0, 0x0, 0x3f, 0xff, 0x0, 0x0,
    0x0, 0x0, 0x0, 0x0, 0x3, 0xff, 0xf4, 0x79,
    0xa9, 0x50, 0x0, 0x0, 0x0, 0x3f, 0xff, 0xff,
    0xff, 0xff, 0xd2, 0x0, 0x0, 0x3, 0xff, 0xff,
    0xff, 0xff, 0xff, 0xd0, 0x0, 0x0, 0x3f, 0xff,
    0x50, 0x0, 0x8f, 0xff, 0x40, 0x0, 0x3, 0xff,
    0xf0, 0x0, 0x0, 0xef, 0xf6, 0x0, 0x0, 0x3f,
    0xff, 0x0, 0x0, 0xe, 0xff, 0x50, 0x0, 0x3,
    0xff, 0xf0, 0x6, 0x7d, 0xff, 0xf1, 0x0, 0x0,
    0x3f, 0xff, 0x0, 0xff, 0xff, 0xf8, 0x0, 0x0,
    0x3, 0xff, 0xf0, 0x1f, 0xff, 0xd6, 0x0, 0x0,
    0x0, 0x0, 0x0, 0x0, 0x12, 0x0, 0x0, 0x0,

    /* U+0403 "Ѓ" */
    0x0, 0x0, 0x3, 0xef, 0xd2, 0x0, 0x0, 0x4,
    0xff, 0x80, 0x0, 0x0, 0x0, 0x78, 0x30, 0x0,
    0x0, 0x0, 0x0, 0x0, 0x0, 0x0, 0x4f, 0xff,
    0xff, 0xff, 0xff, 0x94, 0xff, 0xff, 0xff, 0xff,
    0xf9, 0x4f, 0xff, 0xaa, 0xaa, 0xaa, 0x64, 0xff,
    0xf0, 0x0, 0x0, 0x0, 0x4f, 0xff, 0x0, 0x0,
    0x0, 0x4, 0xff, 0xf0, 0x0, 0x0, 0x0, 0x4f,
    0xff, 0x0, 0x0, 0x0, 0x4, 0xff, 0xf0, 0x0,
    0x0, 0x0, 0x4f, 0xff, 0x0, 0x0, 0x0, 0x4,
    0xff, 0xf0, 0x0, 0x0, 0x0, 0x4f, 0xff, 0x0,
    0x0, 0x0, 0x4, 0xff, 0xf0, 0x0, 0x0, 0x0,
    0x4f, 0xff, 0x0, 0x0, 0x0, 0x4, 0xff, 0xf0,
    0x0, 0x0, 0x0,

    /* U+0404 "Є" */
    0x0, 0x0, 0x29, 0xdf, 0xfd, 0xa4, 0x0, 0x0,
    0x8, 0xff, 0xff, 0xff, 0xff, 0xb1, 0x0, 0x9f,
    0xff, 0xfe, 0xce, 0xff, 0xf9, 0x4, 0xff, 0xfa,
    0x10, 0x0, 0x4d, 0x90, 0xc, 0xff, 0xb0, 0x0,
    0x0, 0x0, 0x0, 0xf, 0xff, 0xa8, 0x88, 0x87,
    0x0, 0x0, 0x2f, 0xff, 0xff, 0xff, 0xfe, 0x0,
    0x0, 0x2f, 0xff, 0xff, 0xff, 0xfe, 0x0, 0x0,
    0xf, 0xff, 0x60, 0x0, 0x0, 0x0, 0x0, 0xc,
    0xff, 0xd1, 0x0, 0x0, 0x2, 0x0, 0x4, 0xff,
    0xfc, 0x20, 0x0, 0x6f, 0xc1, 0x0, 0x9f, 0xff,
    0xfe, 0xcf, 0xff, 0xfa, 0x0, 0x8, 0xff, 0xff,
    0xff, 0xff, 0xb1, 0x0, 0x0, 0x29, 0xdf, 0xfd,
    0xa4, 0x0,

    /* U+0405 "Ѕ" */
    0x0, 0x5, 0xae, 0xff, 0xda, 0x50, 0x0, 0xb,
    0xff, 0xff, 0xff, 0xff, 0x90, 0x8, 0xff, 0xfd,
    0xaa, 0xdf, 0xf4, 0x0, 0xef, 0xf8, 0x0, 0x0,
    0x17, 0x0, 0xf, 0xff, 0x50, 0x0, 0x0, 0x0,
    0x0, 0xbf, 0xff, 0xa5, 0x10, 0x0, 0x0, 0x2,
    0xef, 0xff, 0xff, 0xd8, 0x20, 0x0, 0x0, 0x7d,
    0xff, 0xff, 0xff, 0x60, 0x0, 0x0, 0x1, 0x59,
    0xef, 0xff, 0x10, 0x0, 0x0, 0x0, 0x1, 0xff,
    0xf5, 0x6, 0x92, 0x0, 0x0, 0x1f, 0xff, 0x40,
    0xdf, 0xfd, 0xaa, 0xbf, 0xff, 0xe0, 0x1d, 0xff,
    0xff, 0xff, 0xff, 0xe3, 0x0, 0x4, 0x9d, 0xff,
    0xec, 0x81, 0x0,

    /* U+0406 "І" */
    0x4f, 0xff, 0x4f, 0xff, 0x4f, 0xff, 0x4f, 0xff,
    0x4f, 0xff, 0x4f, 0xff, 0x4f, 0xff, 0x4f, 0xff,
    0x4f, 0xff, 0x4f, 0xff, 0x4f, 0xff, 0x4f, 0xff,
    0x4f, 0xff, 0x4f, 0xff,

    /* U+0407 "Ї" */
    0xb, 0xe4, 0xa, 0xf5, 0x1f, 0xf9, 0xf, 0xfa,
    0x8, 0xb2, 0x7, 0xb3, 0x0, 0x0, 0x0, 0x0,
    0x0, 0x5f, 0xfe, 0x0, 0x0, 0x5f, 0xfe, 0x0,
    0x0, 0x5f, 0xfe, 0x0, 0x0, 0x5f, 0xfe, 0x0,
    0x0, 0x5f, 0xfe, 0x0, 0x0, 0x5f, 0xfe, 0x0,
    0x0, 0x5f, 0xfe, 0x0, 0x0, 0x5f, 0xfe, 0x0,
    0x0, 0x5f, 0xfe, 0x0, 0x0, 0x5f, 0xfe, 0x0,
    0x0, 0x5f, 0xfe, 0x0, 0x0, 0x5f, 0xfe, 0x0,
    0x0, 0x5f, 0xfe, 0x0, 0x0, 0x5f, 0xfe, 0x0,

    /* U+0408 "Ј" */
    0x4, 0xff, 0xff, 0xff, 0xfd, 0x4, 0xff, 0xff,
    0xff, 0xfd, 0x2, 0x99, 0x99, 0xcf, 0xfd, 0x0,
    0x0, 0x0, 0x6f, 0xfd, 0x0, 0x0, 0x0, 0x6f,
    0xfd, 0x0, 0x0, 0x0, 0x6f, 0xfd, 0x0, 0x0,
    0x0, 0x6f, 0xfd, 0x0, 0x0, 0x0, 0x6f, 0xfd,
    0x0, 0x0, 0x0, 0x6f, 0xfd, 0x0, 0x0, 0x0,
    0x6f, 0xfc, 0x8, 0xa0, 0x0, 0xbf, 0xfa, 0x6f,
    0xfe, 0xbd, 0xff, 0xf5, 0x4f, 0xff, 0xff, 0xff,
    0xb0, 0x1, 0x9d, 0xff, 0xc7, 0x0,

    /* U+0409 "Љ" */
    0x0, 0x9, 0xff, 0xff, 0xff, 0xff, 0xff, 0x70,
    0x0, 0x0, 0x0, 0x0, 0x0, 0x9, 0xff, 0xff,
    0xff, 0xff, 0xff, 0x70, 0x0, 0x0, 0x0, 0x0,
    0x0, 0xa, 0xff, 0xba, 0xaa, 0xaf, 0xff, 0x70,
    0x0, 0x0, 0x0, 0x0, 0x0, 0xa, 0xff, 0x30,
    0x0, 0xf, 0xff, 0x70, 0x0, 0x0, 0x0, 0x0,
    0x0, 0xb, 0xff, 0x20, 0x0, 0xf, 0xff, 0xc6,
    0x66, 0x63, 0x0, 0x0, 0x0, 0xb, 0xff, 0x10,
    0x0, 0xf, 0xff, 0xff, 0xff, 0xff, 0xe6, 0x0,
    0x0, 0xc, 0xff, 0x0, 0x0, 0xf, 0xff, 0xff,
    0xff, 0xff, 0xff, 0x50, 0x0, 0xd, 0xff, 0x0,
    0x0, 0xf, 0xff, 0x70, 0x0, 0x3d, 0xff, 0xd0,
    0x0, 0xf, 0xfe, 0x0, 0x0, 0xf, 0xff, 0x70,
    0x0, 0x4, 0xff, 0xf0, 0x0, 0x3f, 0xfb, 0x0,
    0x0, 0xf, 0xff, 0x70, 0x0, 0x3, 0xff, 0xf0,
    0x0, 0xcf, 0xf8, 0x0, 0x0, 0xf, 0xff, 0x70,
    0x0, 0xa, 0xff, 0xe0, 0x8f, 0xff, 0xf3, 0x0,
    0x0, 0xf, 0xff, 0xfa, 0xaa, 0xef, 0xff, 0x80,
    0xaf, 0xff, 0xb0, 0x0, 0x0, 0xf, 0xff, 0xff,
    0xff, 0xff, 0xfc, 0x0, 0x9f, 0xe9, 0x0, 0x0,
    0x0, 0xf, 0xff, 0xff, 0xff, 0xeb, 0x60, 0x0,

    /* U+040A "Њ" */
    0x4f, 0xff, 0x0, 0x0, 0x0, 0xef, 0xf4, 0x0,
    0x0, 0x0, 0x0, 0x4f, 0xff, 0x0, 0x0, 0x0,
    0xef, 0xf4, 0x0, 0x0, 0x0, 0x0, 0x4f, 0xff,
    0x0, 0x0, 0x0, 0xef, 0xf4, 0x0, 0x0, 0x0,
    0x0, 0x4f, 0xff, 0x0, 0x0, 0x0, 0xef, 0xf4,
    0x0, 0x0, 0x0, 0x0, 0x4f, 0xff, 0x0, 0x0,
    0x0, 0xef, 0xf4, 0x0, 0x0, 0x0, 0x0, 0x4f,
    0xff, 0xaa, 0xaa, 0xaa, 0xff, 0xfc, 0xaa, 0xa9,
    0x72, 0x0, 0x4f, 0xff, 0xff, 0xff, 0xff, 0xff,
    0xff, 0xff, 0xff, 0xff, 0x80, 0x4f, 0xff, 0xff,
    0xff, 0xff, 0xff, 0xfc, 0xaa, 0xbe, 0xff, 0xf5,
    0x4f, 0xff, 0x0, 0x0, 0x0, 0xef, 0xf4, 0x0,
    0x0, 0xcf, 0xfb, 0x4f, 0xff, 0x0, 0x0, 0x0,
    0xef, 0xf4, 0x0, 0x0, 0x7f, 0xfd, 0x4f, 0xff,
    0x0, 0x0, 0x0, 0xef, 0xf4, 0x0, 0x0, 0xbf,
    0xfb, 0x4f, 0xff, 0x0, 0x0, 0x0, 0xef, 0xf9,
    0x66, 0x7b, 0xff, 0xf6, 0x4f, 0xff, 0x0, 0x0,
    0x0, 0xef, 0xff, 0xff, 0xff, 0xff, 0xb0, 0x4f,
    0xff, 0x0, 0x0, 0x0, 0xef, 0xff, 0xff, 0xfe,
    0xb6, 0x0,

    /* U+040B "Ћ" */
    0xbf, 0xff, 0xff, 0xff, 0xff, 0xff, 0xe0, 0x0,
    0xb, 0xff, 0xff, 0xff, 0xff, 0xff, 0xfe, 0x0,
    0x0, 0x7a, 0xaa, 0xbf, 0xff, 0xaa, 0xaa, 0x90,
    0x0, 0x0, 0x0, 0x3, 0xff, 0xf0, 0x0, 0x0,
    0x0, 0x0, 0x0, 0x0, 0x3f, 0xff, 0x0, 0x0,
    0x0, 0x0, 0x0, 0x0, 0x3, 0xff, 0xf5, 0x8a,
    0xba, 0x50, 0x0, 0x0, 0x0, 0x3f, 0xff, 0xff,
    0xff, 0xff, 0xd1, 0x0, 0x0, 0x3, 0xff, 0xff,
    0xff, 0xff, 0xff, 0xb0, 0x0, 0x0, 0x3f, 0xff,
    0x72, 0x2, 0xcf, 0xff, 0x10, 0x0, 0x3, 0xff,
    0xf0, 0x0, 0x1, 0xff, 0xf4, 0x0, 0x0, 0x3f,
    0xff, 0x0, 0x0, 0xd, 0xff, 0x50, 0x0, 0x3,
    0xff, 0xf0, 0x0, 0x0, 0xdf, 0xf6, 0x0, 0x0,
    0x3f, 0xff, 0x0, 0x0, 0xd, 0xff, 0x60, 0x0,
    0x3, 0xff, 0xf0, 0x0, 0x0, 0xdf, 0xf6,

    /* U+040C "Ќ" */
    0x0, 0x0, 0x0, 0x3e, 0xfd, 0x20, 0x0, 0x0,
    0x0, 0x4, 0xff, 0x80, 0x0, 0x0, 0x0, 0x0,
    0x7, 0x83, 0x0, 0x0, 0x0, 0x0, 0x0, 0x0,
    0x0, 0x0, 0x0, 0x0, 0x4f, 0xfe, 0x0, 0x0,
    0x6, 0xff, 0xe1, 0x4f, 0xfe, 0x0, 0x0, 0x2f,
    0xff, 0x40, 0x4f, 0xfe, 0x0, 0x0, 0xcf, 0xf8,
    0x0, 0x4f, 0xfe, 0x0, 0x8, 0xff, 0xc0, 0x0,
    0x4f, 0xfe, 0x0, 0x3f, 0xff, 0x20, 0x0, 0x4f,
    0xff, 0xbb, 0xef, 0xf6, 0x0, 0x0, 0x4f, 0xff,
    0xff, 0xff, 0xe0, 0x0, 0x0, 0x4f, 0xff, 0xff,
    0xff, 0xf7, 0x0, 0x0, 0x4f, 0xfe, 0x0, 0x8f,
    0xff, 0x10, 0x0, 0x4f, 0xfe, 0x0, 0xe, 0xff,
    0xb0, 0x0, 0x4f, 0xfe, 0x0, 0x5, 0xff, 0xf4,
    0x0, 0x4f, 0xfe, 0x0, 0x0, 0xbf, 0xfe, 0x0,
    0x4f, 0xfe, 0x0, 0x0, 0x2f, 0xff, 0x80, 0x4f,
    0xfe, 0x0, 0x0, 0x8, 0xff, 0xf3,

    /* U+040D "Ѝ" */
    0x0, 0x6, 0xff, 0xc1, 0x0, 0x0, 0x0, 0x0,
    0x0, 0x1c, 0xfd, 0x10, 0x0, 0x0, 0x0, 0x0,
    0x0, 0x68, 0x50, 0x0, 0x0, 0x0, 0x0, 0x0,
    0x0, 0x0, 0x0, 0x0, 0x4f, 0xff, 0x0, 0x0,
    0x0, 0xbf, 0xfb, 0x4f, 0xff, 0x0, 0x0, 0x7,
    0xff, 0xfb, 0x4f, 0xff, 0x0, 0x0, 0x3f, 0xff,
    0xfb, 0x4f, 0xff, 0x0, 0x0, 0xdf, 0xff, 0xfb,
    0x4f, 0xff, 0x0, 0xa, 0xff, 0xff, 0xfb, 0x4f,
    0xff, 0x0, 0x6f, 0xfe, 0xaf, 0xfb, 0x4f, 0xff,
    0x2, 0xff, 0xf5, 0x8f, 0xfb, 0x4f, 0xff, 0xd,
    0xff, 0x90, 0x8f, 0xfb, 0x4f, 0xff, 0x9f, 0xfc,
    0x0, 0x8f, 0xfb, 0x4f, 0xff, 0xff, 0xf2, 0x0,
    0x8f, 0xfb, 0x4f, 0xff, 0xff, 0x50, 0x0, 0x8f,
    0xfb, 0x4f, 0xff, 0xfa, 0x0, 0x0, 0x8f, 0xfb,
    0x4f, 0xff, 0xd0, 0x0, 0x0, 0x8f, 0xfb, 0x4f,
    0xff, 0x30, 0x0, 0x0, 0x8f, 0xfb,

    /* U+040E "Ў" */
    0x0, 0x9, 0xfa, 0x0, 0x4f, 0xf0, 0x0, 0x0,
    0x0, 0x4f, 0xfb, 0xaf, 0xfa, 0x0, 0x0, 0x0,
    0x0, 0x5c, 0xff, 0xd8, 0x0, 0x0, 0x0, 0x0,
    0x0, 0x0, 0x0, 0x0, 0x0, 0x0, 0x8f, 0xfd,
    0x0, 0x0, 0x0, 0x1f, 0xff, 0x21, 0xff, 0xf6,
    0x0, 0x0, 0x9, 0xff, 0x90, 0x7, 0xff, 0xd0,
    0x0, 0x1, 0xff, 0xf1, 0x0, 0xe, 0xff, 0x50,
    0x0, 0x9f, 0xf8, 0x0, 0x0, 0x6f, 0xfd, 0x0,
    0x1f, 0xfe, 0x0, 0x0, 0x0, 0xdf, 0xf5, 0x9,
    0xff, 0x70, 0x0, 0x0, 0x5, 0xff, 0xd2, 0xff,
    0xe0, 0x0, 0x0, 0x0, 0xc, 0xff, 0xdf, 0xf5,
    0x0, 0x0, 0x0, 0x0, 0x4f, 0xff, 0xfd, 0x0,
    0x0, 0x0, 0x0, 0x0, 0xbf, 0xff, 0x40, 0x0,
    0x0, 0x0, 0x0, 0x8, 0xff, 0xc0, 0x0, 0x0,
    0x0, 0x6, 0x58, 0xff, 0xf3, 0x0, 0x0, 0x0,
    0x1, 0xff, 0xff, 0xf8, 0x0, 0x0, 0x0, 0x0,
    0x6f, 0xff, 0xf7, 0x0, 0x0, 0x0, 0x0, 0x0,
    0x35, 0x51, 0x0, 0x0, 0x0, 0x0, 0x0,

    /* U+040F "Џ" */
    0x4f, 0xff, 0x0, 0x0, 0x0, 0xcf, 0xf6, 0x4f,
    0xff, 0x0, 0x0, 0x0, 0xcf, 0xf6, 0x4f, 0xff,
    0x0, 0x0, 0x0, 0xcf, 0xf6, 0x4f, 0xff, 0x0,
    0x0, 0x0, 0xcf, 0xf6, 0x4f, 0xff, 0x0, 0x0,
    0x0, 0xcf, 0xf6, 0x4f, 0xff, 0x0, 0x0, 0x0,
    0xcf, 0xf6, 0x4f, 0xff, 0x0, 0x0, 0x0, 0xcf,
    0xf6, 0x4f, 0xff, 0x0, 0x0, 0x0, 0xcf, 0xf6,
    0x4f, 0xff, 0x0, 0x0, 0x0, 0xcf, 0xf6, 0x4f,
    0xff, 0x0, 0x0, 0x0, 0xcf, 0xf6, 0x4f, 0xff,
    0x0, 0x0, 0x0, 0xcf, 0xf6, 0x4f, 0xff, 0xaa,
    0xaa, 0xaa, 0xef, 0xf6, 0x4f, 0xff, 0xff, 0xff,
    0xff, 0xff, 0xf6, 0x4f, 0xff, 0xff, 0xff, 0xff,
    0xff, 0xf6, 0x0, 0x0, 0x6, 0xff, 0x90, 0x0,
    0x0, 0x0, 0x0, 0x6, 0xff, 0x90, 0x0, 0x0,
    0x0, 0x0, 0x6, 0xff, 0x90, 0x0, 0x0,

    /* U+0410 "А" */
    0x0, 0x0, 0x0, 0xdf, 0xfd, 0x0, 0x0, 0x0,
    0x0, 0x0, 0x4, 0xff, 0xff, 0x40, 0x0, 0x0,
    0x0, 0x0, 0xb, 0xff, 0xff, 0xb0, 0x0, 0x0,
    0x0, 0x0, 0x2f, 0xfd, 0xef, 0xf2, 0x0, 0x0,
    0x0, 0x0, 0x9f, 0xf6, 0x7f, 0xf9, 0x0, 0x0,
    0x0, 0x1, 0xff, 0xf0, 0x1f, 0xff, 0x10, 0x0,
    0x0, 0x7, 0xff, 0x90, 0xa, 0xff, 0x80, 0x0,
    0x0, 0xe, 0xff, 0x20, 0x3, 0xff, 0xe0, 0x0,
    0x0, 0x6f, 0xfe, 0x77, 0x77, 0xff, 0xf6, 0x0,
    0x0, 0xdf, 0xff, 0xff, 0xff, 0xff, 0xfd, 0x0,
    0x4, 0xff, 0xff, 0xff, 0xff, 0xff, 0xff, 0x40,
    0xb, 0xff, 0x80, 0x0, 0x0, 0x9, 0xff, 0xb0,
    0x2f, 0xff, 0x10, 0x0, 0x0, 0x2, 0xff, 0xf3,
    0x9f, 0xfb, 0x0, 0x0, 0x0, 0x0, 0xcf, 0xfa,

    /* U+0411 "Б" */
    0x4f, 0xff, 0xff, 0xff, 0xff, 0xff, 0x0, 0x4f,
    0xff, 0xff, 0xff, 0xff, 0xff, 0x0, 0x4f, 0xff,
    0x99, 0x99, 0x99, 0x99, 0x0, 0x4f, 0xff, 0x0,
    0x0, 0x0, 0x0, 0x0, 0x4f, 0xff, 0x0, 0x0,
    0x0, 0x0, 0x0, 0x4f, 0xff, 0x66, 0x66, 0x53,
    0x0, 0x0, 0x4f, 0xff, 0xff, 0xff, 0xff, 0xf7,
    0x0, 0x4f, 0xff, 0xff, 0xff, 0xff, 0xff, 0x70,
    0x4f, 0xff, 0x0, 0x0, 0x3c, 0xff, 0xe0, 0x4f,
    0xff, 0x0, 0x0, 0x4, 0xff, 0xf0, 0x4f, 0xff,
    0x0, 0x0, 0x7, 0xff, 0xf0, 0x4f, 0xff, 0x66,
    0x67, 0xaf, 0xff, 0xa0, 0x4f, 0xff, 0xff, 0xff,
    0xff, 0xfd, 0x10, 0x4f, 0xff, 0xff, 0xff, 0xec,
    0x70, 0x0,

    /* U+0412 "В" */
    0x4f, 0xff, 0xff, 0xff, 0xeb, 0x50, 0x0, 0x4f,
    0xff, 0xff, 0xff, 0xff, 0xfa, 0x0, 0x4f, 0xff,
    0x66, 0x67, 0xcf, 0xff, 0x30, 0x4f, 0xff, 0x0,
    0x0, 0xf, 0xff, 0x60, 0x4f, 0xff, 0x0, 0x0,
    0xf, 0xff, 0x40, 0x4f, 0xff, 0x44, 0x45, 0xbf,
    0xfc, 0x0, 0x4f, 0xff, 0xff, 0xff, 0xff, 0xd1,
    0x0, 0x4f, 0xff, 0xff, 0xff, 0xff, 0xfd, 0x10,
    0x4f, 0xff, 0x0, 0x0, 0x2b, 0xff, 0xb0, 0x4f,
    0xff, 0x0, 0x0, 0x4, 0xff, 0xf0, 0x4f, 0xff,
    0x0, 0x0, 0x6, 0xff, 0xf0, 0x4f, 0xff, 0x66,
    0x66, 0x9f, 0xff, 0xc0, 0x4f, 0xff, 0xff, 0xff,
    0xff, 0xfe, 0x30, 0x4f, 0xff, 0xff, 0xff, 0xfd,
    0x81, 0x0,

    /* U+0413 "Г" */
    0x4f, 0xff, 0xff, 0xff, 0xff, 0x94, 0xff, 0xff,
    0xff, 0xff, 0xf9, 0x4f, 0xff, 0xaa, 0xaa, 0xaa,
    0x64, 0xff, 0xf0, 0x0, 0x0, 0x0, 0x4f, 0xff,
    0x0, 0x0, 0x0, 0x4, 0xff, 0xf0, 0x0, 0x0,
    0x0, 0x4f, 0xff, 0x0, 0x0, 0x0, 0x4, 0xff,
    0xf0, 0x0, 0x0, 0x0, 0x4f, 0xff, 0x0, 0x0,
    0x0, 0x4, 0xff, 0xf0, 0x0, 0x0, 0x0, 0x4f,
    0xff, 0x0, 0x0, 0x0, 0x4, 0xff, 0xf0, 0x0,
    0x0, 0x0, 0x4f, 0xff, 0x0, 0x0, 0x0, 0x4,
    0xff, 0xf0, 0x0, 0x0, 0x0,

    /* U+0414 "Д" */
    0x0, 0x9, 0xff, 0xff, 0xff, 0xff, 0xff, 0x30,
    0x0, 0x0, 0x9f, 0xff, 0xff, 0xff, 0xff, 0xf3,
    0x0, 0x0, 0xa, 0xff, 0xba, 0xaa, 0xaf, 0xff,
    0x30, 0x0, 0x0, 0xaf, 0xf3, 0x0, 0x0, 0xff,
    0xf3, 0x0, 0x0, 0xb, 0xff, 0x20, 0x0, 0xf,
    0xff, 0x30, 0x0, 0x0, 0xcf, 0xf1, 0x0, 0x0,
    0xff, 0xf3, 0x0, 0x0, 0xd, 0xff, 0x0, 0x0,
    0xf, 0xff, 0x30, 0x0, 0x0, 0xff, 0xf0, 0x0,
    0x0, 0xff, 0xf3, 0x0, 0x0, 0x1f, 0xfc, 0x0,
    0x0, 0xf, 0xff, 0x30, 0x0, 0x5, 0xff, 0x90,
    0x0, 0x0, 0xff, 0xf3, 0x0, 0x0, 0xcf, 0xf3,
    0x0, 0x0, 0xf, 0xff, 0x30, 0x7, 0xdf, 0xff,
    0xaa, 0xaa, 0xaa, 0xff, 0xfb, 0xa2, 0xbf, 0xff,
    0xff, 0xff, 0xff, 0xff, 0xff, 0xff, 0x3b, 0xff,
    0xff, 0xff, 0xff, 0xff, 0xff, 0xff, 0xf3, 0xbf,
    0xf4, 0x0, 0x0, 0x0, 0x0, 0xd, 0xff, 0x3b,
    0xff, 0x40, 0x0, 0x0, 0x0, 0x0, 0xdf, 0xf3,
    0xae, 0xe4, 0x0, 0x0, 0x0, 0x0, 0xb, 0xee,
    0x20,

    /* U+0415 "Е" */
    0x4f, 0xff, 0xff, 0xff, 0xff, 0xf5, 0x4f, 0xff,
    0xff, 0xff, 0xff, 0xf5, 0x4f, 0xff, 0x99, 0x99,
    0x99, 0x93, 0x4f, 0xff, 0x0, 0x0, 0x0, 0x0,
    0x4f, 0xff, 0x0, 0x0, 0x0, 0x0, 0x4f, 0xff,
    0x88, 0x88, 0x88, 0x30, 0x4f, 0xff, 0xff, 0xff,
    0xff, 0x70, 0x4f, 0xff, 0xff, 0xff, 0xff, 0x70,
    0x4f, 0xff, 0x0, 0x0, 0x0, 0x0, 0x4f, 0xff,
    0x0, 0x0, 0x0, 0x0, 0x4f, 0xff, 0x0, 0x0,
    0x0, 0x0, 0x4f, 0xff, 0xaa, 0xaa, 0xaa, 0xa5,
    0x4f, 0xff, 0xff, 0xff, 0xff, 0xf9, 0x4f, 0xff,
    0xff, 0xff, 0xff, 0xf9,

    /* U+0416 "Ж" */
    0x3f, 0xff, 0x30, 0x0, 0xc, 0xff, 0x60, 0x0,
    0xa, 0xff, 0xb0, 0x8, 0xff, 0xd0, 0x0, 0xc,
    0xff, 0x60, 0x0, 0x4f, 0xff, 0x20, 0x0, 0xef,
    0xf6, 0x0, 0xc, 0xff, 0x60, 0x0, 0xdf, 0xf8,
    0x0, 0x0, 0x4f, 0xfe, 0x10, 0xc, 0xff, 0x60,
    0x7, 0xff, 0xd0, 0x0, 0x0, 0xa, 0xff, 0x90,
    0xc, 0xff, 0x60, 0x1f, 0xff, 0x40, 0x0, 0x0,
    0x1, 0xff, 0xfb, 0xbf, 0xff, 0xdb, 0xdf, 0xfa,
    0x0, 0x0, 0x0, 0x0, 0xbf, 0xff, 0xff, 0xff,
    0xff, 0xff, 0xf4, 0x0, 0x0, 0x0, 0x3, 0xff,
    0xff, 0xff, 0xff, 0xff, 0xff, 0xfc, 0x0, 0x0,
    0x0, 0xb, 0xff, 0xd0, 0xc, 0xff, 0x60, 0x4f,
    0xff, 0x50, 0x0, 0x0, 0x4f, 0xff, 0x50, 0xc,
    0xff, 0x60, 0xc, 0xff, 0xd0, 0x0, 0x0, 0xdf,
    0xfd, 0x0, 0xc, 0xff, 0x60, 0x4, 0xff, 0xf6,
    0x0, 0x6, 0xff, 0xf4, 0x0, 0xc, 0xff, 0x60,
    0x0, 0xbf, 0xfe, 0x0, 0xe, 0xff, 0xc0, 0x0,
    0xc, 0xff, 0x60, 0x0, 0x3f, 0xff, 0x70, 0x7f,
    0xff, 0x40, 0x0, 0xc, 0xff, 0x60, 0x0, 0xa,
    0xff, 0xf1,

    /* U+0417 "З" */
    0x0, 0x49, 0xce, 0xfe, 0xc8, 0x20, 0x0, 0x5,
    0xff, 0xff, 0xff, 0xff, 0xf8, 0x0, 0x0, 0xff,
    0xeb, 0xab, 0xff, 0xff, 0x50, 0x0, 0x52, 0x0,
    0x0, 0x1d, 0xff, 0x90, 0x0, 0x0, 0x0, 0x0,
    0xb, 0xff, 0x80, 0x0, 0x1, 0x77, 0x77, 0xaf,
    0xff, 0x20, 0x0, 0x3, 0xff, 0xff, 0xff, 0xf4,
    0x0, 0x0, 0x3, 0xff, 0xff, 0xff, 0xfe, 0x30,
    0x0, 0x0, 0x0, 0x0, 0x2a, 0xff, 0xd0, 0x0,
    0x0, 0x0, 0x0, 0x1, 0xff, 0xf2, 0x3, 0x81,
    0x0, 0x0, 0x7, 0xff, 0xf1, 0xa, 0xff, 0xdb,
    0xab, 0xdf, 0xff, 0xb0, 0xd, 0xff, 0xff, 0xff,
    0xff, 0xfc, 0x10, 0x0, 0x5a, 0xdf, 0xff, 0xda,
    0x50, 0x0,

    /* U+0418 "И" */
    0x4f, 0xff, 0x0, 0x0, 0x0, 0xbf, 0xfb, 0x4f,
    0xff, 0x0, 0x0, 0x7, 0xff, 0xfb, 0x4f, 0xff,
    0x0, 0x0, 0x3f, 0xff, 0xfb, 0x4f, 0xff, 0x0,
    0x0, 0xdf, 0xff, 0xfb, 0x4f, 0xff, 0x0, 0xa,
    0xff, 0xff, 0xfb, 0x4f, 0xff, 0x0, 0x6f, 0xfe,
    0xaf, 0xfb, 0x4f, 0xff, 0x2, 0xff, 0xf5, 0x8f,
    0xfb, 0x4f, 0xff, 0xd, 0xff, 0x90, 0x8f, 0xfb,
    0x4f, 0xff, 0x9f, 0xfc, 0x0, 0x8f, 0xfb, 0x4f,
    0xff, 0xff, 0xf2, 0x0, 0x8f, 0xfb, 0x4f, 0xff,
    0xff, 0x50, 0x0, 0x8f, 0xfb, 0x4f, 0xff, 0xfa,
    0x0, 0x0, 0x8f, 0xfb, 0x4f, 0xff, 0xd0, 0x0,
    0x0, 0x8f, 0xfb, 0x4f, 0xff, 0x30, 0x0, 0x0,
    0x8f, 0xfb,

    /* U+0419 "Й" */
    0x0, 0x9, 0xfa, 0x0, 0x4f, 0xf0, 0x0, 0x0,
    0x4, 0xff, 0xca, 0xff, 0xa0, 0x0, 0x0, 0x0,
    0x5c, 0xff, 0xd8, 0x0, 0x0, 0x0, 0x0, 0x0,
    0x0, 0x0, 0x0, 0x0, 0x4f, 0xff, 0x0, 0x0,
    0x0, 0xbf, 0xfb, 0x4f, 0xff, 0x0, 0x0, 0x7,
    0xff, 0xfb, 0x4f, 0xff, 0x0, 0x0, 0x3f, 0xff,
    0xfb, 0x4f, 0xff, 0x0, 0x0, 0xdf, 0xff, 0xfb,
    0x4f, 0xff, 0x0, 0xa, 0xff, 0xff, 0xfb, 0x4f,
    0xff, 0x0, 0x6f, 0xfe, 0xaf, 0xfb, 0x4f, 0xff,
    0x2, 0xff, 0xf5, 0x8f, 0xfb, 0x4f, 0xff, 0xd,
    0xff, 0x90, 0x8f, 0xfb, 0x4f, 0xff, 0x9f, 0xfc,
    0x0, 0x8f, 0xfb, 0x4f, 0xff, 0xff, 0xf2, 0x0,
    0x8f, 0xfb, 0x4f, 0xff, 0xff, 0x50, 0x0, 0x8f,
    0xfb, 0x4f, 0xff, 0xfa, 0x0, 0x0, 0x8f, 0xfb,
    0x4f, 0xff, 0xd0, 0x0, 0x0, 0x8f, 0xfb, 0x4f,
    0xff, 0x30, 0x0, 0x0, 0x8f, 0xfb,

    /* U+041A "К" */
    0x4f, 0xfe, 0x0, 0x0, 0x6, 0xff, 0xe1, 0x4f,
    0xfe, 0x0, 0x0, 0x2f, 0xff, 0x40, 0x4f, 0xfe,
    0x0, 0x0, 0xcf, 0xf8, 0x0, 0x4f, 0xfe, 0x0,
    0x8, 0xff, 0xc0, 0x0, 0x4f, 0xfe, 0x0, 0x3f,
    0xff, 0x20, 0x0, 0x4f, 0xff, 0xbb, 0xef, 0xf6,
    0x0, 0x0, 0x4f, 0xff, 0xff, 0xff, 0xe0, 0x0,
    0x0, 0x4f, 0xff, 0xff, 0xff, 0xf7, 0x0, 0x0,
    0x4f, 0xfe, 0x0, 0x8f, 0xff, 0x10, 0x0, 0x4f,
    0xfe, 0x0, 0xe, 0xff, 0xb0, 0x0, 0x4f, 0xfe,
    0x0, 0x5, 0xff, 0xf4, 0x0, 0x4f, 0xfe, 0x0,
    0x0, 0xbf, 0xfe, 0x0, 0x4f, 0xfe, 0x0, 0x0,
    0x2f, 0xff, 0x80, 0x4f, 0xfe, 0x0, 0x0, 0x8,
    0xff, 0xf3,

    /* U+041B "Л" */
    0x0, 0x9, 0xff, 0xff, 0xff, 0xff, 0xff, 0x30,
    0x0, 0x9f, 0xff, 0xff, 0xff, 0xff, 0xf3, 0x0,
    0xa, 0xff, 0xba, 0xaa, 0xaf, 0xff, 0x30, 0x0,
    0xaf, 0xf3, 0x0, 0x0, 0xff, 0xf3, 0x0, 0xb,
    0xff, 0x20, 0x0, 0xf, 0xff, 0x30, 0x0, 0xbf,
    0xf1, 0x0, 0x0, 0xff, 0xf3, 0x0, 0xc, 0xff,
    0x0, 0x0, 0xf, 0xff, 0x30, 0x0, 0xdf, 0xf0,
    0x0, 0x0, 0xff, 0xf3, 0x0, 0xf, 0xfe, 0x0,
    0x0, 0xf, 0xff, 0x30, 0x3, 0xff, 0xb0, 0x0,
    0x0, 0xff, 0xf3, 0x0, 0xcf, 0xf8, 0x0, 0x0,
    0xf, 0xff, 0x38, 0xff, 0xff, 0x30, 0x0, 0x0,
    0xff, 0xf3, 0xaf, 0xff, 0xb0, 0x0, 0x0, 0xf,
    0xff, 0x39, 0xfe, 0x90, 0x0, 0x0, 0x0, 0xff,
    0xf3,

    /* U+041C "М" */
    0x4f, 0xfb, 0x0, 0x0, 0x0, 0x0, 0x7, 0xff,
    0x74, 0xff, 0xf5, 0x0, 0x0, 0x0, 0x1, 0xff,
    0xf8, 0x4f, 0xff, 0xe0, 0x0, 0x0, 0x0, 0xaf,
    0xff, 0x84, 0xff, 0xff, 0x80, 0x0, 0x0, 0x4f,
    0xff, 0xf8, 0x4f, 0xff, 0xff, 0x20, 0x0, 0xd,
    0xff, 0xff, 0x84, 0xff, 0xff, 0xfb, 0x0, 0x7,
    0xff, 0xff, 0xf8, 0x4f, 0xfc, 0xcf, 0xf5, 0x1,
    0xff, 0xe9, 0xff, 0x84, 0xff, 0xc2, 0xff, 0xe0,
    0xaf, 0xf5, 0x8f, 0xf8, 0x4f, 0xfc, 0x8, 0xff,
    0xbf, 0xfb, 0x8, 0xff, 0x84, 0xff, 0xc0, 0xe,
    0xff, 0xff, 0x20, 0x8f, 0xf8, 0x4f, 0xfc, 0x0,
    0x5f, 0xff, 0x80, 0x8, 0xff, 0x84, 0xff, 0xc0,
    0x0, 0xbf, 0xe0, 0x0, 0x8f, 0xf8, 0x4f, 0xfc,
    0x0, 0x2, 0x84, 0x0, 0x8, 0xff, 0x84, 0xff,
    0xc0, 0x0, 0x0, 0x0, 0x0, 0x8f, 0xf8,

    /* U+041D "Н" */
    0x4f, 0xff, 0x0, 0x0, 0x0, 0xaf, 0xf9, 0x4f,
    0xff, 0x0, 0x0, 0x0, 0xaf, 0xf9, 0x4f, 0xff,
    0x0, 0x0, 0x0, 0xaf, 0xf9, 0x4f, 0xff, 0x0,
    0x0, 0x0, 0xaf, 0xf9, 0x4f, 0xff, 0x0, 0x0,
    0x0, 0xaf, 0xf9, 0x4f, 0xff, 0xcc, 0xcc, 0xcc,
    0xef, 0xf9, 0x4f, 0xff, 0xff, 0xff, 0xff, 0xff,
    0xf9, 0x4f, 0xff, 0xff, 0xff, 0xff, 0xff, 0xf9,
    0x4f, 0xff, 0x0, 0x0, 0x0, 0xaf, 0xf9, 0x4f,
    0xff, 0x0, 0x0, 0x0, 0xaf, 0xf9, 0x4f, 0xff,
    0x0, 0x0, 0x0, 0xaf, 0xf9, 0x4f, 0xff, 0x0,
    0x0, 0x0, 0xaf, 0xf9, 0x4f, 0xff, 0x0, 0x0,
    0x0, 0xaf, 0xf9, 0x4f, 0xff, 0x0, 0x0, 0x0,
    0xaf, 0xf9,

    /* U+041E "О" */
    0x0, 0x0, 0x17, 0xce, 0xfe, 0xb6, 0x0, 0x0,
    0x0, 0x0, 0x6f, 0xff, 0xff, 0xff, 0xfe, 0x40,
    0x0, 0x0, 0x8f, 0xff, 0xfe, 0xce, 0xff, 0xff,
    0x50, 0x0, 0x4f, 0xff, 0xc3, 0x0, 0x4, 0xef,
    0xff, 0x20, 0xc, 0xff, 0xd0, 0x0, 0x0, 0x1,
    0xef, 0xf9, 0x1, 0xff, 0xf5, 0x0, 0x0, 0x0,
    0x7, 0xff, 0xe0, 0x3f, 0xff, 0x10, 0x0, 0x0,
    0x0, 0x4f, 0xff, 0x3, 0xff, 0xf1, 0x0, 0x0,
    0x0, 0x4, 0xff, 0xf0, 0x1f, 0xff, 0x50, 0x0,
    0x0, 0x0, 0x7f, 0xfe, 0x0, 0xcf, 0xfd, 0x0,
    0x0, 0x0, 0x1e, 0xff, 0x90, 0x4, 0xff, 0xfc,
    0x20, 0x0, 0x4d, 0xff, 0xf2, 0x0, 0x8, 0xff,
    0xff, 0xec, 0xef, 0xff, 0xf6, 0x0, 0x0, 0x7,
    0xff, 0xff, 0xff, 0xff, 0xe5, 0x0, 0x0, 0x0,
    0x1, 0x8c, 0xef, 0xeb, 0x70, 0x0, 0x0,

    /* U+041F "П" */
    0x4f, 0xff, 0xff, 0xff, 0xff, 0xff, 0xf8, 0x4f,
    0xff, 0xff, 0xff, 0xff, 0xff, 0xf8, 0x4f, 0xff,
    0xaa, 0xaa, 0xaa, 0xef, 0xf8, 0x4f, 0xff, 0x0,
    0x0, 0x0, 0xbf, 0xf8, 0x4f, 0xff, 0x0, 0x0,
    0x0, 0xbf, 0xf8, 0x4f, 0xff, 0x0, 0x0, 0x0,
    0xbf, 0xf8, 0x4f, 0xff, 0x0, 0x0, 0x0, 0xbf,
    0xf8, 0x4f, 0xff, 0x0, 0x0, 0x0, 0xbf, 0xf8,
    0x4f, 0xff, 0x0, 0x0, 0x0, 0xbf, 0xf8, 0x4f,
    0xff, 0x0, 0x0, 0x0, 0xbf, 0xf8, 0x4f, 0xff,
    0x0, 0x0, 0x0, 0xbf, 0xf8, 0x4f, 0xff, 0x0,
    0x0, 0x0, 0xbf, 0xf8, 0x4f, 0xff, 0x0, 0x0,
    0x0, 0xbf, 0xf8, 0x4f, 0xff, 0x0, 0x0, 0x0,
    0xbf, 0xf8,

    /* U+0420 "Р" */
    0x4f, 0xff, 0xff, 0xff, 0xd9, 0x20, 0x4, 0xff,
    0xff, 0xff, 0xff, 0xff, 0x60, 0x4f, 0xff, 0xaa,
    0xac, 0xff, 0xff, 0x34, 0xff, 0xf0, 0x0, 0x2,
    0xef, 0xfa, 0x4f, 0xff, 0x0, 0x0, 0x8, 0xff,
    0xc4, 0xff, 0xf0, 0x0, 0x0, 0x8f, 0xfc, 0x4f,
    0xff, 0x0, 0x0, 0x2e, 0xff, 0xa4, 0xff, 0xfa,
    0xaa, 0xcf, 0xff, 0xf3, 0x4f, 0xff, 0xff, 0xff,
    0xff, 0xf6, 0x4, 0xff, 0xff, 0xff, 0xfd, 0x92,
    0x0, 0x4f, 0xff, 0x0, 0x0, 0x0, 0x0, 0x4,
    0xff, 0xf0, 0x0, 0x0, 0x0, 0x0, 0x4f, 0xff,
    0x0, 0x0, 0x0, 0x0, 0x4, 0xff, 0xf0, 0x0,
    0x0, 0x0, 0x0,

    /* U+0421 "С" */
    0x0, 0x0, 0x17, 0xce, 0xfe, 0xb6, 0x0, 0x0,
    0x0, 0x6f, 0xff, 0xff, 0xff, 0xfd, 0x20, 0x0,
    0x8f, 0xff, 0xfe, 0xce, 0xff, 0xfd, 0x0, 0x4f,
    0xff, 0xc3, 0x0, 0x3, 0xcd, 0x20, 0xb, 0xff,
    0xd0, 0x0, 0x0, 0x0, 0x10, 0x0, 0xff, 0xf5,
    0x0, 0x0, 0x0, 0x0, 0x0, 0x2f, 0xff, 0x10,
    0x0, 0x0, 0x0, 0x0, 0x2, 0xff, 0xf1, 0x0,
    0x0, 0x0, 0x0, 0x0, 0xf, 0xff, 0x50, 0x0,
    0x0, 0x0, 0x0, 0x0, 0xcf, 0xfd, 0x0, 0x0,
    0x0, 0x1, 0x0, 0x4, 0xff, 0xfc, 0x30, 0x0,
    0x3c, 0xd2, 0x0, 0x8, 0xff, 0xff, 0xec, 0xef,
    0xff, 0xd0, 0x0, 0x7, 0xff, 0xff, 0xff, 0xff,
    0xd3, 0x0, 0x0, 0x1, 0x8c, 0xef, 0xeb, 0x60,
    0x0,

    /* U+0422 "Т" */
    0xbf, 0xff, 0xff, 0xff, 0xff, 0xff, 0x7b, 0xff,
    0xff, 0xff, 0xff, 0xff, 0xf7, 0x7a, 0xaa, 0xbf,
    0xff, 0xaa, 0xaa, 0x40, 0x0, 0x3, 0xff, 0xf0,
    0x0, 0x0, 0x0, 0x0, 0x3f, 0xff, 0x0, 0x0,
    0x0, 0x0, 0x3, 0xff, 0xf0, 0x0, 0x0, 0x0,
    0x0, 0x3f, 0xff, 0x0, 0x0, 0x0, 0x0, 0x3,
    0xff, 0xf0, 0x0, 0x0, 0x0, 0x0, 0x3f, 0xff,
    0x0, 0x0, 0x0, 0x0, 0x3, 0xff, 0xf0, 0x0,
    0x0, 0x0, 0x0, 0x3f, 0xff, 0x0, 0x0, 0x0,
    0x0, 0x3, 0xff, 0xf0, 0x0, 0x0, 0x0, 0x0,
    0x3f, 0xff, 0x0, 0x0, 0x0, 0x0, 0x3, 0xff,
    0xf0, 0x0, 0x0,

    /* U+0423 "У" */
    0x8f, 0xfd, 0x0, 0x0, 0x0, 0x1f, 0xff, 0x21,
    0xff, 0xf6, 0x0, 0x0, 0x9, 0xff, 0x90, 0x7,
    0xff, 0xd0, 0x0, 0x1, 0xff, 0xf1, 0x0, 0xe,
    0xff, 0x50, 0x0, 0x9f, 0xf8, 0x0, 0x0, 0x6f,
    0xfd, 0x0, 0x1f, 0xfe, 0x0, 0x0, 0x0, 0xdf,
    0xf5, 0x9, 0xff, 0x70, 0x0, 0x0, 0x5, 0xff,
    0xd2, 0xff, 0xe0, 0x0, 0x0, 0x0, 0xc, 0xff,
    0xdf, 0xf5, 0x0, 0x0, 0x0, 0x0, 0x4f, 0xff,
    0xfd, 0x0, 0x0, 0x0, 0x0, 0x0, 0xbf, 0xff,
    0x40, 0x0, 0x0, 0x0, 0x0, 0x8, 0xff, 0xc0,
    0x0, 0x0, 0x0, 0x6, 0x58, 0xff, 0xf3, 0x0,
    0x0, 0x0, 0x1, 0xff, 0xff, 0xf8, 0x0, 0x0,
    0x0, 0x0, 0x6f, 0xff, 0xf7, 0x0, 0x0, 0x0,
    0x0, 0x0, 0x35, 0x51, 0x0, 0x0, 0x0, 0x0,
    0x0,

    /* U+0424 "Ф" */
    0x0, 0x0, 0x0, 0x0, 0x55, 0x50, 0x0, 0x0,
    0x0, 0x0, 0x0, 0x0, 0x0, 0xf, 0xff, 0x0,
    0x0, 0x0, 0x0, 0x0, 0x1, 0x7b, 0xef, 0xff,
    0xff, 0xeb, 0x71, 0x0, 0x0, 0x4, 0xef, 0xff,
    0xff, 0xff, 0xff, 0xff, 0xe4, 0x0, 0x3, 0xff,
    0xff, 0xb8, 0xff, 0xf8, 0xbf, 0xff, 0xf3, 0x0,
    0xcf, 0xfd, 0x20, 0xf, 0xff, 0x0, 0x2d, 0xff,
    0xc0, 0x1f, 0xff, 0x20, 0x0, 0xff, 0xf0, 0x0,
    0x2f, 0xff, 0x14, 0xff, 0xd0, 0x0, 0xf, 0xff,
    0x0, 0x0, 0xdf, 0xf4, 0x4f, 0xfd, 0x0, 0x0,
    0xff, 0xf0, 0x0, 0xd, 0xff, 0x42, 0xff, 0xf1,
    0x0, 0xf, 0xff, 0x0, 0x1, 0xff, 0xf2, 0xd,
    0xff, 0xc1, 0x0, 0xff, 0xf0, 0x0, 0xbf, 0xfd,
    0x0, 0x5f, 0xff, 0xfa, 0x6f, 0xff, 0x59, 0xef,
    0xff, 0x40, 0x0, 0x6f, 0xff, 0xff, 0xff, 0xff,
    0xff, 0xff, 0x60, 0x0, 0x0, 0x29, 0xef, 0xff,
    0xff, 0xff, 0xe9, 0x20, 0x0, 0x0, 0x0, 0x0,
    0x2, 0xff, 0xf2, 0x0, 0x0, 0x0, 0x0, 0x0,
    0x0, 0x0, 0xf, 0xff, 0x0, 0x0, 0x0, 0x0,

    /* U+0425 "Х" */
    0x2f, 0xff, 0x90, 0x0, 0x4, 0xff, 0xf8, 0x0,
    0x7f, 0xff, 0x40, 0x1, 0xef, 0xfc, 0x0, 0x0,
    0xcf, 0xfe, 0x10, 0xaf, 0xff, 0x20, 0x0, 0x2,
    0xff, 0xfa, 0x5f, 0xff, 0x60, 0x0, 0x0, 0x6,
    0xff, 0xff, 0xff, 0xb0, 0x0, 0x0, 0x0, 0xb,
    0xff, 0xff, 0xe1, 0x0, 0x0, 0x0, 0x0, 0x1f,
    0xff, 0xf6, 0x0, 0x0, 0x0, 0x0, 0x4, 0xff,
    0xff, 0xb0, 0x0, 0x0, 0x0, 0x1, 0xef, 0xff,
    0xff, 0x70, 0x0, 0x0, 0x0, 0xaf, 0xff, 0xcf,
    0xff, 0x20, 0x0, 0x0, 0x5f, 0xff, 0x51, 0xef,
    0xfc, 0x0, 0x0, 0x1e, 0xff, 0xa0, 0x5, 0xff,
    0xf8, 0x0, 0xb, 0xff, 0xe1, 0x0, 0xa, 0xff,
    0xf3, 0x7, 0xff, 0xf4, 0x0, 0x0, 0xd, 0xff,
    0xd0,

    /* U+0426 "Ц" */
    0x4f, 0xff, 0x0, 0x0, 0x0, 0xcf, 0xf6, 0x0,
    0x4f, 0xff, 0x0, 0x0, 0x0, 0xcf, 0xf6, 0x0,
    0x4f, 0xff, 0x0, 0x0, 0x0, 0xcf, 0xf6, 0x0,
    0x4f, 0xff, 0x0, 0x0, 0x0, 0xcf, 0xf6, 0x0,
    0x4f, 0xff, 0x0, 0x0, 0x0, 0xcf, 0xf6, 0x0,
    0x4f, 0xff, 0x0, 0x0, 0x0, 0xcf, 0xf6, 0x0,
    0x4f, 0xff, 0x0, 0x0, 0x0, 0xcf, 0xf6, 0x0,
    0x4f, 0xff, 0x0, 0x0, 0x0, 0xcf, 0xf6, 0x0,
    0x4f, 0xff, 0x0, 0x0, 0x0, 0xcf, 0xf6, 0x0,
    0x4f, 0xff, 0x0, 0x0, 0x0, 0xcf, 0xf6, 0x0,
    0x4f, 0xff, 0x0, 0x0, 0x0, 0xcf, 0xf6, 0x0,
    0x4f, 0xff, 0xaa, 0xaa, 0xaa, 0xef, 0xfc, 0xa4,
    0x4f, 0xff, 0xff, 0xff, 0xff, 0xff, 0xff, 0xf6,
    0x4f, 0xff, 0xff, 0xff, 0xff, 0xff, 0xff, 0xf6,
    0x0, 0x0, 0x0, 0x0, 0x0, 0x0, 0x9f, 0xf6,
    0x0, 0x0, 0x0, 0x0, 0x0, 0x0, 0x9f, 0xf6,
    0x0, 0x0, 0x0, 0x0, 0x0, 0x0, 0x8f, 0xf6,

    /* U+0427 "Ч" */
    0x9f, 0xfa, 0x0, 0x0, 0x5, 0xff, 0xd9, 0xff,
    0xa0, 0x0, 0x0, 0x5f, 0xfd, 0x9f, 0xfa, 0x0,
    0x0, 0x5, 0xff, 0xd9, 0xff, 0xa0, 0x0, 0x0,
    0x5f, 0xfd, 0x8f, 0xfb, 0x0, 0x0, 0x5, 0xff,
    0xd7, 0xff, 0xe0, 0x0, 0x0, 0x5f, 0xfd, 0x3f,
    0xff, 0xb3, 0x1, 0x4b, 0xff, 0xd0, 0xbf, 0xff,
    0xff, 0xff, 0xff, 0xfd, 0x1, 0xcf, 0xff, 0xff,
    0xff, 0xff, 0xd0, 0x0, 0x48, 0xab, 0x96, 0x7f,
    0xfd, 0x0, 0x0, 0x0, 0x0, 0x5, 0xff, 0xd0,
    0x0, 0x0, 0x0, 0x0, 0x5f, 0xfd, 0x0, 0x0,
    0x0, 0x0, 0x5, 0xff, 0xd0, 0x0, 0x0, 0x0,
    0x0, 0x5f, 0xfd,

    /* U+0428 "Ш" */
    0x4f, 0xff, 0x0, 0x0, 0xaf, 0xf9, 0x0, 0x0,
    0xff, 0xf3, 0x4f, 0xff, 0x0, 0x0, 0xaf, 0xf9,
    0x0, 0x0, 0xff, 0xf3, 0x4f, 0xff, 0x0, 0x0,
    0xaf, 0xf9, 0x0, 0x0, 0xff, 0xf3, 0x4f, 0xff,
    0x0, 0x0, 0xaf, 0xf9, 0x0, 0x0, 0xff, 0xf3,
    0x4f, 0xff, 0x0, 0x0, 0xaf, 0xf9, 0x0, 0x0,
    0xff, 0xf3, 0x4f, 0xff, 0x0, 0x0, 0xaf, 0xf9,
    0x0, 0x0, 0xff, 0xf3, 0x4f, 0xff, 0x0, 0x0,
    0xaf, 0xf9, 0x0, 0x0, 0xff, 0xf3, 0x4f, 0xff,
    0x0, 0x0, 0xaf, 0xf9, 0x0, 0x0, 0xff, 0xf3,
    0x4f, 0xff, 0x0, 0x0, 0xaf, 0xf9, 0x0, 0x0,
    0xff, 0xf3, 0x4f, 0xff, 0x0, 0x0, 0xaf, 0xf9,
    0x0, 0x0, 0xff, 0xf3, 0x4f, 0xff, 0x0, 0x0,
    0xaf, 0xf9, 0x0, 0x0, 0xff, 0xf3, 0x4f, 0xff,
    0xaa, 0xaa, 0xdf, 0xfd, 0xaa, 0xaa, 0xff, 0xf3,
    0x4f, 0xff, 0xff, 0xff, 0xff, 0xff, 0xff, 0xff,
    0xff, 0xf3, 0x4f, 0xff, 0xff, 0xff, 0xff, 0xff,
    0xff, 0xff, 0xff, 0xf3,

    /* U+0429 "Щ" */
    0x4f, 0xff, 0x0, 0x0, 0xaf, 0xf9, 0x0, 0x0,
    0xff, 0xf3, 0x0, 0x4f, 0xff, 0x0, 0x0, 0xaf,
    0xf9, 0x0, 0x0, 0xff, 0xf3, 0x0, 0x4f, 0xff,
    0x0, 0x0, 0xaf, 0xf9, 0x0, 0x0, 0xff, 0xf3,
    0x0, 0x4f, 0xff, 0x0, 0x0, 0xaf, 0xf9, 0x0,
    0x0, 0xff, 0xf3, 0x0, 0x4f, 0xff, 0x0, 0x0,
    0xaf, 0xf9, 0x0, 0x0, 0xff, 0xf3, 0x0, 0x4f,
    0xff, 0x0, 0x0, 0xaf, 0xf9, 0x0, 0x0, 0xff,
    0xf3, 0x0, 0x4f, 0xff, 0x0, 0x0, 0xaf, 0xf9,
    0x0, 0x0, 0xff, 0xf3, 0x0, 0x4f, 0xff, 0x0,
    0x0, 0xaf, 0xf9, 0x0, 0x0, 0xff, 0xf3, 0x0,
    0x4f, 0xff, 0x0, 0x0, 0xaf, 0xf9, 0x0, 0x0,
    0xff, 0xf3, 0x0, 0x4f, 0xff, 0x0, 0x0, 0xaf,
    0xf9, 0x0, 0x0, 0xff, 0xf3, 0x0, 0x4f, 0xff,
    0x0, 0x0, 0xaf, 0xf9, 0x0, 0x0, 0xff, 0xf3,
    0x0, 0x4f, 0xff, 0xaa, 0xaa, 0xdf, 0xfd, 0xaa,
    0xab, 0xff, 0xfe, 0xa1, 0x4f, 0xff, 0xff, 0xff,
    0xff, 0xff, 0xff, 0xff, 0xff, 0xff, 0xf2, 0x4f,
    0xff, 0xff, 0xff, 0xff, 0xff, 0xff, 0xff, 0xff,
    0xff, 0xf2, 0x0, 0x0, 0x0, 0x0, 0x0, 0x0,
    0x0, 0x0, 0x0, 0xef, 0xf2, 0x0, 0x0, 0x0,
    0x0, 0x0, 0x0, 0x0, 0x0, 0x0, 0xef, 0xf2,
    0x0, 0x0, 0x0, 0x0, 0x0, 0x0, 0x0, 0x0,
    0x0, 0xef, 0xf2,

    /* U+042A "Ъ" */
    0xbf, 0xff, 0xff, 0xf7, 0x0, 0x0, 0x0, 0x0,
    0xb, 0xff, 0xff, 0xff, 0x70, 0x0, 0x0, 0x0,
    0x0, 0x7a, 0xaa, 0xef, 0xf7, 0x0, 0x0, 0x0,
    0x0, 0x0, 0x0, 0xc, 0xff, 0x70, 0x0, 0x0,
    0x0, 0x0, 0x0, 0x0, 0xcf, 0xfa, 0x66, 0x66,
    0x41, 0x0, 0x0, 0x0, 0xc, 0xff, 0xff, 0xff,
    0xff, 0xf8, 0x0, 0x0, 0x0, 0xcf, 0xff, 0xff,
    0xff, 0xff, 0xf9, 0x0, 0x0, 0xc, 0xff, 0x70,
    0x0, 0x2b, 0xff, 0xf1, 0x0, 0x0, 0xcf, 0xf7,
    0x0, 0x0, 0x1f, 0xff, 0x30, 0x0, 0xc, 0xff,
    0x70, 0x0, 0x0, 0xff, 0xf4, 0x0, 0x0, 0xcf,
    0xf7, 0x0, 0x0, 0x5f, 0xff, 0x10, 0x0, 0xc,
    0xff, 0xa6, 0x67, 0xaf, 0xff, 0xc0, 0x0, 0x0,
    0xcf, 0xff, 0xff, 0xff, 0xff, 0xd2, 0x0, 0x0,
    0xc, 0xff, 0xff, 0xff, 0xfc, 0x70, 0x0,

    /* U+042B "Ы" */
    0x4f, 0xff, 0x0, 0x0, 0x0, 0x0, 0x0, 0x6f,
    0xfd, 0x4f, 0xff, 0x0, 0x0, 0x0, 0x0, 0x0,
    0x6f, 0xfd, 0x4f, 0xff, 0x0, 0x0, 0x0, 0x0,
    0x0, 0x6f, 0xfd, 0x4f, 0xff, 0x0, 0x0, 0x0,
    0x0, 0x0, 0x6f, 0xfd, 0x4f, 0xff, 0x66, 0x66,
    0x52, 0x0, 0x0, 0x6f, 0xfd, 0x4f, 0xff, 0xff,
    0xff, 0xff, 0xd3, 0x0, 0x6f, 0xfd, 0x4f, 0xff,
    0xff, 0xff, 0xff, 0xff, 0x20, 0x6f, 0xfd, 0x4f,
    0xff, 0x0, 0x1, 0x5f, 0xff, 0x90, 0x6f, 0xfd,
    0x4f, 0xff, 0x0, 0x0, 0x9, 0xff, 0xc0, 0x6f,
    0xfd, 0x4f, 0xff, 0x0, 0x0, 0x8, 0xff, 0xc0,
    0x6f, 0xfd, 0x4f, 0xff, 0x0, 0x0, 0xd, 0xff,
    0xa0, 0x6f, 0xfd, 0x4f, 0xff, 0x66, 0x68, 0xdf,
    0xff, 0x40, 0x6f, 0xfd, 0x4f, 0xff, 0xff, 0xff,
    0xff, 0xf8, 0x0, 0x6f, 0xfd, 0x4f, 0xff, 0xff,
    0xff, 0xea, 0x40, 0x0, 0x6f, 0xfd,

    /* U+042C "Ь" */
    0x4f, 0xff, 0x0, 0x0, 0x0, 0x0, 0x4, 0xff,
    0xf0, 0x0, 0x0, 0x0, 0x0, 0x4f, 0xff, 0x0,
    0x0, 0x0, 0x0, 0x4, 0xff, 0xf0, 0x0, 0x0,
    0x0, 0x0, 0x4f, 0xff, 0x66, 0x66, 0x52, 0x0,
    0x4, 0xff, 0xff, 0xff, 0xff, 0xfd, 0x30, 0x4f,
    0xff, 0xff, 0xff, 0xff, 0xff, 0x24, 0xff, 0xf0,
    0x0, 0x15, 0xff, 0xf9, 0x4f, 0xff, 0x0, 0x0,
    0x9, 0xff, 0xc4, 0xff, 0xf0, 0x0, 0x0, 0x8f,
    0xfc, 0x4f, 0xff, 0x0, 0x0, 0xd, 0xff, 0xa4,
    0xff, 0xf6, 0x66, 0x8d, 0xff, 0xf4, 0x4f, 0xff,
    0xff, 0xff, 0xff, 0xf8, 0x4, 0xff, 0xff, 0xff,
    0xfe, 0xa4, 0x0,

    /* U+042D "Э" */
    0x0, 0x28, 0xde, 0xfe, 0xa4, 0x0, 0x0, 0x8,
    0xff, 0xff, 0xff, 0xff, 0xb1, 0x0, 0x5f, 0xff,
    0xfd, 0xdf, 0xff, 0xfc, 0x0, 0x7, 0xf7, 0x0,
    0x0, 0x8f, 0xff, 0x80, 0x0, 0x0, 0x0, 0x0,
    0x7, 0xff, 0xf0, 0x0, 0x0, 0x58, 0x88, 0x88,
    0xff, 0xf4, 0x0, 0x0, 0xaf, 0xff, 0xff, 0xff,
    0xf6, 0x0, 0x0, 0xaf, 0xff, 0xff, 0xff, 0xf6,
    0x0, 0x0, 0x0, 0x0, 0x1, 0xff, 0xf5, 0x0,
    0x20, 0x0, 0x0, 0x9, 0xff, 0xf0, 0x8, 0xf8,
    0x0, 0x1, 0x9f, 0xff, 0x90, 0x5f, 0xff, 0xfd,
    0xdf, 0xff, 0xfd, 0x0, 0x8, 0xff, 0xff, 0xff,
    0xff, 0xb1, 0x0, 0x0, 0x29, 0xdf, 0xfe, 0xa4,
    0x0, 0x0,

    /* U+042E "Ю" */
    0x4f, 0xff, 0x0, 0x0, 0x3, 0x9d, 0xff, 0xd9,
    0x30, 0x0, 0x4, 0xff, 0xf0, 0x0, 0xa, 0xff,
    0xff, 0xff, 0xff, 0xb1, 0x0, 0x4f, 0xff, 0x0,
    0xc, 0xff, 0xff, 0xdd, 0xff, 0xff, 0xc0, 0x4,
    0xff, 0xf0, 0x7, 0xff, 0xfb, 0x10, 0x1, 0x8f,
    0xff, 0x80, 0x4f, 0xff, 0x0, 0xef, 0xfb, 0x0,
    0x0, 0x0, 0x8f, 0xff, 0x4, 0xff, 0xfd, 0xdf,
    0xff, 0x30, 0x0, 0x0, 0x1, 0xff, 0xf5, 0x4f,
    0xff, 0xff, 0xff, 0xf0, 0x0, 0x0, 0x0, 0xd,
    0xff, 0x74, 0xff, 0xff, 0xff, 0xff, 0x0, 0x0,
    0x0, 0x0, 0xdf, 0xf7, 0x4f, 0xff, 0x1, 0xff,
    0xf3, 0x0, 0x0, 0x0, 0x1f, 0xff, 0x54, 0xff,
    0xf0, 0xc, 0xff, 0xb0, 0x0, 0x0, 0x8, 0xff,
    0xf0, 0x4f, 0xff, 0x0, 0x4f, 0xff, 0xa1, 0x0,
    0x8, 0xff, 0xf8, 0x4, 0xff, 0xf0, 0x0, 0x8f,
    0xff, 0xfd, 0xdf, 0xff, 0xfc, 0x0, 0x4f, 0xff,
    0x0, 0x0, 0x7f, 0xff, 0xff, 0xff, 0xfb, 0x10,
    0x4, 0xff, 0xf0, 0x0, 0x0, 0x28, 0xdf, 0xfd,
    0xa4, 0x0, 0x0,

    /* U+042F "Я" */
    0x0, 0x4, 0xad, 0xff, 0xff, 0xff, 0xe0, 0x9,
    0xff, 0xff, 0xff, 0xff, 0xfe, 0x7, 0xff, 0xfe,
    0xba, 0xac, 0xff, 0xe0, 0xef, 0xfa, 0x0, 0x0,
    0x4f, 0xfe, 0x1f, 0xff, 0x30, 0x0, 0x4, 0xff,
    0xe1, 0xff, 0xf3, 0x0, 0x0, 0x4f, 0xfe, 0xf,
    0xff, 0x90, 0x0, 0x4, 0xff, 0xe0, 0x8f, 0xff,
    0xda, 0x99, 0xbf, 0xfe, 0x0, 0xbf, 0xff, 0xff,
    0xff, 0xff, 0xe0, 0x0, 0x8f, 0xff, 0xff, 0xff,
    0xfe, 0x0, 0xd, 0xff, 0x60, 0x4, 0xff, 0xe0,
    0x8, 0xff, 0xc0, 0x0, 0x4f, 0xfe, 0x2, 0xff,
    0xf3, 0x0, 0x4, 0xff, 0xe0, 0xcf, 0xf9, 0x0,
    0x0, 0x4f, 0xfe,

    /* U+0430 "а" */
    0x0, 0x6b, 0xef, 0xfc, 0x60, 0x0, 0xbf, 0xff,
    0xff, 0xff, 0xb0, 0x4, 0xfc, 0x98, 0xbf, 0xff,
    0x60, 0x1, 0x0, 0x0, 0x7f, 0xfb, 0x0, 0x5a,
    0xcd, 0xde, 0xff, 0xd0, 0x9f, 0xff, 0xff, 0xff,
    0xfd, 0x2f, 0xfe, 0x30, 0x4, 0xff, 0xd5, 0xff,
    0xb0, 0x0, 0x6f, 0xfd, 0x3f, 0xff, 0x52, 0x6f,
    0xff, 0xd0, 0xbf, 0xff, 0xff, 0xef, 0xfd, 0x0,
    0x7d, 0xfe, 0xa3, 0xff, 0xd0,

    /* U+0431 "б" */
    0x0, 0x0, 0x0, 0x0, 0x2, 0x56, 0x0, 0x0,
    0x0, 0x38, 0xbf, 0xff, 0xf0, 0x0, 0x3, 0xdf,
    0xff, 0xff, 0xff, 0x10, 0x4, 0xff, 0xff, 0xfd,
    0xa7, 0x30, 0x1, 0xef, 0xfc, 0x50, 0x0, 0x0,
    0x0, 0x7f, 0xfb, 0x0, 0x0, 0x0, 0x0, 0xc,
    0xff, 0x38, 0xdf, 0xeb, 0x40, 0x0, 0xff, 0xfd,
    0xff, 0xff, 0xff, 0x70, 0xf, 0xff, 0xfd, 0x78,
    0xdf, 0xff, 0x30, 0xff, 0xfb, 0x0, 0x0, 0xdf,
    0xfa, 0xf, 0xff, 0x50, 0x0, 0x7, 0xff, 0xc0,
    0xdf, 0xf6, 0x0, 0x0, 0x7f, 0xfc, 0x8, 0xff,
    0xd0, 0x0, 0xd, 0xff, 0x80, 0x1e, 0xff, 0xd8,
    0x8d, 0xff, 0xf1, 0x0, 0x4f, 0xff, 0xff, 0xff,
    0xe4, 0x0, 0x0, 0x29, 0xdf, 0xfd, 0x81, 0x0,

    /* U+0432 "в" */
    0x8f, 0xff, 0xff, 0xfd, 0x70, 0x8, 0xff, 0xff,
    0xff, 0xff, 0xc0, 0x8f, 0xf7, 0x22, 0x4f, 0xff,
    0x38, 0xff, 0x50, 0x0, 0xaf, 0xf3, 0x8f, 0xf5,
    0x0, 0x2e, 0xfe, 0x8, 0xff, 0xff, 0xff, 0xff,
    0x30, 0x8f, 0xfe, 0xdd, 0xef, 0xfd, 0x18, 0xff,
    0x50, 0x0, 0x7f, 0xf8, 0x8f, 0xf7, 0x22, 0x3a,
    0xff, 0x98, 0xff, 0xff, 0xff, 0xff, 0xf3, 0x8f,
    0xff, 0xff, 0xfe, 0xb3, 0x0,

    /* U+0433 "г" */
    0x8f, 0xff, 0xff, 0xff, 0xf2, 0x8f, 0xff, 0xff,
    0xff, 0xf2, 0x8f, 0xfd, 0x99, 0x99, 0x91, 0x8f,
    0xf9, 0x0, 0x0, 0x0, 0x8f, 0xf9, 0x0, 0x0,
    0x0, 0x8f, 0xf9, 0x0, 0x0, 0x0, 0x8f, 0xf9,
    0x0, 0x0, 0x0, 0x8f, 0xf9, 0x0, 0x0, 0x0,
    0x8f, 0xf9, 0x0, 0x0, 0x0, 0x8f, 0xf9, 0x0,
    0x0, 0x0, 0x8f, 0xf9, 0x0, 0x0, 0x0,

    /* U+0434 "д" */
    0x0, 0x6f, 0xff, 0xff, 0xff, 0xff, 0x0, 0x0,
    0x6f, 0xff, 0xff, 0xff, 0xff, 0x0, 0x0, 0x7f,
    0xfb, 0x99, 0x9f, 0xff, 0x0, 0x0, 0x7f, 0xf5,
    0x0, 0x1f, 0xff, 0x0, 0x0, 0x9f, 0xf4, 0x0,
    0x1f, 0xff, 0x0, 0x0, 0xaf, 0xf3, 0x0, 0x1f,
    0xff, 0x0, 0x0, 0xcf, 0xf1, 0x0, 0x1f, 0xff,
    0x0, 0x2, 0xff, 0xd0, 0x0, 0x1f, 0xff, 0x0,
    0x7e, 0xff, 0xc9, 0x99, 0x9f, 0xff, 0x95, 0xcf,
    0xff, 0xff, 0xff, 0xff, 0xff, 0xf9, 0xcf, 0xff,
    0xff, 0xff, 0xff, 0xff, 0xf9, 0xcf, 0xf1, 0x0,
    0x0, 0x0, 0x5f, 0xf9, 0xcf, 0xf1, 0x0, 0x0,
    0x0, 0x5f, 0xf9, 0x45, 0x50, 0x0, 0x0, 0x0,
    0x15, 0x53,

    /* U+0435 "е" */
    0x0, 0x4, 0xbe, 0xfd, 0x92, 0x0, 0x0, 0x9f,
    0xff, 0xff, 0xff, 0x60, 0x7, 0xff, 0xe8, 0x69,
    0xff, 0xf3, 0xf, 0xff, 0x10, 0x0, 0x5f, 0xfa,
    0x4f, 0xff, 0xdd, 0xdd, 0xdf, 0xfd, 0x5f, 0xff,
    0xff, 0xff, 0xff, 0xfe, 0x4f, 0xfe, 0x0, 0x0,
    0x0, 0x0, 0xe, 0xff, 0x80, 0x0, 0x7, 0x0,
    0x7, 0xff, 0xfd, 0x99, 0xef, 0x90, 0x0, 0x8f,
    0xff, 0xff, 0xff, 0xd0, 0x0, 0x3, 0xad, 0xff,
    0xc7, 0x0,

    /* U+0436 "ж" */
    0x5f, 0xfe, 0x0, 0x6, 0xff, 0xa0, 0x0, 0xbf,
    0xf9, 0x0, 0xcf, 0xf7, 0x0, 0x6f, 0xfa, 0x0,
    0x3f, 0xff, 0x10, 0x3, 0xff, 0xe0, 0x6, 0xff,
    0xa0, 0xc, 0xff, 0x70, 0x0, 0xa, 0xff, 0x80,
    0x6f, 0xfa, 0x4, 0xff, 0xd0, 0x0, 0x0, 0x1f,
    0xff, 0x8b, 0xff, 0xd8, 0xdf, 0xf4, 0x0, 0x0,
    0x0, 0xaf, 0xff, 0xff, 0xff, 0xff, 0xfe, 0x0,
    0x0, 0x0, 0x2f, 0xff, 0xff, 0xff, 0xff, 0xff,
    0xf5, 0x0, 0x0, 0xb, 0xff, 0xc0, 0x6f, 0xfa,
    0x9, 0xff, 0xe0, 0x0, 0x5, 0xff, 0xf3, 0x6,
    0xff, 0xa0, 0x1e, 0xff, 0x90, 0x0, 0xef, 0xfa,
    0x0, 0x6f, 0xfa, 0x0, 0x6f, 0xff, 0x30, 0x9f,
    0xff, 0x10, 0x6, 0xff, 0xa0, 0x0, 0xdf, 0xfd,
    0x0,

    /* U+0437 "з" */
    0x4, 0x9d, 0xff, 0xea, 0x50, 0x1, 0xff, 0xff,
    0xff, 0xff, 0xa0, 0x9, 0xb8, 0x66, 0xaf, 0xff,
    0x20, 0x0, 0x0, 0x2, 0xff, 0xf0, 0x0, 0xe,
    0xff, 0xff, 0xe4, 0x0, 0x0, 0xff, 0xff, 0xff,
    0x80, 0x0, 0x0, 0x0, 0x2e, 0xff, 0x40, 0x20,
    0x0, 0x0, 0xcf, 0xf7, 0x1f, 0xd9, 0x77, 0xbf,
    0xff, 0x46, 0xff, 0xff, 0xff, 0xff, 0x90, 0x5,
    0xad, 0xff, 0xea, 0x40, 0x0,

    /* U+0438 "и" */
    0x8f, 0xf9, 0x0, 0x0, 0x8f, 0xfb, 0x8f, 0xf9,
    0x0, 0x5, 0xff, 0xfb, 0x8f, 0xf9, 0x0, 0x3f,
    0xff, 0xfb, 0x8f, 0xf9, 0x1, 0xef, 0xff, 0xfb,
    0x8f, 0xf9, 0xb, 0xff, 0xef, 0xfb, 0x8f, 0xf9,
    0x9f, 0xfb, 0x6f, 0xfb, 0x8f, 0xfe, 0xff, 0xe1,
    0x6f, 0xfb, 0x8f, 0xff, 0xff, 0x30, 0x6f, 0xfb,
    0x8f, 0xff, 0xf5, 0x0, 0x6f, 0xfb, 0x8f, 0xff,
    0x90, 0x0, 0x6f, 0xfb, 0x8f, 0xfc, 0x0, 0x0,
    0x6f, 0xfb,

    /* U+0439 "й" */
    0x0, 0x8f, 0xa0, 0x1d, 0xf5, 0x0, 0x0, 0x2f,
    0xff, 0xff, 0xd1, 0x0, 0x0, 0x1, 0x79, 0x96,
    0x0, 0x0, 0x0, 0x0, 0x0, 0x0, 0x0, 0x0,
    0x8f, 0xf9, 0x0, 0x0, 0x8f, 0xfb, 0x8f, 0xf9,
    0x0, 0x5, 0xff, 0xfb, 0x8f, 0xf9, 0x0, 0x3f,
    0xff, 0xfb, 0x8f, 0xf9, 0x1, 0xef, 0xff, 0xfb,
    0x8f, 0xf9, 0xb, 0xff, 0xef, 0xfb, 0x8f, 0xf9,
    0x9f, 0xfb, 0x6f, 0xfb, 0x8f, 0xfe, 0xff, 0xe1,
    0x6f, 0xfb, 0x8f, 0xff, 0xff, 0x30, 0x6f, 0xfb,
    0x8f, 0xff, 0xf5, 0x0, 0x6f, 0xfb, 0x8f, 0xff,
    0x90, 0x0, 0x6f, 0xfb, 0x8f, 0xfc, 0x0, 0x0,
    0x6f, 0xfb,

    /* U+043A "к" */
    0x8f, 0xfa, 0x0, 0x2, 0xff, 0xf3, 0x8f, 0xfa,
    0x0, 0xc, 0xff, 0x80, 0x8f, 0xfa, 0x0, 0x6f,
    0xfc, 0x0, 0x8f, 0xfa, 0x1, 0xff, 0xf2, 0x0,
    0x8f, 0xfd, 0x8c, 0xff, 0x70, 0x0, 0x8f, 0xff,
    0xff, 0xfe, 0x0, 0x0, 0x8f, 0xff, 0xff, 0xff,
    0x80, 0x0, 0x8f, 0xfa, 0x6, 0xff, 0xf4, 0x0,
    0x8f, 0xfa, 0x0, 0xaf, 0xfe, 0x10, 0x8f, 0xfa,
    0x0, 0x1e, 0xff, 0xb0, 0x8f, 0xfa, 0x0, 0x3,
    0xff, 0xf6,

    /* U+043B "л" */
    0x0, 0x6f, 0xff, 0xff, 0xff, 0xfd, 0x0, 0x7f,
    0xff, 0xff, 0xff, 0xfd, 0x0, 0x7f, 0xfb, 0x99,
    0xbf, 0xfd, 0x0, 0x8f, 0xf4, 0x0, 0x4f, 0xfd,
    0x0, 0x9f, 0xf3, 0x0, 0x4f, 0xfd, 0x0, 0xaf,
    0xf2, 0x0, 0x4f, 0xfd, 0x0, 0xcf, 0xf0, 0x0,
    0x4f, 0xfd, 0x2, 0xff, 0xd0, 0x0, 0x4f, 0xfd,
    0x9f, 0xff, 0x90, 0x0, 0x4f, 0xfd, 0xcf, 0xff,
    0x30, 0x0, 0x4f, 0xfd, 0xbf, 0xd5, 0x0, 0x0,
    0x4f, 0xfd,

    /* U+043C "м" */
    0x8f, 0xff, 0x10, 0x0, 0x0, 0x6f, 0xfc, 0x8f,
    0xff, 0x90, 0x0, 0x1, 0xef, 0xfc, 0x8f, 0xff,
    0xf2, 0x0, 0x9, 0xff, 0xfc, 0x8f, 0xff, 0xfa,
    0x0, 0x2f, 0xff, 0xfc, 0x8f, 0xfe, 0xff, 0x30,
    0xbf, 0xef, 0xfc, 0x8f, 0xf6, 0xff, 0xb4, 0xff,
    0x6f, 0xfc, 0x8f, 0xf5, 0x7f, 0xfe, 0xfc, 0xf,
    0xfc, 0x8f, 0xf5, 0xe, 0xff, 0xf3, 0xf, 0xfc,
    0x8f, 0xf5, 0x5, 0xff, 0x90, 0xf, 0xfc, 0x8f,
    0xf5, 0x0, 0xce, 0x10, 0xf, 0xfc, 0x8f, 0xf5,
    0x0, 0x0, 0x0, 0xf, 0xfc,

    /* U+043D "н" */
    0x8f, 0xf9, 0x0, 0x0, 0xbf, 0xf6, 0x8f, 0xf9,
    0x0, 0x0, 0xbf, 0xf6, 0x8f, 0xf9, 0x0, 0x0,
    0xbf, 0xf6, 0x8f, 0xf9, 0x0, 0x0, 0xbf, 0xf6,
    0x8f, 0xfd, 0x99, 0x99, 0xef, 0xf6, 0x8f, 0xff,
    0xff, 0xff, 0xff, 0xf6, 0x8f, 0xff, 0xff, 0xff,
    0xff, 0xf6, 0x8f, 0xf9, 0x0, 0x0, 0xbf, 0xf6,
    0x8f, 0xf9, 0x0, 0x0, 0xbf, 0xf6, 0x8f, 0xf9,
    0x0, 0x0, 0xbf, 0xf6, 0x8f, 0xf9, 0x0, 0x0,
    0xbf, 0xf6,

    /* U+043E "о" */
    0x0, 0x4, 0xae, 0xfe, 0xa4, 0x0, 0x0, 0x9,
    0xff, 0xff, 0xff, 0xf9, 0x0, 0x7, 0xff, 0xfc,
    0xac, 0xff, 0xf8, 0x0, 0xef, 0xf8, 0x0, 0x7,
    0xff, 0xf1, 0x4f, 0xff, 0x0, 0x0, 0xe, 0xff,
    0x45, 0xff, 0xd0, 0x0, 0x0, 0xcf, 0xf6, 0x4f,
    0xff, 0x0, 0x0, 0xe, 0xff, 0x40, 0xef, 0xf8,
    0x0, 0x7, 0xff, 0xf1, 0x7, 0xff, 0xfc, 0x9c,
    0xff, 0xf8, 0x0, 0x9, 0xff, 0xff, 0xff, 0xfa,
    0x0, 0x0, 0x4, 0xae, 0xfe, 0xb4, 0x0, 0x0,

    /* U+043F "п" */
    0x8f, 0xff, 0xff, 0xff, 0xff, 0xf3, 0x8f, 0xff,
    0xff, 0xff, 0xff, 0xf3, 0x8f, 0xfd, 0x99, 0x99,
    0xff, 0xf3, 0x8f, 0xf9, 0x0, 0x0, 0xef, 0xf3,
    0x8f, 0xf9, 0x0, 0x0, 0xef, 0xf3, 0x8f, 0xf9,
    0x0, 0x0, 0xef, 0xf3, 0x8f, 0xf9, 0x0, 0x0,
    0xef, 0xf3, 0x8f, 0xf9, 0x0, 0x0, 0xef, 0xf3,
    0x8f, 0xf9, 0x0, 0x0, 0xef, 0xf3, 0x8f, 0xf9,
    0x0, 0x0, 0xef, 0xf3, 0x8f, 0xf9, 0x0, 0x0,
    0xef, 0xf3,

    /* U+0440 "р" */
    0x8f, 0xf7, 0x7d, 0xfe, 0xb4, 0x0, 0x8, 0xff,
    0xff, 0xff, 0xff, 0xf9, 0x0, 0x8f, 0xff, 0xf9,
    0x7b, 0xff, 0xf5, 0x8, 0xff, 0xf3, 0x0, 0x9,
    0xff, 0xd0, 0x8f, 0xfb, 0x0, 0x0, 0x1f, 0xff,
    0x18, 0xff, 0x90, 0x0, 0x0, 0xff, 0xf2, 0x8f,
    0xfc, 0x0, 0x0, 0x2f, 0xff, 0x18, 0xff, 0xf5,
    0x0, 0xb, 0xff, 0xd0, 0x8f, 0xff, 0xfb, 0xad,
    0xff, 0xf6, 0x8, 0xff, 0xff, 0xff, 0xff, 0xf9,
    0x0, 0x8f, 0xf9, 0x6d, 0xfe, 0xb5, 0x0, 0x8,
    0xff, 0x90, 0x0, 0x0, 0x0, 0x0, 0x8f, 0xf9,
    0x0, 0x0, 0x0, 0x0, 0x8, 0xff, 0x90, 0x0,
    0x0, 0x0, 0x0, 0x8f, 0xf9, 0x0, 0x0, 0x0,
    0x0, 0x0,

    /* U+0441 "с" */
    0x0, 0x3, 0xae, 0xfe, 0xb4, 0x0, 0x0, 0x8f,
    0xff, 0xff, 0xff, 0x80, 0x7, 0xff, 0xfd, 0x9c,
    0xff, 0xf3, 0xe, 0xff, 0x80, 0x0, 0x6c, 0x30,
    0x4f, 0xff, 0x0, 0x0, 0x0, 0x0, 0x5f, 0xfd,
    0x0, 0x0, 0x0, 0x0, 0x4f, 0xff, 0x0, 0x0,
    0x0, 0x0, 0xe, 0xff, 0x80, 0x0, 0x6c, 0x30,
    0x7, 0xff, 0xfd, 0x9c, 0xff, 0xf3, 0x0, 0x9f,
    0xff, 0xff, 0xff, 0x80, 0x0, 0x4, 0xae, 0xfe,
    0xb4, 0x0,

    /* U+0442 "т" */
    0xdf, 0xff, 0xff, 0xff, 0xff, 0x8d, 0xff, 0xff,
    0xff, 0xff, 0xf8, 0x79, 0x9a, 0xff, 0xf9, 0x99,
    0x50, 0x0, 0x3f, 0xfe, 0x0, 0x0, 0x0, 0x3,
    0xff, 0xe0, 0x0, 0x0, 0x0, 0x3f, 0xfe, 0x0,
    0x0, 0x0, 0x3, 0xff, 0xe0, 0x0, 0x0, 0x0,
    0x3f, 0xfe, 0x0, 0x0, 0x0, 0x3, 0xff, 0xe0,
    0x0, 0x0, 0x0, 0x3f, 0xfe, 0x0, 0x0, 0x0,
    0x3, 0xff, 0xe0, 0x0, 0x0,

    /* U+0443 "у" */
    0xc, 0xff, 0x60, 0x0, 0x0, 0xef, 0xf1, 0x5,
    0xff, 0xd0, 0x0, 0x5, 0xff, 0xa0, 0x0, 0xef,
    0xf3, 0x0, 0xb, 0xff, 0x30, 0x0, 0x8f, 0xfa,
    0x0, 0x2f, 0xfc, 0x0, 0x0, 0x1f, 0xff, 0x10,
    0x9f, 0xf6, 0x0, 0x0, 0xa, 0xff, 0x70, 0xef,
    0xe0, 0x0, 0x0, 0x4, 0xff, 0xd6, 0xff, 0x80,
    0x0, 0x0, 0x0, 0xdf, 0xfe, 0xff, 0x20, 0x0,
    0x0, 0x0, 0x6f, 0xff, 0xfb, 0x0, 0x0, 0x0,
    0x0, 0xe, 0xff, 0xf4, 0x0, 0x0, 0x0, 0x0,
    0x8, 0xff, 0xd0, 0x0, 0x0, 0x0, 0x0, 0x9,
    0xff, 0x70, 0x0, 0x0, 0x4, 0xe9, 0xaf, 0xfe,
    0x0, 0x0, 0x0, 0xc, 0xff, 0xff, 0xf5, 0x0,
    0x0, 0x0, 0x5, 0xce, 0xeb, 0x40, 0x0, 0x0,
    0x0,

    /* U+0444 "ф" */
    0x0, 0x0, 0x0, 0xc, 0xdc, 0x0, 0x0, 0x0,
    0x0, 0x0, 0x0, 0x0, 0xff, 0xe0, 0x0, 0x0,
    0x0, 0x0, 0x0, 0x0, 0xf, 0xfe, 0x0, 0x0,
    0x0, 0x0, 0x0, 0x0, 0x0, 0xff, 0xe0, 0x0,
    0x0, 0x0, 0x0, 0x4, 0xae, 0xff, 0xff, 0xfd,
    0x92, 0x0, 0x0, 0xb, 0xff, 0xff, 0xff, 0xff,
    0xff, 0xf8, 0x0, 0x9, 0xff, 0xfc, 0x7f, 0xff,
    0x8c, 0xff, 0xf7, 0x1, 0xff, 0xf6, 0x0, 0xff,
    0xe0, 0x6, 0xff, 0xf0, 0x4f, 0xfd, 0x0, 0xf,
    0xfe, 0x0, 0xd, 0xff, 0x45, 0xff, 0xa0, 0x0,
    0xff, 0xe0, 0x0, 0xaf, 0xf5, 0x4f, 0xfc, 0x0,
    0xf, 0xfe, 0x0, 0xc, 0xff, 0x40, 0xff, 0xf5,
    0x0, 0xff, 0xe0, 0x5, 0xff, 0xf0, 0x8, 0xff,
    0xfa, 0x5f, 0xff, 0x5a, 0xff, 0xf8, 0x0, 0xa,
    0xff, 0xff, 0xff, 0xff, 0xff, 0xfa, 0x0, 0x0,
    0x5, 0xbf, 0xff, 0xff, 0xff, 0xb4, 0x0, 0x0,
    0x0, 0x0, 0x2, 0xff, 0xf2, 0x0, 0x0, 0x0,
    0x0, 0x0, 0x0, 0xf, 0xfe, 0x0, 0x0, 0x0,
    0x0, 0x0, 0x0, 0x0, 0xff, 0xe0, 0x0, 0x0,
    0x0, 0x0, 0x0, 0x0, 0xf, 0xfe, 0x0, 0x0,
    0x0, 0x0,

    /* U+0445 "х" */
    0x6f, 0xfe, 0x10, 0x1, 0xef, 0xf4, 0xb, 0xff,
    0xc0, 0xc, 0xff, 0x80, 0x1, 0xef, 0xf7, 0x8f,
    0xfc, 0x0, 0x0, 0x3f, 0xff, 0xff, 0xe1, 0x0,
    0x0, 0x7, 0xff, 0xff, 0x40, 0x0, 0x0, 0x0,
    0xff, 0xfd, 0x0, 0x0, 0x0, 0x9, 0xff, 0xff,
    0x70, 0x0, 0x0, 0x5f, 0xfe, 0xff, 0xf3, 0x0,
    0x2, 0xff, 0xf4, 0x7f, 0xfe, 0x10, 0xc, 0xff,
    0x80, 0xc, 0xff, 0xa0, 0x9f, 0xfc, 0x0, 0x2,
    0xff, 0xf6,

    /* U+0446 "ц" */
    0x8f, 0xf9, 0x0, 0x1, 0xff, 0xf1, 0x8, 0xff,
    0x90, 0x0, 0x1f, 0xff, 0x10, 0x8f, 0xf9, 0x0,
    0x1, 0xff, 0xf1, 0x8, 0xff, 0x90, 0x0, 0x1f,
    0xff, 0x10, 0x8f, 0xf9, 0x0, 0x1, 0xff, 0xf1,
    0x8, 0xff, 0x90, 0x0, 0x1f, 0xff, 0x10, 0x8f,
    0xf9, 0x0, 0x1, 0xff, 0xf1, 0x8, 0xff, 0x90,
    0x0, 0x1f, 0xff, 0x10, 0x8f, 0xfd, 0x99, 0x99,
    0xff, 0xf9, 0x58, 0xff, 0xff, 0xff, 0xff, 0xff,
    0xfa, 0x8f, 0xff, 0xff, 0xff, 0xff, 0xff, 0xa0,
    0x0, 0x0, 0x0, 0x0, 0x4f, 0xfa, 0x0, 0x0,
    0x0, 0x0, 0x4, 0xff, 0xa0, 0x0, 0x0, 0x0,
    0x0, 0x15, 0x53,

    /* U+0447 "ч" */
    0x5f, 0xfc, 0x0, 0x0, 0xff, 0xf3, 0x5f, 0xfc,
    0x0, 0x0, 0xff, 0xf3, 0x5f, 0xfc, 0x0, 0x0,
    0xff, 0xf3, 0x5f, 0xfd, 0x0, 0x0, 0xff, 0xf3,
    0x3f, 0xff, 0x50, 0x15, 0xff, 0xf3, 0xe, 0xff,
    0xff, 0xff, 0xff, 0xf3, 0x3, 0xdf, 0xff, 0xfe,
    0xff, 0xf3, 0x0, 0x3, 0x55, 0x30, 0xff, 0xf3,
    0x0, 0x0, 0x0, 0x0, 0xff, 0xf3, 0x0, 0x0,
    0x0, 0x0, 0xff, 0xf3, 0x0, 0x0, 0x0, 0x0,
    0xff, 0xf3,

    /* U+0448 "ш" */
    0x8f, 0xf9, 0x0, 0xd, 0xff, 0x40, 0x3, 0xff,
    0xe8, 0xff, 0x90, 0x0, 0xdf, 0xf4, 0x0, 0x3f,
    0xfe, 0x8f, 0xf9, 0x0, 0xd, 0xff, 0x40, 0x3,
    0xff, 0xe8, 0xff, 0x90, 0x0, 0xdf, 0xf4, 0x0,
    0x3f, 0xfe, 0x8f, 0xf9, 0x0, 0xd, 0xff, 0x40,
    0x3, 0xff, 0xe8, 0xff, 0x90, 0x0, 0xdf, 0xf4,
    0x0, 0x3f, 0xfe, 0x8f, 0xf9, 0x0, 0xd, 0xff,
    0x40, 0x3, 0xff, 0xe8, 0xff, 0x90, 0x0, 0xdf,
    0xf4, 0x0, 0x3f, 0xfe, 0x8f, 0xfd, 0x99, 0x9e,
    0xff, 0xb9, 0x9a, 0xff, 0xe8, 0xff, 0xff, 0xff,
    0xff, 0xff, 0xff, 0xff, 0xfe, 0x8f, 0xff, 0xff,
    0xff, 0xff, 0xff, 0xff, 0xff, 0xe0,

    /* U+0449 "щ" */
    0x8f, 0xf9, 0x0, 0xd, 0xff, 0x40, 0x3, 0xff,
    0xe0, 0x8, 0xff, 0x90, 0x0, 0xdf, 0xf4, 0x0,
    0x3f, 0xfe, 0x0, 0x8f, 0xf9, 0x0, 0xd, 0xff,
    0x40, 0x3, 0xff, 0xe0, 0x8, 0xff, 0x90, 0x0,
    0xdf, 0xf4, 0x0, 0x3f, 0xfe, 0x0, 0x8f, 0xf9,
    0x0, 0xd, 0xff, 0x40, 0x3, 0xff, 0xe0, 0x8,
    0xff, 0x90, 0x0, 0xdf, 0xf4, 0x0, 0x3f, 0xfe,
    0x0, 0x8f, 0xf9, 0x0, 0xd, 0xff, 0x40, 0x3,
    0xff, 0xe0, 0x8, 0xff, 0x90, 0x0, 0xdf, 0xf4,
    0x0, 0x3f, 0xfe, 0x0, 0x8f, 0xfd, 0x99, 0x9e,
    0xff, 0xb9, 0x9c, 0xff, 0xf9, 0x38, 0xff, 0xff,
    0xff, 0xff, 0xff, 0xff, 0xff, 0xff, 0xf6, 0x8f,
    0xff, 0xff, 0xff, 0xff, 0xff, 0xff, 0xff, 0xff,
    0x60, 0x0, 0x0, 0x0, 0x0, 0x0, 0x0, 0x0,
    0x7f, 0xf6, 0x0, 0x0, 0x0, 0x0, 0x0, 0x0,
    0x0, 0x7, 0xff, 0x60,

    /* U+044A "ъ" */
    0xdf, 0xff, 0xff, 0x60, 0x0, 0x0, 0x0, 0xdf,
    0xff, 0xff, 0x60, 0x0, 0x0, 0x0, 0x79, 0x9e,
    0xff, 0x60, 0x0, 0x0, 0x0, 0x0, 0xb, 0xff,
    0x60, 0x0, 0x0, 0x0, 0x0, 0xb, 0xff, 0xff,
    0xff, 0xd6, 0x0, 0x0, 0xb, 0xff, 0xff, 0xff,
    0xff, 0xa0, 0x0, 0xb, 0xff, 0x60, 0x6, 0xff,
    0xf1, 0x0, 0xb, 0xff, 0x60, 0x0, 0xff, 0xf2,
    0x0, 0xb, 0xff, 0x83, 0x39, 0xff, 0xf0, 0x0,
    0xb, 0xff, 0xff, 0xff, 0xff, 0x70, 0x0, 0xb,
    0xff, 0xff, 0xfe, 0xb4, 0x0,

    /* U+044B "ы" */
    0x8f, 0xf9, 0x0, 0x0, 0x0, 0x6, 0xff, 0xb8,
    0xff, 0x90, 0x0, 0x0, 0x0, 0x6f, 0xfb, 0x8f,
    0xf9, 0x0, 0x0, 0x0, 0x6, 0xff, 0xb8, 0xff,
    0x90, 0x0, 0x0, 0x0, 0x6f, 0xfb, 0x8f, 0xff,
    0xff, 0xfe, 0x91, 0x6, 0xff, 0xb8, 0xff, 0xff,
    0xff, 0xff, 0xd0, 0x6f, 0xfb, 0x8f, 0xf9, 0x0,
    0x3e, 0xff, 0x46, 0xff, 0xb8, 0xff, 0x90, 0x0,
    0xbf, 0xf6, 0x6f, 0xfb, 0x8f, 0xfa, 0x33, 0x7f,
    0xff, 0x36, 0xff, 0xb8, 0xff, 0xff, 0xff, 0xff,
    0xb0, 0x6f, 0xfb, 0x8f, 0xff, 0xff, 0xfc, 0x70,
    0x6, 0xff, 0xb0,

    /* U+044C "ь" */
    0x8f, 0xf9, 0x0, 0x0, 0x0, 0x8, 0xff, 0x90,
    0x0, 0x0, 0x0, 0x8f, 0xf9, 0x0, 0x0, 0x0,
    0x8, 0xff, 0x90, 0x0, 0x0, 0x0, 0x8f, 0xff,
    0xff, 0xfe, 0xa2, 0x8, 0xff, 0xff, 0xff, 0xff,
    0xf2, 0x8f, 0xf9, 0x0, 0x2d, 0xff, 0x88, 0xff,
    0x90, 0x0, 0x9f, 0xfa, 0x8f, 0xfa, 0x33, 0x5e,
    0xff, 0x78, 0xff, 0xff, 0xff, 0xff, 0xd1, 0x8f,
    0xff, 0xff, 0xed, 0x71, 0x0,

    /* U+044D "э" */
    0x1, 0x8d, 0xff, 0xd9, 0x20, 0x0, 0x3e, 0xff,
    0xff, 0xff, 0xf6, 0x0, 0x3e, 0xfa, 0x77, 0xaf,
    0xff, 0x40, 0x1, 0x20, 0x0, 0x4, 0xff, 0xc0,
    0x0, 0x5, 0xff, 0xff, 0xff, 0xf0, 0x0, 0x5,
    0xff, 0xff, 0xff, 0xf2, 0x0, 0x0, 0x22, 0x23,
    0xff, 0xf0, 0x4, 0x60, 0x0, 0x9, 0xff, 0xc0,
    0x4f, 0xfc, 0x77, 0xcf, 0xff, 0x40, 0x3e, 0xff,
    0xff, 0xff, 0xf6, 0x0, 0x1, 0x8d, 0xff, 0xd9,
    0x20, 0x0,

    /* U+044E "ю" */
    0x8f, 0xf9, 0x0, 0x2, 0x9e, 0xfe, 0xb4, 0x0,
    0x8, 0xff, 0x90, 0x6, 0xff, 0xff, 0xff, 0xfa,
    0x0, 0x8f, 0xf9, 0x3, 0xff, 0xfc, 0x79, 0xff,
    0xf8, 0x8, 0xff, 0x90, 0xbf, 0xfa, 0x0, 0x4,
    0xff, 0xf0, 0x8f, 0xff, 0xff, 0xff, 0x20, 0x0,
    0xd, 0xff, 0x48, 0xff, 0xff, 0xff, 0xf0, 0x0,
    0x0, 0xbf, 0xf6, 0x8f, 0xfe, 0xbf, 0xff, 0x30,
    0x0, 0xd, 0xff, 0x48, 0xff, 0x90, 0xaf, 0xfb,
    0x0, 0x6, 0xff, 0xf1, 0x8f, 0xf9, 0x2, 0xff,
    0xfd, 0xac, 0xff, 0xf8, 0x8, 0xff, 0x90, 0x5,
    0xff, 0xff, 0xff, 0xfa, 0x0, 0x8f, 0xf9, 0x0,
    0x2, 0x9e, 0xfe, 0xb5, 0x0, 0x0,

    /* U+044F "я" */
    0x0, 0x29, 0xdf, 0xff, 0xff, 0xf1, 0x4, 0xff,
    0xff, 0xff, 0xff, 0xf1, 0xe, 0xff, 0xe9, 0x99,
    0xef, 0xf1, 0x2f, 0xff, 0x20, 0x0, 0xbf, 0xf1,
    0x2f, 0xff, 0x0, 0x0, 0xbf, 0xf1, 0xe, 0xff,
    0x92, 0x11, 0xbf, 0xf1, 0x6, 0xff, 0xff, 0xff,
    0xff, 0xf1, 0x0, 0x4f, 0xff, 0xff, 0xff, 0xf1,
    0x0, 0x9f, 0xfa, 0x0, 0xbf, 0xf1, 0x4, 0xff,
    0xe1, 0x0, 0xbf, 0xf1, 0x1e, 0xff, 0x40, 0x0,
    0xbf, 0xf1,

    /* U+0450 "ѐ" */
    0x0, 0x58, 0x85, 0x0, 0x0, 0x0, 0x0, 0xa,
    0xff, 0x50, 0x0, 0x0, 0x0, 0x0, 0x8f, 0xf4,
    0x0, 0x0, 0x0, 0x0, 0x4, 0x87, 0x0, 0x0,
    0x0, 0x0, 0x0, 0x0, 0x0, 0x0, 0x0, 0x4,
    0xbe, 0xfd, 0x92, 0x0, 0x0, 0x9f, 0xff, 0xff,
    0xff, 0x60, 0x7, 0xff, 0xe8, 0x69, 0xff, 0xf3,
    0xf, 0xff, 0x10, 0x0, 0x5f, 0xfa, 0x4f, 0xff,
    0xdd, 0xdd, 0xdf, 0xfd, 0x5f, 0xff, 0xff, 0xff,
    0xff, 0xfe, 0x4f, 0xfe, 0x0, 0x0, 0x0, 0x0,
    0xe, 0xff, 0x80, 0x0, 0x7, 0x0, 0x7, 0xff,
    0xfd, 0x99, 0xef, 0x90, 0x0, 0x8f, 0xff, 0xff,
    0xff, 0xd0, 0x0, 0x3, 0xad, 0xff, 0xc7, 0x0,

    /* U+0451 "ё" */
    0x0, 0xb, 0xe4, 0xa, 0xf5, 0x0, 0x0, 0x1f,
    0xf9, 0xf, 0xfa, 0x0, 0x0, 0x7, 0xb2, 0x7,
    0xb3, 0x0, 0x0, 0x0, 0x0, 0x0, 0x0, 0x0,
    0x0, 0x4, 0xbe, 0xfd, 0x92, 0x0, 0x0, 0x9f,
    0xff, 0xff, 0xff, 0x60, 0x7, 0xff, 0xe8, 0x69,
    0xff, 0xf3, 0xf, 0xff, 0x10, 0x0, 0x5f, 0xfa,
    0x4f, 0xff, 0xdd, 0xdd, 0xdf, 0xfd, 0x5f, 0xff,
    0xff, 0xff, 0xff, 0xfe, 0x4f, 0xfe, 0x0, 0x0,
    0x0, 0x0, 0xe, 0xff, 0x80, 0x0, 0x7, 0x0,
    0x7, 0xff, 0xfd, 0x99, 0xef, 0x90, 0x0, 0x8f,
    0xff, 0xff, 0xff, 0xd0, 0x0, 0x3, 0xad, 0xff,
    0xc7, 0x0,

    /* U+0452 "ђ" */
    0x0, 0x8f, 0xf7, 0x0, 0x0, 0x0, 0x0, 0x6f,
    0xff, 0xff, 0xff, 0xff, 0x0, 0x0, 0x5d, 0xef,
    0xfe, 0xdd, 0xdd, 0x0, 0x0, 0x0, 0x8f, 0xf7,
    0x0, 0x0, 0x0, 0x0, 0x0, 0x8f, 0xf7, 0x5c,
    0xff, 0xc5, 0x0, 0x0, 0x8f, 0xfe, 0xff, 0xff,
    0xff, 0x70, 0x0, 0x8f, 0xff, 0xfd, 0xcf, 0xff,
    0xf1, 0x0, 0x8f, 0xff, 0x60, 0x3, 0xff, 0xf5,
    0x0, 0x8f, 0xfc, 0x0, 0x0, 0xbf, 0xf7, 0x0,
    0x8f, 0xfa, 0x0, 0x0, 0xaf, 0xf7, 0x0, 0x8f,
    0xfa, 0x0, 0x0, 0xaf, 0xf7, 0x0, 0x8f, 0xfa,
    0x0, 0x0, 0xaf, 0xf7, 0x0, 0x8f, 0xfa, 0x0,
    0x0, 0xaf, 0xf7, 0x0, 0x8f, 0xfa, 0x0, 0x0,
    0xaf, 0xf7, 0x0, 0x8f, 0xfa, 0x0, 0x0, 0xaf,
    0xf7, 0x0, 0x0, 0x0, 0x0, 0x0, 0xbf, 0xf7,
    0x0, 0x0, 0x0, 0x5, 0x99, 0xff, 0xf3, 0x0,
    0x0, 0x0, 0xb, 0xff, 0xff, 0xb0, 0x0, 0x0,
    0x0, 0x9, 0xef, 0xe8, 0x0,

    /* U+0453 "ѓ" */
    0x0, 0x0, 0xb, 0xff, 0x70, 0x0, 0x0, 0xaf,
    0xf5, 0x0, 0x0, 0x8, 0xfe, 0x20, 0x0, 0x0,
    0x0, 0x0, 0x0, 0x0, 0x8f, 0xff, 0xff, 0xff,
    0xf2, 0x8f, 0xff, 0xff, 0xff, 0xf2, 0x8f, 0xfd,
    0x99, 0x99, 0x91, 0x8f, 0xf9, 0x0, 0x0, 0x0,
    0x8f, 0xf9, 0x0, 0x0, 0x0, 0x8f, 0xf9, 0x0,
    0x0, 0x0, 0x8f, 0xf9, 0x0, 0x0, 0x0, 0x8f,
    0xf9, 0x0, 0x0, 0x0, 0x8f, 0xf9, 0x0, 0x0,
    0x0, 0x8f, 0xf9, 0x0, 0x0, 0x0, 0x8f, 0xf9,
    0x0, 0x0, 0x0,

    /* U+0454 "є" */
    0x0, 0x3, 0xad, 0xfe, 0xc7, 0x0, 0x0, 0x8f,
    0xff, 0xff, 0xff, 0xd2, 0x6, 0xff, 0xf9, 0x78,
    0xbf, 0xc1, 0xe, 0xfe, 0x10, 0x0, 0x2, 0x0,
    0x3f, 0xff, 0xff, 0xff, 0x30, 0x0, 0x5f, 0xff,
    0xff, 0xff, 0x30, 0x0, 0x3f, 0xfe, 0x22, 0x22,
    0x0, 0x0, 0xe, 0xff, 0x60, 0x0, 0x9, 0x30,
    0x6, 0xff, 0xfb, 0x78, 0xdf, 0xe2, 0x0, 0x8f,
    0xff, 0xff, 0xff, 0xd2, 0x0, 0x3, 0xae, 0xfe,
    0xc7, 0x0,

    /* U+0455 "ѕ" */
    0x0, 0x3a, 0xef, 0xed, 0xa4, 0x0, 0x5f, 0xff,
    0xff, 0xff, 0xc0, 0xe, 0xff, 0xa6, 0x79, 0xe4,
    0x1, 0xff, 0xf0, 0x0, 0x0, 0x0, 0xe, 0xff,
    0xea, 0x74, 0x0, 0x0, 0x4e, 0xff, 0xff, 0xff,
    0x60, 0x0, 0x4, 0x8b, 0xef, 0xff, 0x20, 0x20,
    0x0, 0x0, 0xbf, 0xf5, 0xb, 0xea, 0x76, 0x8f,
    0xff, 0x32, 0xff, 0xff, 0xff, 0xff, 0x90, 0x4,
    0x9d, 0xff, 0xeb, 0x50, 0x0,

    /* U+0456 "і" */
    0x4e, 0xe6, 0xcf, 0xff, 0xaf, 0xfc, 0x6, 0x71,
    0x0, 0x0, 0x8f, 0xf9, 0x8f, 0xf9, 0x8f, 0xf9,
    0x8f, 0xf9, 0x8f, 0xf9, 0x8f, 0xf9, 0x8f, 0xf9,
    0x8f, 0xf9, 0x8f, 0xf9, 0x8f, 0xf9, 0x8f, 0xf9,

    /* U+0457 "ї" */
    0x9f, 0x55, 0xf8, 0xef, 0xaa, 0xfe, 0x5b, 0x23,
    0xb5, 0x0, 0x0, 0x0, 0x9, 0xff, 0x90, 0x9,
    0xff, 0x90, 0x9, 0xff, 0x90, 0x9, 0xff, 0x90,
    0x9, 0xff, 0x90, 0x9, 0xff, 0x90, 0x9, 0xff,
    0x90, 0x9, 0xff, 0x90, 0x9, 0xff, 0x90, 0x9,
    0xff, 0x90, 0x9, 0xff, 0x90,

    /* U+0458 "ј" */
    0x0, 0x4, 0xee, 0x60, 0x0, 0xcf, 0xff, 0x0,
    0xa, 0xff, 0xc0, 0x0, 0x6, 0x71, 0x0, 0x0,
    0x0, 0x0, 0x0, 0x7f, 0xfa, 0x0, 0x7, 0xff,
    0xa0, 0x0, 0x7f, 0xfa, 0x0, 0x7, 0xff, 0xa0,
    0x0, 0x7f, 0xfa, 0x0, 0x7, 0xff, 0xa0, 0x0,
    0x7f, 0xfa, 0x0, 0x7, 0xff, 0xa0, 0x0, 0x7f,
    0xfa, 0x0, 0x7, 0xff, 0xa0, 0x0, 0x7f, 0xfa,
    0x0, 0x9, 0xff, 0x93, 0xa8, 0xff, 0xf6, 0x9f,
    0xff, 0xfd, 0x8, 0xef, 0xe9, 0x10,

    /* U+0459 "љ" */
    0x0, 0x6f, 0xff, 0xff, 0xff, 0xff, 0x0, 0x0,
    0x0, 0x0, 0x7, 0xff, 0xff, 0xff, 0xff, 0xf0,
    0x0, 0x0, 0x0, 0x0, 0x7f, 0xfb, 0x99, 0xff,
    0xff, 0x0, 0x0, 0x0, 0x0, 0x8, 0xff, 0x40,
    0x9, 0xff, 0xff, 0xff, 0xea, 0x20, 0x0, 0x9f,
    0xf3, 0x0, 0x9f, 0xff, 0xff, 0xff, 0xff, 0x20,
    0xa, 0xff, 0x20, 0x9, 0xff, 0xf0, 0x2, 0xcf,
    0xfa, 0x0, 0xcf, 0xf0, 0x0, 0x9f, 0xff, 0x0,
    0x5, 0xff, 0xd0, 0x2f, 0xfd, 0x0, 0x9, 0xff,
    0xf0, 0x0, 0x7f, 0xfc, 0x9f, 0xff, 0x90, 0x0,
    0x9f, 0xff, 0x66, 0x8f, 0xff, 0x9c, 0xff, 0xf3,
    0x0, 0x9, 0xff, 0xff, 0xff, 0xff, 0xe1, 0xbf,
    0xd5, 0x0, 0x0, 0x9f, 0xff, 0xff, 0xfd, 0x91,
    0x0,

    /* U+045A "њ" */
    0x8f, 0xf9, 0x0, 0x0, 0xef, 0xf3, 0x0, 0x0,
    0x0, 0x8, 0xff, 0x90, 0x0, 0xe, 0xff, 0x30,
    0x0, 0x0, 0x0, 0x8f, 0xf9, 0x0, 0x0, 0xef,
    0xf3, 0x0, 0x0, 0x0, 0x8, 0xff, 0x90, 0x0,
    0xe, 0xff, 0x30, 0x0, 0x0, 0x0, 0x8f, 0xff,
    0xff, 0xff, 0xff, 0xff, 0xff, 0xec, 0x50, 0x8,
    0xff, 0xff, 0xff, 0xff, 0xff, 0xff, 0xff, 0xff,
    0x70, 0x8f, 0xfd, 0x99, 0x99, 0xff, 0xf5, 0x33,
    0xaf, 0xff, 0x8, 0xff, 0x90, 0x0, 0xe, 0xff,
    0x30, 0x2, 0xff, 0xf0, 0x8f, 0xf9, 0x0, 0x0,
    0xef, 0xf5, 0x23, 0xaf, 0xfd, 0x8, 0xff, 0x90,
    0x0, 0xe, 0xff, 0xff, 0xff, 0xff, 0x50, 0x8f,
    0xf9, 0x0, 0x0, 0xef, 0xff, 0xff, 0xda, 0x30,
    0x0,

    /* U+045B "ћ" */
    0x0, 0x7f, 0xf9, 0x0, 0x0, 0x0, 0x0, 0xef,
    0xff, 0xff, 0xff, 0xfc, 0x0, 0x0, 0x9a, 0xdf,
    0xfe, 0xaa, 0xa8, 0x0, 0x0, 0x0, 0x8f, 0xfa,
    0x0, 0x0, 0x0, 0x0, 0x0, 0x8f, 0xfa, 0x5c,
    0xff, 0xc5, 0x0, 0x0, 0x8f, 0xff, 0xff, 0xff,
    0xff, 0x70, 0x0, 0x8f, 0xff, 0xfd, 0xcf, 0xff,
    0xf1, 0x0, 0x8f, 0xff, 0x60, 0x3, 0xff, 0xf5,
    0x0, 0x8f, 0xfc, 0x0, 0x0, 0xbf, 0xf7, 0x0,
    0x8f, 0xfa, 0x0, 0x0, 0xaf, 0xf7, 0x0, 0x8f,
    0xfa, 0x0, 0x0, 0xaf, 0xf7, 0x0, 0x8f, 0xfa,
    0x0, 0x0, 0xaf, 0xf7, 0x0, 0x8f, 0xfa, 0x0,
    0x0, 0xaf, 0xf7, 0x0, 0x8f, 0xfa, 0x0, 0x0,
    0xaf, 0xf7, 0x0, 0x8f, 0xfa, 0x0, 0x0, 0xaf,
    0xf7,

    /* U+045C "ќ" */
    0x0, 0x0, 0x1, 0xdf, 0xf4, 0x0, 0x0, 0x0,
    0xc, 0xfd, 0x20, 0x0, 0x0, 0x0, 0xbf, 0xb1,
    0x0, 0x0, 0x0, 0x0, 0x0, 0x0, 0x0, 0x0,
    0x8f, 0xfa, 0x0, 0x2, 0xff, 0xf3, 0x8f, 0xfa,
    0x0, 0xc, 0xff, 0x80, 0x8f, 0xfa, 0x0, 0x6f,
    0xfc, 0x0, 0x8f, 0xfa, 0x1, 0xff, 0xf2, 0x0,
    0x8f, 0xfd, 0x8c, 0xff, 0x70, 0x0, 0x8f, 0xff,
    0xff, 0xfe, 0x0, 0x0, 0x8f, 0xff, 0xff, 0xff,
    0x80, 0x0, 0x8f, 0xfa, 0x6, 0xff, 0xf4, 0x0,
    0x8f, 0xfa, 0x0, 0xaf, 0xfe, 0x10, 0x8f, 0xfa,
    0x0, 0x1e, 0xff, 0xb0, 0x8f, 0xfa, 0x0, 0x3,
    0xff, 0xf6,

    /* U+045D "ѝ" */
    0x0, 0xbf, 0xf7, 0x0, 0x0, 0x0, 0x0, 0x8,
    0xff, 0x50, 0x0, 0x0, 0x0, 0x0, 0x5f, 0xf4,
    0x0, 0x0, 0x0, 0x0, 0x0, 0x0, 0x0, 0x0,
    0x8f, 0xf9, 0x0, 0x0, 0x8f, 0xfb, 0x8f, 0xf9,
    0x0, 0x5, 0xff, 0xfb, 0x8f, 0xf9, 0x0, 0x3f,
    0xff, 0xfb, 0x8f, 0xf9, 0x1, 0xef, 0xff, 0xfb,
    0x8f, 0xf9, 0xb, 0xff, 0xef, 0xfb, 0x8f, 0xf9,
    0x9f, 0xfb, 0x6f, 0xfb, 0x8f, 0xfe, 0xff, 0xe1,
    0x6f, 0xfb, 0x8f, 0xff, 0xff, 0x30, 0x6f, 0xfb,
    0x8f, 0xff, 0xf5, 0x0, 0x6f, 0xfb, 0x8f, 0xff,
    0x90, 0x0, 0x6f, 0xfb, 0x8f, 0xfc, 0x0, 0x0,
    0x6f, 0xfb,

    /* U+045E "ў" */
    0x0, 0x8, 0xfa, 0x1, 0xdf, 0x50, 0x0, 0x0,
    0x2, 0xff, 0xff, 0xfd, 0x10, 0x0, 0x0, 0x0,
    0x17, 0x99, 0x60, 0x0, 0x0, 0x0, 0x0, 0x0,
    0x0, 0x0, 0x0, 0x0, 0xc, 0xff, 0x60, 0x0,
    0x0, 0xef, 0xf1, 0x5, 0xff, 0xd0, 0x0, 0x5,
    0xff, 0xa0, 0x0, 0xef, 0xf3, 0x0, 0xb, 0xff,
    0x30, 0x0, 0x8f, 0xfa, 0x0, 0x2f, 0xfc, 0x0,
    0x0, 0x1f, 0xff, 0x10, 0x9f, 0xf6, 0x0, 0x0,
    0xa, 0xff, 0x70, 0xef, 0xe0, 0x0, 0x0, 0x4,
    0xff, 0xd6, 0xff, 0x80, 0x0, 0x0, 0x0, 0xdf,
    0xfe, 0xff, 0x20, 0x0, 0x0, 0x0, 0x6f, 0xff,
    0xfb, 0x0, 0x0, 0x0, 0x0, 0xe, 0xff, 0xf4,
    0x0, 0x0, 0x0, 0x0, 0x8, 0xff, 0xd0, 0x0,
    0x0, 0x0, 0x0, 0x9, 0xff, 0x70, 0x0, 0x0,
    0x4, 0xe9, 0xaf, 0xfe, 0x0, 0x0, 0x0, 0xc,
    0xff, 0xff, 0xf5, 0x0, 0x0, 0x0, 0x5, 0xce,
    0xeb, 0x40, 0x0, 0x0, 0x0,

    /* U+045F "џ" */
    0x8f, 0xf9, 0x0, 0x6, 0xff, 0xb8, 0xff, 0x90,
    0x0, 0x6f, 0xfb, 0x8f, 0xf9, 0x0, 0x6, 0xff,
    0xb8, 0xff, 0x90, 0x0, 0x6f, 0xfb, 0x8f, 0xf9,
    0x0, 0x6, 0xff, 0xb8, 0xff, 0x90, 0x0, 0x6f,
    0xfb, 0x8f, 0xf9, 0x0, 0x6, 0xff, 0xb8, 0xff,
    0x90, 0x0, 0x6f, 0xfb, 0x8f, 0xfd, 0x99, 0x9b,
    0xff, 0xb8, 0xff, 0xff, 0xff, 0xff, 0xfb, 0x8f,
    0xff, 0xff, 0xff, 0xff, 0xb0, 0x0, 0xd, 0xff,
    0x10, 0x0, 0x0, 0x0, 0xdf, 0xf1, 0x0, 0x0,
    0x0, 0x6, 0x88, 0x0, 0x0,

    /* U+2010 "‐" */
    0x78, 0x88, 0x85, 0xff, 0xff, 0xfb, 0xff, 0xff,
    0xfb,

    /* U+2012 "‒" */
    0x1f, 0xff, 0xff, 0xff, 0xff, 0xff, 0xf1, 0x2f,
    0xff, 0xff, 0xff, 0xff, 0xff, 0xf2,

    /* U+2013 "–" */
    0xff, 0xff, 0xff, 0xff, 0xff, 0xff, 0xff, 0xff,
    0xff, 0xff,

    /* U+2014 "—" */
    0xff, 0xff, 0xff, 0xff, 0xff, 0xff, 0xff, 0xff,
    0xff, 0xff, 0xff, 0xff, 0xff, 0xff, 0xff, 0xff,
    0xff, 0xff, 0xff, 0xff,

    /* U+2015 "―" */
    0xff, 0xff, 0xff, 0xff, 0xff, 0xff, 0xff, 0xff,
    0xff, 0xff, 0xff, 0xff, 0xff, 0xff, 0xff, 0xff,
    0xff, 0xff, 0xff, 0xff,

    /* U+2018 "‘" */
    0x0, 0xad, 0x30, 0x2f, 0xf0, 0x9, 0xfb, 0x0,
    0xef, 0xb0, 0x3f, 0xff, 0x73, 0xff, 0xf7, 0x9,
    0xfc, 0x10,

    /* U+2019 "’" */
    0x7, 0xc9, 0x2, 0xff, 0xf6, 0x3f, 0xff, 0x80,
    0x9f, 0xf4, 0x6, 0xfe, 0x0, 0xbf, 0x70, 0xf,
    0xf1, 0x0,

    /* U+201A "‚" */
    0x7, 0xc9, 0x2, 0xff, 0xf7, 0x3f, 0xff, 0x80,
    0x9f, 0xf3, 0x6, 0xfd, 0x0, 0xbf, 0x70, 0xf,
    0xf1, 0x0,

    /* U+201C "“" */
    0x0, 0xad, 0x30, 0x1d, 0xd0, 0x2, 0xff, 0x0,
    0x7f, 0xb0, 0x9, 0xfb, 0x0, 0xdf, 0x60, 0xe,
    0xfb, 0x3, 0xff, 0x70, 0x3f, 0xff, 0x78, 0xff,
    0xf2, 0x3f, 0xff, 0x78, 0xff, 0xf2, 0x9, 0xfc,
    0x11, 0xcf, 0x90,

    /* U+201D "”" */
    0x7, 0xc9, 0x0, 0x9c, 0x60, 0x2f, 0xff, 0x67,
    0xff, 0xf2, 0x3f, 0xff, 0x88, 0xff, 0xf3, 0x9,
    0xff, 0x41, 0xdf, 0xf0, 0x6, 0xfe, 0x0, 0xbf,
    0x90, 0xb, 0xf7, 0x0, 0xff, 0x30, 0xf, 0xf1,
    0x3, 0xfc, 0x0,

    /* U+201E "„" */
    0x7, 0xc9, 0x0, 0x9c, 0x70, 0x2f, 0xff, 0x77,
    0xff, 0xf2, 0x3f, 0xff, 0x88, 0xff, 0xf3, 0x9,
    0xff, 0x31, 0xdf, 0xe0, 0x6, 0xfd, 0x0, 0xbf,
    0x90, 0xb, 0xf7, 0x0, 0xff, 0x20, 0xf, 0xf1,
    0x3, 0xfc, 0x0,

    /* U+2020 "†" */
    0x0, 0x0, 0xaf, 0xf7, 0x0, 0x0, 0x0, 0x0,
    0xaf, 0xf7, 0x0, 0x0, 0x0, 0x0, 0xaf, 0xf7,
    0x0, 0x0, 0x0, 0x0, 0xaf, 0xf7, 0x0, 0x0,
    0x39, 0x99, 0xdf, 0xfc, 0x99, 0x92, 0x6f, 0xff,
    0xff, 0xff, 0xff, 0xf3, 0x6f, 0xff, 0xff, 0xff,
    0xff, 0xf3, 0x0, 0x0, 0xaf, 0xf7, 0x0, 0x0,
    0x0, 0x0, 0xaf, 0xf7, 0x0, 0x0, 0x0, 0x0,
    0xaf, 0xf7, 0x0, 0x0, 0x0, 0x0, 0xaf, 0xf7,
    0x0, 0x0, 0x0, 0x0, 0xaf, 0xf7, 0x0, 0x0,
    0x0, 0x0, 0xaf, 0xf7, 0x0, 0x0, 0x0, 0x0,
    0xaf, 0xf7, 0x0, 0x0, 0x0, 0x0, 0xaf, 0xf7,
    0x0, 0x0, 0x0, 0x0, 0xaf, 0xf7, 0x0, 0x0,
    0x0, 0x0, 0xaf, 0xf7, 0x0, 0x0, 0x0, 0x0,
    0xaf, 0xf7, 0x0, 0x0,

    /* U+2021 "‡" */
    0x0, 0x0, 0xaf, 0xf7, 0x0, 0x0, 0x0, 0x0,
    0xaf, 0xf7, 0x0, 0x0, 0x0, 0x0, 0xaf, 0xf7,
    0x0, 0x0, 0x0, 0x0, 0xaf, 0xf7, 0x0, 0x0,
    0x39, 0x99, 0xdf, 0xfc, 0x99, 0x92, 0x6f, 0xff,
    0xff, 0xff, 0xff, 0xf3, 0x6f, 0xff, 0xff, 0xff,
    0xff, 0xf3, 0x0, 0x0, 0xaf, 0xf7, 0x0, 0x0,
    0x0, 0x0, 0xaf, 0xf7, 0x0, 0x0, 0x0, 0x0,
    0xaf, 0xf7, 0x0, 0x0, 0x0, 0x0, 0xaf, 0xf7,
    0x0, 0x0, 0x39, 0x99, 0xdf, 0xfc, 0x99, 0x92,
    0x6f, 0xff, 0xff, 0xff, 0xff, 0xf3, 0x6f, 0xff,
    0xff, 0xff, 0xff, 0xf3, 0x0, 0x0, 0xaf, 0xf7,
    0x0, 0x0, 0x0, 0x0, 0xaf, 0xf7, 0x0, 0x0,
    0x0, 0x0, 0xaf, 0xf7, 0x0, 0x0, 0x0, 0x0,
    0xaf, 0xf7, 0x0, 0x0,

    /* U+2022 "•" */
    0x0, 0x0, 0x0, 0x1c, 0xfe, 0x20, 0xbf, 0xff,
    0xe0, 0xef, 0xff, 0xf0, 0xaf, 0xff, 0xd0, 0xb,
    0xfc, 0x10,

    /* U+2026 "…" */
    0x7, 0xda, 0x0, 0x4c, 0xc3, 0x1, 0xad, 0x70,
    0x3f, 0xff, 0x70, 0xdf, 0xfc, 0x8, 0xff, 0xf2,
    0x3f, 0xff, 0x70, 0xef, 0xfd, 0x8, 0xff, 0xf2,
    0x9, 0xfb, 0x10, 0x5e, 0xe4, 0x1, 0xcf, 0x80,

    /* U+20AC "€" */
    0x0, 0x0, 0x0, 0x49, 0xdf, 0xfe, 0xa4, 0x0,
    0x0, 0x0, 0x2c, 0xff, 0xff, 0xff, 0xff, 0xb1,
    0x0, 0x2, 0xef, 0xff, 0xfd, 0xce, 0xff, 0xf8,
    0x0, 0xb, 0xff, 0xf6, 0x0, 0x0, 0x2a, 0x60,
    0x4b, 0xbf, 0xff, 0xdb, 0xbb, 0xb4, 0x0, 0x0,
    0x6f, 0xff, 0xff, 0xff, 0xff, 0xf6, 0x0, 0x0,
    0x0, 0x7f, 0xfd, 0x0, 0x0, 0x0, 0x0, 0x0,
    0x4b, 0xdf, 0xff, 0xbb, 0xbb, 0xb4, 0x0, 0x0,
    0x6f, 0xff, 0xff, 0xff, 0xff, 0xf6, 0x0, 0x0,
    0x0, 0xe, 0xff, 0xa0, 0x0, 0x0, 0x2, 0x0,
    0x0, 0x7, 0xff, 0xfa, 0x10, 0x0, 0x5e, 0xb0,
    0x0, 0x0, 0xbf, 0xff, 0xfd, 0xce, 0xff, 0xf9,
    0x0, 0x0, 0x9, 0xff, 0xff, 0xff, 0xff, 0xb1,
    0x0, 0x0, 0x0, 0x29, 0xdf, 0xfd, 0xa4, 0x0
};


/*---------------------
 *  GLYPH DESCRIPTION
 *--------------------*/

static const lv_font_fmt_txt_glyph_dsc_t glyph_dsc[] = {
    {.bitmap_index = 0, .adv_w = 0, .box_w = 0, .box_h = 0, .ofs_x = 0, .ofs_y = 0} /* id = 0 reserved */,
    {.bitmap_index = 0, .adv_w = 91, .box_w = 0, .box_h = 0, .ofs_x = 0, .ofs_y = 0},
    {.bitmap_index = 0, .adv_w = 92, .box_w = 5, .box_h = 14, .ofs_x = 0, .ofs_y = 0},
    {.bitmap_index = 35, .adv_w = 140, .box_w = 8, .box_h = 6, .ofs_x = 0, .ofs_y = 8},
    {.bitmap_index = 59, .adv_w = 230, .box_w = 14, .box_h = 14, .ofs_x = 0, .ofs_y = 0},
    {.bitmap_index = 157, .adv_w = 204, .box_w = 13, .box_h = 19, .ofs_x = 0, .ofs_y = -2},
    {.bitmap_index = 281, .adv_w = 281, .box_w = 17, .box_h = 14, .ofs_x = 0, .ofs_y = 0},
    {.bitmap_index = 400, .adv_w = 233, .box_w = 15, .box_h = 14, .ofs_x = 0, .ofs_y = 0},
    {.bitmap_index = 505, .adv_w = 74, .box_w = 4, .box_h = 6, .ofs_x = 0, .ofs_y = 8},
    {.bitmap_index = 517, .adv_w = 114, .box_w = 6, .box_h = 19, .ofs_x = 1, .ofs_y = -4},
    {.bitmap_index = 574, .adv_w = 115, .box_w = 6, .box_h = 19, .ofs_x = 0, .ofs_y = -4},
    {.bitmap_index = 631, .adv_w = 139, .box_w = 9, .box_h = 8, .ofs_x = 0, .ofs_y = 7},
    {.bitmap_index = 667, .adv_w = 192, .box_w = 10, .box_h = 10, .ofs_x = 1, .ofs_y = 2},
    {.bitmap_index = 717, .adv_w = 84, .box_w = 5, .box_h = 7, .ofs_x = 0, .ofs_y = -3},
    {.bitmap_index = 735, .adv_w = 124, .box_w = 6, .box_h = 3, .ofs_x = 1, .ofs_y = 4},
    {.bitmap_index = 744, .adv_w = 84, .box_w = 5, .box_h = 4, .ofs_x = 0, .ofs_y = 0},
    {.bitmap_index = 754, .adv_w = 125, .box_w = 10, .box_h = 19, .ofs_x = -1, .ofs_y = -2},
    {.bitmap_index = 849, .adv_w = 217, .box_w = 13, .box_h = 14, .ofs_x = 0, .ofs_y = 0},
    {.bitmap_index = 940, .adv_w = 125, .box_w = 7, .box_h = 14, .ofs_x = 0, .ofs_y = 0},
    {.bitmap_index = 989, .adv_w = 189, .box_w = 12, .box_h = 14, .ofs_x = 0, .ofs_y = 0},
    {.bitmap_index = 1073, .adv_w = 189, .box_w = 13, .box_h = 14, .ofs_x = -1, .ofs_y = 0},
    {.bitmap_index = 1164, .adv_w = 220, .box_w = 14, .box_h = 14, .ofs_x = 0, .ofs_y = 0},
    {.bitmap_index = 1262, .adv_w = 190, .box_w = 12, .box_h = 14, .ofs_x = 0, .ofs_y = 0},
    {.bitmap_index = 1346, .adv_w = 204, .box_w = 13, .box_h = 14, .ofs_x = 0, .ofs_y = 0},
    {.bitmap_index = 1437, .adv_w = 198, .box_w = 12, .box_h = 14, .ofs_x = 0, .ofs_y = 0},
    {.bitmap_index = 1521, .adv_w = 211, .box_w = 13, .box_h = 14, .ofs_x = 0, .ofs_y = 0},
    {.bitmap_index = 1612, .adv_w = 204, .box_w = 12, .box_h = 14, .ofs_x = 0, .ofs_y = 0},
    {.bitmap_index = 1696, .adv_w = 84, .box_w = 5, .box_h = 11, .ofs_x = 0, .ofs_y = 0},
    {.bitmap_index = 1724, .adv_w = 84, .box_w = 5, .box_h = 14, .ofs_x = 0, .ofs_y = -3},
    {.bitmap_index = 1759, .adv_w = 192, .box_w = 10, .box_h = 10, .ofs_x = 1, .ofs_y = 2},
    {.bitmap_index = 1809, .adv_w = 192, .box_w = 10, .box_h = 8, .ofs_x = 1, .ofs_y = 3},
    {.bitmap_index = 1849, .adv_w = 192, .box_w = 10, .box_h = 10, .ofs_x = 1, .ofs_y = 2},
    {.bitmap_index = 1899, .adv_w = 188, .box_w = 12, .box_h = 14, .ofs_x = -1, .ofs_y = 0},
    {.bitmap_index = 1983, .adv_w = 331, .box_w = 20, .box_h = 18, .ofs_x = 0, .ofs_y = -4},
    {.bitmap_index = 2163, .adv_w = 245, .box_w = 17, .box_h = 14, .ofs_x = -1, .ofs_y = 0},
    {.bitmap_index = 2282, .adv_w = 245, .box_w = 14, .box_h = 14, .ofs_x = 1, .ofs_y = 0},
    {.bitmap_index = 2380, .adv_w = 232, .box_w = 15, .box_h = 14, .ofs_x = 0, .ofs_y = 0},
    {.bitmap_index = 2485, .adv_w = 264, .box_w = 15, .box_h = 14, .ofs_x = 1, .ofs_y = 0},
    {.bitmap_index = 2590, .adv_w = 215, .box_w = 12, .box_h = 14, .ofs_x = 1, .ofs_y = 0},
    {.bitmap_index = 2674, .adv_w = 204, .box_w = 12, .box_h = 14, .ofs_x = 1, .ofs_y = 0},
    {.bitmap_index = 2758, .adv_w = 247, .box_w = 15, .box_h = 14, .ofs_x = 0, .ofs_y = 0},
    {.bitmap_index = 2863, .adv_w = 259, .box_w = 14, .box_h = 14, .ofs_x = 1, .ofs_y = 0},
    {.bitmap_index = 2961, .adv_w = 105, .box_w = 4, .box_h = 14, .ofs_x = 1, .ofs_y = 0},
    {.bitmap_index = 2989, .adv_w = 173, .box_w = 11, .box_h = 14, .ofs_x = -1, .ofs_y = 0},
    {.bitmap_index = 3066, .adv_w = 237, .box_w = 15, .box_h = 14, .ofs_x = 1, .ofs_y = 0},
    {.bitmap_index = 3171, .adv_w = 193, .box_w = 11, .box_h = 14, .ofs_x = 1, .ofs_y = 0},
    {.bitmap_index = 3248, .adv_w = 306, .box_w = 17, .box_h = 14, .ofs_x = 1, .ofs_y = 0},
    {.bitmap_index = 3367, .adv_w = 259, .box_w = 14, .box_h = 14, .ofs_x = 1, .ofs_y = 0},
    {.bitmap_index = 3465, .adv_w = 270, .box_w = 17, .box_h = 14, .ofs_x = 0, .ofs_y = 0},
    {.bitmap_index = 3584, .adv_w = 234, .box_w = 13, .box_h = 14, .ofs_x = 1, .ofs_y = 0},
    {.bitmap_index = 3675, .adv_w = 270, .box_w = 17, .box_h = 18, .ofs_x = 0, .ofs_y = -4},
    {.bitmap_index = 3828, .adv_w = 235, .box_w = 14, .box_h = 14, .ofs_x = 1, .ofs_y = 0},
    {.bitmap_index = 3926, .adv_w = 204, .box_w = 13, .box_h = 14, .ofs_x = 0, .ofs_y = 0},
    {.bitmap_index = 4017, .adv_w = 198, .box_w = 13, .box_h = 14, .ofs_x = 0, .ofs_y = 0},
    {.bitmap_index = 4108, .adv_w = 252, .box_w = 14, .box_h = 14, .ofs_x = 1, .ofs_y = 0},
    {.bitmap_index = 4206, .adv_w = 239, .box_w = 17, .box_h = 14, .ofs_x = -1, .ofs_y = 0},
    {.bitmap_index = 4325, .adv_w = 372, .box_w = 23, .box_h = 14, .ofs_x = 0, .ofs_y = 0},
    {.bitmap_index = 4486, .adv_w = 228, .box_w = 15, .box_h = 14, .ofs_x = 0, .ofs_y = 0},
    {.bitmap_index = 4591, .adv_w = 216, .box_w = 15, .box_h = 14, .ofs_x = -1, .ofs_y = 0},
    {.bitmap_index = 4696, .adv_w = 215, .box_w = 13, .box_h = 14, .ofs_x = 0, .ofs_y = 0},
    {.bitmap_index = 4787, .adv_w = 118, .box_w = 7, .box_h = 19, .ofs_x = 1, .ofs_y = -4},
    {.bitmap_index = 4854, .adv_w = 125, .box_w = 10, .box_h = 19, .ofs_x = -1, .ofs_y = -2},
    {.bitmap_index = 4949, .adv_w = 118, .box_w = 6, .box_h = 19, .ofs_x = 0, .ofs_y = -4},
    {.bitmap_index = 5006, .adv_w = 192, .box_w = 10, .box_h = 9, .ofs_x = 1, .ofs_y = 3},
    {.bitmap_index = 5051, .adv_w = 160, .box_w = 10, .box_h = 2, .ofs_x = 0, .ofs_y = -2},
    {.bitmap_index = 5061, .adv_w = 192, .box_w = 7, .box_h = 3, .ofs_x = 1, .ofs_y = 12},
    {.bitmap_index = 5072, .adv_w = 197, .box_w = 11, .box_h = 11, .ofs_x = 0, .ofs_y = 0},
    {.bitmap_index = 5133, .adv_w = 221, .box_w = 13, .box_h = 16, .ofs_x = 1, .ofs_y = 0},
    {.bitmap_index = 5237, .adv_w = 189, .box_w = 12, .box_h = 11, .ofs_x = 0, .ofs_y = 0},
    {.bitmap_index = 5303, .adv_w = 221, .box_w = 13, .box_h = 16, .ofs_x = 0, .ofs_y = 0},
    {.bitmap_index = 5407, .adv_w = 202, .box_w = 12, .box_h = 11, .ofs_x = 0, .ofs_y = 0},
    {.bitmap_index = 5473, .adv_w = 124, .box_w = 9, .box_h = 15, .ofs_x = 0, .ofs_y = 0},
    {.bitmap_index = 5541, .adv_w = 224, .box_w = 13, .box_h = 15, .ofs_x = 0, .ofs_y = -4},
    {.bitmap_index = 5639, .adv_w = 221, .box_w = 12, .box_h = 15, .ofs_x = 1, .ofs_y = 0},
    {.bitmap_index = 5729, .adv_w = 96, .box_w = 4, .box_h = 16, .ofs_x = 1, .ofs_y = 0},
    {.bitmap_index = 5761, .adv_w = 98, .box_w = 8, .box_h = 20, .ofs_x = -2, .ofs_y = -4},
    {.bitmap_index = 5841, .adv_w = 210, .box_w = 13, .box_h = 15, .ofs_x = 1, .ofs_y = 0},
    {.bitmap_index = 5939, .adv_w = 96, .box_w = 4, .box_h = 15, .ofs_x = 1, .ofs_y = 0},
    {.bitmap_index = 5969, .adv_w = 336, .box_w = 19, .box_h = 11, .ofs_x = 1, .ofs_y = 0},
    {.bitmap_index = 6074, .adv_w = 221, .box_w = 12, .box_h = 11, .ofs_x = 1, .ofs_y = 0},
    {.bitmap_index = 6140, .adv_w = 210, .box_w = 13, .box_h = 11, .ofs_x = 0, .ofs_y = 0},
    {.bitmap_index = 6212, .adv_w = 221, .box_w = 13, .box_h = 15, .ofs_x = 1, .ofs_y = -4},
    {.bitmap_index = 6310, .adv_w = 221, .box_w = 13, .box_h = 15, .ofs_x = 0, .ofs_y = -4},
    {.bitmap_index = 6408, .adv_w = 138, .box_w = 8, .box_h = 11, .ofs_x = 1, .ofs_y = 0},
    {.bitmap_index = 6452, .adv_w = 170, .box_w = 11, .box_h = 11, .ofs_x = 0, .ofs_y = 0},
    {.bitmap_index = 6513, .adv_w = 139, .box_w = 9, .box_h = 14, .ofs_x = 0, .ofs_y = 0},
    {.bitmap_index = 6576, .adv_w = 220, .box_w = 12, .box_h = 11, .ofs_x = 1, .ofs_y = 0},
    {.bitmap_index = 6642, .adv_w = 191, .box_w = 14, .box_h = 11, .ofs_x = -1, .ofs_y = 0},
    {.bitmap_index = 6719, .adv_w = 300, .box_w = 19, .box_h = 11, .ofs_x = 0, .ofs_y = 0},
    {.bitmap_index = 6824, .adv_w = 190, .box_w = 12, .box_h = 11, .ofs_x = 0, .ofs_y = 0},
    {.bitmap_index = 6890, .adv_w = 191, .box_w = 14, .box_h = 15, .ofs_x = -1, .ofs_y = -4},
    {.bitmap_index = 6995, .adv_w = 174, .box_w = 11, .box_h = 11, .ofs_x = 0, .ofs_y = 0},
    {.bitmap_index = 7056, .adv_w = 125, .box_w = 7, .box_h = 19, .ofs_x = 1, .ofs_y = -4},
    {.bitmap_index = 7123, .adv_w = 99, .box_w = 4, .box_h = 19, .ofs_x = 1, .ofs_y = -4},
    {.bitmap_index = 7161, .adv_w = 125, .box_w = 7, .box_h = 19, .ofs_x = 0, .ofs_y = -4},
    {.bitmap_index = 7228, .adv_w = 192, .box_w = 10, .box_h = 4, .ofs_x = 1, .ofs_y = 5},
    {.bitmap_index = 7248, .adv_w = 91, .box_w = 0, .box_h = 0, .ofs_x = 0, .ofs_y = 0},
    {.bitmap_index = 7248, .adv_w = 92, .box_w = 5, .box_h = 15, .ofs_x = 0, .ofs_y = -4},
    {.bitmap_index = 7286, .adv_w = 189, .box_w = 12, .box_h = 16, .ofs_x = 0, .ofs_y = -2},
    {.bitmap_index = 7382, .adv_w = 214, .box_w = 14, .box_h = 14, .ofs_x = 0, .ofs_y = 0},
    {.bitmap_index = 7480, .adv_w = 224, .box_w = 14, .box_h = 14, .ofs_x = 0, .ofs_y = -1},
    {.bitmap_index = 7578, .adv_w = 236, .box_w = 17, .box_h = 14, .ofs_x = -1, .ofs_y = 0},
    {.bitmap_index = 7697, .adv_w = 99, .box_w = 4, .box_h = 19, .ofs_x = 1, .ofs_y = -4},
    {.bitmap_index = 7735, .adv_w = 167, .box_w = 11, .box_h = 17, .ofs_x = 0, .ofs_y = -3},
    {.bitmap_index = 7829, .adv_w = 192, .box_w = 8, .box_h = 3, .ofs_x = 2, .ofs_y = 12},
    {.bitmap_index = 7841, .adv_w = 251, .box_w = 15, .box_h = 16, .ofs_x = 0, .ofs_y = -1},
    {.bitmap_index = 7961, .adv_w = 132, .box_w = 8, .box_h = 8, .ofs_x = 0, .ofs_y = 7},
    {.bitmap_index = 7993, .adv_w = 182, .box_w = 11, .box_h = 8, .ofs_x = 0, .ofs_y = 1},
    {.bitmap_index = 8037, .adv_w = 192, .box_w = 10, .box_h = 7, .ofs_x = 1, .ofs_y = 2},
    {.bitmap_index = 8072, .adv_w = 251, .box_w = 15, .box_h = 16, .ofs_x = 0, .ofs_y = -1},
    {.bitmap_index = 8192, .adv_w = 192, .box_w = 8, .box_h = 2, .ofs_x = 2, .ofs_y = 13},
    {.bitmap_index = 8200, .adv_w = 134, .box_w = 8, .box_h = 7, .ofs_x = 0, .ofs_y = 7},
    {.bitmap_index = 8228, .adv_w = 192, .box_w = 10, .box_h = 13, .ofs_x = 1, .ofs_y = 0},
    {.bitmap_index = 8293, .adv_w = 138, .box_w = 8, .box_h = 8, .ofs_x = 0, .ofs_y = 7},
    {.bitmap_index = 8325, .adv_w = 138, .box_w = 8, .box_h = 8, .ofs_x = 0, .ofs_y = 7},
    {.bitmap_index = 8357, .adv_w = 192, .box_w = 7, .box_h = 3, .ofs_x = 4, .ofs_y = 12},
    {.bitmap_index = 8368, .adv_w = 221, .box_w = 12, .box_h = 15, .ofs_x = 1, .ofs_y = -4},
    {.bitmap_index = 8458, .adv_w = 220, .box_w = 13, .box_h = 18, .ofs_x = 0, .ofs_y = -2},
    {.bitmap_index = 8575, .adv_w = 97, .box_w = 4, .box_h = 4, .ofs_x = 1, .ofs_y = 4},
    {.bitmap_index = 8583, .adv_w = 192, .box_w = 6, .box_h = 6, .ofs_x = 3, .ofs_y = -5},
    {.bitmap_index = 8601, .adv_w = 138, .box_w = 7, .box_h = 8, .ofs_x = 1, .ofs_y = 7},
    {.bitmap_index = 8629, .adv_w = 137, .box_w = 9, .box_h = 7, .ofs_x = 0, .ofs_y = 8},
    {.bitmap_index = 8661, .adv_w = 182, .box_w = 11, .box_h = 8, .ofs_x = 0, .ofs_y = 1},
    {.bitmap_index = 8705, .adv_w = 334, .box_w = 20, .box_h = 14, .ofs_x = 1, .ofs_y = 0},
    {.bitmap_index = 8845, .adv_w = 334, .box_w = 20, .box_h = 14, .ofs_x = 1, .ofs_y = 0},
    {.bitmap_index = 8985, .adv_w = 334, .box_w = 21, .box_h = 14, .ofs_x = 0, .ofs_y = 0},
    {.bitmap_index = 9132, .adv_w = 188, .box_w = 11, .box_h = 15, .ofs_x = 1, .ofs_y = -4},
    {.bitmap_index = 9215, .adv_w = 245, .box_w = 17, .box_h = 18, .ofs_x = -1, .ofs_y = 0},
    {.bitmap_index = 9368, .adv_w = 245, .box_w = 17, .box_h = 18, .ofs_x = -1, .ofs_y = 0},
    {.bitmap_index = 9521, .adv_w = 245, .box_w = 17, .box_h = 18, .ofs_x = -1, .ofs_y = 0},
    {.bitmap_index = 9674, .adv_w = 245, .box_w = 17, .box_h = 18, .ofs_x = -1, .ofs_y = 0},
    {.bitmap_index = 9827, .adv_w = 245, .box_w = 17, .box_h = 18, .ofs_x = -1, .ofs_y = 0},
    {.bitmap_index = 9980, .adv_w = 245, .box_w = 17, .box_h = 21, .ofs_x = -1, .ofs_y = 0},
    {.bitmap_index = 10159, .adv_w = 346, .box_w = 22, .box_h = 14, .ofs_x = -1, .ofs_y = 0},
    {.bitmap_index = 10313, .adv_w = 232, .box_w = 15, .box_h = 19, .ofs_x = 0, .ofs_y = -5},
    {.bitmap_index = 10456, .adv_w = 215, .box_w = 12, .box_h = 18, .ofs_x = 1, .ofs_y = 0},
    {.bitmap_index = 10564, .adv_w = 215, .box_w = 12, .box_h = 18, .ofs_x = 1, .ofs_y = 0},
    {.bitmap_index = 10672, .adv_w = 215, .box_w = 12, .box_h = 18, .ofs_x = 1, .ofs_y = 0},
    {.bitmap_index = 10780, .adv_w = 215, .box_w = 12, .box_h = 18, .ofs_x = 1, .ofs_y = 0},
    {.bitmap_index = 10888, .adv_w = 105, .box_w = 7, .box_h = 18, .ofs_x = -1, .ofs_y = 0},
    {.bitmap_index = 10951, .adv_w = 105, .box_w = 7, .box_h = 18, .ofs_x = 1, .ofs_y = 0},
    {.bitmap_index = 11014, .adv_w = 105, .box_w = 9, .box_h = 18, .ofs_x = -1, .ofs_y = 0},
    {.bitmap_index = 11095, .adv_w = 105, .box_w = 8, .box_h = 18, .ofs_x = -1, .ofs_y = 0},
    {.bitmap_index = 11167, .adv_w = 268, .box_w = 16, .box_h = 14, .ofs_x = 0, .ofs_y = 0},
    {.bitmap_index = 11279, .adv_w = 259, .box_w = 14, .box_h = 18, .ofs_x = 1, .ofs_y = 0},
    {.bitmap_index = 11405, .adv_w = 270, .box_w = 17, .box_h = 19, .ofs_x = 0, .ofs_y = 0},
    {.bitmap_index = 11567, .adv_w = 270, .box_w = 17, .box_h = 19, .ofs_x = 0, .ofs_y = 0},
    {.bitmap_index = 11729, .adv_w = 270, .box_w = 17, .box_h = 19, .ofs_x = 0, .ofs_y = 0},
    {.bitmap_index = 11891, .adv_w = 270, .box_w = 17, .box_h = 19, .ofs_x = 0, .ofs_y = 0},
    {.bitmap_index = 12053, .adv_w = 270, .box_w = 17, .box_h = 18, .ofs_x = 0, .ofs_y = 0},
    {.bitmap_index = 12206, .adv_w = 192, .box_w = 10, .box_h = 10, .ofs_x = 1, .ofs_y = 2},
    {.bitmap_index = 12256, .adv_w = 270, .box_w = 17, .box_h = 17, .ofs_x = 0, .ofs_y = -1},
    {.bitmap_index = 12401, .adv_w = 252, .box_w = 14, .box_h = 19, .ofs_x = 1, .ofs_y = 0},
    {.bitmap_index = 12534, .adv_w = 252, .box_w = 14, .box_h = 19, .ofs_x = 1, .ofs_y = 0},
    {.bitmap_index = 12667, .adv_w = 252, .box_w = 14, .box_h = 19, .ofs_x = 1, .ofs_y = 0},
    {.bitmap_index = 12800, .adv_w = 252, .box_w = 14, .box_h = 18, .ofs_x = 1, .ofs_y = 0},
    {.bitmap_index = 12926, .adv_w = 216, .box_w = 15, .box_h = 19, .ofs_x = -1, .ofs_y = 0},
    {.bitmap_index = 13069, .adv_w = 234, .box_w = 13, .box_h = 14, .ofs_x = 1, .ofs_y = 0},
    {.bitmap_index = 13160, .adv_w = 222, .box_w = 13, .box_h = 15, .ofs_x = 1, .ofs_y = 0},
    {.bitmap_index = 13258, .adv_w = 197, .box_w = 11, .box_h = 16, .ofs_x = 0, .ofs_y = 0},
    {.bitmap_index = 13346, .adv_w = 197, .box_w = 11, .box_h = 16, .ofs_x = 0, .ofs_y = 0},
    {.bitmap_index = 13434, .adv_w = 197, .box_w = 11, .box_h = 16, .ofs_x = 0, .ofs_y = 0},
    {.bitmap_index = 13522, .adv_w = 197, .box_w = 11, .box_h = 15, .ofs_x = 0, .ofs_y = 0},
    {.bitmap_index = 13605, .adv_w = 197, .box_w = 11, .box_h = 15, .ofs_x = 0, .ofs_y = 0},
    {.bitmap_index = 13688, .adv_w = 197, .box_w = 11, .box_h = 17, .ofs_x = 0, .ofs_y = 0},
    {.bitmap_index = 13782, .adv_w = 319, .box_w = 20, .box_h = 11, .ofs_x = 0, .ofs_y = 0},
    {.bitmap_index = 13892, .adv_w = 189, .box_w = 12, .box_h = 16, .ofs_x = 0, .ofs_y = -5},
    {.bitmap_index = 13988, .adv_w = 202, .box_w = 12, .box_h = 16, .ofs_x = 0, .ofs_y = 0},
    {.bitmap_index = 14084, .adv_w = 202, .box_w = 12, .box_h = 16, .ofs_x = 0, .ofs_y = 0},
    {.bitmap_index = 14180, .adv_w = 202, .box_w = 12, .box_h = 16, .ofs_x = 0, .ofs_y = 0},
    {.bitmap_index = 14276, .adv_w = 202, .box_w = 12, .box_h = 15, .ofs_x = 0, .ofs_y = 0},
    {.bitmap_index = 14366, .adv_w = 96, .box_w = 7, .box_h = 15, .ofs_x = -2, .ofs_y = 0},
    {.bitmap_index = 14419, .adv_w = 96, .box_w = 7, .box_h = 15, .ofs_x = 1, .ofs_y = 0},
    {.bitmap_index = 14472, .adv_w = 96, .box_w = 8, .box_h = 15, .ofs_x = -1, .ofs_y = 0},
    {.bitmap_index = 14532, .adv_w = 96, .box_w = 6, .box_h = 15, .ofs_x = 0, .ofs_y = 0},
    {.bitmap_index = 14577, .adv_w = 196, .box_w = 12, .box_h = 16, .ofs_x = 0, .ofs_y = 0},
    {.bitmap_index = 14673, .adv_w = 221, .box_w = 12, .box_h = 15, .ofs_x = 1, .ofs_y = 0},
    {.bitmap_index = 14763, .adv_w = 210, .box_w = 13, .box_h = 16, .ofs_x = 0, .ofs_y = 0},
    {.bitmap_index = 14867, .adv_w = 210, .box_w = 13, .box_h = 16, .ofs_x = 0, .ofs_y = 0},
    {.bitmap_index = 14971, .adv_w = 210, .box_w = 13, .box_h = 16, .ofs_x = 0, .ofs_y = 0},
    {.bitmap_index = 15075, .adv_w = 210, .box_w = 13, .box_h = 15, .ofs_x = 0, .ofs_y = 0},
    {.bitmap_index = 15173, .adv_w = 210, .box_w = 13, .box_h = 15, .ofs_x = 0, .ofs_y = 0},
    {.bitmap_index = 15271, .adv_w = 192, .box_w = 10, .box_h = 12, .ofs_x = 1, .ofs_y = 1},
    {.bitmap_index = 15331, .adv_w = 210, .box_w = 13, .box_h = 14, .ofs_x = 0, .ofs_y = -2},
    {.bitmap_index = 15422, .adv_w = 220, .box_w = 12, .box_h = 16, .ofs_x = 1, .ofs_y = 0},
    {.bitmap_index = 15518, .adv_w = 220, .box_w = 12, .box_h = 16, .ofs_x = 1, .ofs_y = 0},
    {.bitmap_index = 15614, .adv_w = 220, .box_w = 12, .box_h = 16, .ofs_x = 1, .ofs_y = 0},
    {.bitmap_index = 15710, .adv_w = 220, .box_w = 12, .box_h = 15, .ofs_x = 1, .ofs_y = 0},
    {.bitmap_index = 15800, .adv_w = 191, .box_w = 14, .box_h = 19, .ofs_x = -1, .ofs_y = -4},
    {.bitmap_index = 15933, .adv_w = 221, .box_w = 13, .box_h = 19, .ofs_x = 1, .ofs_y = -4},
    {.bitmap_index = 16057, .adv_w = 191, .box_w = 14, .box_h = 19, .ofs_x = -1, .ofs_y = -4},
    {.bitmap_index = 16190, .adv_w = 245, .box_w = 17, .box_h = 18, .ofs_x = -1, .ofs_y = 0},
    {.bitmap_index = 16343, .adv_w = 197, .box_w = 11, .box_h = 14, .ofs_x = 0, .ofs_y = 0},
    {.bitmap_index = 16420, .adv_w = 245, .box_w = 17, .box_h = 19, .ofs_x = -1, .ofs_y = 0},
    {.bitmap_index = 16582, .adv_w = 197, .box_w = 11, .box_h = 16, .ofs_x = 0, .ofs_y = 0},
    {.bitmap_index = 16670, .adv_w = 245, .box_w = 17, .box_h = 19, .ofs_x = -1, .ofs_y = -5},
    {.bitmap_index = 16832, .adv_w = 197, .box_w = 12, .box_h = 16, .ofs_x = 0, .ofs_y = -5},
    {.bitmap_index = 16928, .adv_w = 232, .box_w = 15, .box_h = 19, .ofs_x = 0, .ofs_y = 0},
    {.bitmap_index = 17071, .adv_w = 189, .box_w = 12, .box_h = 16, .ofs_x = 0, .ofs_y = 0},
    {.bitmap_index = 17167, .adv_w = 232, .box_w = 15, .box_h = 19, .ofs_x = 0, .ofs_y = 0},
    {.bitmap_index = 17310, .adv_w = 189, .box_w = 12, .box_h = 16, .ofs_x = 0, .ofs_y = 0},
    {.bitmap_index = 17406, .adv_w = 232, .box_w = 15, .box_h = 19, .ofs_x = 0, .ofs_y = 0},
    {.bitmap_index = 17549, .adv_w = 189, .box_w = 12, .box_h = 16, .ofs_x = 0, .ofs_y = 0},
    {.bitmap_index = 17645, .adv_w = 232, .box_w = 15, .box_h = 19, .ofs_x = 0, .ofs_y = 0},
    {.bitmap_index = 17788, .adv_w = 189, .box_w = 12, .box_h = 16, .ofs_x = 0, .ofs_y = 0},
    {.bitmap_index = 17884, .adv_w = 264, .box_w = 15, .box_h = 18, .ofs_x = 1, .ofs_y = 0},
    {.bitmap_index = 18019, .adv_w = 221, .box_w = 17, .box_h = 16, .ofs_x = 0, .ofs_y = 0},
    {.bitmap_index = 18155, .adv_w = 268, .box_w = 16, .box_h = 14, .ofs_x = 0, .ofs_y = 0},
    {.bitmap_index = 18267, .adv_w = 221, .box_w = 14, .box_h = 16, .ofs_x = 0, .ofs_y = 0},
    {.bitmap_index = 18379, .adv_w = 215, .box_w = 12, .box_h = 18, .ofs_x = 1, .ofs_y = 0},
    {.bitmap_index = 18487, .adv_w = 202, .box_w = 12, .box_h = 14, .ofs_x = 0, .ofs_y = 0},
    {.bitmap_index = 18571, .adv_w = 215, .box_w = 12, .box_h = 19, .ofs_x = 1, .ofs_y = 0},
    {.bitmap_index = 18685, .adv_w = 202, .box_w = 12, .box_h = 16, .ofs_x = 0, .ofs_y = 0},
    {.bitmap_index = 18781, .adv_w = 215, .box_w = 12, .box_h = 19, .ofs_x = 1, .ofs_y = 0},
    {.bitmap_index = 18895, .adv_w = 202, .box_w = 12, .box_h = 16, .ofs_x = 0, .ofs_y = 0},
    {.bitmap_index = 18991, .adv_w = 215, .box_w = 12, .box_h = 19, .ofs_x = 1, .ofs_y = -5},
    {.bitmap_index = 19105, .adv_w = 202, .box_w = 12, .box_h = 16, .ofs_x = 0, .ofs_y = -5},
    {.bitmap_index = 19201, .adv_w = 215, .box_w = 12, .box_h = 18, .ofs_x = 1, .ofs_y = 0},
    {.bitmap_index = 19309, .adv_w = 202, .box_w = 12, .box_h = 16, .ofs_x = 0, .ofs_y = 0},
    {.bitmap_index = 19405, .adv_w = 247, .box_w = 15, .box_h = 19, .ofs_x = 0, .ofs_y = 0},
    {.bitmap_index = 19548, .adv_w = 224, .box_w = 13, .box_h = 19, .ofs_x = 0, .ofs_y = -4},
    {.bitmap_index = 19672, .adv_w = 247, .box_w = 15, .box_h = 19, .ofs_x = 0, .ofs_y = 0},
    {.bitmap_index = 19815, .adv_w = 224, .box_w = 13, .box_h = 19, .ofs_x = 0, .ofs_y = -4},
    {.bitmap_index = 19939, .adv_w = 247, .box_w = 15, .box_h = 19, .ofs_x = 0, .ofs_y = 0},
    {.bitmap_index = 20082, .adv_w = 224, .box_w = 13, .box_h = 20, .ofs_x = 0, .ofs_y = -4},
    {.bitmap_index = 20212, .adv_w = 247, .box_w = 15, .box_h = 19, .ofs_x = 0, .ofs_y = -5},
    {.bitmap_index = 20355, .adv_w = 224, .box_w = 13, .box_h = 21, .ofs_x = 0, .ofs_y = -4},
    {.bitmap_index = 20492, .adv_w = 259, .box_w = 14, .box_h = 18, .ofs_x = 1, .ofs_y = 0},
    {.bitmap_index = 20618, .adv_w = 221, .box_w = 15, .box_h = 19, .ofs_x = -2, .ofs_y = 0},
    {.bitmap_index = 20761, .adv_w = 267, .box_w = 17, .box_h = 14, .ofs_x = 0, .ofs_y = 0},
    {.bitmap_index = 20880, .adv_w = 225, .box_w = 13, .box_h = 15, .ofs_x = 0, .ofs_y = 0},
    {.bitmap_index = 20978, .adv_w = 105, .box_w = 8, .box_h = 18, .ofs_x = -1, .ofs_y = 0},
    {.bitmap_index = 21050, .adv_w = 96, .box_w = 8, .box_h = 15, .ofs_x = -1, .ofs_y = 0},
    {.bitmap_index = 21110, .adv_w = 105, .box_w = 7, .box_h = 18, .ofs_x = 0, .ofs_y = 0},
    {.bitmap_index = 21173, .adv_w = 96, .box_w = 6, .box_h = 14, .ofs_x = 0, .ofs_y = 0},
    {.bitmap_index = 21215, .adv_w = 105, .box_w = 8, .box_h = 19, .ofs_x = -1, .ofs_y = 0},
    {.bitmap_index = 21291, .adv_w = 96, .box_w = 8, .box_h = 15, .ofs_x = -1, .ofs_y = 0},
    {.bitmap_index = 21351, .adv_w = 105, .box_w = 5, .box_h = 19, .ofs_x = 1, .ofs_y = -5},
    {.bitmap_index = 21399, .adv_w = 96, .box_w = 5, .box_h = 21, .ofs_x = 1, .ofs_y = -5},
    {.bitmap_index = 21452, .adv_w = 105, .box_w = 4, .box_h = 19, .ofs_x = 1, .ofs_y = 0},
    {.bitmap_index = 21490, .adv_w = 96, .box_w = 4, .box_h = 11, .ofs_x = 1, .ofs_y = 0},
    {.bitmap_index = 21512, .adv_w = 232, .box_w = 12, .box_h = 14, .ofs_x = 1, .ofs_y = 0},
    {.bitmap_index = 21596, .adv_w = 195, .box_w = 11, .box_h = 20, .ofs_x = 1, .ofs_y = -4},
    {.bitmap_index = 21706, .adv_w = 173, .box_w = 11, .box_h = 19, .ofs_x = -1, .ofs_y = 0},
    {.bitmap_index = 21811, .adv_w = 98, .box_w = 9, .box_h = 19, .ofs_x = -2, .ofs_y = -4},
    {.bitmap_index = 21897, .adv_w = 237, .box_w = 15, .box_h = 19, .ofs_x = 1, .ofs_y = -5},
    {.bitmap_index = 22040, .adv_w = 210, .box_w = 13, .box_h = 20, .ofs_x = 1, .ofs_y = -5},
    {.bitmap_index = 22170, .adv_w = 210, .box_w = 13, .box_h = 11, .ofs_x = 1, .ofs_y = 0},
    {.bitmap_index = 22242, .adv_w = 193, .box_w = 11, .box_h = 18, .ofs_x = 1, .ofs_y = 0},
    {.bitmap_index = 22341, .adv_w = 96, .box_w = 7, .box_h = 19, .ofs_x = 1, .ofs_y = 0},
    {.bitmap_index = 22408, .adv_w = 193, .box_w = 11, .box_h = 19, .ofs_x = 1, .ofs_y = -5},
    {.bitmap_index = 22513, .adv_w = 96, .box_w = 4, .box_h = 20, .ofs_x = 1, .ofs_y = -5},
    {.bitmap_index = 22553, .adv_w = 193, .box_w = 11, .box_h = 15, .ofs_x = 1, .ofs_y = 0},
    {.bitmap_index = 22636, .adv_w = 96, .box_w = 8, .box_h = 16, .ofs_x = 1, .ofs_y = 0},
    {.bitmap_index = 22700, .adv_w = 193, .box_w = 11, .box_h = 14, .ofs_x = 1, .ofs_y = 0},
    {.bitmap_index = 22777, .adv_w = 146, .box_w = 9, .box_h = 15, .ofs_x = 1, .ofs_y = 0},
    {.bitmap_index = 22845, .adv_w = 198, .box_w = 14, .box_h = 14, .ofs_x = -1, .ofs_y = 0},
    {.bitmap_index = 22943, .adv_w = 105, .box_w = 9, .box_h = 15, .ofs_x = -1, .ofs_y = 0},
    {.bitmap_index = 23011, .adv_w = 259, .box_w = 14, .box_h = 18, .ofs_x = 1, .ofs_y = 0},
    {.bitmap_index = 23137, .adv_w = 221, .box_w = 12, .box_h = 15, .ofs_x = 1, .ofs_y = 0},
    {.bitmap_index = 23227, .adv_w = 259, .box_w = 14, .box_h = 19, .ofs_x = 1, .ofs_y = -5},
    {.bitmap_index = 23360, .adv_w = 221, .box_w = 12, .box_h = 16, .ofs_x = 1, .ofs_y = -5},
    {.bitmap_index = 23456, .adv_w = 259, .box_w = 14, .box_h = 18, .ofs_x = 1, .ofs_y = 0},
    {.bitmap_index = 23582, .adv_w = 221, .box_w = 12, .box_h = 16, .ofs_x = 1, .ofs_y = 0},
    {.bitmap_index = 23678, .adv_w = 253, .box_w = 16, .box_h = 16, .ofs_x = -1, .ofs_y = 0},
    {.bitmap_index = 23806, .adv_w = 259, .box_w = 14, .box_h = 18, .ofs_x = 1, .ofs_y = -4},
    {.bitmap_index = 23932, .adv_w = 221, .box_w = 12, .box_h = 15, .ofs_x = 1, .ofs_y = -4},
    {.bitmap_index = 24022, .adv_w = 270, .box_w = 17, .box_h = 18, .ofs_x = 0, .ofs_y = 0},
    {.bitmap_index = 24175, .adv_w = 210, .box_w = 13, .box_h = 14, .ofs_x = 0, .ofs_y = 0},
    {.bitmap_index = 24266, .adv_w = 270, .box_w = 17, .box_h = 19, .ofs_x = 0, .ofs_y = 0},
    {.bitmap_index = 24428, .adv_w = 210, .box_w = 13, .box_h = 16, .ofs_x = 0, .ofs_y = 0},
    {.bitmap_index = 24532, .adv_w = 270, .box_w = 17, .box_h = 18, .ofs_x = 0, .ofs_y = 0},
    {.bitmap_index = 24685, .adv_w = 210, .box_w = 13, .box_h = 15, .ofs_x = 0, .ofs_y = 0},
    {.bitmap_index = 24783, .adv_w = 364, .box_w = 22, .box_h = 14, .ofs_x = 0, .ofs_y = 0},
    {.bitmap_index = 24937, .adv_w = 340, .box_w = 21, .box_h = 11, .ofs_x = 0, .ofs_y = 0},
    {.bitmap_index = 25053, .adv_w = 235, .box_w = 14, .box_h = 18, .ofs_x = 1, .ofs_y = 0},
    {.bitmap_index = 25179, .adv_w = 138, .box_w = 9, .box_h = 15, .ofs_x = 1, .ofs_y = 0},
    {.bitmap_index = 25247, .adv_w = 235, .box_w = 14, .box_h = 19, .ofs_x = 1, .ofs_y = -5},
    {.bitmap_index = 25380, .adv_w = 138, .box_w = 8, .box_h = 16, .ofs_x = 1, .ofs_y = -5},
    {.bitmap_index = 25444, .adv_w = 235, .box_w = 14, .box_h = 19, .ofs_x = 1, .ofs_y = 0},
    {.bitmap_index = 25577, .adv_w = 138, .box_w = 9, .box_h = 15, .ofs_x = 0, .ofs_y = 0},
    {.bitmap_index = 25645, .adv_w = 204, .box_w = 13, .box_h = 19, .ofs_x = 0, .ofs_y = 0},
    {.bitmap_index = 25769, .adv_w = 170, .box_w = 11, .box_h = 16, .ofs_x = 0, .ofs_y = 0},
    {.bitmap_index = 25857, .adv_w = 204, .box_w = 13, .box_h = 19, .ofs_x = 0, .ofs_y = 0},
    {.bitmap_index = 25981, .adv_w = 170, .box_w = 11, .box_h = 16, .ofs_x = 0, .ofs_y = 0},
    {.bitmap_index = 26069, .adv_w = 204, .box_w = 13, .box_h = 19, .ofs_x = 0, .ofs_y = -5},
    {.bitmap_index = 26193, .adv_w = 170, .box_w = 11, .box_h = 16, .ofs_x = 0, .ofs_y = -5},
    {.bitmap_index = 26281, .adv_w = 204, .box_w = 13, .box_h = 19, .ofs_x = 0, .ofs_y = 0},
    {.bitmap_index = 26405, .adv_w = 170, .box_w = 11, .box_h = 16, .ofs_x = 0, .ofs_y = 0},
    {.bitmap_index = 26493, .adv_w = 198, .box_w = 13, .box_h = 19, .ofs_x = 0, .ofs_y = -5},
    {.bitmap_index = 26617, .adv_w = 139, .box_w = 9, .box_h = 19, .ofs_x = 0, .ofs_y = -5},
    {.bitmap_index = 26703, .adv_w = 198, .box_w = 13, .box_h = 18, .ofs_x = 0, .ofs_y = 0},
    {.bitmap_index = 26820, .adv_w = 139, .box_w = 9, .box_h = 16, .ofs_x = 0, .ofs_y = 0},
    {.bitmap_index = 26892, .adv_w = 198, .box_w = 13, .box_h = 14, .ofs_x = 0, .ofs_y = 0},
    {.bitmap_index = 26983, .adv_w = 141, .box_w = 9, .box_h = 14, .ofs_x = 0, .ofs_y = 0},
    {.bitmap_index = 27046, .adv_w = 252, .box_w = 14, .box_h = 19, .ofs_x = 1, .ofs_y = 0},
    {.bitmap_index = 27179, .adv_w = 220, .box_w = 12, .box_h = 15, .ofs_x = 1, .ofs_y = 0},
    {.bitmap_index = 27269, .adv_w = 252, .box_w = 14, .box_h = 18, .ofs_x = 1, .ofs_y = 0},
    {.bitmap_index = 27395, .adv_w = 220, .box_w = 12, .box_h = 14, .ofs_x = 1, .ofs_y = 0},
    {.bitmap_index = 27479, .adv_w = 252, .box_w = 14, .box_h = 19, .ofs_x = 1, .ofs_y = 0},
    {.bitmap_index = 27612, .adv_w = 220, .box_w = 12, .box_h = 16, .ofs_x = 1, .ofs_y = 0},
    {.bitmap_index = 27708, .adv_w = 252, .box_w = 14, .box_h = 21, .ofs_x = 1, .ofs_y = 0},
    {.bitmap_index = 27855, .adv_w = 220, .box_w = 12, .box_h = 17, .ofs_x = 1, .ofs_y = 0},
    {.bitmap_index = 27957, .adv_w = 252, .box_w = 14, .box_h = 18, .ofs_x = 1, .ofs_y = 0},
    {.bitmap_index = 28083, .adv_w = 220, .box_w = 12, .box_h = 15, .ofs_x = 1, .ofs_y = 0},
    {.bitmap_index = 28173, .adv_w = 252, .box_w = 14, .box_h = 19, .ofs_x = 1, .ofs_y = -5},
    {.bitmap_index = 28306, .adv_w = 220, .box_w = 12, .box_h = 16, .ofs_x = 1, .ofs_y = -5},
    {.bitmap_index = 28402, .adv_w = 372, .box_w = 23, .box_h = 18, .ofs_x = 0, .ofs_y = 0},
    {.bitmap_index = 28609, .adv_w = 300, .box_w = 19, .box_h = 15, .ofs_x = 0, .ofs_y = 0},
    {.bitmap_index = 28752, .adv_w = 216, .box_w = 15, .box_h = 19, .ofs_x = -1, .ofs_y = 0},
    {.bitmap_index = 28895, .adv_w = 191, .box_w = 14, .box_h = 19, .ofs_x = -1, .ofs_y = -4},
    {.bitmap_index = 29028, .adv_w = 216, .box_w = 15, .box_h = 18, .ofs_x = -1, .ofs_y = 0},
    {.bitmap_index = 29163, .adv_w = 215, .box_w = 13, .box_h = 18, .ofs_x = 0, .ofs_y = 0},
    {.bitmap_index = 29280, .adv_w = 174, .box_w = 11, .box_h = 15, .ofs_x = 0, .ofs_y = 0},
    {.bitmap_index = 29363, .adv_w = 215, .box_w = 13, .box_h = 19, .ofs_x = 0, .ofs_y = 0},
    {.bitmap_index = 29487, .adv_w = 174, .box_w = 11, .box_h = 16, .ofs_x = 0, .ofs_y = 0},
    {.bitmap_index = 29575, .adv_w = 215, .box_w = 13, .box_h = 18, .ofs_x = 0, .ofs_y = 0},
    {.bitmap_index = 29692, .adv_w = 174, .box_w = 11, .box_h = 15, .ofs_x = 0, .ofs_y = 0},
    {.bitmap_index = 29775, .adv_w = 110, .box_w = 9, .box_h = 15, .ofs_x = 0, .ofs_y = 0},
    {.bitmap_index = 29843, .adv_w = 215, .box_w = 12, .box_h = 18, .ofs_x = 1, .ofs_y = 0},
    {.bitmap_index = 29951, .adv_w = 215, .box_w = 12, .box_h = 18, .ofs_x = 1, .ofs_y = 0},
    {.bitmap_index = 30059, .adv_w = 272, .box_w = 17, .box_h = 15, .ofs_x = 0, .ofs_y = -1},
    {.bitmap_index = 30187, .adv_w = 190, .box_w = 11, .box_h = 18, .ofs_x = 1, .ofs_y = 0},
    {.bitmap_index = 30286, .adv_w = 229, .box_w = 14, .box_h = 14, .ofs_x = 0, .ofs_y = 0},
    {.bitmap_index = 30384, .adv_w = 209, .box_w = 13, .box_h = 14, .ofs_x = 0, .ofs_y = 0},
    {.bitmap_index = 30475, .adv_w = 107, .box_w = 4, .box_h = 14, .ofs_x = 1, .ofs_y = 0},
    {.bitmap_index = 30503, .adv_w = 105, .box_w = 8, .box_h = 18, .ofs_x = -1, .ofs_y = 0},
    {.bitmap_index = 30575, .adv_w = 182, .box_w = 10, .box_h = 14, .ofs_x = 0, .ofs_y = 0},
    {.bitmap_index = 30645, .adv_w = 379, .box_w = 24, .box_h = 14, .ofs_x = 0, .ofs_y = 0},
    {.bitmap_index = 30813, .adv_w = 375, .box_w = 22, .box_h = 14, .ofs_x = 1, .ofs_y = 0},
    {.bitmap_index = 30967, .adv_w = 274, .box_w = 17, .box_h = 14, .ofs_x = 0, .ofs_y = 0},
    {.bitmap_index = 31086, .adv_w = 235, .box_w = 14, .box_h = 18, .ofs_x = 1, .ofs_y = 0},
    {.bitmap_index = 31212, .adv_w = 263, .box_w = 14, .box_h = 18, .ofs_x = 1, .ofs_y = 0},
    {.bitmap_index = 31338, .adv_w = 232, .box_w = 15, .box_h = 19, .ofs_x = 0, .ofs_y = -1},
    {.bitmap_index = 31481, .adv_w = 259, .box_w = 14, .box_h = 17, .ofs_x = 1, .ofs_y = -3},
    {.bitmap_index = 31600, .adv_w = 256, .box_w = 16, .box_h = 14, .ofs_x = 0, .ofs_y = 0},
    {.bitmap_index = 31712, .adv_w = 236, .box_w = 14, .box_h = 14, .ofs_x = 1, .ofs_y = 0},
    {.bitmap_index = 31810, .adv_w = 238, .box_w = 14, .box_h = 14, .ofs_x = 1, .ofs_y = 0},
    {.bitmap_index = 31908, .adv_w = 190, .box_w = 11, .box_h = 14, .ofs_x = 1, .ofs_y = 0},
    {.bitmap_index = 31985, .adv_w = 266, .box_w = 17, .box_h = 17, .ofs_x = 0, .ofs_y = -3},
    {.bitmap_index = 32130, .adv_w = 215, .box_w = 12, .box_h = 14, .ofs_x = 1, .ofs_y = 0},
    {.bitmap_index = 32214, .adv_w = 345, .box_w = 22, .box_h = 14, .ofs_x = 0, .ofs_y = 0},
    {.bitmap_index = 32368, .adv_w = 209, .box_w = 14, .box_h = 14, .ofs_x = -1, .ofs_y = 0},
    {.bitmap_index = 32466, .adv_w = 263, .box_w = 14, .box_h = 14, .ofs_x = 1, .ofs_y = 0},
    {.bitmap_index = 32564, .adv_w = 263, .box_w = 14, .box_h = 18, .ofs_x = 1, .ofs_y = 0},
    {.bitmap_index = 32690, .adv_w = 235, .box_w = 14, .box_h = 14, .ofs_x = 1, .ofs_y = 0},
    {.bitmap_index = 32788, .adv_w = 256, .box_w = 15, .box_h = 14, .ofs_x = 0, .ofs_y = 0},
    {.bitmap_index = 32893, .adv_w = 308, .box_w = 17, .box_h = 14, .ofs_x = 1, .ofs_y = 0},
    {.bitmap_index = 33012, .adv_w = 261, .box_w = 14, .box_h = 14, .ofs_x = 1, .ofs_y = 0},
    {.bitmap_index = 33110, .adv_w = 269, .box_w = 17, .box_h = 14, .ofs_x = 0, .ofs_y = 0},
    {.bitmap_index = 33229, .adv_w = 260, .box_w = 14, .box_h = 14, .ofs_x = 1, .ofs_y = 0},
    {.bitmap_index = 33327, .adv_w = 232, .box_w = 13, .box_h = 14, .ofs_x = 1, .ofs_y = 0},
    {.bitmap_index = 33418, .adv_w = 232, .box_w = 15, .box_h = 14, .ofs_x = 0, .ofs_y = 0},
    {.bitmap_index = 33523, .adv_w = 204, .box_w = 13, .box_h = 14, .ofs_x = 0, .ofs_y = 0},
    {.bitmap_index = 33614, .adv_w = 232, .box_w = 15, .box_h = 15, .ofs_x = 0, .ofs_y = -1},
    {.bitmap_index = 33727, .adv_w = 304, .box_w = 19, .box_h = 16, .ofs_x = 0, .ofs_y = -1},
    {.bitmap_index = 33879, .adv_w = 231, .box_w = 15, .box_h = 14, .ofs_x = 0, .ofs_y = 0},
    {.bitmap_index = 33984, .adv_w = 269, .box_w = 16, .box_h = 17, .ofs_x = 1, .ofs_y = -3},
    {.bitmap_index = 34120, .adv_w = 233, .box_w = 13, .box_h = 14, .ofs_x = 0, .ofs_y = 0},
    {.bitmap_index = 34211, .adv_w = 351, .box_w = 20, .box_h = 14, .ofs_x = 1, .ofs_y = 0},
    {.bitmap_index = 34351, .adv_w = 362, .box_w = 22, .box_h = 17, .ofs_x = 1, .ofs_y = -3},
    {.bitmap_index = 34538, .adv_w = 270, .box_w = 17, .box_h = 14, .ofs_x = 0, .ofs_y = 0},
    {.bitmap_index = 34657, .adv_w = 329, .box_w = 18, .box_h = 14, .ofs_x = 1, .ofs_y = 0},
    {.bitmap_index = 34783, .adv_w = 231, .box_w = 13, .box_h = 14, .ofs_x = 1, .ofs_y = 0},
    {.bitmap_index = 34874, .adv_w = 228, .box_w = 14, .box_h = 14, .ofs_x = 0, .ofs_y = 0},
    {.bitmap_index = 34972, .adv_w = 356, .box_w = 21, .box_h = 14, .ofs_x = 1, .ofs_y = 0},
    {.bitmap_index = 35119, .adv_w = 235, .box_w = 13, .box_h = 14, .ofs_x = 0, .ofs_y = 0},
    {.bitmap_index = 35210, .adv_w = 193, .box_w = 11, .box_h = 11, .ofs_x = 0, .ofs_y = 0},
    {.bitmap_index = 35271, .adv_w = 215, .box_w = 13, .box_h = 16, .ofs_x = 0, .ofs_y = 0},
    {.bitmap_index = 35375, .adv_w = 199, .box_w = 11, .box_h = 11, .ofs_x = 1, .ofs_y = 0},
    {.bitmap_index = 35436, .adv_w = 164, .box_w = 10, .box_h = 11, .ofs_x = 1, .ofs_y = 0},
    {.bitmap_index = 35491, .adv_w = 224, .box_w = 14, .box_h = 14, .ofs_x = 0, .ofs_y = -3},
    {.bitmap_index = 35589, .adv_w = 206, .box_w = 12, .box_h = 11, .ofs_x = 0, .ofs_y = 0},
    {.bitmap_index = 35655, .adv_w = 292, .box_w = 19, .box_h = 11, .ofs_x = 0, .ofs_y = 0},
    {.bitmap_index = 35760, .adv_w = 180, .box_w = 11, .box_h = 11, .ofs_x = 0, .ofs_y = 0},
    {.bitmap_index = 35821, .adv_w = 227, .box_w = 12, .box_h = 11, .ofs_x = 1, .ofs_y = 0},
    {.bitmap_index = 35887, .adv_w = 227, .box_w = 12, .box_h = 15, .ofs_x = 1, .ofs_y = 0},
    {.bitmap_index = 35977, .adv_w = 205, .box_w = 12, .box_h = 11, .ofs_x = 1, .ofs_y = 0},
    {.bitmap_index = 36043, .adv_w = 213, .box_w = 12, .box_h = 11, .ofs_x = 0, .ofs_y = 0},
    {.bitmap_index = 36109, .adv_w = 261, .box_w = 14, .box_h = 11, .ofs_x = 1, .ofs_y = 0},
    {.bitmap_index = 36186, .adv_w = 222, .box_w = 12, .box_h = 11, .ofs_x = 1, .ofs_y = 0},
    {.bitmap_index = 36252, .adv_w = 209, .box_w = 13, .box_h = 11, .ofs_x = 0, .ofs_y = 0},
    {.bitmap_index = 36324, .adv_w = 219, .box_w = 12, .box_h = 11, .ofs_x = 1, .ofs_y = 0},
    {.bitmap_index = 36390, .adv_w = 222, .box_w = 13, .box_h = 15, .ofs_x = 1, .ofs_y = -4},
    {.bitmap_index = 36488, .adv_w = 189, .box_w = 12, .box_h = 11, .ofs_x = 0, .ofs_y = 0},
    {.bitmap_index = 36554, .adv_w = 171, .box_w = 11, .box_h = 11, .ofs_x = 0, .ofs_y = 0},
    {.bitmap_index = 36615, .adv_w = 196, .box_w = 14, .box_h = 15, .ofs_x = -1, .ofs_y = -4},
    {.bitmap_index = 36720, .adv_w = 272, .box_w = 17, .box_h = 19, .ofs_x = 0, .ofs_y = -4},
    {.bitmap_index = 36882, .adv_w = 189, .box_w = 12, .box_h = 11, .ofs_x = 0, .ofs_y = 0},
    {.bitmap_index = 36948, .adv_w = 225, .box_w = 13, .box_h = 14, .ofs_x = 1, .ofs_y = -3},
    {.bitmap_index = 37039, .adv_w = 203, .box_w = 12, .box_h = 11, .ofs_x = 0, .ofs_y = 0},
    {.bitmap_index = 37105, .adv_w = 311, .box_w = 17, .box_h = 11, .ofs_x = 1, .ofs_y = 0},
    {.bitmap_index = 37199, .adv_w = 311, .box_w = 19, .box_h = 13, .ofs_x = 1, .ofs_y = -2},
    {.bitmap_index = 37323, .adv_w = 218, .box_w = 14, .box_h = 11, .ofs_x = 0, .ofs_y = 0},
    {.bitmap_index = 37400, .adv_w = 275, .box_w = 15, .box_h = 11, .ofs_x = 1, .ofs_y = 0},
    {.bitmap_index = 37483, .adv_w = 194, .box_w = 11, .box_h = 11, .ofs_x = 1, .ofs_y = 0},
    {.bitmap_index = 37544, .adv_w = 189, .box_w = 12, .box_h = 11, .ofs_x = 0, .ofs_y = 0},
    {.bitmap_index = 37610, .adv_w = 289, .box_w = 17, .box_h = 11, .ofs_x = 1, .ofs_y = 0},
    {.bitmap_index = 37704, .adv_w = 201, .box_w = 12, .box_h = 11, .ofs_x = 0, .ofs_y = 0},
    {.bitmap_index = 37770, .adv_w = 206, .box_w = 12, .box_h = 16, .ofs_x = 0, .ofs_y = 0},
    {.bitmap_index = 37866, .adv_w = 206, .box_w = 12, .box_h = 15, .ofs_x = 0, .ofs_y = 0},
    {.bitmap_index = 37956, .adv_w = 219, .box_w = 14, .box_h = 19, .ofs_x = -1, .ofs_y = -4},
    {.bitmap_index = 38089, .adv_w = 164, .box_w = 10, .box_h = 15, .ofs_x = 1, .ofs_y = 0},
    {.bitmap_index = 38164, .adv_w = 189, .box_w = 12, .box_h = 11, .ofs_x = 0, .ofs_y = 0},
    {.bitmap_index = 38230, .adv_w = 176, .box_w = 11, .box_h = 11, .ofs_x = 0, .ofs_y = 0},
    {.bitmap_index = 38291, .adv_w = 98, .box_w = 4, .box_h = 16, .ofs_x = 1, .ofs_y = 0},
    {.bitmap_index = 38323, .adv_w = 96, .box_w = 6, .box_h = 15, .ofs_x = 0, .ofs_y = 0},
    {.bitmap_index = 38368, .adv_w = 98, .box_w = 7, .box_h = 20, .ofs_x = -2, .ofs_y = -4},
    {.bitmap_index = 38438, .adv_w = 309, .box_w = 19, .box_h = 11, .ofs_x = 0, .ofs_y = 0},
    {.bitmap_index = 38543, .adv_w = 311, .box_w = 19, .box_h = 11, .ofs_x = 1, .ofs_y = 0},
    {.bitmap_index = 38648, .adv_w = 219, .box_w = 14, .box_h = 15, .ofs_x = -1, .ofs_y = 0},
    {.bitmap_index = 38753, .adv_w = 205, .box_w = 12, .box_h = 15, .ofs_x = 1, .ofs_y = 0},
    {.bitmap_index = 38843, .adv_w = 227, .box_w = 12, .box_h = 15, .ofs_x = 1, .ofs_y = 0},
    {.bitmap_index = 38933, .adv_w = 196, .box_w = 14, .box_h = 19, .ofs_x = -1, .ofs_y = -4},
    {.bitmap_index = 39066, .adv_w = 212, .box_w = 11, .box_h = 14, .ofs_x = 1, .ofs_y = -3},
    {.bitmap_index = 39143, .adv_w = 124, .box_w = 6, .box_h = 3, .ofs_x = 1, .ofs_y = 4},
    {.bitmap_index = 39152, .adv_w = 224, .box_w = 14, .box_h = 2, .ofs_x = 0, .ofs_y = 6},
    {.bitmap_index = 39166, .adv_w = 160, .box_w = 10, .box_h = 2, .ofs_x = 0, .ofs_y = 5},
    {.bitmap_index = 39176, .adv_w = 320, .box_w = 20, .box_h = 2, .ofs_x = 0, .ofs_y = 5},
    {.bitmap_index = 39196, .adv_w = 320, .box_w = 20, .box_h = 2, .ofs_x = 0, .ofs_y = 5},
    {.bitmap_index = 39216, .adv_w = 84, .box_w = 5, .box_h = 7, .ofs_x = 0, .ofs_y = 8},
    {.bitmap_index = 39234, .adv_w = 84, .box_w = 5, .box_h = 7, .ofs_x = 0, .ofs_y = 8},
    {.bitmap_index = 39252, .adv_w = 84, .box_w = 5, .box_h = 7, .ofs_x = 0, .ofs_y = -3},
    {.bitmap_index = 39270, .adv_w = 159, .box_w = 10, .box_h = 7, .ofs_x = 0, .ofs_y = 8},
    {.bitmap_index = 39305, .adv_w = 159, .box_w = 10, .box_h = 7, .ofs_x = 0, .ofs_y = 8},
    {.bitmap_index = 39340, .adv_w = 159, .box_w = 10, .box_h = 7, .ofs_x = 0, .ofs_y = -3},
    {.bitmap_index = 39375, .adv_w = 189, .box_w = 12, .box_h = 18, .ofs_x = 0, .ofs_y = -4},
    {.bitmap_index = 39483, .adv_w = 189, .box_w = 12, .box_h = 18, .ofs_x = 0, .ofs_y = -4},
    {.bitmap_index = 39591, .adv_w = 115, .box_w = 6, .box_h = 6, .ofs_x = 1, .ofs_y = 3},
    {.bitmap_index = 39609, .adv_w = 255, .box_w = 16, .box_h = 4, .ofs_x = 0, .ofs_y = 0},
    {.bitmap_index = 39641, .adv_w = 260, .box_w = 16, .box_h = 14, .ofs_x = 0, .ofs_y = 0}
};

/*---------------------
 *  CHARACTER MAPPING
 *--------------------*/

static const uint16_t unicode_list_4[] = {
    0x0, 0x2, 0x3, 0x4, 0x5, 0x8, 0x9, 0xa,
    0xc, 0xd, 0xe, 0x10, 0x11, 0x12, 0x16, 0x9c
};

/*Collect the unicode lists and glyph_id offsets*/
static const lv_font_fmt_txt_cmap_t cmaps[] =
{
    {
        .range_start = 32, .range_length = 95, .glyph_id_start = 1,
        .unicode_list = NULL, .glyph_id_ofs_list = NULL, .list_length = 0, .type = LV_FONT_FMT_TXT_CMAP_FORMAT0_TINY
    },
    {
        .range_start = 160, .range_length = 13, .glyph_id_start = 96,
        .unicode_list = NULL, .glyph_id_ofs_list = NULL, .list_length = 0, .type = LV_FONT_FMT_TXT_CMAP_FORMAT0_TINY
    },
    {
        .range_start = 174, .range_length = 210, .glyph_id_start = 109,
        .unicode_list = NULL, .glyph_id_ofs_list = NULL, .list_length = 0, .type = LV_FONT_FMT_TXT_CMAP_FORMAT0_TINY
    },
    {
        .range_start = 1024, .range_length = 96, .glyph_id_start = 319,
        .unicode_list = NULL, .glyph_id_ofs_list = NULL, .list_length = 0, .type = LV_FONT_FMT_TXT_CMAP_FORMAT0_TINY
    },
    {
        .range_start = 8208, .range_length = 157, .glyph_id_start = 415,
        .unicode_list = unicode_list_4, .glyph_id_ofs_list = NULL, .list_length = 16, .type = LV_FONT_FMT_TXT_CMAP_SPARSE_TINY
    }
};

/*-----------------
 *    KERNING
 *----------------*/


/*Map glyph_ids to kern left classes*/
static const uint8_t kern_left_class_mapping[] =
{
    0, 0, 1, 2, 0, 3, 4, 5,
    2, 6, 0, 7, 8, 9, 8, 9,
    10, 11, 0, 12, 13, 14, 15, 16,
    17, 18, 11, 19, 19, 0, 0, 0,
    20, 21, 0, 0, 0, 0, 0, 0,
    0, 0, 0, 0, 0, 0, 0, 0,
    0, 0, 0, 0, 0, 0, 0, 0,
    0, 0, 0, 0, 22, 23, 0, 0,
    24, 0, 0, 0, 0, 0, 0, 0,
    0, 0, 0, 0, 0, 0, 0, 0,
    0, 0, 0, 0, 0, 0, 0, 0,
    0, 0, 0, 0, 22, 0, 0, 8,
    0, 25, 26, 27, 28, 29, 0, 30,
    0, 21, 0, 31, 0, 21, 0, 32,
    8, 0, 0, 0, 33, 0, 8, 0,
    0, 0, 8, 0, 0, 0, 34, 0,
    0, 0, 0, 0, 0, 0, 0, 0,
    0, 0, 0, 0, 0, 0, 0, 0,
    0, 0, 0, 0, 0, 0, 0, 0,
    0, 0, 0, 0, 0, 0, 0, 0,
    0, 0, 0, 0, 0, 0, 0, 0,
    0, 0, 0, 0, 0, 0, 0, 0,
    0, 0, 0, 0, 0, 0, 8, 0,
    0, 0, 0, 0, 0, 0, 0, 0,
    0, 0, 0, 0, 0, 0, 0, 0,
    0, 0, 0, 0, 0, 0, 0, 0,
    0, 0, 0, 0, 0, 0, 0, 0,
    0, 0, 0, 0, 0, 0, 0, 0,
    0, 0, 0, 0, 0, 0, 0, 0,
    0, 0, 0, 0, 0, 0, 0, 0,
    0, 0, 0, 0, 0, 0, 0, 0,
    0, 0, 0, 0, 0, 0, 0, 0,
    0, 0, 0, 0, 0, 0, 0, 0,
    0, 0, 0, 0, 0, 0, 0, 0,
    0, 0, 0, 0, 0, 0, 0, 0,
    0, 0, 0, 0, 0, 0, 0, 0,
    0, 0, 0, 0, 0, 0, 0, 0,
    0, 0, 0, 0, 0, 0, 0, 0,
    0, 0, 0, 0, 0, 0, 0, 0,
    0, 0, 0, 0, 0, 0, 0, 0,
    0, 0, 0, 0, 0, 0, 0, 0,
    0, 0, 0, 0, 0, 0, 0, 0,
    0, 0, 0, 0, 0, 0, 0, 0,
    0, 0, 0, 0, 0, 0, 0, 0,
    0, 0, 0, 0, 0, 0, 0, 0,
    0, 0, 0, 0, 0, 0, 0, 0,
    0, 0, 0, 0, 0, 0, 0, 0,
    0, 0, 0, 0, 0, 0, 0, 0,
    0, 0, 0, 0, 0, 0, 0, 0,
    0, 0, 0, 0, 0, 0, 0, 0,
    0, 0, 0, 0, 0, 0, 0, 0,
    0, 0, 0, 0, 0, 0, 0, 8,
    8, 8, 0, 8, 35, 36, 9, 35,
    36, 9, 0, 0, 8, 9, 37
};

/*Map glyph_ids to kern right classes*/
static const uint8_t kern_right_class_mapping[] =
{
    0, 0, 1, 2, 0, 3, 4, 5,
    2, 0, 6, 7, 8, 9, 8, 9,
    10, 11, 12, 13, 14, 15, 16, 11,
    17, 18, 19, 20, 20, 0, 0, 0,
    21, 22, 0, 0, 0, 0, 0, 0,
    0, 0, 0, 0, 0, 0, 0, 0,
    0, 0, 0, 0, 0, 0, 0, 0,
    0, 0, 0, 0, 23, 24, 25, 0,
    26, 0, 0, 0, 0, 0, 0, 0,
    0, 0, 0, 0, 0, 0, 0, 0,
    0, 0, 0, 0, 0, 0, 0, 0,
    0, 0, 0, 0, 0, 0, 25, 8,
    0, 27, 28, 29, 30, 31, 0, 32,
    0, 22, 0, 8, 8, 22, 0, 33,
    8, 0, 0, 0, 34, 35, 8, 0,
    0, 0, 36, 0, 0, 0, 37, 0,
    0, 0, 0, 0, 0, 0, 0, 0,
    0, 0, 0, 0, 0, 0, 0, 0,
    0, 0, 0, 0, 0, 0, 0, 0,
    0, 0, 0, 0, 0, 0, 0, 0,
    0, 0, 0, 0, 0, 0, 0, 0,
    0, 0, 0, 0, 0, 0, 0, 0,
    0, 0, 0, 0, 0, 0, 8, 0,
    0, 0, 0, 0, 0, 0, 0, 0,
    0, 0, 0, 0, 0, 0, 0, 0,
    0, 0, 0, 0, 0, 0, 0, 0,
    0, 0, 0, 0, 0, 0, 0, 0,
    0, 0, 0, 0, 0, 0, 0, 0,
    0, 0, 0, 0, 0, 0, 0, 0,
    0, 0, 0, 0, 0, 0, 0, 0,
    0, 0, 0, 0, 0, 0, 0, 0,
    0, 0, 0, 0, 0, 0, 0, 0,
    0, 0, 0, 0, 0, 0, 0, 0,
    0, 0, 0, 0, 0, 0, 0, 0,
    0, 0, 0, 0, 0, 0, 0, 0,
    0, 0, 0, 0, 0, 0, 0, 0,
    0, 0, 0, 0, 0, 0, 0, 0,
    0, 0, 0, 0, 0, 0, 0, 0,
    0, 0, 0, 0, 0, 0, 0, 0,
    0, 0, 0, 0, 0, 0, 0, 0,
    0, 0, 0, 0, 0, 0, 0, 0,
    0, 0, 0, 0, 0, 0, 0, 0,
    0, 0, 0, 0, 0, 0, 0, 0,
    0, 0, 0, 0, 0, 0, 0, 0,
    0, 0, 0, 0, 0, 0, 0, 0,
    0, 0, 0, 0, 0, 0, 0, 0,
    0, 0, 0, 0, 0, 0, 0, 0,
    0, 0, 0, 0, 0, 0, 0, 0,
    0, 0, 0, 0, 0, 0, 0, 0,
    0, 0, 0, 0, 0, 0, 0, 0,
    0, 0, 0, 0, 0, 0, 0, 0,
    0, 0, 0, 0, 0, 0, 0, 8,
    8, 8, 0, 8, 38, 39, 9, 38,
    39, 9, 40, 40, 8, 9, 30
};

/*Kern values between classes*/
static const int8_t kern_class_values[] =
{
    0, 1, 0, 0, 0, 0, 3, 0,
    1, 0, 0, 3, 0, 0, 0, 0,
    1, 0, 0, 0, 0, 0, 0, 0,
    1, 0, 0, 0, 0, 0, 6, 0,
    0, 0, 0, 0, 0, 1, 1, 0,
    1, 14, 0, 8, -5, 0, 6, 0,
    -18, -19, 1, 14, 5, 4, -13, 1,
    13, 0, 12, 3, 9, -5, 0, 19,
    4, -1, 0, -5, 0, -6, 6, 0,
    6, 0, 11, 0, -10, 0, 0, 0,
    0, -10, 0, 0, 0, 0, -6, 4,
    6, 0, 0, -3, 0, -1, 3, 0,
    -3, 0, -3, -2, -6, 0, 0, -3,
    0, -6, -1, 0, 0, 0, 0, 0,
    -5, 0, 0, 0, -3, -8, -3, 0,
    0, -8, 0, -40, 0, -6, -16, 6,
    10, 0, 0, -6, 3, 3, 10, 6,
    -4, 6, 0, 0, -17, 0, 0, -11,
    0, 0, 0, 8, 0, 0, 0, 0,
    -8, 0, 0, 0, 0, -6, -6, 0,
    -4, -13, 0, -13, -1, 0, -10, 0,
    -1, 10, 0, -10, -4, -1, 1, 0,
    -4, 0, 0, -3, -21, 0, 0, -26,
    -4, 7, -3, 0, 0, 0, 0, 0,
    -16, 0, -18, 0, -1, -9, -4, 0,
    0, 0, 0, 0, 0, 0, 0, 0,
    0, 12, 0, 3, 0, 0, -6, 0,
    0, 0, 0, 0, 0, 0, 0, 14,
    4, 1, 0, 0, 0, 0, 8, 0,
    0, 0, 0, 0, 0, 0, 0, 0,
    3, 6, 3, 10, -3, 0, 6, -3,
    -12, -42, 1, 8, 6, -1, -4, 0,
    8, 0, 9, 0, 9, 0, 0, 0,
    1, -3, 0, -4, 0, 1, 0, 0,
    10, 0, 11, 5, -25, 10, 10, 0,
    0, 0, -4, -11, 0, 0, -3, 1,
    -3, 0, 1, -7, -5, -6, 1, 0,
    -3, 0, 0, 0, -13, 1, 0, -21,
    0, 0, 0, 3, 0, 1, -8, 3,
    0, 0, -27, -3, 0, 0, 0, 0,
    1, -18, 3, -21, 0, 0, -12, -3,
    0, 29, -4, -5, 3, 3, 0, 0,
    -5, 3, 0, 0, -18, -6, 0, -30,
    0, 3, 1, -2, 0, -3, -10, 0,
    -21, 0, -46, 1, 3, -7, -7, 0,
    0, 19, -6, 0, -11, 12, 0, -23,
    -30, -23, -6, 10, 0, 0, -20, 0,
    2, -8, 0, -5, 0, -6, 0, 4,
    10, -37, -21, -20, -3, 0, 13, -6,
    14, -20, 0, -13, -24, 13, 15, 0,
    0, 1, 0, 0, 0, 0, 1, 1,
    -4, -6, 0, -1, -1, -3, 0, 0,
    -1, 0, 0, 0, -6, 0, 0, -6,
    0, -6, 0, 0, 0, 0, -4, 0,
    0, 0, 0, 0, -10, 0, 0, 0,
    0, 0, 0, 3, -1, 0, 0, -1,
    3, 3, 0, 0, 0, 0, -3, 0,
    0, 0, 0, 0, 0, 0, 0, -1,
    0, 10, 0, -3, 0, 0, 0, 0,
    0, 0, 0, 0, 0, 0, 0, 0,
    0, -3, 0, -3, 0, 0, 0, 0,
    0, 0, 0, 0, -2, -2, 0, -3,
    -3, 0, 0, 0, 0, 0, 0, 0,
    0, 0, 0, 0, 0, 0, 0, 0,
    -5, 0, 0, 0, 0, 0, 0, 0,
    0, -10, -1, -10, 6, 0, -6, 3,
    6, 8, 0, -8, 0, -2, 0, 0,
    -13, 3, -1, 3, -18, 3, 0, -16,
    0, 6, 0, 5, 3, 3, -3, 8,
    -10, 0, -7, 0, 3, -8, -3, 0,
    0, 0, 0, -3, 0, 0, -3, 0,
    0, 0, 0, 0, -2, -2, 0, -2,
    -4, 0, 0, 0, 0, 0, 0, -3,
    0, 0, 0, 0, 0, 0, 0, 0,
    -2, 0, 0, 0, 0, 0, 0, 0,
    0, -1, 0, -6, 3, 0, -2, 2,
    3, 3, 0, 0, 0, 0, 0, 0,
    -1, 0, 0, 0, 0, 0, 0, 0,
    0, 0, 0, 2, 0, 3, 0, 6,
    -5, 0, 0, 0, 0, -3, 0, 0,
    0, 10, -1, 1, -9, 0, 8, -16,
    -16, -12, -6, 3, 0, -2, -21, -5,
    0, -5, 0, -6, 5, -5, 0, 3,
    3, -10, -8, -16, -4, -6, 5, -3,
    3, -6, 8, -4, -18, 3, 6, 0,
    0, 0, 0, -3, 0, 0, 1, 0,
    3, 0, 0, 0, 0, 0, 0, 0,
    0, 0, 0, 0, -3, 0, 0, -10,
    0, 0, 0, 0, 0, 0, -3, 3,
    0, 0, 0, 0, -6, -2, 0, 0,
    0, 3, 0, 0, 0, 0, 0, 0,
    0, 17, 0, 0, 0, 0, 0, 0,
    1, 0, 0, 0, -3, 0, 0, -7,
    0, 3, 0, 0, 0, 0, -13, 0,
    0, 0, 0, 0, 0, 0, 0, 0,
    -1, 0, 0, 0, -3, 0, 2, 0,
    -16, -10, 0, 0, 0, -5, -16, 0,
    0, -3, 3, 0, -9, -1, -3, 0,
    0, -5, -1, -3, 0, 0, -5, 0,
    3, 0, 0, 3, -33, 8, 8, 0,
    0, -5, 0, 0, 0, 2, 0, 1,
    -6, -6, 0, -3, -3, -4, 0, 0,
    0, 0, 0, 0, -10, 0, 0, -6,
    4, -10, 0, 0, 0, 0, 0, 0,
    3, 0, 0, 0, -6, -2, -5, 0,
    1, 4, 0, 0, 0, 4, 1, -1,
    0, 14, 0, 7, 1, 1, -5, 0,
    6, 0, 0, 0, 4, 0, 0, 10,
    0, 11, 1, 0, 0, 0, 8, 0,
    0, 0, 1, 0, 0, 0, 0, 0,
    0, -19, 0, -3, 4, 10, -42, 0,
    29, 2, -6, -6, 3, 3, -1, 1,
    -16, 0, 0, 17, -19, -6, 0, -23,
    14, 45, 13, 0, 0, 0, 0, 10,
    -19, 0, -10, 2, 10, -15, -15, 0,
    0, -1, 6, -8, 0, 1, -3, 0,
    3, 38, -6, -2, 9, 8, -8, 3,
    0, 0, 3, 3, -6, -10, 0, -42,
    11, 0, 6, -8, 4, -1, -3, 8,
    0, 0, -17, 3, 0, 0, 0, 0,
    0, 0, 0, 0, 0, 0, 0, 0,
    1, 13, 0, -6, 0, 0, 0, 0,
    0, 0, 0, 0, -1, 0, 0, -18,
    1, 6, 0, 0, 0, 0, -6, 0,
    0, 0, 0, 0, 0, 1, 1, 0,
    0, 0, 0, 0, -5, -7, 5, -6,
    6, 0, -1, -7, -1, -4, -3, 0,
    -2, -2, -1, 3, -6, -1, -1, -14,
    -2, 0, 0, -2, 0, 0, 0, -2,
    6, 0, 0, 0, -1, 7, 8, 6,
    0, 0, -3, 0, -10, 0, 4, -10,
    -1, 4, -11, 4, -3, -3, -8, -5,
    1, -10, -6, -10, 0, -4, 0, 4,
    1, 4, -8, -10, 0, 0, 0, -3,
    0, -6, 2, -5, -6, -1, 1, -6,
    0, 0, 0, 0, 0, 0, 1, 1,
    -3, 0, 0, 0, -2, 0, 0, 0,
    -2, 0, 0, 0, 0, 0, 0, 0,
    0, -1, 0, 0, 0, 0, 0, 0,
    0, 0, 0, 0, -1, 0, 0, 0,
    6, 6, 0, 0, 0, 8, 0, -8,
    -10, -10, -4, 10, 0, 3, -3, 0,
    8, -3, 0, -13, 0, 0, 0, 16,
    8, -3, -6, 0, 0, 0, 0, 0,
    0, 0, 0, 0, -13, 0, 4, 0,
    0, 0, 0, 0, 0, 0, 0, 6,
    0, 5, 0, 0, 0, 0, 4, 0,
    1, 3, 0, 0, 0, 0, 0, 0,
    0, 1, 0, 1, 0, 0, 0, 0,
    0, 1, 0, 0, 0, 3, 3, 0,
    0, 0, 0, 0, 0, 0, 5, -3,
    1, 2, 0, -1, 0, 0, 1, 1,
    0, 0, 0, 0, -3, 0, 0, -17,
    0, 3, 0, 0, 0, 0, 0, 0,
    0, 0, 0, 0, 1, 0, 0, 0,
    0, 6, 6, 8, 0, 0, 10, 0,
    -21, -17, 0, 15, 10, 6, -13, 1,
    12, 0, 11, 0, 6, 3, 0, 18,
    0, 0, 0, -6, 0, 0, 0, 0,
    0, 0, 0, 0, -18, 0, 0, 0,
    0, 0, -3, 0, 0, 0, 0, 0,
    0, 0, 0, -1, 0, 0, 0, 0,
    0, 0, 0, 0, 8, 0, 0, -20,
    0, 0, 0, 0, 0, 0, 0, 0,
    0, 0, 0, 0, 0, 0, 0, 0,
    -1, -15, 0, -19, -4, 0, -28, -13,
    1, 13, -17, -15, 0, 0, -15, 0,
    -15, -15, 0, -1, -44, -18, 0, -27,
    4, 16, 0, -15, 4, -3, -16, 1,
    -20, -2, -29, -3, -4, -8, -6, 0,
    1, 0, 3, 13, -2, 0, 10, 0,
    -7, -15, 0, 11, 2, 3, -11, 0,
    12, -2, 9, 0, 11, 0, 0, 15,
    0, 0, 1, -3, 0, 0, 0, 3,
    0, 10, 11, 0, -10, 11, 11, 0,
    1, 0, 3, 13, -2, 0, 10, 0,
    -7, -15, 0, 14, 6, 4, -19, 0,
    8, 0, 3, 0, 11, 0, 0, 15,
    0, 0, 1, -8, 0, 0, 4, 3,
    0, 0, 11, 0, -10, 11, 11, 0,
    0, 0, -1, 0, -6, 0, 6, -1,
    4, 0, -6, 3, -1, 0, -4, -3,
    0, -4, -3, -3, 0, -10, 0, -3,
    0, 3, -3, -6, 0, 0, 0, -1,
    3, 0, 1, -1, -2, -1, 3, 0
};


/*Collect the kern class' data in one place*/
static const lv_font_fmt_txt_kern_classes_t kern_classes =
{
    .class_pair_values   = kern_class_values,
    .left_class_mapping  = kern_left_class_mapping,
    .right_class_mapping = kern_right_class_mapping,
    .left_class_cnt      = 37,
    .right_class_cnt     = 40,
};

/*--------------------
 *  ALL CUSTOM DATA
 *--------------------*/

#if LVGL_VERSION_MAJOR == 8
/*Store all the custom data of the font*/
static  lv_font_fmt_txt_glyph_cache_t cache;
#endif

#if LVGL_VERSION_MAJOR >= 8
static const lv_font_fmt_txt_dsc_t font_dsc = {
#else
static lv_font_fmt_txt_dsc_t font_dsc = {
#endif
    .glyph_bitmap = glyph_bitmap,
    .glyph_dsc = glyph_dsc,
    .cmaps = cmaps,
    .kern_dsc = &kern_classes,
    .kern_scale = 16,
    .cmap_num = 5,
    .bpp = 4,
    .kern_classes = 1,
    .bitmap_format = 0,
#if LVGL_VERSION_MAJOR == 8
    .cache = &cache
#endif
};



/*-----------------
 *  PUBLIC FONT
 *----------------*/

/*Initialize a public general font descriptor*/
#if LVGL_VERSION_MAJOR >= 8
const lv_font_t lv_font_md_bold_20 = {
#else
lv_font_t lv_font_md_bold_20 = {
#endif
    .get_glyph_dsc = lv_font_get_glyph_dsc_fmt_txt,    /*Function pointer to get glyph's data*/
    .get_glyph_bitmap = lv_font_get_bitmap_fmt_txt,    /*Function pointer to get glyph's bitmap*/
    .line_height = 26,          /*The maximum line height required by the font*/
    .base_line = 5,             /*Baseline measured from the bottom of the line*/
#if !(LVGL_VERSION_MAJOR == 6 && LVGL_VERSION_MINOR == 0)
    .subpx = LV_FONT_SUBPX_NONE,
#endif
#if LV_VERSION_CHECK(7, 4, 0) || LVGL_VERSION_MAJOR >= 8
    .underline_position = -2,
    .underline_thickness = 1,
#endif
    .dsc = &font_dsc,          /*The custom font data. Will be accessed by `get_glyph_bitmap/dsc` */
#if LV_VERSION_CHECK(8, 2, 0) || LVGL_VERSION_MAJOR >= 9
    .fallback = NULL,
#endif
    .user_data = NULL,
};



#endif /*#if LV_FONT_MD_BOLD_20*/

