/*******************************************************************************
 * Size: 22 px
 * Bpp: 4
 * Opts: --size 22 --bpp 4 --format lvgl --font C:\Temp\opencode\Montserrat-Bold.ttf -r 0x20-0x7F -r 0xA0-0xFF -r 0x100-0x17F -r 0x400-0x45F -r 0x2010-0x2027 -r 0x20AC --no-compress --no-prefilter --lv-include lvgl.h --lv-font-name lv_font_md_h3_22 -o E:\android\omni-chat-myvu-voice\esp32-p4-firmware\main\fonts\lv_font_md_h3_22.c
 ******************************************************************************/

#ifdef LV_LVGL_H_INCLUDE_SIMPLE
#include "lvgl.h"
#else
#include "lvgl.h"
#endif

#ifndef LV_FONT_MD_H3_22
#define LV_FONT_MD_H3_22 1
#endif

#if LV_FONT_MD_H3_22

/*-----------------
 *    BITMAPS
 *----------------*/

/*Store the image of the glyphs*/
static LV_ATTRIBUTE_LARGE_CONST const uint8_t glyph_bitmap[] = {
    /* U+0020 " " */

    /* U+0021 "!" */
    0xdf, 0xff, 0x3c, 0xff, 0xf2, 0xbf, 0xff, 0x9,
    0xff, 0xf0, 0x8f, 0xfe, 0x7, 0xff, 0xd0, 0x6f,
    0xfc, 0x5, 0xff, 0xb0, 0x4f, 0xfa, 0x3, 0xff,
    0x90, 0x0, 0x0, 0x3, 0xce, 0x70, 0xcf, 0xff,
    0x2c, 0xff, 0xf2, 0x3d, 0xf8, 0x0,

    /* U+0022 "\"" */
    0xef, 0xf0, 0x6f, 0xf8, 0xdf, 0xf0, 0x5f, 0xf7,
    0xdf, 0xe0, 0x4f, 0xf6, 0xcf, 0xd0, 0x4f, 0xf6,
    0xcf, 0xd0, 0x3f, 0xf5, 0xbf, 0xc0, 0x3f, 0xf5,
    0x23, 0x20, 0x3, 0x31,

    /* U+0023 "#" */
    0x0, 0x0, 0x4f, 0xf3, 0x0, 0x9f, 0xe0, 0x0,
    0x0, 0x0, 0x6f, 0xf0, 0x0, 0xbf, 0xb0, 0x0,
    0x0, 0x0, 0x9f, 0xe0, 0x0, 0xef, 0x90, 0x0,
    0xd, 0xff, 0xff, 0xff, 0xff, 0xff, 0xff, 0xf6,
    0xd, 0xff, 0xff, 0xff, 0xff, 0xff, 0xff, 0xf6,
    0x5, 0x66, 0xff, 0xb6, 0x68, 0xff, 0x86, 0x62,
    0x0, 0x1, 0xff, 0x60, 0x5, 0xff, 0x10, 0x0,
    0x0, 0x3, 0xff, 0x40, 0x7, 0xff, 0x0, 0x0,
    0x0, 0x5, 0xff, 0x20, 0x9, 0xfd, 0x0, 0x0,
    0x9f, 0xff, 0xff, 0xff, 0xff, 0xff, 0xff, 0xa0,
    0x9f, 0xff, 0xff, 0xff, 0xff, 0xff, 0xff, 0xa0,
    0x36, 0x6d, 0xfd, 0x66, 0x6f, 0xfa, 0x66, 0x40,
    0x0, 0xd, 0xfa, 0x0, 0x1f, 0xf5, 0x0, 0x0,
    0x0, 0xf, 0xf8, 0x0, 0x3f, 0xf3, 0x0, 0x0,
    0x0, 0xf, 0xf6, 0x0, 0x5f, 0xf1, 0x0, 0x0,

    /* U+0024 "$" */
    0x0, 0x0, 0x0, 0xff, 0x40, 0x0, 0x0, 0x0,
    0x0, 0x0, 0xff, 0x40, 0x0, 0x0, 0x0, 0x0,
    0x0, 0xff, 0x40, 0x0, 0x0, 0x0, 0x4, 0xae,
    0xff, 0xfe, 0xb6, 0x0, 0x0, 0xaf, 0xff, 0xff,
    0xff, 0xff, 0x90, 0x8, 0xff, 0xfe, 0xff, 0xdf,
    0xff, 0x30, 0xe, 0xff, 0xc0, 0xff, 0x40, 0x48,
    0x0, 0xf, 0xff, 0x80, 0xff, 0x40, 0x0, 0x0,
    0xe, 0xff, 0xf7, 0xff, 0x40, 0x0, 0x0, 0x7,
    0xff, 0xff, 0xff, 0xb6, 0x10, 0x0, 0x0, 0x7e,
    0xff, 0xff, 0xff, 0xfa, 0x10, 0x0, 0x0, 0x5a,
    0xff, 0xff, 0xff, 0xc0, 0x0, 0x0, 0x0, 0xff,
    0x9e, 0xff, 0xf4, 0x0, 0x0, 0x0, 0xff, 0x43,
    0xff, 0xf6, 0x8, 0xc5, 0x0, 0xff, 0x47, 0xff,
    0xf4, 0xe, 0xff, 0xfc, 0xff, 0xef, 0xff, 0xd0,
    0x2e, 0xff, 0xff, 0xff, 0xff, 0xfd, 0x20, 0x0,
    0x5a, 0xdf, 0xff, 0xec, 0x60, 0x0, 0x0, 0x0,
    0x0, 0xff, 0x40, 0x0, 0x0, 0x0, 0x0, 0x0,
    0xff, 0x40, 0x0, 0x0, 0x0, 0x0, 0x0, 0xaa,
    0x20, 0x0, 0x0,

    /* U+0025 "%" */
    0x0, 0x8e, 0xfd, 0x60, 0x0, 0x0, 0xc, 0xfd,
    0x0, 0x0, 0xaf, 0xfd, 0xff, 0x70, 0x0, 0x7,
    0xff, 0x30, 0x0, 0x2f, 0xf3, 0x6, 0xff, 0x0,
    0x2, 0xff, 0x70, 0x0, 0x5, 0xfd, 0x0, 0xf,
    0xf3, 0x0, 0xdf, 0xc0, 0x0, 0x0, 0x5f, 0xe0,
    0x0, 0xff, 0x20, 0x9f, 0xf1, 0x0, 0x0, 0x2,
    0xff, 0x60, 0x8f, 0xe0, 0x4f, 0xf5, 0x0, 0x0,
    0x0, 0x8, 0xff, 0xff, 0xf5, 0x1e, 0xfa, 0x18,
    0xcb, 0x60, 0x0, 0x5, 0xbc, 0xa3, 0xa, 0xfe,
    0x2d, 0xff, 0xff, 0xa0, 0x0, 0x0, 0x0, 0x5,
    0xff, 0x48, 0xfd, 0x13, 0xff, 0x40, 0x0, 0x0,
    0x1, 0xff, 0x80, 0xdf, 0x60, 0xa, 0xf9, 0x0,
    0x0, 0x0, 0xcf, 0xd0, 0xe, 0xf4, 0x0, 0x8f,
    0xa0, 0x0, 0x0, 0x7f, 0xf2, 0x0, 0xdf, 0x50,
    0x9, 0xf9, 0x0, 0x0, 0x3f, 0xf7, 0x0, 0x9,
    0xfb, 0x1, 0xef, 0x60, 0x0, 0xd, 0xfb, 0x0,
    0x0, 0x2f, 0xfe, 0xff, 0xd0, 0x0, 0x9, 0xfe,
    0x10, 0x0, 0x0, 0x2b, 0xfe, 0xa1, 0x0,

    /* U+0026 "&" */
    0x0, 0x0, 0x5b, 0xef, 0xd9, 0x20, 0x0, 0x0,
    0x0, 0x9, 0xff, 0xff, 0xff, 0xf3, 0x0, 0x0,
    0x0, 0x2f, 0xff, 0x95, 0xbf, 0xfa, 0x0, 0x0,
    0x0, 0x5f, 0xfc, 0x0, 0x2f, 0xfc, 0x0, 0x0,
    0x0, 0x3f, 0xfe, 0x0, 0x8f, 0xf8, 0x0, 0x0,
    0x0, 0xc, 0xff, 0xba, 0xff, 0xd1, 0x0, 0x0,
    0x0, 0x2, 0xff, 0xff, 0xf9, 0x0, 0x0, 0x0,
    0x0, 0x3d, 0xff, 0xff, 0xf5, 0x0, 0x77, 0x20,
    0x4, 0xff, 0xfa, 0xaf, 0xff, 0x70, 0xff, 0xf0,
    0xd, 0xff, 0x80, 0x8, 0xff, 0xfd, 0xff, 0xa0,
    0x1f, 0xff, 0x30, 0x0, 0x5f, 0xff, 0xff, 0x20,
    0x1f, 0xff, 0x90, 0x0, 0x9, 0xff, 0xfe, 0x20,
    0xc, 0xff, 0xfe, 0xbc, 0xef, 0xff, 0xff, 0xe3,
    0x2, 0xdf, 0xff, 0xff, 0xff, 0xf8, 0xdf, 0xd1,
    0x0, 0x6, 0xbe, 0xff, 0xc8, 0x10, 0x1b, 0x20,

    /* U+0027 "'" */
    0xef, 0xfd, 0xff, 0xdf, 0xec, 0xfd, 0xcf, 0xdb,
    0xfc, 0x23, 0x20,

    /* U+0028 "(" */
    0x0, 0x7, 0x99, 0x40, 0x3, 0xff, 0xf2, 0x0,
    0xcf, 0xfa, 0x0, 0x2f, 0xff, 0x30, 0x7, 0xff,
    0xe0, 0x0, 0xcf, 0xf9, 0x0, 0xf, 0xff, 0x60,
    0x2, 0xff, 0xf3, 0x0, 0x4f, 0xff, 0x10, 0x5,
    0xff, 0xf0, 0x0, 0x5f, 0xff, 0x0, 0x5, 0xff,
    0xf0, 0x0, 0x4f, 0xff, 0x10, 0x3, 0xff, 0xf2,
    0x0, 0xf, 0xff, 0x50, 0x0, 0xdf, 0xf8, 0x0,
    0xa, 0xff, 0xc0, 0x0, 0x4f, 0xff, 0x10, 0x0,
    0xef, 0xf6, 0x0, 0x7, 0xff, 0xe0, 0x0, 0xe,
    0xff, 0x60,

    /* U+0029 ")" */
    0x59, 0x95, 0x0, 0x4, 0xff, 0xf1, 0x0, 0xc,
    0xff, 0x90, 0x0, 0x6f, 0xff, 0x0, 0x1, 0xff,
    0xf5, 0x0, 0xb, 0xff, 0xa0, 0x0, 0x8f, 0xfd,
    0x0, 0x5, 0xff, 0xf0, 0x0, 0x3f, 0xff, 0x20,
    0x2, 0xff, 0xf3, 0x0, 0x1f, 0xff, 0x30, 0x2,
    0xff, 0xf3, 0x0, 0x3f, 0xff, 0x20, 0x4, 0xff,
    0xf1, 0x0, 0x7f, 0xfe, 0x0, 0xa, 0xff, 0xb0,
    0x0, 0xef, 0xf7, 0x0, 0x3f, 0xff, 0x20, 0x9,
    0xff, 0xc0, 0x1, 0xff, 0xf5, 0x0, 0x8f, 0xfc,
    0x0, 0x0,

    /* U+002A "*" */
    0x0, 0x2, 0xa8, 0x0, 0x0, 0x3, 0x4, 0xfc,
    0x1, 0x20, 0x3f, 0xb6, 0xfc, 0x6f, 0xb0, 0x5f,
    0xff, 0xff, 0xff, 0xc1, 0x1, 0xbf, 0xff, 0xf6,
    0x0, 0x2b, 0xff, 0xff, 0xfe, 0x70, 0x6f, 0xfa,
    0xfd, 0xcf, 0xe0, 0x8, 0x14, 0xfc, 0x5, 0x40,
    0x0, 0x4, 0xfc, 0x0, 0x0,

    /* U+002B "+" */
    0x0, 0x0, 0x22, 0x20, 0x0, 0x0, 0x0, 0xd,
    0xff, 0x0, 0x0, 0x0, 0x0, 0xdf, 0xf0, 0x0,
    0x0, 0x0, 0xd, 0xff, 0x0, 0x0, 0x7b, 0xbb,
    0xff, 0xfb, 0xbb, 0x9a, 0xff, 0xff, 0xff, 0xff,
    0xfd, 0xaf, 0xff, 0xff, 0xff, 0xff, 0xd0, 0x0,
    0xd, 0xff, 0x0, 0x0, 0x0, 0x0, 0xdf, 0xf0,
    0x0, 0x0, 0x0, 0xd, 0xff, 0x0, 0x0, 0x0,
    0x0, 0xdf, 0xf0, 0x0, 0x0,

    /* U+002C "," */
    0x1, 0x65, 0x0, 0xd, 0xff, 0xa0, 0x3f, 0xff,
    0xf0, 0x1f, 0xff, 0xe0, 0x4, 0xff, 0x80, 0x5,
    0xff, 0x20, 0x9, 0xfc, 0x0, 0xe, 0xf5, 0x0,

    /* U+002D "-" */
    0xac, 0xcc, 0xcc, 0x4d, 0xff, 0xff, 0xf6, 0xdf,
    0xff, 0xff, 0x60,

    /* U+002E "." */
    0x0, 0x32, 0x0, 0xb, 0xff, 0x70, 0x2f, 0xff,
    0xf0, 0x1f, 0xff, 0xe0, 0x6, 0xed, 0x40,

    /* U+002F "/" */
    0x0, 0x0, 0x0, 0x4, 0x88, 0x40, 0x0, 0x0,
    0x0, 0xdf, 0xf3, 0x0, 0x0, 0x0, 0x2f, 0xfe,
    0x0, 0x0, 0x0, 0x8, 0xff, 0x80, 0x0, 0x0,
    0x0, 0xef, 0xf2, 0x0, 0x0, 0x0, 0x3f, 0xfd,
    0x0, 0x0, 0x0, 0x9, 0xff, 0x70, 0x0, 0x0,
    0x0, 0xef, 0xf1, 0x0, 0x0, 0x0, 0x4f, 0xfc,
    0x0, 0x0, 0x0, 0xa, 0xff, 0x60, 0x0, 0x0,
    0x0, 0xff, 0xf1, 0x0, 0x0, 0x0, 0x5f, 0xfb,
    0x0, 0x0, 0x0, 0xb, 0xff, 0x50, 0x0, 0x0,
    0x1, 0xff, 0xf0, 0x0, 0x0, 0x0, 0x6f, 0xfa,
    0x0, 0x0, 0x0, 0xc, 0xff, 0x40, 0x0, 0x0,
    0x2, 0xff, 0xe0, 0x0, 0x0, 0x0, 0x7f, 0xf9,
    0x0, 0x0, 0x0, 0xd, 0xff, 0x30, 0x0, 0x0,
    0x3, 0xff, 0xd0, 0x0, 0x0, 0x0, 0x8f, 0xf8,
    0x0, 0x0, 0x0, 0x0,

    /* U+0030 "0" */
    0x0, 0x0, 0x4b, 0xef, 0xda, 0x40, 0x0, 0x0,
    0x0, 0xaf, 0xff, 0xff, 0xff, 0x90, 0x0, 0x0,
    0xaf, 0xff, 0xff, 0xff, 0xff, 0x80, 0x0, 0x4f,
    0xff, 0xc3, 0x3, 0xdf, 0xff, 0x30, 0xa, 0xff,
    0xf1, 0x0, 0x2, 0xff, 0xf9, 0x0, 0xef, 0xfa,
    0x0, 0x0, 0xc, 0xff, 0xd0, 0xf, 0xff, 0x80,
    0x0, 0x0, 0x9f, 0xff, 0x1, 0xff, 0xf7, 0x0,
    0x0, 0x8, 0xff, 0xf0, 0xf, 0xff, 0x80, 0x0,
    0x0, 0x9f, 0xff, 0x0, 0xef, 0xfa, 0x0, 0x0,
    0xc, 0xff, 0xd0, 0xa, 0xff, 0xf1, 0x0, 0x2,
    0xff, 0xf9, 0x0, 0x4f, 0xff, 0xc3, 0x3, 0xdf,
    0xff, 0x30, 0x0, 0xaf, 0xff, 0xff, 0xff, 0xff,
    0x80, 0x0, 0x0, 0xaf, 0xff, 0xff, 0xff, 0x90,
    0x0, 0x0, 0x0, 0x4b, 0xef, 0xea, 0x40, 0x0,
    0x0,

    /* U+0031 "1" */
    0xdf, 0xff, 0xff, 0xcd, 0xff, 0xff, 0xfc, 0xbd,
    0xdf, 0xff, 0xc0, 0x0, 0xcf, 0xfc, 0x0, 0xc,
    0xff, 0xc0, 0x0, 0xcf, 0xfc, 0x0, 0xc, 0xff,
    0xc0, 0x0, 0xcf, 0xfc, 0x0, 0xc, 0xff, 0xc0,
    0x0, 0xcf, 0xfc, 0x0, 0xc, 0xff, 0xc0, 0x0,
    0xcf, 0xfc, 0x0, 0xc, 0xff, 0xc0, 0x0, 0xcf,
    0xfc, 0x0, 0xc, 0xff, 0xc0,

    /* U+0032 "2" */
    0x0, 0x39, 0xde, 0xfe, 0xa4, 0x0, 0x0, 0x9f,
    0xff, 0xff, 0xff, 0xf9, 0x0, 0xaf, 0xff, 0xff,
    0xff, 0xff, 0xf6, 0x2, 0xbf, 0xa2, 0x1, 0x7f,
    0xff, 0xb0, 0x0, 0x30, 0x0, 0x0, 0xcf, 0xfd,
    0x0, 0x0, 0x0, 0x0, 0xe, 0xff, 0xa0, 0x0,
    0x0, 0x0, 0x7, 0xff, 0xf5, 0x0, 0x0, 0x0,
    0x6, 0xff, 0xfa, 0x0, 0x0, 0x0, 0x8, 0xff,
    0xfb, 0x0, 0x0, 0x0, 0xa, 0xff, 0xfa, 0x0,
    0x0, 0x0, 0xb, 0xff, 0xf8, 0x0, 0x0, 0x0,
    0x1d, 0xff, 0xf6, 0x0, 0x0, 0x0, 0x1e, 0xff,
    0xff, 0xee, 0xee, 0xee, 0x54, 0xff, 0xff, 0xff,
    0xff, 0xff, 0xf5, 0x4f, 0xff, 0xff, 0xff, 0xff,
    0xff, 0x50,

    /* U+0033 "3" */
    0x4, 0xff, 0xff, 0xff, 0xff, 0xff, 0x80, 0x4,
    0xff, 0xff, 0xff, 0xff, 0xff, 0x80, 0x3, 0xdd,
    0xdd, 0xdd, 0xff, 0xff, 0x40, 0x0, 0x0, 0x0,
    0x5, 0xff, 0xf6, 0x0, 0x0, 0x0, 0x0, 0x4f,
    0xff, 0x70, 0x0, 0x0, 0x0, 0x3, 0xff, 0xf8,
    0x0, 0x0, 0x0, 0x0, 0xd, 0xff, 0xfe, 0x91,
    0x0, 0x0, 0x0, 0xd, 0xff, 0xff, 0xff, 0x30,
    0x0, 0x0, 0x5, 0x67, 0xbf, 0xff, 0xd0, 0x0,
    0x0, 0x0, 0x0, 0x9, 0xff, 0xf2, 0x0, 0x10,
    0x0, 0x0, 0x7, 0xff, 0xf3, 0x1, 0xfa, 0x51,
    0x0, 0x5e, 0xff, 0xf0, 0x9, 0xff, 0xff, 0xff,
    0xff, 0xff, 0x80, 0xa, 0xff, 0xff, 0xff, 0xff,
    0xfa, 0x0, 0x0, 0x28, 0xbe, 0xff, 0xda, 0x40,
    0x0,

    /* U+0034 "4" */
    0x0, 0x0, 0x0, 0x7, 0xff, 0xf5, 0x0, 0x0,
    0x0, 0x0, 0x3, 0xff, 0xf9, 0x0, 0x0, 0x0,
    0x0, 0x1, 0xef, 0xfc, 0x0, 0x0, 0x0, 0x0,
    0x0, 0xbf, 0xff, 0x20, 0x0, 0x0, 0x0, 0x0,
    0x7f, 0xff, 0x50, 0x0, 0x0, 0x0, 0x0, 0x4f,
    0xff, 0x90, 0x0, 0x0, 0x0, 0x0, 0x1e, 0xff,
    0xc0, 0xb, 0xdd, 0x50, 0x0, 0xc, 0xff, 0xf2,
    0x0, 0xef, 0xf7, 0x0, 0x8, 0xff, 0xf5, 0x0,
    0xe, 0xff, 0x70, 0x3, 0xff, 0xff, 0xff, 0xff,
    0xff, 0xff, 0xff, 0x5f, 0xff, 0xff, 0xff, 0xff,
    0xff, 0xff, 0xf4, 0xee, 0xee, 0xee, 0xee, 0xff,
    0xff, 0xed, 0x0, 0x0, 0x0, 0x0, 0xf, 0xff,
    0x70, 0x0, 0x0, 0x0, 0x0, 0x0, 0xff, 0xf7,
    0x0, 0x0, 0x0, 0x0, 0x0, 0xf, 0xff, 0x70,
    0x0,

    /* U+0035 "5" */
    0x0, 0xef, 0xff, 0xff, 0xff, 0xf8, 0x0, 0xf,
    0xff, 0xff, 0xff, 0xff, 0x80, 0x1, 0xff, 0xfd,
    0xdd, 0xdd, 0xd7, 0x0, 0x3f, 0xff, 0x0, 0x0,
    0x0, 0x0, 0x4, 0xff, 0xf0, 0x0, 0x0, 0x0,
    0x0, 0x6f, 0xff, 0xed, 0xca, 0x50, 0x0, 0x7,
    0xff, 0xff, 0xff, 0xff, 0xd2, 0x0, 0x9f, 0xff,
    0xff, 0xff, 0xff, 0xd0, 0x0, 0x0, 0x0, 0x14,
    0xdf, 0xff, 0x40, 0x0, 0x0, 0x0, 0x3, 0xff,
    0xf7, 0x2, 0x0, 0x0, 0x0, 0x3f, 0xff, 0x60,
    0xdd, 0x62, 0x0, 0x4d, 0xff, 0xf3, 0x5f, 0xff,
    0xff, 0xff, 0xff, 0xfb, 0x6, 0xff, 0xff, 0xff,
    0xff, 0xfc, 0x10, 0x1, 0x6b, 0xef, 0xfe, 0xb5,
    0x0, 0x0,

    /* U+0036 "6" */
    0x0, 0x0, 0x6, 0xbd, 0xff, 0xd9, 0x30, 0x0,
    0x4, 0xef, 0xff, 0xff, 0xff, 0xb0, 0x0, 0x5f,
    0xff, 0xff, 0xef, 0xff, 0x30, 0x1, 0xff, 0xfe,
    0x60, 0x0, 0x14, 0x0, 0x8, 0xff, 0xf1, 0x0,
    0x0, 0x0, 0x0, 0xd, 0xff, 0x95, 0xcf, 0xfd,
    0x81, 0x0, 0xf, 0xff, 0xef, 0xff, 0xff, 0xfe,
    0x30, 0x1f, 0xff, 0xff, 0xdb, 0xdf, 0xff, 0xe0,
    0x1f, 0xff, 0xf7, 0x0, 0x7, 0xff, 0xf5, 0xf,
    0xff, 0xf0, 0x0, 0x0, 0xff, 0xf8, 0xc, 0xff,
    0xe0, 0x0, 0x0, 0xff, 0xf7, 0x6, 0xff, 0xf7,
    0x0, 0x7, 0xff, 0xf4, 0x0, 0xcf, 0xff, 0xdb,
    0xdf, 0xff, 0xc0, 0x0, 0x1c, 0xff, 0xff, 0xff,
    0xfd, 0x10, 0x0, 0x0, 0x5b, 0xef, 0xec, 0x60,
    0x0,

    /* U+0037 "7" */
    0x6f, 0xff, 0xff, 0xff, 0xff, 0xff, 0xe6, 0xff,
    0xff, 0xff, 0xff, 0xff, 0xfe, 0x6f, 0xff, 0xee,
    0xee, 0xef, 0xff, 0xc6, 0xff, 0xb0, 0x0, 0x6,
    0xff, 0xf5, 0x6f, 0xfb, 0x0, 0x0, 0xdf, 0xfe,
    0x2, 0x55, 0x30, 0x0, 0x5f, 0xff, 0x70, 0x0,
    0x0, 0x0, 0xc, 0xff, 0xf1, 0x0, 0x0, 0x0,
    0x4, 0xff, 0xf8, 0x0, 0x0, 0x0, 0x0, 0xbf,
    0xff, 0x20, 0x0, 0x0, 0x0, 0x2f, 0xff, 0xa0,
    0x0, 0x0, 0x0, 0x9, 0xff, 0xf3, 0x0, 0x0,
    0x0, 0x1, 0xff, 0xfc, 0x0, 0x0, 0x0, 0x0,
    0x8f, 0xff, 0x40, 0x0, 0x0, 0x0, 0xe, 0xff,
    0xd0, 0x0, 0x0, 0x0, 0x7, 0xff, 0xf6, 0x0,
    0x0, 0x0,

    /* U+0038 "8" */
    0x0, 0x3, 0x9d, 0xff, 0xeb, 0x60, 0x0, 0x0,
    0x8f, 0xff, 0xff, 0xff, 0xfe, 0x20, 0x5, 0xff,
    0xff, 0xba, 0xdf, 0xff, 0xd0, 0x9, 0xff, 0xf1,
    0x0, 0x9, 0xff, 0xf2, 0x9, 0xff, 0xf0, 0x0,
    0x7, 0xff, 0xf1, 0x3, 0xff, 0xfd, 0x87, 0xaf,
    0xff, 0xa0, 0x0, 0x4f, 0xff, 0xff, 0xff, 0xfc,
    0x0, 0x2, 0xdf, 0xff, 0xff, 0xff, 0xff, 0x80,
    0xc, 0xff, 0xf6, 0x10, 0x3b, 0xff, 0xf4, 0x2f,
    0xff, 0x80, 0x0, 0x0, 0xff, 0xfa, 0x3f, 0xff,
    0x70, 0x0, 0x0, 0xef, 0xfb, 0xf, 0xff, 0xd1,
    0x0, 0x6, 0xff, 0xf8, 0x9, 0xff, 0xff, 0xba,
    0xdf, 0xff, 0xf1, 0x0, 0xaf, 0xff, 0xff, 0xff,
    0xfe, 0x30, 0x0, 0x3, 0x9d, 0xff, 0xeb, 0x70,
    0x0,

    /* U+0039 "9" */
    0x0, 0x7, 0xce, 0xfe, 0xb5, 0x0, 0x0, 0x2,
    0xef, 0xff, 0xff, 0xff, 0xc1, 0x0, 0xe, 0xff,
    0xfc, 0xac, 0xff, 0xfc, 0x0, 0x6f, 0xff, 0x50,
    0x0, 0x4f, 0xff, 0x60, 0x8f, 0xff, 0x0, 0x0,
    0xe, 0xff, 0xc0, 0x6f, 0xff, 0x50, 0x0, 0x4f,
    0xff, 0xf0, 0x1f, 0xff, 0xfc, 0xac, 0xff, 0xff,
    0xf1, 0x5, 0xff, 0xff, 0xff, 0xfe, 0xff, 0xf1,
    0x0, 0x29, 0xdf, 0xfc, 0x58, 0xff, 0xf0, 0x0,
    0x0, 0x0, 0x0, 0xc, 0xff, 0xd0, 0x0, 0x0,
    0x0, 0x0, 0x5f, 0xff, 0x80, 0x0, 0x62, 0x0,
    0x17, 0xff, 0xff, 0x10, 0x3, 0xff, 0xfe, 0xff,
    0xff, 0xf5, 0x0, 0xb, 0xff, 0xff, 0xff, 0xfe,
    0x40, 0x0, 0x3, 0x9d, 0xff, 0xeb, 0x61, 0x0,
    0x0,

    /* U+003A ":" */
    0x7, 0xed, 0x40, 0x2f, 0xff, 0xe0, 0x2f, 0xff,
    0xf0, 0xa, 0xff, 0x70, 0x0, 0x22, 0x0, 0x0,
    0x0, 0x0, 0x0, 0x0, 0x0, 0x0, 0x32, 0x0,
    0xb, 0xff, 0x70, 0x2f, 0xff, 0xf0, 0x1f, 0xff,
    0xe0, 0x6, 0xed, 0x40,

    /* U+003B ";" */
    0x7, 0xed, 0x40, 0x2f, 0xff, 0xe0, 0x2f, 0xff,
    0xf0, 0xa, 0xff, 0x70, 0x0, 0x22, 0x0, 0x0,
    0x0, 0x0, 0x0, 0x0, 0x0, 0x0, 0x0, 0x0,
    0x6, 0xee, 0x40, 0x1f, 0xff, 0xe0, 0x2f, 0xff,
    0xf0, 0xa, 0xff, 0xb0, 0x3, 0xff, 0x50, 0x7,
    0xfe, 0x0, 0xc, 0xf8, 0x0, 0x7, 0x72, 0x0,

    /* U+003C "<" */
    0x0, 0x0, 0x0, 0x0, 0x0, 0x0, 0x0, 0x0,
    0x0, 0x3, 0x9c, 0x0, 0x0, 0x1, 0x7d, 0xff,
    0xd0, 0x0, 0x4b, 0xff, 0xff, 0xfa, 0x28, 0xef,
    0xff, 0xfd, 0x71, 0xa, 0xff, 0xfe, 0x93, 0x0,
    0x0, 0xaf, 0xfe, 0x50, 0x0, 0x0, 0x8, 0xff,
    0xff, 0xe9, 0x30, 0x0, 0x2, 0x8e, 0xff, 0xff,
    0xd8, 0x20, 0x0, 0x4, 0xbf, 0xff, 0xfd, 0x0,
    0x0, 0x0, 0x17, 0xdf, 0xd0, 0x0, 0x0, 0x0,
    0x0, 0x37,

    /* U+003D "=" */
    0xaf, 0xff, 0xff, 0xff, 0xff, 0xda, 0xff, 0xff,
    0xff, 0xff, 0xfd, 0x6a, 0xaa, 0xaa, 0xaa, 0xaa,
    0x90, 0x0, 0x0, 0x0, 0x0, 0x0, 0x0, 0x0,
    0x0, 0x0, 0x0, 0x7, 0xbb, 0xbb, 0xbb, 0xbb,
    0xb9, 0xaf, 0xff, 0xff, 0xff, 0xff, 0xda, 0xff,
    0xff, 0xff, 0xff, 0xfd,

    /* U+003E ">" */
    0x0, 0x0, 0x0, 0x0, 0x0, 0x9, 0xa4, 0x0,
    0x0, 0x0, 0x0, 0xaf, 0xfe, 0x82, 0x0, 0x0,
    0x7, 0xff, 0xff, 0xfc, 0x60, 0x0, 0x1, 0x6c,
    0xff, 0xff, 0xfa, 0x30, 0x0, 0x2, 0x8d, 0xff,
    0xfd, 0x0, 0x0, 0x0, 0x4d, 0xff, 0xd0, 0x0,
    0x28, 0xef, 0xff, 0xfc, 0x17, 0xcf, 0xff, 0xff,
    0xa3, 0xa, 0xff, 0xff, 0xc6, 0x0, 0x0, 0xaf,
    0xe8, 0x20, 0x0, 0x0, 0x6, 0x40, 0x0, 0x0,
    0x0, 0x0,

    /* U+003F "?" */
    0x0, 0x3, 0x9d, 0xef, 0xeb, 0x60, 0x0, 0x9,
    0xff, 0xff, 0xff, 0xff, 0xc0, 0xa, 0xff, 0xff,
    0xef, 0xff, 0xff, 0x80, 0x3c, 0xf9, 0x10, 0x5,
    0xff, 0xfb, 0x0, 0x2, 0x0, 0x0, 0xd, 0xff,
    0xb0, 0x0, 0x0, 0x0, 0x4, 0xff, 0xf5, 0x0,
    0x0, 0x0, 0x5, 0xff, 0xf9, 0x0, 0x0, 0x0,
    0x5, 0xff, 0xf7, 0x0, 0x0, 0x0, 0x0, 0xff,
    0xf8, 0x0, 0x0, 0x0, 0x0, 0x1a, 0xaa, 0x10,
    0x0, 0x0, 0x0, 0x0, 0x0, 0x0, 0x0, 0x0,
    0x0, 0x0, 0x1b, 0xea, 0x0, 0x0, 0x0, 0x0,
    0x8, 0xff, 0xf7, 0x0, 0x0, 0x0, 0x0, 0x8f,
    0xff, 0x70, 0x0, 0x0, 0x0, 0x1, 0xbf, 0xb0,
    0x0, 0x0,

    /* U+0040 "@" */
    0x0, 0x0, 0x0, 0x6, 0xad, 0xef, 0xed, 0x95,
    0x0, 0x0, 0x0, 0x0, 0x0, 0x8, 0xff, 0xff,
    0xff, 0xff, 0xff, 0xe7, 0x0, 0x0, 0x0, 0x1,
    0xcf, 0xfe, 0x94, 0x21, 0x24, 0x8e, 0xff, 0xc1,
    0x0, 0x0, 0x1d, 0xff, 0x80, 0x16, 0x87, 0x20,
    0x88, 0xff, 0xfc, 0x0, 0x0, 0xbf, 0xf5, 0x5,
    0xff, 0xff, 0xf9, 0xff, 0xf3, 0xff, 0x90, 0x4,
    0xff, 0x80, 0x4f, 0xff, 0xff, 0xff, 0xff, 0xf0,
    0x5f, 0xf2, 0xa, 0xfe, 0x0, 0xef, 0xfb, 0x20,
    0x5e, 0xff, 0xf0, 0xd, 0xf7, 0xe, 0xf9, 0x3,
    0xff, 0xe1, 0x0, 0x5, 0xff, 0xf0, 0x8, 0xfb,
    0xf, 0xf6, 0x6, 0xff, 0xa0, 0x0, 0x0, 0xff,
    0xf0, 0x5, 0xfd, 0x1f, 0xf5, 0x6, 0xff, 0x90,
    0x0, 0x0, 0xff, 0xf0, 0x5, 0xfe, 0xf, 0xf7,
    0x5, 0xff, 0xc0, 0x0, 0x2, 0xff, 0xf0, 0x6,
    0xfc, 0xe, 0xf9, 0x1, 0xff, 0xf4, 0x0, 0x9,
    0xff, 0xf0, 0xb, 0xf9, 0x9, 0xff, 0x0, 0x9f,
    0xff, 0x97, 0xbf, 0xff, 0xfa, 0x9f, 0xf3, 0x3,
    0xff, 0x70, 0xc, 0xff, 0xff, 0xfe, 0x8f, 0xff,
    0xff, 0x90, 0x0, 0xaf, 0xf5, 0x0, 0x7d, 0xfe,
    0xa1, 0x7, 0xdf, 0xd7, 0x0, 0x0, 0x1d, 0xff,
    0x80, 0x0, 0x0, 0x0, 0x0, 0x0, 0x0, 0x0,
    0x0, 0x2, 0xcf, 0xfe, 0x94, 0x32, 0x34, 0x8c,
    0x0, 0x0, 0x0, 0x0, 0x0, 0x8, 0xff, 0xff,
    0xff, 0xff, 0xff, 0x40, 0x0, 0x0, 0x0, 0x0,
    0x0, 0x6, 0xad, 0xef, 0xfd, 0x95, 0x0, 0x0,
    0x0,

    /* U+0041 "A" */
    0x0, 0x0, 0x0, 0x8, 0xff, 0xf6, 0x0, 0x0,
    0x0, 0x0, 0x0, 0x0, 0x1, 0xff, 0xff, 0xd0,
    0x0, 0x0, 0x0, 0x0, 0x0, 0x0, 0x7f, 0xff,
    0xff, 0x50, 0x0, 0x0, 0x0, 0x0, 0x0, 0xe,
    0xff, 0xdf, 0xfc, 0x0, 0x0, 0x0, 0x0, 0x0,
    0x6, 0xff, 0xe2, 0xff, 0xf4, 0x0, 0x0, 0x0,
    0x0, 0x0, 0xdf, 0xf7, 0xa, 0xff, 0xb0, 0x0,
    0x0, 0x0, 0x0, 0x4f, 0xff, 0x10, 0x3f, 0xff,
    0x20, 0x0, 0x0, 0x0, 0xc, 0xff, 0x90, 0x0,
    0xcf, 0xfa, 0x0, 0x0, 0x0, 0x3, 0xff, 0xf2,
    0x0, 0x5, 0xff, 0xf1, 0x0, 0x0, 0x0, 0xaf,
    0xff, 0xff, 0xff, 0xff, 0xff, 0x80, 0x0, 0x0,
    0x2f, 0xff, 0xff, 0xff, 0xff, 0xff, 0xff, 0x0,
    0x0, 0x9, 0xff, 0xeb, 0xbb, 0xbb, 0xbb, 0xff,
    0xf7, 0x0, 0x1, 0xff, 0xf7, 0x0, 0x0, 0x0,
    0xb, 0xff, 0xe0, 0x0, 0x8f, 0xff, 0x10, 0x0,
    0x0, 0x0, 0x4f, 0xff, 0x60, 0xe, 0xff, 0xa0,
    0x0, 0x0, 0x0, 0x0, 0xdf, 0xfd, 0x0,

    /* U+0042 "B" */
    0x2f, 0xff, 0xff, 0xff, 0xfe, 0xc8, 0x10, 0x2,
    0xff, 0xff, 0xff, 0xff, 0xff, 0xff, 0x30, 0x2f,
    0xff, 0xca, 0xaa, 0xbe, 0xff, 0xfe, 0x2, 0xff,
    0xf6, 0x0, 0x0, 0xb, 0xff, 0xf2, 0x2f, 0xff,
    0x60, 0x0, 0x0, 0x7f, 0xff, 0x12, 0xff, 0xf6,
    0x0, 0x0, 0x4e, 0xff, 0xc0, 0x2f, 0xff, 0xff,
    0xff, 0xff, 0xff, 0xd1, 0x2, 0xff, 0xff, 0xff,
    0xff, 0xff, 0xfc, 0x30, 0x2f, 0xff, 0xb9, 0x99,
    0x9b, 0xff, 0xff, 0x32, 0xff, 0xf6, 0x0, 0x0,
    0x1, 0xef, 0xfb, 0x2f, 0xff, 0x60, 0x0, 0x0,
    0xb, 0xff, 0xe2, 0xff, 0xf6, 0x0, 0x0, 0x2,
    0xef, 0xfe, 0x2f, 0xff, 0xcb, 0xbb, 0xbc, 0xff,
    0xff, 0x92, 0xff, 0xff, 0xff, 0xff, 0xff, 0xff,
    0xc0, 0x2f, 0xff, 0xff, 0xff, 0xff, 0xeb, 0x50,
    0x0,

    /* U+0043 "C" */
    0x0, 0x0, 0x4, 0x9d, 0xff, 0xeb, 0x60, 0x0,
    0x0, 0x2, 0xcf, 0xff, 0xff, 0xff, 0xfe, 0x40,
    0x0, 0x2e, 0xff, 0xff, 0xff, 0xff, 0xff, 0xf3,
    0x0, 0xef, 0xff, 0xd5, 0x20, 0x27, 0xef, 0x90,
    0x7, 0xff, 0xfa, 0x0, 0x0, 0x0, 0x16, 0x0,
    0xd, 0xff, 0xe0, 0x0, 0x0, 0x0, 0x0, 0x0,
    0xf, 0xff, 0x90, 0x0, 0x0, 0x0, 0x0, 0x0,
    0x1f, 0xff, 0x80, 0x0, 0x0, 0x0, 0x0, 0x0,
    0xf, 0xff, 0x90, 0x0, 0x0, 0x0, 0x0, 0x0,
    0xd, 0xff, 0xe0, 0x0, 0x0, 0x0, 0x0, 0x0,
    0x7, 0xff, 0xfa, 0x0, 0x0, 0x0, 0x16, 0x0,
    0x0, 0xef, 0xff, 0xc5, 0x10, 0x27, 0xef, 0xa0,
    0x0, 0x2e, 0xff, 0xff, 0xff, 0xff, 0xff, 0xf3,
    0x0, 0x2, 0xcf, 0xff, 0xff, 0xff, 0xfe, 0x40,
    0x0, 0x0, 0x4, 0x9d, 0xff, 0xeb, 0x60, 0x0,

    /* U+0044 "D" */
    0x2f, 0xff, 0xff, 0xff, 0xed, 0xa5, 0x0, 0x0,
    0x2, 0xff, 0xff, 0xff, 0xff, 0xff, 0xfd, 0x30,
    0x0, 0x2f, 0xff, 0xfe, 0xee, 0xff, 0xff, 0xff,
    0x50, 0x2, 0xff, 0xf6, 0x0, 0x0, 0x3a, 0xff,
    0xff, 0x30, 0x2f, 0xff, 0x60, 0x0, 0x0, 0x6,
    0xff, 0xfb, 0x2, 0xff, 0xf6, 0x0, 0x0, 0x0,
    0xb, 0xff, 0xf1, 0x2f, 0xff, 0x60, 0x0, 0x0,
    0x0, 0x6f, 0xff, 0x32, 0xff, 0xf6, 0x0, 0x0,
    0x0, 0x5, 0xff, 0xf4, 0x2f, 0xff, 0x60, 0x0,
    0x0, 0x0, 0x6f, 0xff, 0x32, 0xff, 0xf6, 0x0,
    0x0, 0x0, 0xb, 0xff, 0xf1, 0x2f, 0xff, 0x60,
    0x0, 0x0, 0x6, 0xff, 0xfb, 0x2, 0xff, 0xf6,
    0x0, 0x0, 0x39, 0xff, 0xff, 0x30, 0x2f, 0xff,
    0xfe, 0xee, 0xff, 0xff, 0xff, 0x50, 0x2, 0xff,
    0xff, 0xff, 0xff, 0xff, 0xfd, 0x40, 0x0, 0x2f,
    0xff, 0xff, 0xff, 0xed, 0xa5, 0x0, 0x0, 0x0,

    /* U+0045 "E" */
    0x2f, 0xff, 0xff, 0xff, 0xff, 0xff, 0x72, 0xff,
    0xff, 0xff, 0xff, 0xff, 0xf7, 0x2f, 0xff, 0xed,
    0xdd, 0xdd, 0xdd, 0x62, 0xff, 0xf6, 0x0, 0x0,
    0x0, 0x0, 0x2f, 0xff, 0x60, 0x0, 0x0, 0x0,
    0x2, 0xff, 0xf6, 0x0, 0x0, 0x0, 0x0, 0x2f,
    0xff, 0xff, 0xff, 0xff, 0xf8, 0x2, 0xff, 0xff,
    0xff, 0xff, 0xff, 0x80, 0x2f, 0xff, 0xdc, 0xcc,
    0xcc, 0xc6, 0x2, 0xff, 0xf6, 0x0, 0x0, 0x0,
    0x0, 0x2f, 0xff, 0x60, 0x0, 0x0, 0x0, 0x2,
    0xff, 0xf6, 0x0, 0x0, 0x0, 0x0, 0x2f, 0xff,
    0xed, 0xdd, 0xdd, 0xdd, 0xa2, 0xff, 0xff, 0xff,
    0xff, 0xff, 0xfc, 0x2f, 0xff, 0xff, 0xff, 0xff,
    0xff, 0xc0,

    /* U+0046 "F" */
    0x2f, 0xff, 0xff, 0xff, 0xff, 0xff, 0x72, 0xff,
    0xff, 0xff, 0xff, 0xff, 0xf7, 0x2f, 0xff, 0xed,
    0xdd, 0xdd, 0xdd, 0x62, 0xff, 0xf6, 0x0, 0x0,
    0x0, 0x0, 0x2f, 0xff, 0x60, 0x0, 0x0, 0x0,
    0x2, 0xff, 0xf6, 0x0, 0x0, 0x0, 0x0, 0x2f,
    0xff, 0xed, 0xdd, 0xdd, 0xd6, 0x2, 0xff, 0xff,
    0xff, 0xff, 0xff, 0x80, 0x2f, 0xff, 0xff, 0xff,
    0xff, 0xf8, 0x2, 0xff, 0xf6, 0x0, 0x0, 0x0,
    0x0, 0x2f, 0xff, 0x60, 0x0, 0x0, 0x0, 0x2,
    0xff, 0xf6, 0x0, 0x0, 0x0, 0x0, 0x2f, 0xff,
    0x60, 0x0, 0x0, 0x0, 0x2, 0xff, 0xf6, 0x0,
    0x0, 0x0, 0x0, 0x2f, 0xff, 0x60, 0x0, 0x0,
    0x0, 0x0,

    /* U+0047 "G" */
    0x0, 0x0, 0x3, 0x9d, 0xef, 0xeb, 0x71, 0x0,
    0x0, 0x1, 0xbf, 0xff, 0xff, 0xff, 0xff, 0x70,
    0x0, 0x2e, 0xff, 0xff, 0xff, 0xff, 0xff, 0xf7,
    0x0, 0xef, 0xff, 0xd6, 0x20, 0x26, 0xdf, 0xb0,
    0x7, 0xff, 0xfa, 0x0, 0x0, 0x0, 0x6, 0x0,
    0xd, 0xff, 0xe0, 0x0, 0x0, 0x0, 0x0, 0x0,
    0xf, 0xff, 0x90, 0x0, 0x0, 0x0, 0x0, 0x0,
    0x1f, 0xff, 0x80, 0x0, 0x0, 0x0, 0x8b, 0xb5,
    0xf, 0xff, 0x90, 0x0, 0x0, 0x0, 0xcf, 0xf7,
    0xd, 0xff, 0xe0, 0x0, 0x0, 0x0, 0xcf, 0xf7,
    0x7, 0xff, 0xfa, 0x0, 0x0, 0x0, 0xcf, 0xf7,
    0x0, 0xef, 0xff, 0xd5, 0x20, 0x15, 0xef, 0xf7,
    0x0, 0x2e, 0xff, 0xff, 0xff, 0xff, 0xff, 0xf7,
    0x0, 0x2, 0xcf, 0xff, 0xff, 0xff, 0xff, 0xa1,
    0x0, 0x0, 0x3, 0x9d, 0xff, 0xec, 0x82, 0x0,

    /* U+0048 "H" */
    0x2f, 0xff, 0x60, 0x0, 0x0, 0x9, 0xff, 0xf2,
    0xff, 0xf6, 0x0, 0x0, 0x0, 0x9f, 0xff, 0x2f,
    0xff, 0x60, 0x0, 0x0, 0x9, 0xff, 0xf2, 0xff,
    0xf6, 0x0, 0x0, 0x0, 0x9f, 0xff, 0x2f, 0xff,
    0x60, 0x0, 0x0, 0x9, 0xff, 0xf2, 0xff, 0xf6,
    0x0, 0x0, 0x0, 0x9f, 0xff, 0x2f, 0xff, 0xff,
    0xff, 0xff, 0xff, 0xff, 0xf2, 0xff, 0xff, 0xff,
    0xff, 0xff, 0xff, 0xff, 0x2f, 0xff, 0xff, 0xff,
    0xff, 0xff, 0xff, 0xf2, 0xff, 0xf6, 0x0, 0x0,
    0x0, 0x9f, 0xff, 0x2f, 0xff, 0x60, 0x0, 0x0,
    0x9, 0xff, 0xf2, 0xff, 0xf6, 0x0, 0x0, 0x0,
    0x9f, 0xff, 0x2f, 0xff, 0x60, 0x0, 0x0, 0x9,
    0xff, 0xf2, 0xff, 0xf6, 0x0, 0x0, 0x0, 0x9f,
    0xff, 0x2f, 0xff, 0x60, 0x0, 0x0, 0x9, 0xff,
    0xf0,

    /* U+0049 "I" */
    0x2f, 0xff, 0x62, 0xff, 0xf6, 0x2f, 0xff, 0x62,
    0xff, 0xf6, 0x2f, 0xff, 0x62, 0xff, 0xf6, 0x2f,
    0xff, 0x62, 0xff, 0xf6, 0x2f, 0xff, 0x62, 0xff,
    0xf6, 0x2f, 0xff, 0x62, 0xff, 0xf6, 0x2f, 0xff,
    0x62, 0xff, 0xf6, 0x2f, 0xff, 0x60,

    /* U+004A "J" */
    0x0, 0xcf, 0xff, 0xff, 0xff, 0xf3, 0x0, 0xcf,
    0xff, 0xff, 0xff, 0xf3, 0x0, 0xad, 0xdd, 0xde,
    0xff, 0xf3, 0x0, 0x0, 0x0, 0x5, 0xff, 0xf3,
    0x0, 0x0, 0x0, 0x5, 0xff, 0xf3, 0x0, 0x0,
    0x0, 0x5, 0xff, 0xf3, 0x0, 0x0, 0x0, 0x5,
    0xff, 0xf3, 0x0, 0x0, 0x0, 0x5, 0xff, 0xf3,
    0x0, 0x0, 0x0, 0x5, 0xff, 0xf3, 0x0, 0x0,
    0x0, 0x5, 0xff, 0xf3, 0x0, 0x30, 0x0, 0x7,
    0xff, 0xf2, 0x4, 0xfa, 0x10, 0x2d, 0xff, 0xf0,
    0x2f, 0xff, 0xff, 0xff, 0xff, 0x90, 0x9, 0xff,
    0xff, 0xff, 0xfd, 0x10, 0x0, 0x3a, 0xef, 0xfc,
    0x70, 0x0,

    /* U+004B "K" */
    0x2f, 0xff, 0x60, 0x0, 0x0, 0x5f, 0xff, 0xa0,
    0x2f, 0xff, 0x60, 0x0, 0x4, 0xff, 0xfb, 0x0,
    0x2f, 0xff, 0x60, 0x0, 0x4f, 0xff, 0xb0, 0x0,
    0x2f, 0xff, 0x60, 0x4, 0xff, 0xfc, 0x0, 0x0,
    0x2f, 0xff, 0x60, 0x3f, 0xff, 0xc0, 0x0, 0x0,
    0x2f, 0xff, 0x63, 0xff, 0xfd, 0x10, 0x0, 0x0,
    0x2f, 0xff, 0x9f, 0xff, 0xf1, 0x0, 0x0, 0x0,
    0x2f, 0xff, 0xff, 0xff, 0xf6, 0x0, 0x0, 0x0,
    0x2f, 0xff, 0xff, 0xff, 0xff, 0x40, 0x0, 0x0,
    0x2f, 0xff, 0xfe, 0x6f, 0xff, 0xe2, 0x0, 0x0,
    0x2f, 0xff, 0xe2, 0x6, 0xff, 0xfd, 0x0, 0x0,
    0x2f, 0xff, 0x60, 0x0, 0x9f, 0xff, 0xa0, 0x0,
    0x2f, 0xff, 0x60, 0x0, 0xb, 0xff, 0xf7, 0x0,
    0x2f, 0xff, 0x60, 0x0, 0x1, 0xdf, 0xff, 0x40,
    0x2f, 0xff, 0x60, 0x0, 0x0, 0x2e, 0xff, 0xf2,

    /* U+004C "L" */
    0x2f, 0xff, 0x60, 0x0, 0x0, 0x0, 0x2, 0xff,
    0xf6, 0x0, 0x0, 0x0, 0x0, 0x2f, 0xff, 0x60,
    0x0, 0x0, 0x0, 0x2, 0xff, 0xf6, 0x0, 0x0,
    0x0, 0x0, 0x2f, 0xff, 0x60, 0x0, 0x0, 0x0,
    0x2, 0xff, 0xf6, 0x0, 0x0, 0x0, 0x0, 0x2f,
    0xff, 0x60, 0x0, 0x0, 0x0, 0x2, 0xff, 0xf6,
    0x0, 0x0, 0x0, 0x0, 0x2f, 0xff, 0x60, 0x0,
    0x0, 0x0, 0x2, 0xff, 0xf6, 0x0, 0x0, 0x0,
    0x0, 0x2f, 0xff, 0x60, 0x0, 0x0, 0x0, 0x2,
    0xff, 0xf6, 0x0, 0x0, 0x0, 0x0, 0x2f, 0xff,
    0xfe, 0xee, 0xee, 0xee, 0x12, 0xff, 0xff, 0xff,
    0xff, 0xff, 0xf1, 0x2f, 0xff, 0xff, 0xff, 0xff,
    0xff, 0x10,

    /* U+004D "M" */
    0x2f, 0xff, 0x20, 0x0, 0x0, 0x0, 0x0, 0x2f,
    0xff, 0x22, 0xff, 0xfb, 0x0, 0x0, 0x0, 0x0,
    0xb, 0xff, 0xf2, 0x2f, 0xff, 0xf5, 0x0, 0x0,
    0x0, 0x4, 0xff, 0xff, 0x22, 0xff, 0xff, 0xe0,
    0x0, 0x0, 0x0, 0xef, 0xff, 0xf2, 0x2f, 0xff,
    0xff, 0x80, 0x0, 0x0, 0x8f, 0xff, 0xff, 0x22,
    0xff, 0xff, 0xff, 0x20, 0x0, 0x2f, 0xff, 0xff,
    0xf2, 0x2f, 0xff, 0xcf, 0xfc, 0x0, 0xb, 0xff,
    0xbf, 0xff, 0x22, 0xff, 0xf4, 0xef, 0xf6, 0x5,
    0xff, 0xd3, 0xff, 0xf2, 0x2f, 0xff, 0x26, 0xff,
    0xe2, 0xef, 0xf4, 0x2f, 0xff, 0x22, 0xff, 0xf2,
    0xc, 0xff, 0xef, 0xfa, 0x2, 0xff, 0xf2, 0x2f,
    0xff, 0x20, 0x2f, 0xff, 0xff, 0x10, 0x2f, 0xff,
    0x22, 0xff, 0xf2, 0x0, 0x8f, 0xff, 0x70, 0x2,
    0xff, 0xf2, 0x2f, 0xff, 0x20, 0x0, 0xdf, 0xd0,
    0x0, 0x2f, 0xff, 0x22, 0xff, 0xf2, 0x0, 0x3,
    0x62, 0x0, 0x2, 0xff, 0xf2, 0x2f, 0xff, 0x20,
    0x0, 0x0, 0x0, 0x0, 0x2f, 0xff, 0x20,

    /* U+004E "N" */
    0x2f, 0xff, 0x30, 0x0, 0x0, 0x9, 0xff, 0xf2,
    0xff, 0xfe, 0x10, 0x0, 0x0, 0x9f, 0xff, 0x2f,
    0xff, 0xfd, 0x0, 0x0, 0x9, 0xff, 0xf2, 0xff,
    0xff, 0xfb, 0x0, 0x0, 0x9f, 0xff, 0x2f, 0xff,
    0xff, 0xf8, 0x0, 0x9, 0xff, 0xf2, 0xff, 0xff,
    0xff, 0xf6, 0x0, 0x9f, 0xff, 0x2f, 0xff, 0x8f,
    0xff, 0xf4, 0x9, 0xff, 0xf2, 0xff, 0xf5, 0x4f,
    0xff, 0xe2, 0x9f, 0xff, 0x2f, 0xff, 0x50, 0x7f,
    0xff, 0xda, 0xff, 0xf2, 0xff, 0xf5, 0x0, 0x9f,
    0xff, 0xff, 0xff, 0x2f, 0xff, 0x50, 0x0, 0xbf,
    0xff, 0xff, 0xf2, 0xff, 0xf5, 0x0, 0x1, 0xdf,
    0xff, 0xff, 0x2f, 0xff, 0x50, 0x0, 0x2, 0xef,
    0xff, 0xf2, 0xff, 0xf5, 0x0, 0x0, 0x4, 0xff,
    0xff, 0x2f, 0xff, 0x50, 0x0, 0x0, 0x6, 0xff,
    0xf0,

    /* U+004F "O" */
    0x0, 0x0, 0x3, 0x9d, 0xef, 0xeb, 0x71, 0x0,
    0x0, 0x0, 0x1, 0xbf, 0xff, 0xff, 0xff, 0xff,
    0x70, 0x0, 0x0, 0x2e, 0xff, 0xff, 0xff, 0xff,
    0xff, 0xfa, 0x0, 0x0, 0xdf, 0xff, 0xd5, 0x11,
    0x38, 0xff, 0xff, 0x70, 0x7, 0xff, 0xfa, 0x0,
    0x0, 0x0, 0x3f, 0xff, 0xf1, 0xd, 0xff, 0xe0,
    0x0, 0x0, 0x0, 0x6, 0xff, 0xf6, 0xf, 0xff,
    0x90, 0x0, 0x0, 0x0, 0x0, 0xff, 0xf9, 0x1f,
    0xff, 0x80, 0x0, 0x0, 0x0, 0x0, 0xef, 0xfa,
    0xf, 0xff, 0x90, 0x0, 0x0, 0x0, 0x0, 0xff,
    0xf9, 0xd, 0xff, 0xe0, 0x0, 0x0, 0x0, 0x6,
    0xff, 0xf6, 0x7, 0xff, 0xfa, 0x0, 0x0, 0x0,
    0x2f, 0xff, 0xf1, 0x0, 0xdf, 0xff, 0xc5, 0x11,
    0x28, 0xff, 0xff, 0x70, 0x0, 0x2e, 0xff, 0xff,
    0xff, 0xff, 0xff, 0xfa, 0x0, 0x0, 0x1, 0xbf,
    0xff, 0xff, 0xff, 0xff, 0x70, 0x0, 0x0, 0x0,
    0x3, 0x9d, 0xff, 0xeb, 0x71, 0x0, 0x0,

    /* U+0050 "P" */
    0x2f, 0xff, 0xff, 0xff, 0xec, 0x81, 0x0, 0x2,
    0xff, 0xff, 0xff, 0xff, 0xff, 0xf6, 0x0, 0x2f,
    0xff, 0xee, 0xee, 0xff, 0xff, 0xf4, 0x2, 0xff,
    0xf6, 0x0, 0x0, 0x7f, 0xff, 0xc0, 0x2f, 0xff,
    0x60, 0x0, 0x0, 0xaf, 0xff, 0x2, 0xff, 0xf6,
    0x0, 0x0, 0x7, 0xff, 0xf2, 0x2f, 0xff, 0x60,
    0x0, 0x0, 0xbf, 0xff, 0x2, 0xff, 0xf6, 0x0,
    0x2, 0x9f, 0xff, 0xc0, 0x2f, 0xff, 0xff, 0xff,
    0xff, 0xff, 0xf3, 0x2, 0xff, 0xff, 0xff, 0xff,
    0xff, 0xe4, 0x0, 0x2f, 0xff, 0xfe, 0xee, 0xdb,
    0x60, 0x0, 0x2, 0xff, 0xf6, 0x0, 0x0, 0x0,
    0x0, 0x0, 0x2f, 0xff, 0x60, 0x0, 0x0, 0x0,
    0x0, 0x2, 0xff, 0xf6, 0x0, 0x0, 0x0, 0x0,
    0x0, 0x2f, 0xff, 0x60, 0x0, 0x0, 0x0, 0x0,
    0x0,

    /* U+0051 "Q" */
    0x0, 0x0, 0x3, 0x9d, 0xef, 0xeb, 0x60, 0x0,
    0x0, 0x0, 0x0, 0x1a, 0xff, 0xff, 0xff, 0xff,
    0xe6, 0x0, 0x0, 0x0, 0x1d, 0xff, 0xff, 0xff,
    0xff, 0xff, 0xf8, 0x0, 0x0, 0xc, 0xff, 0xfd,
    0x62, 0x13, 0x9f, 0xff, 0xf5, 0x0, 0x5, 0xff,
    0xfc, 0x0, 0x0, 0x0, 0x4f, 0xff, 0xe0, 0x0,
    0xcf, 0xff, 0x10, 0x0, 0x0, 0x0, 0x7f, 0xff,
    0x50, 0xf, 0xff, 0xa0, 0x0, 0x0, 0x0, 0x1,
    0xff, 0xf9, 0x1, 0xff, 0xf8, 0x0, 0x0, 0x0,
    0x0, 0xf, 0xff, 0xa0, 0x1f, 0xff, 0x80, 0x0,
    0x0, 0x0, 0x0, 0xff, 0xfa, 0x0, 0xff, 0xfb,
    0x0, 0x0, 0x0, 0x0, 0x2f, 0xff, 0x80, 0xa,
    0xff, 0xf3, 0x0, 0x0, 0x0, 0xa, 0xff, 0xf3,
    0x0, 0x3f, 0xff, 0xd2, 0x0, 0x0, 0x7, 0xff,
    0xfc, 0x0, 0x0, 0x9f, 0xff, 0xf9, 0x54, 0x6c,
    0xff, 0xff, 0x30, 0x0, 0x0, 0xaf, 0xff, 0xff,
    0xff, 0xff, 0xff, 0x40, 0x0, 0x0, 0x0, 0x6e,
    0xff, 0xff, 0xff, 0xfb, 0x20, 0x0, 0x0, 0x0,
    0x0, 0x5, 0x8e, 0xff, 0xf9, 0x0, 0x6, 0x20,
    0x0, 0x0, 0x0, 0x0, 0x3e, 0xff, 0xfd, 0xad,
    0xfd, 0x10, 0x0, 0x0, 0x0, 0x0, 0x2c, 0xff,
    0xff, 0xff, 0xe2, 0x0, 0x0, 0x0, 0x0, 0x0,
    0x6, 0xcf, 0xfd, 0x91, 0x0,

    /* U+0052 "R" */
    0x2f, 0xff, 0xff, 0xff, 0xec, 0x82, 0x0, 0x2,
    0xff, 0xff, 0xff, 0xff, 0xff, 0xf6, 0x0, 0x2f,
    0xff, 0xee, 0xee, 0xff, 0xff, 0xf5, 0x2, 0xff,
    0xf6, 0x0, 0x0, 0x7f, 0xff, 0xd0, 0x2f, 0xff,
    0x60, 0x0, 0x0, 0xaf, 0xff, 0x12, 0xff, 0xf6,
    0x0, 0x0, 0x7, 0xff, 0xf2, 0x2f, 0xff, 0x60,
    0x0, 0x0, 0xbf, 0xff, 0x2, 0xff, 0xf6, 0x0,
    0x2, 0x9f, 0xff, 0xb0, 0x2f, 0xff, 0xff, 0xff,
    0xff, 0xff, 0xf3, 0x2, 0xff, 0xff, 0xff, 0xff,
    0xff, 0xd4, 0x0, 0x2f, 0xff, 0xed, 0xde, 0xff,
    0xf4, 0x0, 0x2, 0xff, 0xf6, 0x0, 0xd, 0xff,
    0xe1, 0x0, 0x2f, 0xff, 0x60, 0x0, 0x2f, 0xff,
    0xa0, 0x2, 0xff, 0xf6, 0x0, 0x0, 0x6f, 0xff,
    0x60, 0x2f, 0xff, 0x60, 0x0, 0x0, 0xbf, 0xff,
    0x20,

    /* U+0053 "S" */
    0x0, 0x3, 0x9d, 0xef, 0xec, 0x83, 0x0, 0x0,
    0x9f, 0xff, 0xff, 0xff, 0xff, 0x80, 0x7, 0xff,
    0xff, 0xfe, 0xff, 0xff, 0x40, 0xe, 0xff, 0xe3,
    0x0, 0x2, 0x7b, 0x0, 0xf, 0xff, 0x80, 0x0,
    0x0, 0x0, 0x0, 0xe, 0xff, 0xe5, 0x0, 0x0,
    0x0, 0x0, 0x6, 0xff, 0xff, 0xfc, 0x84, 0x0,
    0x0, 0x0, 0x6d, 0xff, 0xff, 0xff, 0xe8, 0x0,
    0x0, 0x0, 0x48, 0xcf, 0xff, 0xff, 0xb0, 0x0,
    0x0, 0x0, 0x0, 0x4c, 0xff, 0xf4, 0x1, 0x0,
    0x0, 0x0, 0x3, 0xff, 0xf6, 0x9, 0xe8, 0x30,
    0x0, 0x19, 0xff, 0xf4, 0x1f, 0xff, 0xff, 0xee,
    0xff, 0xff, 0xd0, 0x1b, 0xff, 0xff, 0xff, 0xff,
    0xfd, 0x10, 0x0, 0x38, 0xce, 0xff, 0xea, 0x50,
    0x0,

    /* U+0054 "T" */
    0xef, 0xff, 0xff, 0xff, 0xff, 0xff, 0xf8, 0xef,
    0xff, 0xff, 0xff, 0xff, 0xff, 0xf8, 0xce, 0xee,
    0xef, 0xff, 0xfe, 0xee, 0xe7, 0x0, 0x0, 0xf,
    0xff, 0x90, 0x0, 0x0, 0x0, 0x0, 0xf, 0xff,
    0x90, 0x0, 0x0, 0x0, 0x0, 0xf, 0xff, 0x90,
    0x0, 0x0, 0x0, 0x0, 0xf, 0xff, 0x90, 0x0,
    0x0, 0x0, 0x0, 0xf, 0xff, 0x90, 0x0, 0x0,
    0x0, 0x0, 0xf, 0xff, 0x90, 0x0, 0x0, 0x0,
    0x0, 0xf, 0xff, 0x90, 0x0, 0x0, 0x0, 0x0,
    0xf, 0xff, 0x90, 0x0, 0x0, 0x0, 0x0, 0xf,
    0xff, 0x90, 0x0, 0x0, 0x0, 0x0, 0xf, 0xff,
    0x90, 0x0, 0x0, 0x0, 0x0, 0xf, 0xff, 0x90,
    0x0, 0x0, 0x0, 0x0, 0xf, 0xff, 0x90, 0x0,
    0x0,

    /* U+0055 "U" */
    0x5f, 0xff, 0x40, 0x0, 0x0, 0xe, 0xff, 0xa5,
    0xff, 0xf4, 0x0, 0x0, 0x0, 0xef, 0xfa, 0x5f,
    0xff, 0x40, 0x0, 0x0, 0xe, 0xff, 0xa5, 0xff,
    0xf4, 0x0, 0x0, 0x0, 0xef, 0xfa, 0x5f, 0xff,
    0x40, 0x0, 0x0, 0xe, 0xff, 0xa5, 0xff, 0xf4,
    0x0, 0x0, 0x0, 0xef, 0xfa, 0x5f, 0xff, 0x40,
    0x0, 0x0, 0xe, 0xff, 0xa5, 0xff, 0xf4, 0x0,
    0x0, 0x0, 0xef, 0xfa, 0x4f, 0xff, 0x40, 0x0,
    0x0, 0xe, 0xff, 0x93, 0xff, 0xf6, 0x0, 0x0,
    0x0, 0xff, 0xf8, 0xf, 0xff, 0xc0, 0x0, 0x0,
    0x6f, 0xff, 0x50, 0xaf, 0xff, 0xb3, 0x12, 0x7f,
    0xff, 0xe0, 0x2, 0xff, 0xff, 0xff, 0xff, 0xff,
    0xf6, 0x0, 0x3, 0xef, 0xff, 0xff, 0xff, 0xf7,
    0x0, 0x0, 0x0, 0x7b, 0xef, 0xfd, 0x92, 0x0,
    0x0,

    /* U+0056 "V" */
    0xe, 0xff, 0xd0, 0x0, 0x0, 0x0, 0x2, 0xff,
    0xf6, 0x8, 0xff, 0xf4, 0x0, 0x0, 0x0, 0x9,
    0xff, 0xe0, 0x1, 0xff, 0xfb, 0x0, 0x0, 0x0,
    0x1f, 0xff, 0x80, 0x0, 0xaf, 0xff, 0x20, 0x0,
    0x0, 0x7f, 0xff, 0x10, 0x0, 0x3f, 0xff, 0x90,
    0x0, 0x0, 0xef, 0xfa, 0x0, 0x0, 0xc, 0xff,
    0xf1, 0x0, 0x5, 0xff, 0xf2, 0x0, 0x0, 0x5,
    0xff, 0xf7, 0x0, 0xc, 0xff, 0xb0, 0x0, 0x0,
    0x0, 0xdf, 0xfe, 0x0, 0x3f, 0xff, 0x40, 0x0,
    0x0, 0x0, 0x6f, 0xff, 0x50, 0xaf, 0xfd, 0x0,
    0x0, 0x0, 0x0, 0xf, 0xff, 0xc2, 0xff, 0xf6,
    0x0, 0x0, 0x0, 0x0, 0x8, 0xff, 0xfc, 0xff,
    0xe0, 0x0, 0x0, 0x0, 0x0, 0x1, 0xff, 0xff,
    0xff, 0x80, 0x0, 0x0, 0x0, 0x0, 0x0, 0xaf,
    0xff, 0xff, 0x10, 0x0, 0x0, 0x0, 0x0, 0x0,
    0x3f, 0xff, 0xfa, 0x0, 0x0, 0x0, 0x0, 0x0,
    0x0, 0xc, 0xff, 0xf3, 0x0, 0x0, 0x0,

    /* U+0057 "W" */
    0x5f, 0xff, 0x50, 0x0, 0x0, 0xe, 0xff, 0xc0,
    0x0, 0x0, 0x7, 0xff, 0xe0, 0xf, 0xff, 0xa0,
    0x0, 0x0, 0x3f, 0xff, 0xf1, 0x0, 0x0, 0xd,
    0xff, 0x90, 0xa, 0xff, 0xf0, 0x0, 0x0, 0x9f,
    0xff, 0xf6, 0x0, 0x0, 0x2f, 0xff, 0x40, 0x5,
    0xff, 0xf5, 0x0, 0x0, 0xef, 0xff, 0xfc, 0x0,
    0x0, 0x7f, 0xfe, 0x0, 0x0, 0xff, 0xfa, 0x0,
    0x4, 0xff, 0xff, 0xff, 0x10, 0x0, 0xdf, 0xf9,
    0x0, 0x0, 0xaf, 0xff, 0x0, 0x9, 0xff, 0xae,
    0xff, 0x60, 0x2, 0xff, 0xf4, 0x0, 0x0, 0x5f,
    0xff, 0x50, 0xe, 0xff, 0x49, 0xff, 0xb0, 0x8,
    0xff, 0xe0, 0x0, 0x0, 0xf, 0xff, 0xa0, 0x4f,
    0xfe, 0x4, 0xff, 0xf1, 0xd, 0xff, 0x90, 0x0,
    0x0, 0xa, 0xff, 0xf0, 0xaf, 0xf9, 0x0, 0xef,
    0xf6, 0x2f, 0xff, 0x30, 0x0, 0x0, 0x5, 0xff,
    0xf5, 0xff, 0xf3, 0x0, 0x9f, 0xfb, 0x8f, 0xfe,
    0x0, 0x0, 0x0, 0x0, 0xff, 0xfe, 0xff, 0xe0,
    0x0, 0x4f, 0xff, 0xef, 0xf9, 0x0, 0x0, 0x0,
    0x0, 0xaf, 0xff, 0xff, 0x80, 0x0, 0xe, 0xff,
    0xff, 0xf3, 0x0, 0x0, 0x0, 0x0, 0x4f, 0xff,
    0xff, 0x30, 0x0, 0x9, 0xff, 0xff, 0xe0, 0x0,
    0x0, 0x0, 0x0, 0xe, 0xff, 0xfd, 0x0, 0x0,
    0x4, 0xff, 0xff, 0x90, 0x0, 0x0, 0x0, 0x0,
    0x9, 0xff, 0xf8, 0x0, 0x0, 0x0, 0xef, 0xff,
    0x30, 0x0, 0x0,

    /* U+0058 "X" */
    0x4f, 0xff, 0xc0, 0x0, 0x0, 0xe, 0xff, 0xd0,
    0x8, 0xff, 0xf7, 0x0, 0x0, 0xaf, 0xff, 0x20,
    0x0, 0xcf, 0xff, 0x30, 0x6, 0xff, 0xf6, 0x0,
    0x0, 0x2f, 0xff, 0xe1, 0x2f, 0xff, 0xa0, 0x0,
    0x0, 0x5, 0xff, 0xfa, 0xcf, 0xfd, 0x10, 0x0,
    0x0, 0x0, 0xaf, 0xff, 0xff, 0xf3, 0x0, 0x0,
    0x0, 0x0, 0xd, 0xff, 0xff, 0x70, 0x0, 0x0,
    0x0, 0x0, 0x7, 0xff, 0xff, 0x20, 0x0, 0x0,
    0x0, 0x0, 0x2f, 0xff, 0xff, 0xc0, 0x0, 0x0,
    0x0, 0x0, 0xdf, 0xff, 0xff, 0xf9, 0x0, 0x0,
    0x0, 0x9, 0xff, 0xf5, 0xaf, 0xff, 0x40, 0x0,
    0x0, 0x5f, 0xff, 0x90, 0x1e, 0xff, 0xe1, 0x0,
    0x2, 0xff, 0xfd, 0x0, 0x4, 0xff, 0xfc, 0x0,
    0xc, 0xff, 0xf3, 0x0, 0x0, 0x8f, 0xff, 0x80,
    0x9f, 0xff, 0x80, 0x0, 0x0, 0xc, 0xff, 0xf4,

    /* U+0059 "Y" */
    0x1e, 0xff, 0xc0, 0x0, 0x0, 0x0, 0x9f, 0xfd,
    0x0, 0x6f, 0xff, 0x60, 0x0, 0x0, 0x3f, 0xff,
    0x40, 0x0, 0xcf, 0xfe, 0x10, 0x0, 0xd, 0xff,
    0xa0, 0x0, 0x2, 0xff, 0xf9, 0x0, 0x7, 0xff,
    0xf1, 0x0, 0x0, 0x8, 0xff, 0xf3, 0x2, 0xff,
    0xf6, 0x0, 0x0, 0x0, 0xe, 0xff, 0xd0, 0xbf,
    0xfc, 0x0, 0x0, 0x0, 0x0, 0x4f, 0xff, 0xbf,
    0xff, 0x30, 0x0, 0x0, 0x0, 0x0, 0xbf, 0xff,
    0xff, 0x90, 0x0, 0x0, 0x0, 0x0, 0x1, 0xff,
    0xff, 0xe0, 0x0, 0x0, 0x0, 0x0, 0x0, 0x7,
    0xff, 0xf5, 0x0, 0x0, 0x0, 0x0, 0x0, 0x0,
    0x5f, 0xff, 0x30, 0x0, 0x0, 0x0, 0x0, 0x0,
    0x5, 0xff, 0xf3, 0x0, 0x0, 0x0, 0x0, 0x0,
    0x0, 0x5f, 0xff, 0x30, 0x0, 0x0, 0x0, 0x0,
    0x0, 0x5, 0xff, 0xf3, 0x0, 0x0, 0x0, 0x0,
    0x0, 0x0, 0x5f, 0xff, 0x30, 0x0, 0x0, 0x0,

    /* U+005A "Z" */
    0xf, 0xff, 0xff, 0xff, 0xff, 0xff, 0xff, 0x0,
    0xff, 0xff, 0xff, 0xff, 0xff, 0xff, 0xf0, 0xe,
    0xee, 0xee, 0xee, 0xef, 0xff, 0xfc, 0x0, 0x0,
    0x0, 0x0, 0x4, 0xff, 0xfd, 0x10, 0x0, 0x0,
    0x0, 0x2, 0xff, 0xfe, 0x20, 0x0, 0x0, 0x0,
    0x1, 0xdf, 0xff, 0x30, 0x0, 0x0, 0x0, 0x0,
    0xcf, 0xff, 0x50, 0x0, 0x0, 0x0, 0x0, 0xaf,
    0xff, 0x70, 0x0, 0x0, 0x0, 0x0, 0x8f, 0xff,
    0xa0, 0x0, 0x0, 0x0, 0x0, 0x6f, 0xff, 0xc0,
    0x0, 0x0, 0x0, 0x0, 0x4f, 0xff, 0xd1, 0x0,
    0x0, 0x0, 0x0, 0x2f, 0xff, 0xe2, 0x0, 0x0,
    0x0, 0x0, 0x1e, 0xff, 0xff, 0xee, 0xee, 0xee,
    0xee, 0x42, 0xff, 0xff, 0xff, 0xff, 0xff, 0xff,
    0xf4, 0x2f, 0xff, 0xff, 0xff, 0xff, 0xff, 0xff,
    0x40,

    /* U+005B "[" */
    0x1a, 0xaa, 0xaa, 0x82, 0xff, 0xff, 0xfc, 0x2f,
    0xff, 0xff, 0xc2, 0xff, 0xf4, 0x0, 0x2f, 0xff,
    0x40, 0x2, 0xff, 0xf4, 0x0, 0x2f, 0xff, 0x40,
    0x2, 0xff, 0xf4, 0x0, 0x2f, 0xff, 0x40, 0x2,
    0xff, 0xf4, 0x0, 0x2f, 0xff, 0x40, 0x2, 0xff,
    0xf4, 0x0, 0x2f, 0xff, 0x40, 0x2, 0xff, 0xf4,
    0x0, 0x2f, 0xff, 0x40, 0x2, 0xff, 0xf4, 0x0,
    0x2f, 0xff, 0x40, 0x2, 0xff, 0xf4, 0x0, 0x2f,
    0xff, 0xcb, 0x82, 0xff, 0xff, 0xfc, 0x2f, 0xff,
    0xff, 0xc0,

    /* U+005C "\\" */
    0x68, 0x81, 0x0, 0x0, 0x0, 0x9, 0xff, 0x70,
    0x0, 0x0, 0x0, 0x3f, 0xfd, 0x0, 0x0, 0x0,
    0x0, 0xef, 0xf2, 0x0, 0x0, 0x0, 0x8, 0xff,
    0x80, 0x0, 0x0, 0x0, 0x2f, 0xfe, 0x0, 0x0,
    0x0, 0x0, 0xdf, 0xf3, 0x0, 0x0, 0x0, 0x7,
    0xff, 0x90, 0x0, 0x0, 0x0, 0x1f, 0xfe, 0x0,
    0x0, 0x0, 0x0, 0xcf, 0xf4, 0x0, 0x0, 0x0,
    0x6, 0xff, 0xa0, 0x0, 0x0, 0x0, 0x1f, 0xff,
    0x0, 0x0, 0x0, 0x0, 0xbf, 0xf5, 0x0, 0x0,
    0x0, 0x5, 0xff, 0xb0, 0x0, 0x0, 0x0, 0xf,
    0xff, 0x10, 0x0, 0x0, 0x0, 0xaf, 0xf6, 0x0,
    0x0, 0x0, 0x4, 0xff, 0xc0, 0x0, 0x0, 0x0,
    0xe, 0xff, 0x20, 0x0, 0x0, 0x0, 0x9f, 0xf7,
    0x0, 0x0, 0x0, 0x3, 0xff, 0xd0, 0x0, 0x0,
    0x0, 0xd, 0xff, 0x30,

    /* U+005D "]" */
    0x7a, 0xaa, 0xaa, 0x2a, 0xff, 0xff, 0xf4, 0xaf,
    0xff, 0xff, 0x40, 0x2, 0xff, 0xf4, 0x0, 0x2f,
    0xff, 0x40, 0x2, 0xff, 0xf4, 0x0, 0x2f, 0xff,
    0x40, 0x2, 0xff, 0xf4, 0x0, 0x2f, 0xff, 0x40,
    0x2, 0xff, 0xf4, 0x0, 0x2f, 0xff, 0x40, 0x2,
    0xff, 0xf4, 0x0, 0x2f, 0xff, 0x40, 0x2, 0xff,
    0xf4, 0x0, 0x2f, 0xff, 0x40, 0x2, 0xff, 0xf4,
    0x0, 0x2f, 0xff, 0x40, 0x2, 0xff, 0xf4, 0x7b,
    0xbf, 0xff, 0x4a, 0xff, 0xff, 0xf4, 0xaf, 0xff,
    0xff, 0x40,

    /* U+005E "^" */
    0x0, 0x0, 0xff, 0xf3, 0x0, 0x0, 0x0, 0x6f,
    0xff, 0xa0, 0x0, 0x0, 0xd, 0xff, 0xff, 0x10,
    0x0, 0x5, 0xff, 0x4f, 0xf8, 0x0, 0x0, 0xcf,
    0xc0, 0x9f, 0xe0, 0x0, 0x3f, 0xf5, 0x2, 0xff,
    0x60, 0xa, 0xfe, 0x0, 0xc, 0xfd, 0x1, 0xff,
    0x80, 0x0, 0x5f, 0xf4, 0x8f, 0xf1, 0x0, 0x0,
    0xef, 0xb0,

    /* U+005F "_" */
    0xff, 0xff, 0xff, 0xff, 0xff, 0xff, 0xff, 0xff,
    0xff, 0xff, 0xff,

    /* U+0060 "`" */
    0x6, 0xff, 0xe3, 0x0, 0x0, 0x3d, 0xfe, 0x30,
    0x0, 0x1, 0xaf, 0xe2,

    /* U+0061 "a" */
    0x0, 0x39, 0xcf, 0xfe, 0xb5, 0x0, 0x0, 0x7f,
    0xff, 0xff, 0xff, 0xfb, 0x0, 0x3, 0xff, 0xec,
    0xcf, 0xff, 0xf7, 0x0, 0x7, 0x30, 0x0, 0x1d,
    0xff, 0xd0, 0x0, 0x0, 0x0, 0x0, 0x7f, 0xff,
    0x0, 0x5, 0xbe, 0xff, 0xff, 0xff, 0xf0, 0x7,
    0xff, 0xff, 0xff, 0xff, 0xff, 0x10, 0xff, 0xf9,
    0x10, 0x6, 0xff, 0xf1, 0x2f, 0xff, 0x30, 0x0,
    0x9f, 0xff, 0x10, 0xff, 0xfd, 0x65, 0xaf, 0xff,
    0xf1, 0x7, 0xff, 0xff, 0xff, 0xdf, 0xff, 0x10,
    0x4, 0xbe, 0xfd, 0x83, 0xff, 0xf1,

    /* U+0062 "b" */
    0x37, 0x77, 0x0, 0x0, 0x0, 0x0, 0x0, 0x6f,
    0xff, 0x0, 0x0, 0x0, 0x0, 0x0, 0x6f, 0xff,
    0x0, 0x0, 0x0, 0x0, 0x0, 0x6f, 0xff, 0x0,
    0x0, 0x0, 0x0, 0x0, 0x6f, 0xff, 0x0, 0x0,
    0x0, 0x0, 0x0, 0x6f, 0xff, 0x19, 0xef, 0xea,
    0x30, 0x0, 0x6f, 0xff, 0xef, 0xff, 0xff, 0xf8,
    0x0, 0x6f, 0xff, 0xff, 0xee, 0xff, 0xff, 0x60,
    0x6f, 0xff, 0xe3, 0x0, 0x4e, 0xff, 0xe0, 0x6f,
    0xff, 0x50, 0x0, 0x5, 0xff, 0xf4, 0x6f, 0xff,
    0x0, 0x0, 0x1, 0xff, 0xf6, 0x6f, 0xff, 0x0,
    0x0, 0x1, 0xff, 0xf6, 0x6f, 0xff, 0x50, 0x0,
    0x5, 0xff, 0xf4, 0x6f, 0xff, 0xe3, 0x0, 0x4e,
    0xff, 0xe0, 0x6f, 0xff, 0xff, 0xee, 0xff, 0xff,
    0x70, 0x6f, 0xfe, 0xef, 0xff, 0xff, 0xf8, 0x0,
    0x6f, 0xfd, 0x19, 0xef, 0xea, 0x40, 0x0,

    /* U+0063 "c" */
    0x0, 0x0, 0x7c, 0xef, 0xda, 0x30, 0x0, 0x3,
    0xef, 0xff, 0xff, 0xff, 0x70, 0x2, 0xff, 0xff,
    0xfd, 0xff, 0xff, 0x40, 0xbf, 0xff, 0x60, 0x1,
    0xcf, 0x91, 0x1f, 0xff, 0x80, 0x0, 0x1, 0x10,
    0x3, 0xff, 0xf4, 0x0, 0x0, 0x0, 0x0, 0x3f,
    0xff, 0x40, 0x0, 0x0, 0x0, 0x1, 0xff, 0xf8,
    0x0, 0x0, 0x11, 0x0, 0xb, 0xff, 0xf6, 0x0,
    0x1c, 0xf9, 0x10, 0x2f, 0xff, 0xff, 0xdf, 0xff,
    0xf4, 0x0, 0x3e, 0xff, 0xff, 0xff, 0xf7, 0x0,
    0x0, 0x17, 0xce, 0xfd, 0xa3, 0x0,

    /* U+0064 "d" */
    0x0, 0x0, 0x0, 0x0, 0x0, 0x57, 0x74, 0x0,
    0x0, 0x0, 0x0, 0x0, 0xcf, 0xfa, 0x0, 0x0,
    0x0, 0x0, 0x0, 0xcf, 0xfa, 0x0, 0x0, 0x0,
    0x0, 0x0, 0xcf, 0xfa, 0x0, 0x0, 0x0, 0x0,
    0x0, 0xcf, 0xfa, 0x0, 0x2, 0x9d, 0xfe, 0xa2,
    0xcf, 0xfa, 0x0, 0x5f, 0xff, 0xff, 0xff, 0xef,
    0xfa, 0x3, 0xff, 0xff, 0xfd, 0xff, 0xff, 0xfa,
    0xb, 0xff, 0xf6, 0x0, 0x1c, 0xff, 0xfa, 0x1f,
    0xff, 0x90, 0x0, 0x1, 0xff, 0xfa, 0x3f, 0xff,
    0x40, 0x0, 0x0, 0xcf, 0xfa, 0x3f, 0xff, 0x40,
    0x0, 0x0, 0xcf, 0xfa, 0x1f, 0xff, 0x90, 0x0,
    0x1, 0xff, 0xfa, 0xb, 0xff, 0xf6, 0x0, 0x1c,
    0xff, 0xfa, 0x3, 0xff, 0xff, 0xfd, 0xff, 0xff,
    0xfa, 0x0, 0x5f, 0xff, 0xff, 0xff, 0xdf, 0xfa,
    0x0, 0x2, 0x9d, 0xfe, 0xb3, 0xaf, 0xfa,

    /* U+0065 "e" */
    0x0, 0x1, 0x7d, 0xff, 0xd7, 0x10, 0x0, 0x0,
    0x4e, 0xff, 0xff, 0xff, 0xe3, 0x0, 0x2, 0xff,
    0xff, 0xaa, 0xef, 0xfe, 0x20, 0xb, 0xff, 0xd1,
    0x0, 0xc, 0xff, 0x90, 0x1f, 0xff, 0x40, 0x0,
    0x3, 0xff, 0xf0, 0x3f, 0xff, 0xff, 0xff, 0xff,
    0xff, 0xf1, 0x3f, 0xff, 0xff, 0xff, 0xff, 0xff,
    0xf2, 0x1f, 0xff, 0x60, 0x0, 0x0, 0x0, 0x0,
    0xb, 0xff, 0xe4, 0x0, 0x2, 0x90, 0x0, 0x2,
    0xff, 0xff, 0xec, 0xdf, 0xfb, 0x0, 0x0, 0x3e,
    0xff, 0xff, 0xff, 0xfc, 0x10, 0x0, 0x0, 0x6c,
    0xef, 0xeb, 0x60, 0x0,

    /* U+0066 "f" */
    0x0, 0x0, 0x59, 0xa9, 0x50, 0x0, 0xc, 0xff,
    0xff, 0xf0, 0x0, 0x8f, 0xff, 0xff, 0x90, 0x0,
    0xef, 0xfb, 0x11, 0x10, 0x0, 0xff, 0xf5, 0x0,
    0x0, 0xdf, 0xff, 0xff, 0xff, 0x60, 0xdf, 0xff,
    0xff, 0xff, 0x60, 0x8a, 0xff, 0xfc, 0xaa, 0x30,
    0x0, 0xff, 0xf7, 0x0, 0x0, 0x0, 0xff, 0xf7,
    0x0, 0x0, 0x0, 0xff, 0xf7, 0x0, 0x0, 0x0,
    0xff, 0xf7, 0x0, 0x0, 0x0, 0xff, 0xf7, 0x0,
    0x0, 0x0, 0xff, 0xf7, 0x0, 0x0, 0x0, 0xff,
    0xf7, 0x0, 0x0, 0x0, 0xff, 0xf7, 0x0, 0x0,
    0x0, 0xff, 0xf7, 0x0, 0x0,

    /* U+0067 "g" */
    0x0, 0x3, 0x9d, 0xfe, 0xa3, 0x7f, 0xfc, 0x0,
    0x7f, 0xff, 0xff, 0xff, 0xcf, 0xfc, 0x5, 0xff,
    0xff, 0xed, 0xff, 0xff, 0xfc, 0xe, 0xff, 0xf5,
    0x0, 0x1a, 0xff, 0xfc, 0x2f, 0xff, 0x70, 0x0,
    0x0, 0xdf, 0xfc, 0x4f, 0xff, 0x30, 0x0, 0x0,
    0xaf, 0xfc, 0x2f, 0xff, 0x60, 0x0, 0x0, 0xdf,
    0xfc, 0xe, 0xff, 0xf4, 0x0, 0x9, 0xff, 0xfc,
    0x6, 0xff, 0xff, 0xed, 0xff, 0xff, 0xfc, 0x0,
    0x7f, 0xff, 0xff, 0xff, 0xef, 0xfc, 0x0, 0x3,
    0xae, 0xfe, 0xb3, 0xbf, 0xfb, 0x0, 0x0, 0x0,
    0x0, 0x0, 0xef, 0xf9, 0x0, 0x99, 0x20, 0x0,
    0x9, 0xff, 0xf5, 0x2, 0xff, 0xfe, 0xcc, 0xff,
    0xff, 0xd0, 0x5, 0xff, 0xff, 0xff, 0xff, 0xfd,
    0x20, 0x0, 0x17, 0xbe, 0xff, 0xeb, 0x60, 0x0,

    /* U+0068 "h" */
    0x24, 0x44, 0x0, 0x0, 0x0, 0x0, 0x6, 0xff,
    0xf0, 0x0, 0x0, 0x0, 0x0, 0x6f, 0xff, 0x0,
    0x0, 0x0, 0x0, 0x6, 0xff, 0xf0, 0x0, 0x0,
    0x0, 0x0, 0x6f, 0xff, 0x0, 0x0, 0x0, 0x0,
    0x6, 0xff, 0xf1, 0x8d, 0xfe, 0xb4, 0x0, 0x6f,
    0xff, 0xef, 0xff, 0xff, 0xf6, 0x6, 0xff, 0xff,
    0xff, 0xff, 0xff, 0xf2, 0x6f, 0xff, 0xe5, 0x1,
    0xaf, 0xff, 0x76, 0xff, 0xf6, 0x0, 0x0, 0xef,
    0xf9, 0x6f, 0xff, 0x10, 0x0, 0xc, 0xff, 0xa6,
    0xff, 0xf0, 0x0, 0x0, 0xcf, 0xfb, 0x6f, 0xff,
    0x0, 0x0, 0xc, 0xff, 0xb6, 0xff, 0xf0, 0x0,
    0x0, 0xcf, 0xfb, 0x6f, 0xff, 0x0, 0x0, 0xc,
    0xff, 0xb6, 0xff, 0xf0, 0x0, 0x0, 0xcf, 0xfb,
    0x6f, 0xff, 0x0, 0x0, 0xc, 0xff, 0xb0,

    /* U+0069 "i" */
    0x3d, 0xfa, 0xb, 0xff, 0xf5, 0xaf, 0xff, 0x41,
    0xac, 0x70, 0x0, 0x0, 0x6, 0xff, 0xf0, 0x6f,
    0xff, 0x6, 0xff, 0xf0, 0x6f, 0xff, 0x6, 0xff,
    0xf0, 0x6f, 0xff, 0x6, 0xff, 0xf0, 0x6f, 0xff,
    0x6, 0xff, 0xf0, 0x6f, 0xff, 0x6, 0xff, 0xf0,
    0x6f, 0xff, 0x0,

    /* U+006A "j" */
    0x0, 0x0, 0x9, 0xc9, 0x0, 0x0, 0x8, 0xff,
    0xf7, 0x0, 0x0, 0x9f, 0xff, 0x70, 0x0, 0x1,
    0xcf, 0xb1, 0x0, 0x0, 0x0, 0x0, 0x0, 0x0,
    0x0, 0x0, 0x0, 0x0, 0x0, 0x4f, 0xff, 0x20,
    0x0, 0x4, 0xff, 0xf2, 0x0, 0x0, 0x4f, 0xff,
    0x20, 0x0, 0x4, 0xff, 0xf2, 0x0, 0x0, 0x4f,
    0xff, 0x20, 0x0, 0x4, 0xff, 0xf2, 0x0, 0x0,
    0x4f, 0xff, 0x20, 0x0, 0x4, 0xff, 0xf2, 0x0,
    0x0, 0x4f, 0xff, 0x20, 0x0, 0x4, 0xff, 0xf2,
    0x0, 0x0, 0x4f, 0xff, 0x20, 0x0, 0x4, 0xff,
    0xf2, 0x0, 0x0, 0x7f, 0xff, 0x10, 0x5d, 0xcf,
    0xff, 0xd0, 0xb, 0xff, 0xff, 0xf4, 0x0, 0x8d,
    0xfe, 0xb3, 0x0,

    /* U+006B "k" */
    0x24, 0x44, 0x0, 0x0, 0x0, 0x0, 0x0, 0x6f,
    0xff, 0x0, 0x0, 0x0, 0x0, 0x0, 0x6f, 0xff,
    0x0, 0x0, 0x0, 0x0, 0x0, 0x6f, 0xff, 0x0,
    0x0, 0x0, 0x0, 0x0, 0x6f, 0xff, 0x0, 0x0,
    0x0, 0x0, 0x0, 0x6f, 0xff, 0x0, 0x0, 0x7f,
    0xff, 0xa0, 0x6f, 0xff, 0x0, 0x8, 0xff, 0xfa,
    0x0, 0x6f, 0xff, 0x0, 0x9f, 0xff, 0xa0, 0x0,
    0x6f, 0xff, 0x9, 0xff, 0xfb, 0x0, 0x0, 0x6f,
    0xff, 0xaf, 0xff, 0xb0, 0x0, 0x0, 0x6f, 0xff,
    0xff, 0xff, 0x80, 0x0, 0x0, 0x6f, 0xff, 0xff,
    0xff, 0xf4, 0x0, 0x0, 0x6f, 0xff, 0xf9, 0xff,
    0xfe, 0x20, 0x0, 0x6f, 0xff, 0x70, 0x5f, 0xff,
    0xd0, 0x0, 0x6f, 0xff, 0x0, 0x9, 0xff, 0xfa,
    0x0, 0x6f, 0xff, 0x0, 0x0, 0xcf, 0xff, 0x60,
    0x6f, 0xff, 0x0, 0x0, 0x1e, 0xff, 0xf3,

    /* U+006C "l" */
    0x24, 0x44, 0x6, 0xff, 0xf0, 0x6f, 0xff, 0x6,
    0xff, 0xf0, 0x6f, 0xff, 0x6, 0xff, 0xf0, 0x6f,
    0xff, 0x6, 0xff, 0xf0, 0x6f, 0xff, 0x6, 0xff,
    0xf0, 0x6f, 0xff, 0x6, 0xff, 0xf0, 0x6f, 0xff,
    0x6, 0xff, 0xf0, 0x6f, 0xff, 0x6, 0xff, 0xf0,
    0x6f, 0xff, 0x0,

    /* U+006D "m" */
    0x6f, 0xfd, 0x29, 0xef, 0xea, 0x20, 0x29, 0xdf,
    0xeb, 0x30, 0x6, 0xff, 0xff, 0xff, 0xff, 0xff,
    0x7f, 0xff, 0xff, 0xff, 0x50, 0x6f, 0xff, 0xff,
    0xdf, 0xff, 0xff, 0xff, 0xde, 0xff, 0xff, 0x6,
    0xff, 0xfd, 0x10, 0xc, 0xff, 0xff, 0x30, 0x8,
    0xff, 0xf5, 0x6f, 0xff, 0x40, 0x0, 0x4f, 0xff,
    0x80, 0x0, 0xf, 0xff, 0x86, 0xff, 0xf1, 0x0,
    0x2, 0xff, 0xf5, 0x0, 0x0, 0xdf, 0xf9, 0x6f,
    0xff, 0x0, 0x0, 0x2f, 0xff, 0x40, 0x0, 0xd,
    0xff, 0x96, 0xff, 0xf0, 0x0, 0x2, 0xff, 0xf4,
    0x0, 0x0, 0xdf, 0xf9, 0x6f, 0xff, 0x0, 0x0,
    0x2f, 0xff, 0x40, 0x0, 0xd, 0xff, 0x96, 0xff,
    0xf0, 0x0, 0x2, 0xff, 0xf4, 0x0, 0x0, 0xdf,
    0xf9, 0x6f, 0xff, 0x0, 0x0, 0x2f, 0xff, 0x40,
    0x0, 0xd, 0xff, 0x96, 0xff, 0xf0, 0x0, 0x2,
    0xff, 0xf4, 0x0, 0x0, 0xdf, 0xf9,

    /* U+006E "n" */
    0x6f, 0xfd, 0x29, 0xdf, 0xeb, 0x40, 0x6, 0xff,
    0xff, 0xff, 0xff, 0xff, 0x60, 0x6f, 0xff, 0xff,
    0xde, 0xff, 0xff, 0x26, 0xff, 0xfd, 0x20, 0x7,
    0xff, 0xf7, 0x6f, 0xff, 0x40, 0x0, 0xe, 0xff,
    0x96, 0xff, 0xf1, 0x0, 0x0, 0xcf, 0xfa, 0x6f,
    0xff, 0x0, 0x0, 0xc, 0xff, 0xb6, 0xff, 0xf0,
    0x0, 0x0, 0xcf, 0xfb, 0x6f, 0xff, 0x0, 0x0,
    0xc, 0xff, 0xb6, 0xff, 0xf0, 0x0, 0x0, 0xcf,
    0xfb, 0x6f, 0xff, 0x0, 0x0, 0xc, 0xff, 0xb6,
    0xff, 0xf0, 0x0, 0x0, 0xcf, 0xfb,

    /* U+006F "o" */
    0x0, 0x1, 0x7c, 0xef, 0xd9, 0x30, 0x0, 0x0,
    0x3e, 0xff, 0xff, 0xff, 0xf8, 0x0, 0x2, 0xff,
    0xff, 0xed, 0xff, 0xff, 0x80, 0xb, 0xff, 0xf5,
    0x0, 0x2c, 0xff, 0xf2, 0x1f, 0xff, 0x80, 0x0,
    0x2, 0xff, 0xf7, 0x3f, 0xff, 0x40, 0x0, 0x0,
    0xdf, 0xfa, 0x3f, 0xff, 0x40, 0x0, 0x0, 0xdf,
    0xfa, 0x1f, 0xff, 0x80, 0x0, 0x2, 0xff, 0xf7,
    0xb, 0xff, 0xf5, 0x0, 0x2c, 0xff, 0xf2, 0x2,
    0xff, 0xff, 0xed, 0xff, 0xff, 0x80, 0x0, 0x4e,
    0xff, 0xff, 0xff, 0xf9, 0x0, 0x0, 0x1, 0x7c,
    0xef, 0xda, 0x30, 0x0,

    /* U+0070 "p" */
    0x6f, 0xfd, 0x2a, 0xef, 0xea, 0x30, 0x0, 0x6f,
    0xff, 0xff, 0xff, 0xff, 0xf8, 0x0, 0x6f, 0xff,
    0xff, 0xbb, 0xff, 0xff, 0x60, 0x6f, 0xff, 0xd1,
    0x0, 0x2d, 0xff, 0xe0, 0x6f, 0xff, 0x40, 0x0,
    0x4, 0xff, 0xf4, 0x6f, 0xff, 0x0, 0x0, 0x1,
    0xff, 0xf6, 0x6f, 0xff, 0x0, 0x0, 0x1, 0xff,
    0xf6, 0x6f, 0xff, 0x50, 0x0, 0x5, 0xff, 0xf4,
    0x6f, 0xff, 0xe3, 0x0, 0x4e, 0xff, 0xe0, 0x6f,
    0xff, 0xff, 0xee, 0xff, 0xff, 0x70, 0x6f, 0xff,
    0xef, 0xff, 0xff, 0xf8, 0x0, 0x6f, 0xff, 0x19,
    0xef, 0xea, 0x40, 0x0, 0x6f, 0xff, 0x0, 0x0,
    0x0, 0x0, 0x0, 0x6f, 0xff, 0x0, 0x0, 0x0,
    0x0, 0x0, 0x6f, 0xff, 0x0, 0x0, 0x0, 0x0,
    0x0, 0x6f, 0xff, 0x0, 0x0, 0x0, 0x0, 0x0,

    /* U+0071 "q" */
    0x0, 0x2, 0x9d, 0xfe, 0xa3, 0xbf, 0xf9, 0x0,
    0x6f, 0xff, 0xff, 0xff, 0xef, 0xf9, 0x4, 0xff,
    0xff, 0xfd, 0xff, 0xff, 0xf9, 0xc, 0xff, 0xf6,
    0x0, 0x2c, 0xff, 0xf9, 0x1f, 0xff, 0x80, 0x0,
    0x2, 0xff, 0xf9, 0x3f, 0xff, 0x40, 0x0, 0x0,
    0xdf, 0xf9, 0x3f, 0xff, 0x40, 0x0, 0x0, 0xdf,
    0xf9, 0x1f, 0xff, 0x80, 0x0, 0x2, 0xff, 0xf9,
    0xc, 0xff, 0xf5, 0x0, 0x2c, 0xff, 0xf9, 0x4,
    0xff, 0xff, 0xed, 0xff, 0xff, 0xf9, 0x0, 0x6f,
    0xff, 0xff, 0xff, 0xff, 0xf9, 0x0, 0x2, 0x9d,
    0xfe, 0xa2, 0xdf, 0xf9, 0x0, 0x0, 0x0, 0x0,
    0x0, 0xdf, 0xf9, 0x0, 0x0, 0x0, 0x0, 0x0,
    0xdf, 0xf9, 0x0, 0x0, 0x0, 0x0, 0x0, 0xdf,
    0xf9, 0x0, 0x0, 0x0, 0x0, 0x0, 0xdf, 0xf9,

    /* U+0072 "r" */
    0x6f, 0xfd, 0x19, 0xde, 0x6f, 0xfe, 0xef, 0xff,
    0x6f, 0xff, 0xff, 0xfe, 0x6f, 0xff, 0xf6, 0x0,
    0x6f, 0xff, 0x60, 0x0, 0x6f, 0xff, 0x20, 0x0,
    0x6f, 0xff, 0x0, 0x0, 0x6f, 0xff, 0x0, 0x0,
    0x6f, 0xff, 0x0, 0x0, 0x6f, 0xff, 0x0, 0x0,
    0x6f, 0xff, 0x0, 0x0, 0x6f, 0xff, 0x0, 0x0,

    /* U+0073 "s" */
    0x0, 0x29, 0xdf, 0xfe, 0xb7, 0x10, 0x5, 0xff,
    0xff, 0xff, 0xff, 0x80, 0xf, 0xff, 0xea, 0xab,
    0xff, 0x10, 0x3f, 0xff, 0x10, 0x0, 0x3, 0x0,
    0x2f, 0xff, 0xa5, 0x20, 0x0, 0x0, 0xc, 0xff,
    0xff, 0xff, 0xb5, 0x0, 0x0, 0x8d, 0xff, 0xff,
    0xff, 0x90, 0x0, 0x0, 0x14, 0x7c, 0xff, 0xf0,
    0x5, 0x30, 0x0, 0x3, 0xff, 0xf1, 0xe, 0xfe,
    0xb9, 0xae, 0xff, 0xe0, 0x5f, 0xff, 0xff, 0xff,
    0xff, 0x30, 0x3, 0x9c, 0xef, 0xfd, 0x81, 0x0,

    /* U+0074 "t" */
    0x0, 0x88, 0x83, 0x0, 0x0, 0x0, 0xff, 0xf7,
    0x0, 0x0, 0x0, 0xff, 0xf7, 0x0, 0x0, 0xdf,
    0xff, 0xff, 0xff, 0x60, 0xdf, 0xff, 0xff, 0xff,
    0x60, 0x8a, 0xff, 0xfc, 0xaa, 0x30, 0x0, 0xff,
    0xf7, 0x0, 0x0, 0x0, 0xff, 0xf7, 0x0, 0x0,
    0x0, 0xff, 0xf7, 0x0, 0x0, 0x0, 0xff, 0xf7,
    0x0, 0x0, 0x0, 0xff, 0xf7, 0x0, 0x0, 0x0,
    0xff, 0xfa, 0x0, 0x0, 0x0, 0xbf, 0xff, 0xcd,
    0x80, 0x0, 0x3f, 0xff, 0xff, 0xe0, 0x0, 0x3,
    0xbe, 0xfd, 0x90,

    /* U+0075 "u" */
    0x7f, 0xff, 0x0, 0x0, 0xe, 0xff, 0x87, 0xff,
    0xf0, 0x0, 0x0, 0xef, 0xf8, 0x7f, 0xff, 0x0,
    0x0, 0xe, 0xff, 0x87, 0xff, 0xf0, 0x0, 0x0,
    0xef, 0xf8, 0x7f, 0xff, 0x0, 0x0, 0xe, 0xff,
    0x87, 0xff, 0xf0, 0x0, 0x0, 0xef, 0xf8, 0x7f,
    0xff, 0x0, 0x0, 0xf, 0xff, 0x86, 0xff, 0xf2,
    0x0, 0x4, 0xff, 0xf8, 0x4f, 0xff, 0xc2, 0x4,
    0xdf, 0xff, 0x80, 0xef, 0xff, 0xff, 0xff, 0xff,
    0xf8, 0x3, 0xff, 0xff, 0xff, 0xfe, 0xff, 0x80,
    0x2, 0xae, 0xfe, 0x92, 0xcf, 0xf8,

    /* U+0076 "v" */
    0xe, 0xff, 0x80, 0x0, 0x0, 0x2f, 0xff, 0x20,
    0x8f, 0xfe, 0x0, 0x0, 0x9, 0xff, 0xb0, 0x2,
    0xff, 0xf5, 0x0, 0x0, 0xff, 0xf4, 0x0, 0xb,
    0xff, 0xc0, 0x0, 0x6f, 0xfd, 0x0, 0x0, 0x5f,
    0xff, 0x20, 0xd, 0xff, 0x70, 0x0, 0x0, 0xef,
    0xf9, 0x4, 0xff, 0xf1, 0x0, 0x0, 0x7, 0xff,
    0xe0, 0xaf, 0xfa, 0x0, 0x0, 0x0, 0x1f, 0xff,
    0x7f, 0xff, 0x30, 0x0, 0x0, 0x0, 0xaf, 0xff,
    0xff, 0xc0, 0x0, 0x0, 0x0, 0x3, 0xff, 0xff,
    0xf6, 0x0, 0x0, 0x0, 0x0, 0xd, 0xff, 0xfe,
    0x0, 0x0, 0x0, 0x0, 0x0, 0x6f, 0xff, 0x80,
    0x0, 0x0,

    /* U+0077 "w" */
    0xcf, 0xf6, 0x0, 0x0, 0x3f, 0xff, 0x0, 0x0,
    0x9, 0xff, 0x67, 0xff, 0xc0, 0x0, 0x9, 0xff,
    0xf6, 0x0, 0x0, 0xff, 0xf1, 0x1f, 0xff, 0x10,
    0x0, 0xef, 0xff, 0xb0, 0x0, 0x5f, 0xfb, 0x0,
    0xbf, 0xf7, 0x0, 0x4f, 0xff, 0xff, 0x10, 0xa,
    0xff, 0x50, 0x6, 0xff, 0xc0, 0xa, 0xff, 0xef,
    0xf6, 0x1, 0xff, 0xf0, 0x0, 0xf, 0xff, 0x20,
    0xff, 0xf5, 0xff, 0xc0, 0x6f, 0xf9, 0x0, 0x0,
    0xaf, 0xf7, 0x5f, 0xf9, 0xe, 0xff, 0x1b, 0xff,
    0x40, 0x0, 0x4, 0xff, 0xdb, 0xff, 0x40, 0x9f,
    0xf8, 0xff, 0xe0, 0x0, 0x0, 0xe, 0xff, 0xff,
    0xe0, 0x3, 0xff, 0xff, 0xf8, 0x0, 0x0, 0x0,
    0x9f, 0xff, 0xf8, 0x0, 0xe, 0xff, 0xff, 0x30,
    0x0, 0x0, 0x3, 0xff, 0xff, 0x20, 0x0, 0x8f,
    0xff, 0xd0, 0x0, 0x0, 0x0, 0xe, 0xff, 0xc0,
    0x0, 0x2, 0xff, 0xf7, 0x0, 0x0,

    /* U+0078 "x" */
    0x6f, 0xff, 0x70, 0x0, 0x3f, 0xff, 0x70, 0xaf,
    0xff, 0x30, 0xd, 0xff, 0xb0, 0x0, 0xdf, 0xfd,
    0xa, 0xff, 0xe1, 0x0, 0x3, 0xff, 0xfd, 0xff,
    0xf3, 0x0, 0x0, 0x7, 0xff, 0xff, 0xf7, 0x0,
    0x0, 0x0, 0xb, 0xff, 0xfb, 0x0, 0x0, 0x0,
    0x0, 0xcf, 0xff, 0xd0, 0x0, 0x0, 0x0, 0x8f,
    0xff, 0xff, 0xa0, 0x0, 0x0, 0x4f, 0xff, 0xbf,
    0xff, 0x60, 0x0, 0x1e, 0xff, 0xa0, 0xaf, 0xff,
    0x20, 0xc, 0xff, 0xd0, 0x1, 0xef, 0xfd, 0x8,
    0xff, 0xf3, 0x0, 0x4, 0xff, 0xfa,

    /* U+0079 "y" */
    0xe, 0xff, 0x90, 0x0, 0x0, 0x2f, 0xff, 0x10,
    0x8f, 0xff, 0x0, 0x0, 0x9, 0xff, 0xa0, 0x1,
    0xff, 0xf6, 0x0, 0x1, 0xff, 0xf3, 0x0, 0xa,
    0xff, 0xd0, 0x0, 0x7f, 0xfc, 0x0, 0x0, 0x3f,
    0xff, 0x40, 0xd, 0xff, 0x60, 0x0, 0x0, 0xcf,
    0xfa, 0x4, 0xff, 0xe0, 0x0, 0x0, 0x5, 0xff,
    0xf1, 0xbf, 0xf8, 0x0, 0x0, 0x0, 0xd, 0xff,
    0xaf, 0xff, 0x10, 0x0, 0x0, 0x0, 0x7f, 0xff,
    0xff, 0xa0, 0x0, 0x0, 0x0, 0x0, 0xff, 0xff,
    0xf3, 0x0, 0x0, 0x0, 0x0, 0x9, 0xff, 0xfc,
    0x0, 0x0, 0x0, 0x0, 0x0, 0x2f, 0xff, 0x50,
    0x0, 0x0, 0x0, 0x30, 0x8, 0xff, 0xe0, 0x0,
    0x0, 0x0, 0x7f, 0xdd, 0xff, 0xf6, 0x0, 0x0,
    0x0, 0xe, 0xff, 0xff, 0xfb, 0x0, 0x0, 0x0,
    0x0, 0x5c, 0xff, 0xc6, 0x0, 0x0, 0x0, 0x0,

    /* U+007A "z" */
    0x1f, 0xff, 0xff, 0xff, 0xff, 0xf2, 0x1f, 0xff,
    0xff, 0xff, 0xff, 0xf2, 0xa, 0xaa, 0xaa, 0xcf,
    0xff, 0xb0, 0x0, 0x0, 0x1, 0xdf, 0xfd, 0x10,
    0x0, 0x0, 0xb, 0xff, 0xf2, 0x0, 0x0, 0x0,
    0x9f, 0xff, 0x40, 0x0, 0x0, 0x6, 0xff, 0xf7,
    0x0, 0x0, 0x0, 0x3f, 0xff, 0xa0, 0x0, 0x0,
    0x2, 0xef, 0xfc, 0x0, 0x0, 0x0, 0xd, 0xff,
    0xfb, 0xaa, 0xaa, 0xa3, 0x3f, 0xff, 0xff, 0xff,
    0xff, 0xf5, 0x3f, 0xff, 0xff, 0xff, 0xff, 0xf5,

    /* U+007B "{" */
    0x0, 0x1, 0x7a, 0xa2, 0x0, 0x4f, 0xff, 0xf4,
    0x0, 0xdf, 0xff, 0xf4, 0x1, 0xff, 0xfa, 0x10,
    0x2, 0xff, 0xf4, 0x0, 0x2, 0xff, 0xf4, 0x0,
    0x2, 0xff, 0xf4, 0x0, 0x2, 0xff, 0xf4, 0x0,
    0x3, 0xff, 0xf3, 0x0, 0x9e, 0xff, 0xf1, 0x0,
    0xdf, 0xff, 0x50, 0x0, 0xdf, 0xff, 0xd0, 0x0,
    0x5, 0xff, 0xf3, 0x0, 0x2, 0xff, 0xf4, 0x0,
    0x2, 0xff, 0xf4, 0x0, 0x2, 0xff, 0xf4, 0x0,
    0x2, 0xff, 0xf4, 0x0, 0x1, 0xff, 0xf7, 0x0,
    0x0, 0xef, 0xff, 0xb2, 0x0, 0x7f, 0xff, 0xf4,
    0x0, 0x6, 0xdf, 0xf4,

    /* U+007C "|" */
    0x19, 0x98, 0x2f, 0xff, 0x2f, 0xff, 0x2f, 0xff,
    0x2f, 0xff, 0x2f, 0xff, 0x2f, 0xff, 0x2f, 0xff,
    0x2f, 0xff, 0x2f, 0xff, 0x2f, 0xff, 0x2f, 0xff,
    0x2f, 0xff, 0x2f, 0xff, 0x2f, 0xff, 0x2f, 0xff,
    0x2f, 0xff, 0x2f, 0xff, 0x2f, 0xff, 0x2f, 0xff,
    0x2f, 0xff,

    /* U+007D "}" */
    0x7a, 0x95, 0x0, 0x0, 0xaf, 0xff, 0xc0, 0x0,
    0xaf, 0xff, 0xf7, 0x0, 0x3, 0xff, 0xfb, 0x0,
    0x0, 0xbf, 0xfc, 0x0, 0x0, 0xaf, 0xfc, 0x0,
    0x0, 0xaf, 0xfc, 0x0, 0x0, 0xaf, 0xfc, 0x0,
    0x0, 0xaf, 0xfd, 0x0, 0x0, 0x7f, 0xff, 0xc4,
    0x0, 0xa, 0xff, 0xf7, 0x0, 0x4f, 0xff, 0xf7,
    0x0, 0x9f, 0xfe, 0x10, 0x0, 0xaf, 0xfc, 0x0,
    0x0, 0xaf, 0xfc, 0x0, 0x0, 0xaf, 0xfc, 0x0,
    0x0, 0xaf, 0xfc, 0x0, 0x0, 0xdf, 0xfb, 0x0,
    0x7d, 0xff, 0xf8, 0x0, 0xaf, 0xff, 0xf2, 0x0,
    0xaf, 0xeb, 0x20, 0x0,

    /* U+007E "~" */
    0x0, 0x57, 0x40, 0x0, 0x7, 0x70, 0xb, 0xff,
    0xfb, 0x10, 0x3f, 0xf0, 0x6f, 0xff, 0xff, 0xe8,
    0xdf, 0xc0, 0xbf, 0xb0, 0x5f, 0xff, 0xff, 0x50,
    0xdf, 0x50, 0x2, 0xbf, 0xe7, 0x0,

    /* U+00A0 " " */

    /* U+00A1 "¡" */
    0x3d, 0xf8, 0xc, 0xff, 0xf2, 0xdf, 0xff, 0x33,
    0xde, 0x80, 0x0, 0x0, 0x2, 0xee, 0x80, 0x4f,
    0xfa, 0x5, 0xff, 0xb0, 0x6f, 0xfc, 0x7, 0xff,
    0xd0, 0x8f, 0xfe, 0x9, 0xff, 0xf0, 0xbf, 0xff,
    0xc, 0xff, 0xf2, 0xdf, 0xff, 0x30,

    /* U+00A2 "¢" */
    0x0, 0x0, 0x0, 0x11, 0x0, 0x0, 0x0, 0x0,
    0x0, 0xf, 0xf3, 0x0, 0x0, 0x0, 0x0, 0x0,
    0xff, 0x30, 0x0, 0x0, 0x0, 0x1, 0x6f, 0xf9,
    0x40, 0x0, 0x0, 0x9, 0xff, 0xff, 0xff, 0xd2,
    0x0, 0xc, 0xff, 0xff, 0xff, 0xff, 0xe1, 0x8,
    0xff, 0xfb, 0xff, 0xaf, 0xfe, 0x40, 0xef, 0xfc,
    0xf, 0xf3, 0x58, 0x0, 0x3f, 0xff, 0x50, 0xff,
    0x30, 0x0, 0x4, 0xff, 0xf3, 0xf, 0xf3, 0x0,
    0x0, 0x2f, 0xff, 0x50, 0xff, 0x30, 0x0, 0x0,
    0xef, 0xfc, 0xf, 0xf3, 0x69, 0x10, 0x7, 0xff,
    0xfc, 0xff, 0xbf, 0xff, 0x40, 0xb, 0xff, 0xff,
    0xff, 0xff, 0xe1, 0x0, 0x7, 0xff, 0xff, 0xff,
    0xb1, 0x0, 0x0, 0x0, 0x4f, 0xf8, 0x20, 0x0,
    0x0, 0x0, 0x0, 0xff, 0x30, 0x0, 0x0, 0x0,
    0x0, 0xf, 0xf3, 0x0, 0x0,

    /* U+00A3 "£" */
    0x0, 0x0, 0x1, 0x7b, 0xef, 0xfe, 0xb6, 0x0,
    0x0, 0x5, 0xef, 0xff, 0xff, 0xff, 0xf3, 0x0,
    0x3, 0xff, 0xff, 0xff, 0xff, 0xfd, 0x0, 0x0,
    0xcf, 0xff, 0xa3, 0x11, 0x26, 0x40, 0x0, 0xf,
    0xff, 0xb0, 0x0, 0x0, 0x0, 0x0, 0x2, 0xff,
    0xf7, 0x0, 0x0, 0x0, 0x0, 0x5f, 0xff, 0xff,
    0xff, 0xff, 0xfb, 0x0, 0x5, 0xff, 0xff, 0xff,
    0xff, 0xff, 0xb0, 0x0, 0x2, 0x3f, 0xff, 0x82,
    0x22, 0x21, 0x0, 0x0, 0x2, 0xff, 0xf7, 0x0,
    0x0, 0x0, 0x0, 0x0, 0x2f, 0xff, 0x70, 0x0,
    0x0, 0x0, 0x0, 0x2, 0xff, 0xf7, 0x0, 0x0,
    0x0, 0x0, 0x4d, 0xef, 0xff, 0xed, 0xdd, 0xdd,
    0xdd, 0x5, 0xff, 0xff, 0xff, 0xff, 0xff, 0xff,
    0xf0, 0x5f, 0xff, 0xff, 0xff, 0xff, 0xff, 0xff,
    0x0,

    /* U+00A4 "¤" */
    0x0, 0x0, 0x0, 0x0, 0x0, 0x0, 0x0, 0x0,
    0x2d, 0x20, 0x0, 0x0, 0x0, 0xa, 0x70, 0x2e,
    0xfe, 0x23, 0x8a, 0x96, 0xa, 0xff, 0x61, 0xcf,
    0xff, 0xff, 0xff, 0xff, 0xff, 0xf4, 0x0, 0xcf,
    0xff, 0xff, 0xff, 0xff, 0xf4, 0x0, 0x7, 0xff,
    0xd4, 0x2, 0xaf, 0xfd, 0x0, 0x0, 0xdf, 0xf2,
    0x0, 0x0, 0xbf, 0xf3, 0x0, 0xf, 0xfb, 0x0,
    0x0, 0x4, 0xff, 0x60, 0x0, 0xff, 0xa0, 0x0,
    0x0, 0x4f, 0xf6, 0x0, 0xe, 0xfe, 0x0, 0x0,
    0x8, 0xff, 0x40, 0x0, 0x9f, 0xfa, 0x0, 0x5,
    0xff, 0xe0, 0x0, 0x7, 0xff, 0xfe, 0xbd, 0xff,
    0xfd, 0x0, 0x6, 0xff, 0xff, 0xff, 0xff, 0xff,
    0xfb, 0x3, 0xff, 0xf8, 0x8d, 0xfe, 0xa6, 0xef,
    0xf9, 0x8, 0xf8, 0x0, 0x0, 0x0, 0x3, 0xed,
    0x10, 0x4, 0x0, 0x0, 0x0, 0x0, 0x3, 0x10,

    /* U+00A5 "¥" */
    0x1e, 0xff, 0xd0, 0x0, 0x0, 0x0, 0x6, 0xff,
    0xf2, 0x4, 0xff, 0xf9, 0x0, 0x0, 0x0, 0x2f,
    0xff, 0x70, 0x0, 0x8f, 0xff, 0x40, 0x0, 0x0,
    0xdf, 0xfb, 0x0, 0x0, 0xc, 0xff, 0xe1, 0x0,
    0x9, 0xff, 0xe1, 0x0, 0x0, 0x2, 0xff, 0xfb,
    0x0, 0x4f, 0xff, 0x50, 0x0, 0x0, 0x0, 0x6f,
    0xff, 0x61, 0xef, 0xf9, 0x0, 0x0, 0x0, 0x0,
    0xa, 0xff, 0xfc, 0xff, 0xd0, 0x0, 0x0, 0x0,
    0x0, 0x1, 0xef, 0xff, 0xff, 0x30, 0x0, 0x0,
    0x0, 0xa, 0xdd, 0xef, 0xff, 0xff, 0xdd, 0xc0,
    0x0, 0x0, 0xc, 0xff, 0xff, 0xff, 0xff, 0xff,
    0xf0, 0x0, 0x0, 0x0, 0x0, 0xb, 0xff, 0xe0,
    0x0, 0x0, 0x0, 0x0, 0xa, 0xdd, 0xdf, 0xff,
    0xfd, 0xdd, 0xc0, 0x0, 0x0, 0xc, 0xff, 0xff,
    0xff, 0xff, 0xff, 0xf0, 0x0, 0x0, 0x0, 0x0,
    0xb, 0xff, 0xe0, 0x0, 0x0, 0x0, 0x0, 0x0,
    0x0, 0xb, 0xff, 0xe0, 0x0, 0x0, 0x0,

    /* U+00A6 "¦" */
    0x1b, 0xba, 0x2f, 0xff, 0x2f, 0xff, 0x2f, 0xff,
    0x2f, 0xff, 0x2f, 0xff, 0x2f, 0xff, 0x2f, 0xff,
    0x0, 0x0, 0x0, 0x0, 0x0, 0x0, 0x0, 0x0,
    0x0, 0x0, 0x1b, 0xba, 0x2f, 0xff, 0x2f, 0xff,
    0x2f, 0xff, 0x2f, 0xff, 0x2f, 0xff, 0x2f, 0xff,
    0x2f, 0xff,

    /* U+00A7 "§" */
    0x0, 0x6, 0xce, 0xfe, 0xc8, 0x30, 0x1, 0xcf,
    0xff, 0xff, 0xff, 0xd0, 0x9, 0xff, 0xe9, 0x8a,
    0xcf, 0x70, 0xd, 0xff, 0x30, 0x0, 0x2, 0x10,
    0xd, 0xff, 0x80, 0x0, 0x0, 0x0, 0x8, 0xff,
    0xff, 0xc8, 0x20, 0x0, 0x4, 0xff, 0xff, 0xff,
    0xfa, 0x0, 0xe, 0xff, 0x99, 0xdf, 0xff, 0x70,
    0x5f, 0xfa, 0x0, 0x7, 0xff, 0xc0, 0x5f, 0xfd,
    0x10, 0x3, 0xff, 0xc0, 0x1f, 0xff, 0xfb, 0x8d,
    0xff, 0x70, 0x4, 0xef, 0xff, 0xff, 0xfb, 0x0,
    0x0, 0x5, 0x9d, 0xff, 0xfe, 0x10, 0x0, 0x0,
    0x0, 0x2d, 0xff, 0x50, 0x6, 0x20, 0x0, 0xb,
    0xff, 0x60, 0x1f, 0xfc, 0x98, 0xbf, 0xff, 0x20,
    0x5f, 0xff, 0xff, 0xff, 0xf7, 0x0, 0x3, 0x9d,
    0xef, 0xeb, 0x40, 0x0,

    /* U+00A8 "¨" */
    0x0, 0x0, 0x0, 0x0, 0x0, 0xbf, 0x70, 0x4f,
    0xd1, 0x1f, 0xfd, 0xa, 0xff, 0x50, 0xaf, 0x70,
    0x4e, 0xc1,

    /* U+00A9 "©" */
    0x0, 0x0, 0x0, 0x0, 0x10, 0x0, 0x0, 0x0,
    0x0, 0x0, 0x0, 0x7c, 0xff, 0xfe, 0x92, 0x0,
    0x0, 0x0, 0x3, 0xef, 0xb7, 0x56, 0x9e, 0xf7,
    0x0, 0x0, 0x3, 0xfd, 0x20, 0x0, 0x0, 0x9,
    0xf8, 0x0, 0x0, 0xed, 0x0, 0x6c, 0xfe, 0xb3,
    0x9, 0xf3, 0x0, 0x7f, 0x20, 0xaf, 0xff, 0xff,
    0xf3, 0xd, 0xc0, 0xd, 0xb0, 0x5f, 0xfc, 0x46,
    0xec, 0x30, 0x7f, 0x10, 0xf8, 0xa, 0xff, 0x10,
    0x1, 0x0, 0x3, 0xf4, 0x1f, 0x60, 0xcf, 0xd0,
    0x0, 0x0, 0x0, 0x2f, 0x50, 0xf7, 0xa, 0xff,
    0x10, 0x1, 0x0, 0x3, 0xf4, 0xe, 0xa0, 0x5f,
    0xfc, 0x46, 0xec, 0x30, 0x6f, 0x20, 0x9f, 0x10,
    0xaf, 0xff, 0xff, 0xf3, 0xd, 0xc0, 0x1, 0xfb,
    0x0, 0x6c, 0xfe, 0xb3, 0x7, 0xf4, 0x0, 0x5,
    0xfa, 0x0, 0x0, 0x0, 0x7, 0xf9, 0x0, 0x0,
    0x6, 0xfe, 0x84, 0x23, 0x6d, 0xf9, 0x0, 0x0,
    0x0, 0x2, 0xaf, 0xff, 0xff, 0xb4, 0x0, 0x0,
    0x0, 0x0, 0x0, 0x3, 0x43, 0x10, 0x0, 0x0,
    0x0,

    /* U+00AA "ª" */
    0x6, 0xbe, 0xfd, 0x70, 0xc, 0xfc, 0xdf, 0xf7,
    0x2, 0x0, 0x9, 0xfc, 0x7, 0xdf, 0xff, 0xfe,
    0x3f, 0xf5, 0x38, 0xff, 0x4f, 0xf3, 0x3d, 0xff,
    0xb, 0xff, 0xfc, 0xff, 0x0, 0x34, 0x21, 0x54,

    /* U+00AB "«" */
    0x0, 0x3, 0x99, 0x70, 0x39, 0x97, 0x0, 0xd,
    0xff, 0x30, 0xdf, 0xf3, 0x0, 0x9f, 0xf8, 0xa,
    0xff, 0x70, 0x5, 0xff, 0xc0, 0x5f, 0xfc, 0x0,
    0xe, 0xff, 0x21, 0xff, 0xf2, 0x0, 0xa, 0xff,
    0x80, 0xaf, 0xf7, 0x0, 0x0, 0xdf, 0xf3, 0x1e,
    0xff, 0x30, 0x0, 0x3f, 0xfd, 0x3, 0xff, 0xd0,
    0x0, 0x7, 0xff, 0x90, 0x8f, 0xf9,

    /* U+00AC "¬" */
    0x6a, 0xaa, 0xaa, 0xaa, 0xaa, 0x8a, 0xff, 0xff,
    0xff, 0xff, 0xfd, 0xaf, 0xff, 0xff, 0xff, 0xff,
    0xd0, 0x0, 0x0, 0x0, 0xf, 0xfd, 0x0, 0x0,
    0x0, 0x0, 0xff, 0xd0, 0x0, 0x0, 0x0, 0xf,
    0xfd, 0x0, 0x0, 0x0, 0x0, 0xff, 0xd0,

    /* U+00AE "®" */
    0x0, 0x0, 0x0, 0x0, 0x10, 0x0, 0x0, 0x0,
    0x0, 0x0, 0x0, 0x7c, 0xff, 0xfe, 0x92, 0x0,
    0x0, 0x0, 0x3, 0xef, 0xb7, 0x56, 0x9e, 0xf7,
    0x0, 0x0, 0x3, 0xfd, 0x20, 0x0, 0x0, 0x9,
    0xf8, 0x0, 0x0, 0xed, 0x8, 0xbb, 0xa9, 0x71,
    0x9, 0xf3, 0x0, 0x7f, 0x20, 0xbf, 0xff, 0xff,
    0xe1, 0xd, 0xc0, 0xd, 0xb0, 0xb, 0xf8, 0x1,
    0xcf, 0x80, 0x7f, 0x10, 0xf8, 0x0, 0xbf, 0x80,
    0xa, 0xfa, 0x3, 0xf4, 0x1f, 0x60, 0xb, 0xfd,
    0xbd, 0xff, 0x40, 0x2f, 0x50, 0xf7, 0x0, 0xbf,
    0xff, 0xff, 0x60, 0x3, 0xf4, 0xe, 0xa0, 0xb,
    0xf8, 0xa, 0xfa, 0x0, 0x6f, 0x20, 0x9f, 0x10,
    0xbf, 0x80, 0x1f, 0xf4, 0xd, 0xc0, 0x1, 0xfb,
    0x7, 0xa5, 0x0, 0x5a, 0x77, 0xf4, 0x0, 0x5,
    0xfa, 0x0, 0x0, 0x0, 0x7, 0xf9, 0x0, 0x0,
    0x6, 0xfe, 0x84, 0x23, 0x6d, 0xf9, 0x0, 0x0,
    0x0, 0x2, 0xaf, 0xff, 0xff, 0xb4, 0x0, 0x0,
    0x0, 0x0, 0x0, 0x3, 0x43, 0x10, 0x0, 0x0,
    0x0,

    /* U+00AF "¯" */
    0x7f, 0xff, 0xff, 0xff, 0xa7, 0xff, 0xff, 0xff,
    0xfa,

    /* U+00B0 "°" */
    0x0, 0x18, 0xa9, 0x20, 0x0, 0x3f, 0xff, 0xff,
    0x50, 0xd, 0xf5, 0x4, 0xef, 0x13, 0xfa, 0x0,
    0x7, 0xf5, 0x3f, 0x90, 0x0, 0x6f, 0x60, 0xfe,
    0x10, 0xc, 0xf2, 0x7, 0xff, 0xbe, 0xf9, 0x0,
    0x5, 0xdf, 0xd7, 0x0,

    /* U+00B1 "±" */
    0x0, 0x0, 0xdf, 0xf0, 0x0, 0x0, 0x0, 0xd,
    0xff, 0x0, 0x0, 0x0, 0x0, 0xdf, 0xf0, 0x0,
    0x6, 0x99, 0x9e, 0xff, 0x99, 0x98, 0xaf, 0xff,
    0xff, 0xff, 0xff, 0xda, 0xff, 0xff, 0xff, 0xff,
    0xfd, 0x0, 0x0, 0xdf, 0xf0, 0x0, 0x0, 0x0,
    0xd, 0xff, 0x0, 0x0, 0x0, 0x0, 0xdf, 0xf0,
    0x0, 0x0, 0x0, 0xa, 0xdd, 0x0, 0x0, 0x0,
    0x0, 0x0, 0x0, 0x0, 0x7, 0xbb, 0xbb, 0xbb,
    0xbb, 0xb9, 0xaf, 0xff, 0xff, 0xff, 0xff, 0xda,
    0xff, 0xff, 0xff, 0xff, 0xfd,

    /* U+00B2 "²" */
    0x3, 0xbe, 0xfd, 0x91, 0x4, 0xff, 0xff, 0xff,
    0xd0, 0x7, 0x81, 0x7, 0xff, 0x30, 0x0, 0x0,
    0x7f, 0xf1, 0x0, 0x0, 0x7f, 0xf6, 0x0, 0x0,
    0x9f, 0xf5, 0x0, 0x1, 0xcf, 0xe3, 0x0, 0x0,
    0xef, 0xfe, 0xdd, 0xd7, 0x1f, 0xff, 0xff, 0xff,
    0x90,

    /* U+00B3 "³" */
    0x3f, 0xff, 0xff, 0xff, 0x32, 0xdd, 0xdd, 0xff,
    0xf2, 0x0, 0x0, 0x7f, 0xe3, 0x0, 0x0, 0x8f,
    0xf7, 0x0, 0x0, 0xc, 0xff, 0xfe, 0x20, 0x0,
    0x1, 0x3e, 0xf9, 0x9, 0x40, 0x1, 0xdf, 0xa5,
    0xff, 0xff, 0xff, 0xf3, 0x17, 0xcf, 0xfe, 0xa3,
    0x0,

    /* U+00B4 "´" */
    0x0, 0x1d, 0xff, 0x90, 0x1, 0xdf, 0xf5, 0x0,
    0x1d, 0xfc, 0x20, 0x0,

    /* U+00B5 "µ" */
    0x6f, 0xff, 0x0, 0x0, 0xd, 0xff, 0x96, 0xff,
    0xf0, 0x0, 0x0, 0xdf, 0xf9, 0x6f, 0xff, 0x0,
    0x0, 0xd, 0xff, 0x96, 0xff, 0xf0, 0x0, 0x0,
    0xdf, 0xf9, 0x6f, 0xff, 0x0, 0x0, 0xd, 0xff,
    0x96, 0xff, 0xf0, 0x0, 0x0, 0xdf, 0xf9, 0x6f,
    0xff, 0x0, 0x0, 0xe, 0xff, 0x96, 0xff, 0xf3,
    0x0, 0x2, 0xff, 0xf9, 0x6f, 0xff, 0xb0, 0x1,
    0xbf, 0xff, 0x96, 0xff, 0xff, 0xfd, 0xff, 0xff,
    0xf9, 0x6f, 0xff, 0xff, 0xff, 0xfe, 0xff, 0x96,
    0xff, 0xf9, 0xef, 0xd6, 0x8f, 0xf9, 0x6f, 0xff,
    0x0, 0x0, 0x0, 0x0, 0x6, 0xff, 0xf0, 0x0,
    0x0, 0x0, 0x0, 0x6f, 0xff, 0x0, 0x0, 0x0,
    0x0, 0x6, 0xff, 0xf0, 0x0, 0x0, 0x0, 0x0,

    /* U+00B6 "¶" */
    0x0, 0x3, 0x67, 0x77, 0x77, 0x77, 0x72, 0x2,
    0xcf, 0xff, 0xff, 0xff, 0xff, 0xf4, 0x1e, 0xff,
    0xff, 0xff, 0xff, 0xff, 0xf4, 0x7f, 0xff, 0xff,
    0xfd, 0x0, 0x8f, 0xf4, 0xaf, 0xff, 0xff, 0xfd,
    0x0, 0x8f, 0xf4, 0x9f, 0xff, 0xff, 0xfd, 0x0,
    0x8f, 0xf4, 0x4f, 0xff, 0xff, 0xfd, 0x0, 0x8f,
    0xf4, 0x9, 0xff, 0xff, 0xfd, 0x0, 0x8f, 0xf4,
    0x0, 0x4b, 0xdf, 0xfd, 0x0, 0x8f, 0xf4, 0x0,
    0x0, 0xf, 0xfd, 0x0, 0x8f, 0xf4, 0x0, 0x0,
    0xf, 0xfd, 0x0, 0x8f, 0xf4, 0x0, 0x0, 0xf,
    0xfd, 0x0, 0x8f, 0xf4, 0x0, 0x0, 0xf, 0xfd,
    0x0, 0x8f, 0xf4, 0x0, 0x0, 0xf, 0xfd, 0x0,
    0x8f, 0xf4, 0x0, 0x0, 0xf, 0xfd, 0x0, 0x8f,
    0xf4, 0x0, 0x0, 0xf, 0xfd, 0x0, 0x8f, 0xf4,
    0x0, 0x0, 0xf, 0xfd, 0x0, 0x8f, 0xf4, 0x0,
    0x0, 0xf, 0xfd, 0x0, 0x8f, 0xf4, 0x0, 0x0,
    0xf, 0xfd, 0x0, 0x8f, 0xf4,

    /* U+00B7 "·" */
    0x1, 0x30, 0x5, 0xff, 0xd1, 0xbf, 0xff, 0x6a,
    0xff, 0xf5, 0x2c, 0xfa, 0x0,

    /* U+00B8 "¸" */
    0x0, 0x15, 0x20, 0x0, 0x8, 0xf4, 0x0, 0x0,
    0xcf, 0xf7, 0x0, 0x0, 0x3f, 0xf0, 0xa, 0xac,
    0xfe, 0x0, 0xcf, 0xeb, 0x20,

    /* U+00B9 "¹" */
    0x3f, 0xff, 0xf5, 0x0, 0x2d, 0xdf, 0xf5, 0x0,
    0x0, 0x2f, 0xf5, 0x0, 0x0, 0x2f, 0xf5, 0x0,
    0x0, 0x2f, 0xf5, 0x0, 0x0, 0x2f, 0xf5, 0x0,
    0x0, 0x2f, 0xf5, 0x0, 0x5d, 0xdf, 0xfe, 0xd4,
    0x6f, 0xff, 0xff, 0xf5,

    /* U+00BA "º" */
    0x0, 0x7d, 0xfe, 0xa2, 0x0, 0xbf, 0xfe, 0xff,
    0xf2, 0x4f, 0xf4, 0x1, 0xcf, 0xa6, 0xfe, 0x0,
    0x8, 0xfd, 0x4f, 0xf4, 0x1, 0xdf, 0xa0, 0xbf,
    0xfe, 0xff, 0xf2, 0x0, 0x7d, 0xfe, 0xa2, 0x0,

    /* U+00BB "»" */
    0x29, 0x97, 0x2, 0x99, 0x70, 0x0, 0xb, 0xff,
    0x60, 0xbf, 0xf6, 0x0, 0x1, 0xef, 0xf2, 0x1e,
    0xff, 0x20, 0x0, 0x4f, 0xfd, 0x5, 0xff, 0xc0,
    0x0, 0xa, 0xff, 0x80, 0xaf, 0xf7, 0x0, 0x1e,
    0xff, 0x31, 0xef, 0xf2, 0x0, 0xbf, 0xf7, 0xb,
    0xff, 0x60, 0x6, 0xff, 0xb0, 0x6f, 0xfb, 0x0,
    0x2f, 0xfe, 0x12, 0xff, 0xe1, 0x0,

    /* U+00BC "¼" */
    0x3f, 0xff, 0xf5, 0x0, 0x0, 0x0, 0x0, 0xdf,
    0xb0, 0x0, 0x0, 0x2d, 0xdf, 0xf5, 0x0, 0x0,
    0x0, 0x9, 0xfe, 0x10, 0x0, 0x0, 0x0, 0x2f,
    0xf5, 0x0, 0x0, 0x0, 0x5f, 0xf4, 0x0, 0x0,
    0x0, 0x0, 0x2f, 0xf5, 0x0, 0x0, 0x1, 0xef,
    0x90, 0x0, 0x0, 0x0, 0x0, 0x2f, 0xf5, 0x0,
    0x0, 0xb, 0xfd, 0x0, 0x0, 0x0, 0x0, 0x0,
    0x2f, 0xf5, 0x0, 0x0, 0x6f, 0xf3, 0x0, 0x0,
    0x0, 0x0, 0x0, 0x2f, 0xf5, 0x0, 0x2, 0xff,
    0x80, 0x0, 0x6f, 0xf3, 0x0, 0x6f, 0xff, 0xff,
    0xf5, 0xc, 0xfc, 0x0, 0x3, 0xff, 0x60, 0x0,
    0x5d, 0xdd, 0xdd, 0xd4, 0x8f, 0xf2, 0x0, 0x1e,
    0xfa, 0x0, 0x0, 0x0, 0x0, 0x0, 0x3, 0xff,
    0x60, 0x0, 0xbf, 0xd0, 0x44, 0x0, 0x0, 0x0,
    0x0, 0xd, 0xfb, 0x0, 0x8, 0xff, 0x20, 0xff,
    0x10, 0x0, 0x0, 0x0, 0xaf, 0xe1, 0x0, 0x2f,
    0xff, 0xee, 0xff, 0xe7, 0x0, 0x0, 0x5, 0xff,
    0x40, 0x0, 0x3f, 0xff, 0xff, 0xff, 0xf8, 0x0,
    0x0, 0x1e, 0xf9, 0x0, 0x0, 0x0, 0x0, 0x4,
    0xff, 0x10, 0x0, 0x0, 0xbf, 0xd0, 0x0, 0x0,
    0x0, 0x0, 0x4, 0xff, 0x10,

    /* U+00BD "½" */
    0x3f, 0xff, 0xf5, 0x0, 0x0, 0x0, 0x0, 0xdf,
    0xb0, 0x0, 0x0, 0x2d, 0xdf, 0xf5, 0x0, 0x0,
    0x0, 0x9, 0xfe, 0x10, 0x0, 0x0, 0x0, 0x2f,
    0xf5, 0x0, 0x0, 0x0, 0x5f, 0xf4, 0x0, 0x0,
    0x0, 0x0, 0x2f, 0xf5, 0x0, 0x0, 0x1, 0xef,
    0x90, 0x0, 0x0, 0x0, 0x0, 0x2f, 0xf5, 0x0,
    0x0, 0xb, 0xfd, 0x0, 0x0, 0x0, 0x0, 0x0,
    0x2f, 0xf5, 0x0, 0x0, 0x6f, 0xf3, 0x0, 0x0,
    0x0, 0x0, 0x0, 0x2f, 0xf5, 0x0, 0x2, 0xff,
    0x80, 0x8d, 0xfe, 0xc5, 0x0, 0x6f, 0xff, 0xff,
    0xf5, 0xc, 0xfc, 0xc, 0xff, 0xff, 0xff, 0x60,
    0x5d, 0xdd, 0xdd, 0xd4, 0x8f, 0xf2, 0x1, 0x82,
    0x1, 0xdf, 0xb0, 0x0, 0x0, 0x0, 0x3, 0xff,
    0x60, 0x0, 0x0, 0x1, 0xef, 0x80, 0x0, 0x0,
    0x0, 0xd, 0xfb, 0x0, 0x0, 0x0, 0x1c, 0xfd,
    0x10, 0x0, 0x0, 0x0, 0xaf, 0xe1, 0x0, 0x0,
    0x3, 0xef, 0xc1, 0x0, 0x0, 0x0, 0x5, 0xff,
    0x40, 0x0, 0x0, 0x5f, 0xfa, 0x0, 0x0, 0x0,
    0x0, 0x1e, 0xf9, 0x0, 0x0, 0x6, 0xff, 0xfd,
    0xdd, 0xd1, 0x0, 0x0, 0xbf, 0xd0, 0x0, 0x0,
    0x9, 0xff, 0xff, 0xff, 0xf1,

    /* U+00BE "¾" */
    0x3f, 0xff, 0xff, 0xff, 0x30, 0x0, 0x0, 0xd,
    0xfb, 0x0, 0x0, 0x2, 0xdd, 0xdd, 0xff, 0xf2,
    0x0, 0x0, 0x9, 0xfe, 0x10, 0x0, 0x0, 0x0,
    0x0, 0x7f, 0xe3, 0x0, 0x0, 0x5, 0xff, 0x40,
    0x0, 0x0, 0x0, 0x0, 0x8f, 0xf7, 0x0, 0x0,
    0x1, 0xef, 0x90, 0x0, 0x0, 0x0, 0x0, 0xc,
    0xff, 0xfe, 0x20, 0x0, 0xbf, 0xd0, 0x0, 0x0,
    0x0, 0x0, 0x0, 0x0, 0x2e, 0xf9, 0x0, 0x6f,
    0xf3, 0x0, 0x0, 0x0, 0x0, 0xa, 0x51, 0x2,
    0xef, 0xa0, 0x2f, 0xf8, 0x0, 0x7, 0xff, 0x20,
    0x6, 0xff, 0xff, 0xff, 0xf3, 0xc, 0xfc, 0x0,
    0x3, 0xff, 0x50, 0x0, 0x6, 0xbd, 0xed, 0x92,
    0x8, 0xff, 0x20, 0x1, 0xef, 0x90, 0x0, 0x0,
    0x0, 0x0, 0x0, 0x3, 0xff, 0x60, 0x0, 0xbf,
    0xd0, 0x44, 0x0, 0x0, 0x0, 0x0, 0x0, 0xdf,
    0xb0, 0x0, 0x8f, 0xf2, 0xf, 0xf1, 0x0, 0x0,
    0x0, 0x0, 0xaf, 0xe1, 0x0, 0x2f, 0xff, 0xee,
    0xff, 0xe7, 0x0, 0x0, 0x0, 0x5f, 0xf4, 0x0,
    0x3, 0xff, 0xff, 0xff, 0xff, 0x80, 0x0, 0x0,
    0x1e, 0xf9, 0x0, 0x0, 0x0, 0x0, 0x4, 0xff,
    0x10, 0x0, 0x0, 0xb, 0xfd, 0x0, 0x0, 0x0,
    0x0, 0x0, 0x4f, 0xf1, 0x0,

    /* U+00BF "¿" */
    0x0, 0x0, 0xbf, 0xb1, 0x0, 0x0, 0x0, 0x7,
    0xff, 0xf7, 0x0, 0x0, 0x0, 0x7, 0xff, 0xf7,
    0x0, 0x0, 0x0, 0x1, 0xbf, 0xb1, 0x0, 0x0,
    0x0, 0x0, 0x0, 0x0, 0x0, 0x0, 0x0, 0x1,
    0x77, 0x70, 0x0, 0x0, 0x0, 0x6, 0xff, 0xf0,
    0x0, 0x0, 0x0, 0x4f, 0xff, 0x90, 0x0, 0x0,
    0x4, 0xff, 0xfc, 0x0, 0x0, 0x0, 0x2f, 0xff,
    0xc0, 0x0, 0x0, 0x0, 0xaf, 0xfe, 0x10, 0x0,
    0x0, 0x0, 0xdf, 0xfc, 0x0, 0x0, 0x7, 0x0,
    0xcf, 0xff, 0x71, 0x4, 0xcf, 0xe5, 0x6f, 0xff,
    0xff, 0xff, 0xff, 0xf7, 0x9, 0xff, 0xff, 0xff,
    0xff, 0x60, 0x0, 0x39, 0xcd, 0xcb, 0x71, 0x0,

    /* U+00C0 "À" */
    0x0, 0x0, 0xa, 0xff, 0xd0, 0x0, 0x0, 0x0,
    0x0, 0x0, 0x0, 0x0, 0x8, 0xff, 0xb0, 0x0,
    0x0, 0x0, 0x0, 0x0, 0x0, 0x0, 0x6, 0xff,
    0x90, 0x0, 0x0, 0x0, 0x0, 0x0, 0x0, 0x0,
    0x4, 0x87, 0x10, 0x0, 0x0, 0x0, 0x0, 0x0,
    0x0, 0x0, 0x0, 0x0, 0x0, 0x0, 0x0, 0x0,
    0x0, 0x0, 0x0, 0x8f, 0xff, 0x60, 0x0, 0x0,
    0x0, 0x0, 0x0, 0x0, 0x1f, 0xff, 0xfd, 0x0,
    0x0, 0x0, 0x0, 0x0, 0x0, 0x7, 0xff, 0xff,
    0xf5, 0x0, 0x0, 0x0, 0x0, 0x0, 0x0, 0xef,
    0xfd, 0xff, 0xc0, 0x0, 0x0, 0x0, 0x0, 0x0,
    0x6f, 0xfe, 0x2f, 0xff, 0x40, 0x0, 0x0, 0x0,
    0x0, 0xd, 0xff, 0x70, 0xaf, 0xfb, 0x0, 0x0,
    0x0, 0x0, 0x4, 0xff, 0xf1, 0x3, 0xff, 0xf2,
    0x0, 0x0, 0x0, 0x0, 0xcf, 0xf9, 0x0, 0xc,
    0xff, 0xa0, 0x0, 0x0, 0x0, 0x3f, 0xff, 0x20,
    0x0, 0x5f, 0xff, 0x10, 0x0, 0x0, 0xa, 0xff,
    0xff, 0xff, 0xff, 0xff, 0xf8, 0x0, 0x0, 0x2,
    0xff, 0xff, 0xff, 0xff, 0xff, 0xff, 0xf0, 0x0,
    0x0, 0x9f, 0xfe, 0xbb, 0xbb, 0xbb, 0xbf, 0xff,
    0x70, 0x0, 0x1f, 0xff, 0x70, 0x0, 0x0, 0x0,
    0xbf, 0xfe, 0x0, 0x8, 0xff, 0xf1, 0x0, 0x0,
    0x0, 0x4, 0xff, 0xf6, 0x0, 0xef, 0xfa, 0x0,
    0x0, 0x0, 0x0, 0xd, 0xff, 0xd0,

    /* U+00C1 "Á" */
    0x0, 0x0, 0x0, 0x0, 0x1, 0xef, 0xf8, 0x0,
    0x0, 0x0, 0x0, 0x0, 0x0, 0x0, 0xdf, 0xf6,
    0x0, 0x0, 0x0, 0x0, 0x0, 0x0, 0x0, 0xbf,
    0xf4, 0x0, 0x0, 0x0, 0x0, 0x0, 0x0, 0x0,
    0x28, 0x83, 0x0, 0x0, 0x0, 0x0, 0x0, 0x0,
    0x0, 0x0, 0x0, 0x0, 0x0, 0x0, 0x0, 0x0,
    0x0, 0x0, 0x0, 0x8f, 0xff, 0x60, 0x0, 0x0,
    0x0, 0x0, 0x0, 0x0, 0x1f, 0xff, 0xfd, 0x0,
    0x0, 0x0, 0x0, 0x0, 0x0, 0x7, 0xff, 0xff,
    0xf5, 0x0, 0x0, 0x0, 0x0, 0x0, 0x0, 0xef,
    0xfd, 0xff, 0xc0, 0x0, 0x0, 0x0, 0x0, 0x0,
    0x6f, 0xfe, 0x2f, 0xff, 0x40, 0x0, 0x0, 0x0,
    0x0, 0xd, 0xff, 0x70, 0xaf, 0xfb, 0x0, 0x0,
    0x0, 0x0, 0x4, 0xff, 0xf1, 0x3, 0xff, 0xf2,
    0x0, 0x0, 0x0, 0x0, 0xcf, 0xf9, 0x0, 0xc,
    0xff, 0xa0, 0x0, 0x0, 0x0, 0x3f, 0xff, 0x20,
    0x0, 0x5f, 0xff, 0x10, 0x0, 0x0, 0xa, 0xff,
    0xff, 0xff, 0xff, 0xff, 0xf8, 0x0, 0x0, 0x2,
    0xff, 0xff, 0xff, 0xff, 0xff, 0xff, 0xf0, 0x0,
    0x0, 0x9f, 0xfe, 0xbb, 0xbb, 0xbb, 0xbf, 0xff,
    0x70, 0x0, 0x1f, 0xff, 0x70, 0x0, 0x0, 0x0,
    0xbf, 0xfe, 0x0, 0x8, 0xff, 0xf1, 0x0, 0x0,
    0x0, 0x4, 0xff, 0xf6, 0x0, 0xef, 0xfa, 0x0,
    0x0, 0x0, 0x0, 0xd, 0xff, 0xd0,

    /* U+00C2 "Â" */
    0x0, 0x0, 0x0, 0x8, 0xff, 0xf5, 0x0, 0x0,
    0x0, 0x0, 0x0, 0x0, 0x5, 0xff, 0xef, 0xf3,
    0x0, 0x0, 0x0, 0x0, 0x0, 0x3, 0xff, 0x80,
    0xaf, 0xe1, 0x0, 0x0, 0x0, 0x0, 0x0, 0x68,
    0x60, 0x0, 0x78, 0x50, 0x0, 0x0, 0x0, 0x0,
    0x0, 0x0, 0x0, 0x0, 0x0, 0x0, 0x0, 0x0,
    0x0, 0x0, 0x0, 0x8f, 0xff, 0x60, 0x0, 0x0,
    0x0, 0x0, 0x0, 0x0, 0x1f, 0xff, 0xfd, 0x0,
    0x0, 0x0, 0x0, 0x0, 0x0, 0x7, 0xff, 0xff,
    0xf5, 0x0, 0x0, 0x0, 0x0, 0x0, 0x0, 0xef,
    0xfd, 0xff, 0xc0, 0x0, 0x0, 0x0, 0x0, 0x0,
    0x6f, 0xfe, 0x2f, 0xff, 0x40, 0x0, 0x0, 0x0,
    0x0, 0xd, 0xff, 0x70, 0xaf, 0xfb, 0x0, 0x0,
    0x0, 0x0, 0x4, 0xff, 0xf1, 0x3, 0xff, 0xf2,
    0x0, 0x0, 0x0, 0x0, 0xcf, 0xf9, 0x0, 0xc,
    0xff, 0xa0, 0x0, 0x0, 0x0, 0x3f, 0xff, 0x20,
    0x0, 0x5f, 0xff, 0x10, 0x0, 0x0, 0xa, 0xff,
    0xff, 0xff, 0xff, 0xff, 0xf8, 0x0, 0x0, 0x2,
    0xff, 0xff, 0xff, 0xff, 0xff, 0xff, 0xf0, 0x0,
    0x0, 0x9f, 0xfe, 0xbb, 0xbb, 0xbb, 0xbf, 0xff,
    0x70, 0x0, 0x1f, 0xff, 0x70, 0x0, 0x0, 0x0,
    0xbf, 0xfe, 0x0, 0x8, 0xff, 0xf1, 0x0, 0x0,
    0x0, 0x4, 0xff, 0xf6, 0x0, 0xef, 0xfa, 0x0,
    0x0, 0x0, 0x0, 0xd, 0xff, 0xd0,

    /* U+00C3 "Ã" */
    0x0, 0x0, 0x1, 0xaf, 0xd8, 0x13, 0xfb, 0x0,
    0x0, 0x0, 0x0, 0x0, 0x9f, 0xff, 0xff, 0xff,
    0x70, 0x0, 0x0, 0x0, 0x0, 0xe, 0xf2, 0x3a,
    0xef, 0x90, 0x0, 0x0, 0x0, 0x0, 0x0, 0x0,
    0x0, 0x0, 0x0, 0x0, 0x0, 0x0, 0x0, 0x0,
    0x0, 0x0, 0x0, 0x0, 0x0, 0x0, 0x0, 0x0,
    0x0, 0x0, 0x0, 0x8f, 0xff, 0x60, 0x0, 0x0,
    0x0, 0x0, 0x0, 0x0, 0x1f, 0xff, 0xfd, 0x0,
    0x0, 0x0, 0x0, 0x0, 0x0, 0x7, 0xff, 0xff,
    0xf5, 0x0, 0x0, 0x0, 0x0, 0x0, 0x0, 0xef,
    0xfd, 0xff, 0xc0, 0x0, 0x0, 0x0, 0x0, 0x0,
    0x6f, 0xfe, 0x2f, 0xff, 0x40, 0x0, 0x0, 0x0,
    0x0, 0xd, 0xff, 0x70, 0xaf, 0xfb, 0x0, 0x0,
    0x0, 0x0, 0x4, 0xff, 0xf1, 0x3, 0xff, 0xf2,
    0x0, 0x0, 0x0, 0x0, 0xcf, 0xf9, 0x0, 0xc,
    0xff, 0xa0, 0x0, 0x0, 0x0, 0x3f, 0xff, 0x20,
    0x0, 0x5f, 0xff, 0x10, 0x0, 0x0, 0xa, 0xff,
    0xff, 0xff, 0xff, 0xff, 0xf8, 0x0, 0x0, 0x2,
    0xff, 0xff, 0xff, 0xff, 0xff, 0xff, 0xf0, 0x0,
    0x0, 0x9f, 0xfe, 0xbb, 0xbb, 0xbb, 0xbf, 0xff,
    0x70, 0x0, 0x1f, 0xff, 0x70, 0x0, 0x0, 0x0,
    0xbf, 0xfe, 0x0, 0x8, 0xff, 0xf1, 0x0, 0x0,
    0x0, 0x4, 0xff, 0xf6, 0x0, 0xef, 0xfa, 0x0,
    0x0, 0x0, 0x0, 0xd, 0xff, 0xd0,

    /* U+00C4 "Ä" */
    0x0, 0x0, 0x1, 0xce, 0x40, 0x6f, 0xb0, 0x0,
    0x0, 0x0, 0x0, 0x0, 0x4f, 0xfa, 0xd, 0xff,
    0x20, 0x0, 0x0, 0x0, 0x0, 0x1, 0xdf, 0x50,
    0x7f, 0xb0, 0x0, 0x0, 0x0, 0x0, 0x0, 0x0,
    0x0, 0x0, 0x0, 0x0, 0x0, 0x0, 0x0, 0x0,
    0x0, 0x0, 0x0, 0x0, 0x0, 0x0, 0x0, 0x0,
    0x0, 0x0, 0x0, 0x8f, 0xff, 0x60, 0x0, 0x0,
    0x0, 0x0, 0x0, 0x0, 0x1f, 0xff, 0xfd, 0x0,
    0x0, 0x0, 0x0, 0x0, 0x0, 0x7, 0xff, 0xff,
    0xf5, 0x0, 0x0, 0x0, 0x0, 0x0, 0x0, 0xef,
    0xfd, 0xff, 0xc0, 0x0, 0x0, 0x0, 0x0, 0x0,
    0x6f, 0xfe, 0x2f, 0xff, 0x40, 0x0, 0x0, 0x0,
    0x0, 0xd, 0xff, 0x70, 0xaf, 0xfb, 0x0, 0x0,
    0x0, 0x0, 0x4, 0xff, 0xf1, 0x3, 0xff, 0xf2,
    0x0, 0x0, 0x0, 0x0, 0xcf, 0xf9, 0x0, 0xc,
    0xff, 0xa0, 0x0, 0x0, 0x0, 0x3f, 0xff, 0x20,
    0x0, 0x5f, 0xff, 0x10, 0x0, 0x0, 0xa, 0xff,
    0xff, 0xff, 0xff, 0xff, 0xf8, 0x0, 0x0, 0x2,
    0xff, 0xff, 0xff, 0xff, 0xff, 0xff, 0xf0, 0x0,
    0x0, 0x9f, 0xfe, 0xbb, 0xbb, 0xbb, 0xbf, 0xff,
    0x70, 0x0, 0x1f, 0xff, 0x70, 0x0, 0x0, 0x0,
    0xbf, 0xfe, 0x0, 0x8, 0xff, 0xf1, 0x0, 0x0,
    0x0, 0x4, 0xff, 0xf6, 0x0, 0xef, 0xfa, 0x0,
    0x0, 0x0, 0x0, 0xd, 0xff, 0xd0,

    /* U+00C5 "Å" */
    0x0, 0x0, 0x0, 0x0, 0x0, 0x0, 0x0, 0x0,
    0x0, 0x0, 0x0, 0x0, 0x0, 0x3e, 0xfd, 0x20,
    0x0, 0x0, 0x0, 0x0, 0x0, 0x0, 0x1f, 0xa4,
    0xcd, 0x0, 0x0, 0x0, 0x0, 0x0, 0x0, 0x4,
    0xf2, 0x4, 0xf1, 0x0, 0x0, 0x0, 0x0, 0x0,
    0x0, 0x1f, 0x71, 0xae, 0x0, 0x0, 0x0, 0x0,
    0x0, 0x0, 0x0, 0x6f, 0xff, 0x40, 0x0, 0x0,
    0x0, 0x0, 0x0, 0x0, 0x0, 0x13, 0x0, 0x0,
    0x0, 0x0, 0x0, 0x0, 0x0, 0x0, 0x8f, 0xff,
    0x60, 0x0, 0x0, 0x0, 0x0, 0x0, 0x0, 0x1f,
    0xff, 0xfd, 0x0, 0x0, 0x0, 0x0, 0x0, 0x0,
    0x7, 0xff, 0xff, 0xf5, 0x0, 0x0, 0x0, 0x0,
    0x0, 0x0, 0xef, 0xfd, 0xff, 0xc0, 0x0, 0x0,
    0x0, 0x0, 0x0, 0x6f, 0xfe, 0x2f, 0xff, 0x40,
    0x0, 0x0, 0x0, 0x0, 0xd, 0xff, 0x70, 0xaf,
    0xfb, 0x0, 0x0, 0x0, 0x0, 0x4, 0xff, 0xf1,
    0x3, 0xff, 0xf2, 0x0, 0x0, 0x0, 0x0, 0xcf,
    0xf9, 0x0, 0xc, 0xff, 0xa0, 0x0, 0x0, 0x0,
    0x3f, 0xff, 0x20, 0x0, 0x5f, 0xff, 0x10, 0x0,
    0x0, 0xa, 0xff, 0xff, 0xff, 0xff, 0xff, 0xf8,
    0x0, 0x0, 0x2, 0xff, 0xff, 0xff, 0xff, 0xff,
    0xff, 0xf0, 0x0, 0x0, 0x9f, 0xfe, 0xbb, 0xbb,
    0xbb, 0xbf, 0xff, 0x70, 0x0, 0x1f, 0xff, 0x70,
    0x0, 0x0, 0x0, 0xbf, 0xfe, 0x0, 0x8, 0xff,
    0xf1, 0x0, 0x0, 0x0, 0x4, 0xff, 0xf6, 0x0,
    0xef, 0xfa, 0x0, 0x0, 0x0, 0x0, 0xd, 0xff,
    0xd0,

    /* U+00C6 "Æ" */
    0x0, 0x0, 0x0, 0x0, 0xc, 0xff, 0xff, 0xff,
    0xff, 0xff, 0xff, 0xf7, 0x0, 0x0, 0x0, 0x0,
    0x6f, 0xff, 0xff, 0xff, 0xff, 0xff, 0xff, 0xf7,
    0x0, 0x0, 0x0, 0x0, 0xef, 0xfe, 0xff, 0xfe,
    0xdd, 0xdd, 0xdd, 0xd6, 0x0, 0x0, 0x0, 0x8,
    0xff, 0xe3, 0xff, 0xf5, 0x0, 0x0, 0x0, 0x0,
    0x0, 0x0, 0x0, 0x2f, 0xff, 0x52, 0xff, 0xf5,
    0x0, 0x0, 0x0, 0x0, 0x0, 0x0, 0x0, 0xbf,
    0xfc, 0x2, 0xff, 0xf5, 0x0, 0x0, 0x0, 0x0,
    0x0, 0x0, 0x4, 0xff, 0xf3, 0x2, 0xff, 0xff,
    0xff, 0xff, 0xff, 0x80, 0x0, 0x0, 0xd, 0xff,
    0x90, 0x2, 0xff, 0xff, 0xff, 0xff, 0xff, 0x80,
    0x0, 0x0, 0x7f, 0xff, 0x10, 0x2, 0xff, 0xfd,
    0xcc, 0xcc, 0xcc, 0x60, 0x0, 0x1, 0xef, 0xff,
    0xff, 0xff, 0xff, 0xf5, 0x0, 0x0, 0x0, 0x0,
    0x0, 0x9, 0xff, 0xff, 0xff, 0xff, 0xff, 0xf5,
    0x0, 0x0, 0x0, 0x0, 0x0, 0x3f, 0xff, 0xcb,
    0xbb, 0xbc, 0xff, 0xf5, 0x0, 0x0, 0x0, 0x0,
    0x0, 0xcf, 0xfd, 0x0, 0x0, 0x2, 0xff, 0xfe,
    0xdd, 0xdd, 0xdd, 0xda, 0x5, 0xff, 0xf4, 0x0,
    0x0, 0x2, 0xff, 0xff, 0xff, 0xff, 0xff, 0xfc,
    0xe, 0xff, 0xb0, 0x0, 0x0, 0x2, 0xff, 0xff,
    0xff, 0xff, 0xff, 0xfc,

    /* U+00C7 "Ç" */
    0x0, 0x0, 0x4, 0x9d, 0xff, 0xeb, 0x60, 0x0,
    0x0, 0x2, 0xcf, 0xff, 0xff, 0xff, 0xfe, 0x40,
    0x0, 0x2e, 0xff, 0xff, 0xff, 0xff, 0xff, 0xf3,
    0x0, 0xef, 0xff, 0xd5, 0x20, 0x27, 0xef, 0x90,
    0x7, 0xff, 0xfa, 0x0, 0x0, 0x0, 0x16, 0x0,
    0xd, 0xff, 0xe0, 0x0, 0x0, 0x0, 0x0, 0x0,
    0xf, 0xff, 0x90, 0x0, 0x0, 0x0, 0x0, 0x0,
    0x1f, 0xff, 0x80, 0x0, 0x0, 0x0, 0x0, 0x0,
    0xf, 0xff, 0x90, 0x0, 0x0, 0x0, 0x0, 0x0,
    0xd, 0xff, 0xe0, 0x0, 0x0, 0x0, 0x0, 0x0,
    0x7, 0xff, 0xfa, 0x0, 0x0, 0x0, 0x16, 0x0,
    0x0, 0xef, 0xff, 0xc5, 0x10, 0x27, 0xef, 0xa0,
    0x0, 0x2e, 0xff, 0xff, 0xff, 0xff, 0xff, 0xf3,
    0x0, 0x2, 0xcf, 0xff, 0xff, 0xff, 0xfe, 0x40,
    0x0, 0x0, 0x4, 0x9d, 0xff, 0xeb, 0x60, 0x0,
    0x0, 0x0, 0x0, 0x1, 0xfc, 0x0, 0x0, 0x0,
    0x0, 0x0, 0x0, 0x4, 0xff, 0xd2, 0x0, 0x0,
    0x0, 0x0, 0x0, 0x0, 0xb, 0xf8, 0x0, 0x0,
    0x0, 0x0, 0x0, 0x4b, 0xaf, 0xf6, 0x0, 0x0,
    0x0, 0x0, 0x0, 0x6e, 0xfd, 0x70, 0x0, 0x0,

    /* U+00C8 "È" */
    0x0, 0x7f, 0xfe, 0x20, 0x0, 0x0, 0x0, 0x0,
    0x5f, 0xfd, 0x10, 0x0, 0x0, 0x0, 0x0, 0x4e,
    0xfc, 0x0, 0x0, 0x0, 0x0, 0x0, 0x28, 0x83,
    0x0, 0x0, 0x0, 0x0, 0x0, 0x0, 0x0, 0x0,
    0x2, 0xff, 0xff, 0xff, 0xff, 0xff, 0xf7, 0x2f,
    0xff, 0xff, 0xff, 0xff, 0xff, 0x72, 0xff, 0xfe,
    0xdd, 0xdd, 0xdd, 0xd6, 0x2f, 0xff, 0x60, 0x0,
    0x0, 0x0, 0x2, 0xff, 0xf6, 0x0, 0x0, 0x0,
    0x0, 0x2f, 0xff, 0x60, 0x0, 0x0, 0x0, 0x2,
    0xff, 0xff, 0xff, 0xff, 0xff, 0x80, 0x2f, 0xff,
    0xff, 0xff, 0xff, 0xf8, 0x2, 0xff, 0xfd, 0xcc,
    0xcc, 0xcc, 0x60, 0x2f, 0xff, 0x60, 0x0, 0x0,
    0x0, 0x2, 0xff, 0xf6, 0x0, 0x0, 0x0, 0x0,
    0x2f, 0xff, 0x60, 0x0, 0x0, 0x0, 0x2, 0xff,
    0xfe, 0xdd, 0xdd, 0xdd, 0xda, 0x2f, 0xff, 0xff,
    0xff, 0xff, 0xff, 0xc2, 0xff, 0xff, 0xff, 0xff,
    0xff, 0xfc,

    /* U+00C9 "É" */
    0x0, 0x0, 0x0, 0xc, 0xff, 0xb0, 0x0, 0x0,
    0x0, 0xa, 0xff, 0x90, 0x0, 0x0, 0x0, 0x8,
    0xff, 0x70, 0x0, 0x0, 0x0, 0x1, 0x78, 0x40,
    0x0, 0x0, 0x0, 0x0, 0x0, 0x0, 0x0, 0x0,
    0x2, 0xff, 0xff, 0xff, 0xff, 0xff, 0xf7, 0x2f,
    0xff, 0xff, 0xff, 0xff, 0xff, 0x72, 0xff, 0xfe,
    0xdd, 0xdd, 0xdd, 0xd6, 0x2f, 0xff, 0x60, 0x0,
    0x0, 0x0, 0x2, 0xff, 0xf6, 0x0, 0x0, 0x0,
    0x0, 0x2f, 0xff, 0x60, 0x0, 0x0, 0x0, 0x2,
    0xff, 0xff, 0xff, 0xff, 0xff, 0x80, 0x2f, 0xff,
    0xff, 0xff, 0xff, 0xf8, 0x2, 0xff, 0xfd, 0xcc,
    0xcc, 0xcc, 0x60, 0x2f, 0xff, 0x60, 0x0, 0x0,
    0x0, 0x2, 0xff, 0xf6, 0x0, 0x0, 0x0, 0x0,
    0x2f, 0xff, 0x60, 0x0, 0x0, 0x0, 0x2, 0xff,
    0xfe, 0xdd, 0xdd, 0xdd, 0xda, 0x2f, 0xff, 0xff,
    0xff, 0xff, 0xff, 0xc2, 0xff, 0xff, 0xff, 0xff,
    0xff, 0xfc,

    /* U+00CA "Ê" */
    0x0, 0x0, 0x4f, 0xff, 0x90, 0x0, 0x0, 0x0,
    0x2f, 0xfe, 0xff, 0x60, 0x0, 0x0, 0x1d, 0xfb,
    0x7, 0xff, 0x40, 0x0, 0x4, 0x87, 0x0, 0x5,
    0x86, 0x0, 0x0, 0x0, 0x0, 0x0, 0x0, 0x0,
    0x2, 0xff, 0xff, 0xff, 0xff, 0xff, 0xf7, 0x2f,
    0xff, 0xff, 0xff, 0xff, 0xff, 0x72, 0xff, 0xfe,
    0xdd, 0xdd, 0xdd, 0xd6, 0x2f, 0xff, 0x60, 0x0,
    0x0, 0x0, 0x2, 0xff, 0xf6, 0x0, 0x0, 0x0,
    0x0, 0x2f, 0xff, 0x60, 0x0, 0x0, 0x0, 0x2,
    0xff, 0xff, 0xff, 0xff, 0xff, 0x80, 0x2f, 0xff,
    0xff, 0xff, 0xff, 0xf8, 0x2, 0xff, 0xfd, 0xcc,
    0xcc, 0xcc, 0x60, 0x2f, 0xff, 0x60, 0x0, 0x0,
    0x0, 0x2, 0xff, 0xf6, 0x0, 0x0, 0x0, 0x0,
    0x2f, 0xff, 0x60, 0x0, 0x0, 0x0, 0x2, 0xff,
    0xfe, 0xdd, 0xdd, 0xdd, 0xda, 0x2f, 0xff, 0xff,
    0xff, 0xff, 0xff, 0xc2, 0xff, 0xff, 0xff, 0xff,
    0xff, 0xfc,

    /* U+00CB "Ë" */
    0x0, 0xa, 0xf7, 0x4, 0xed, 0x10, 0x0, 0x1,
    0xff, 0xe0, 0x9f, 0xf5, 0x0, 0x0, 0xb, 0xf8,
    0x4, 0xfd, 0x10, 0x0, 0x0, 0x0, 0x0, 0x0,
    0x0, 0x0, 0x0, 0x0, 0x0, 0x0, 0x0, 0x0,
    0x2, 0xff, 0xff, 0xff, 0xff, 0xff, 0xf7, 0x2f,
    0xff, 0xff, 0xff, 0xff, 0xff, 0x72, 0xff, 0xfe,
    0xdd, 0xdd, 0xdd, 0xd6, 0x2f, 0xff, 0x60, 0x0,
    0x0, 0x0, 0x2, 0xff, 0xf6, 0x0, 0x0, 0x0,
    0x0, 0x2f, 0xff, 0x60, 0x0, 0x0, 0x0, 0x2,
    0xff, 0xff, 0xff, 0xff, 0xff, 0x80, 0x2f, 0xff,
    0xff, 0xff, 0xff, 0xf8, 0x2, 0xff, 0xfd, 0xcc,
    0xcc, 0xcc, 0x60, 0x2f, 0xff, 0x60, 0x0, 0x0,
    0x0, 0x2, 0xff, 0xf6, 0x0, 0x0, 0x0, 0x0,
    0x2f, 0xff, 0x60, 0x0, 0x0, 0x0, 0x2, 0xff,
    0xfe, 0xdd, 0xdd, 0xdd, 0xda, 0x2f, 0xff, 0xff,
    0xff, 0xff, 0xff, 0xc2, 0xff, 0xff, 0xff, 0xff,
    0xff, 0xfc,

    /* U+00CC "Ì" */
    0x7, 0xff, 0xe2, 0x0, 0x0, 0x6f, 0xfd, 0x10,
    0x0, 0x4, 0xff, 0xb0, 0x0, 0x0, 0x28, 0x83,
    0x0, 0x0, 0x0, 0x0, 0x0, 0x2, 0xff, 0xf6,
    0x0, 0x2, 0xff, 0xf6, 0x0, 0x2, 0xff, 0xf6,
    0x0, 0x2, 0xff, 0xf6, 0x0, 0x2, 0xff, 0xf6,
    0x0, 0x2, 0xff, 0xf6, 0x0, 0x2, 0xff, 0xf6,
    0x0, 0x2, 0xff, 0xf6, 0x0, 0x2, 0xff, 0xf6,
    0x0, 0x2, 0xff, 0xf6, 0x0, 0x2, 0xff, 0xf6,
    0x0, 0x2, 0xff, 0xf6, 0x0, 0x2, 0xff, 0xf6,
    0x0, 0x2, 0xff, 0xf6, 0x0, 0x2, 0xff, 0xf6,

    /* U+00CD "Í" */
    0x0, 0xc, 0xff, 0xa0, 0x0, 0xaf, 0xf8, 0x0,
    0x8, 0xff, 0x70, 0x0, 0x17, 0x84, 0x0, 0x0,
    0x0, 0x0, 0x0, 0x0, 0x2f, 0xff, 0x60, 0x0,
    0x2f, 0xff, 0x60, 0x0, 0x2f, 0xff, 0x60, 0x0,
    0x2f, 0xff, 0x60, 0x0, 0x2f, 0xff, 0x60, 0x0,
    0x2f, 0xff, 0x60, 0x0, 0x2f, 0xff, 0x60, 0x0,
    0x2f, 0xff, 0x60, 0x0, 0x2f, 0xff, 0x60, 0x0,
    0x2f, 0xff, 0x60, 0x0, 0x2f, 0xff, 0x60, 0x0,
    0x2f, 0xff, 0x60, 0x0, 0x2f, 0xff, 0x60, 0x0,
    0x2f, 0xff, 0x60, 0x0, 0x2f, 0xff, 0x60, 0x0,

    /* U+00CE "Î" */
    0x0, 0x5f, 0xff, 0x80, 0x0, 0x3, 0xff, 0xef,
    0xf5, 0x0, 0x1e, 0xfb, 0x8, 0xff, 0x30, 0x48,
    0x70, 0x0, 0x58, 0x60, 0x0, 0x0, 0x0, 0x0,
    0x0, 0x0, 0x2f, 0xff, 0x60, 0x0, 0x0, 0x2f,
    0xff, 0x60, 0x0, 0x0, 0x2f, 0xff, 0x60, 0x0,
    0x0, 0x2f, 0xff, 0x60, 0x0, 0x0, 0x2f, 0xff,
    0x60, 0x0, 0x0, 0x2f, 0xff, 0x60, 0x0, 0x0,
    0x2f, 0xff, 0x60, 0x0, 0x0, 0x2f, 0xff, 0x60,
    0x0, 0x0, 0x2f, 0xff, 0x60, 0x0, 0x0, 0x2f,
    0xff, 0x60, 0x0, 0x0, 0x2f, 0xff, 0x60, 0x0,
    0x0, 0x2f, 0xff, 0x60, 0x0, 0x0, 0x2f, 0xff,
    0x60, 0x0, 0x0, 0x2f, 0xff, 0x60, 0x0, 0x0,
    0x2f, 0xff, 0x60, 0x0,

    /* U+00CF "Ï" */
    0xa, 0xf7, 0x4, 0xec, 0x11, 0xff, 0xd0, 0xaf,
    0xf5, 0xb, 0xf7, 0x4, 0xfd, 0x10, 0x0, 0x0,
    0x0, 0x0, 0x0, 0x0, 0x0, 0x0, 0x0, 0x2,
    0xff, 0xf6, 0x0, 0x0, 0x2f, 0xff, 0x60, 0x0,
    0x2, 0xff, 0xf6, 0x0, 0x0, 0x2f, 0xff, 0x60,
    0x0, 0x2, 0xff, 0xf6, 0x0, 0x0, 0x2f, 0xff,
    0x60, 0x0, 0x2, 0xff, 0xf6, 0x0, 0x0, 0x2f,
    0xff, 0x60, 0x0, 0x2, 0xff, 0xf6, 0x0, 0x0,
    0x2f, 0xff, 0x60, 0x0, 0x2, 0xff, 0xf6, 0x0,
    0x0, 0x2f, 0xff, 0x60, 0x0, 0x2, 0xff, 0xf6,
    0x0, 0x0, 0x2f, 0xff, 0x60, 0x0, 0x2, 0xff,
    0xf6, 0x0,

    /* U+00D0 "Ð" */
    0x0, 0xef, 0xff, 0xff, 0xff, 0xdb, 0x61, 0x0,
    0x0, 0x0, 0xef, 0xff, 0xff, 0xff, 0xff, 0xff,
    0x60, 0x0, 0x0, 0xef, 0xff, 0xee, 0xef, 0xff,
    0xff, 0xf9, 0x0, 0x0, 0xef, 0xfa, 0x0, 0x0,
    0x27, 0xff, 0xff, 0x70, 0x0, 0xef, 0xfa, 0x0,
    0x0, 0x0, 0x2f, 0xff, 0xf0, 0x0, 0xef, 0xfa,
    0x0, 0x0, 0x0, 0x7, 0xff, 0xf5, 0xff, 0xff,
    0xff, 0xff, 0xf8, 0x0, 0x2, 0xff, 0xf8, 0xff,
    0xff, 0xff, 0xff, 0xf8, 0x0, 0x0, 0xff, 0xf9,
    0x56, 0xff, 0xff, 0x66, 0x63, 0x0, 0x2, 0xff,
    0xf8, 0x0, 0xef, 0xfa, 0x0, 0x0, 0x0, 0x7,
    0xff, 0xf5, 0x0, 0xef, 0xfa, 0x0, 0x0, 0x0,
    0x2f, 0xff, 0xf0, 0x0, 0xef, 0xfa, 0x0, 0x0,
    0x17, 0xff, 0xff, 0x70, 0x0, 0xef, 0xff, 0xee,
    0xef, 0xff, 0xff, 0xf9, 0x0, 0x0, 0xef, 0xff,
    0xff, 0xff, 0xff, 0xff, 0x60, 0x0, 0x0, 0xef,
    0xff, 0xff, 0xff, 0xdb, 0x61, 0x0, 0x0,

    /* U+00D1 "Ñ" */
    0x0, 0x0, 0x5e, 0xfb, 0x40, 0xcf, 0x30, 0x0,
    0x0, 0x2f, 0xff, 0xff, 0xff, 0xe0, 0x0, 0x0,
    0x7, 0xf9, 0x16, 0xdf, 0xd3, 0x0, 0x0, 0x0,
    0x0, 0x0, 0x0, 0x0, 0x0, 0x0, 0x0, 0x0,
    0x0, 0x0, 0x0, 0x0, 0x0, 0x2, 0xff, 0xf3,
    0x0, 0x0, 0x0, 0x9f, 0xff, 0x2f, 0xff, 0xe1,
    0x0, 0x0, 0x9, 0xff, 0xf2, 0xff, 0xff, 0xd0,
    0x0, 0x0, 0x9f, 0xff, 0x2f, 0xff, 0xff, 0xb0,
    0x0, 0x9, 0xff, 0xf2, 0xff, 0xff, 0xff, 0x80,
    0x0, 0x9f, 0xff, 0x2f, 0xff, 0xff, 0xff, 0x60,
    0x9, 0xff, 0xf2, 0xff, 0xf8, 0xff, 0xff, 0x40,
    0x9f, 0xff, 0x2f, 0xff, 0x54, 0xff, 0xfe, 0x29,
    0xff, 0xf2, 0xff, 0xf5, 0x7, 0xff, 0xfd, 0xaf,
    0xff, 0x2f, 0xff, 0x50, 0x9, 0xff, 0xff, 0xff,
    0xf2, 0xff, 0xf5, 0x0, 0xb, 0xff, 0xff, 0xff,
    0x2f, 0xff, 0x50, 0x0, 0x1d, 0xff, 0xff, 0xf2,
    0xff, 0xf5, 0x0, 0x0, 0x2e, 0xff, 0xff, 0x2f,
    0xff, 0x50, 0x0, 0x0, 0x4f, 0xff, 0xf2, 0xff,
    0xf5, 0x0, 0x0, 0x0, 0x6f, 0xff,

    /* U+00D2 "Ò" */
    0x0, 0x0, 0xa, 0xff, 0xc0, 0x0, 0x0, 0x0,
    0x0, 0x0, 0x0, 0x0, 0x6f, 0xfc, 0x0, 0x0,
    0x0, 0x0, 0x0, 0x0, 0x0, 0x3, 0xdf, 0xb0,
    0x0, 0x0, 0x0, 0x0, 0x0, 0x0, 0x0, 0x0,
    0x0, 0x0, 0x0, 0x0, 0x0, 0x0, 0x0, 0x0,
    0x0, 0x0, 0x0, 0x0, 0x0, 0x0, 0x0, 0x3,
    0x9d, 0xef, 0xeb, 0x71, 0x0, 0x0, 0x0, 0x1,
    0xbf, 0xff, 0xff, 0xff, 0xff, 0x70, 0x0, 0x0,
    0x2e, 0xff, 0xff, 0xff, 0xff, 0xff, 0xfa, 0x0,
    0x0, 0xdf, 0xff, 0xd5, 0x11, 0x38, 0xff, 0xff,
    0x70, 0x7, 0xff, 0xfa, 0x0, 0x0, 0x0, 0x3f,
    0xff, 0xf1, 0xd, 0xff, 0xe0, 0x0, 0x0, 0x0,
    0x6, 0xff, 0xf6, 0xf, 0xff, 0x90, 0x0, 0x0,
    0x0, 0x0, 0xff, 0xf9, 0x1f, 0xff, 0x80, 0x0,
    0x0, 0x0, 0x0, 0xef, 0xfa, 0xf, 0xff, 0x90,
    0x0, 0x0, 0x0, 0x0, 0xff, 0xf9, 0xd, 0xff,
    0xe0, 0x0, 0x0, 0x0, 0x6, 0xff, 0xf6, 0x7,
    0xff, 0xfa, 0x0, 0x0, 0x0, 0x2f, 0xff, 0xf1,
    0x0, 0xdf, 0xff, 0xc5, 0x11, 0x28, 0xff, 0xff,
    0x70, 0x0, 0x2e, 0xff, 0xff, 0xff, 0xff, 0xff,
    0xfa, 0x0, 0x0, 0x1, 0xbf, 0xff, 0xff, 0xff,
    0xff, 0x70, 0x0, 0x0, 0x0, 0x3, 0x9d, 0xff,
    0xeb, 0x71, 0x0, 0x0,

    /* U+00D3 "Ó" */
    0x0, 0x0, 0x0, 0x0, 0x4, 0xff, 0xf5, 0x0,
    0x0, 0x0, 0x0, 0x0, 0x0, 0x4f, 0xfd, 0x20,
    0x0, 0x0, 0x0, 0x0, 0x0, 0x4, 0xff, 0x90,
    0x0, 0x0, 0x0, 0x0, 0x0, 0x0, 0x0, 0x0,
    0x0, 0x0, 0x0, 0x0, 0x0, 0x0, 0x0, 0x0,
    0x0, 0x0, 0x0, 0x0, 0x0, 0x0, 0x0, 0x3,
    0x9d, 0xef, 0xeb, 0x71, 0x0, 0x0, 0x0, 0x1,
    0xbf, 0xff, 0xff, 0xff, 0xff, 0x70, 0x0, 0x0,
    0x2e, 0xff, 0xff, 0xff, 0xff, 0xff, 0xfa, 0x0,
    0x0, 0xdf, 0xff, 0xd5, 0x11, 0x38, 0xff, 0xff,
    0x70, 0x7, 0xff, 0xfa, 0x0, 0x0, 0x0, 0x3f,
    0xff, 0xf1, 0xd, 0xff, 0xe0, 0x0, 0x0, 0x0,
    0x6, 0xff, 0xf6, 0xf, 0xff, 0x90, 0x0, 0x0,
    0x0, 0x0, 0xff, 0xf9, 0x1f, 0xff, 0x80, 0x0,
    0x0, 0x0, 0x0, 0xef, 0xfa, 0xf, 0xff, 0x90,
    0x0, 0x0, 0x0, 0x0, 0xff, 0xf9, 0xd, 0xff,
    0xe0, 0x0, 0x0, 0x0, 0x6, 0xff, 0xf6, 0x7,
    0xff, 0xfa, 0x0, 0x0, 0x0, 0x2f, 0xff, 0xf1,
    0x0, 0xdf, 0xff, 0xc5, 0x11, 0x28, 0xff, 0xff,
    0x70, 0x0, 0x2e, 0xff, 0xff, 0xff, 0xff, 0xff,
    0xfa, 0x0, 0x0, 0x1, 0xbf, 0xff, 0xff, 0xff,
    0xff, 0x70, 0x0, 0x0, 0x0, 0x3, 0x9d, 0xff,
    0xeb, 0x71, 0x0, 0x0,

    /* U+00D4 "Ô" */
    0x0, 0x0, 0x0, 0xb, 0xff, 0xf4, 0x0, 0x0,
    0x0, 0x0, 0x0, 0x0, 0xaf, 0xea, 0xff, 0x40,
    0x0, 0x0, 0x0, 0x0, 0xa, 0xfd, 0x20, 0x6f,
    0xf4, 0x0, 0x0, 0x0, 0x0, 0x0, 0x0, 0x0,
    0x0, 0x0, 0x0, 0x0, 0x0, 0x0, 0x0, 0x0,
    0x0, 0x0, 0x0, 0x0, 0x0, 0x0, 0x0, 0x3,
    0x9d, 0xef, 0xeb, 0x71, 0x0, 0x0, 0x0, 0x1,
    0xbf, 0xff, 0xff, 0xff, 0xff, 0x70, 0x0, 0x0,
    0x2e, 0xff, 0xff, 0xff, 0xff, 0xff, 0xfa, 0x0,
    0x0, 0xdf, 0xff, 0xd5, 0x11, 0x38, 0xff, 0xff,
    0x70, 0x7, 0xff, 0xfa, 0x0, 0x0, 0x0, 0x3f,
    0xff, 0xf1, 0xd, 0xff, 0xe0, 0x0, 0x0, 0x0,
    0x6, 0xff, 0xf6, 0xf, 0xff, 0x90, 0x0, 0x0,
    0x0, 0x0, 0xff, 0xf9, 0x1f, 0xff, 0x80, 0x0,
    0x0, 0x0, 0x0, 0xef, 0xfa, 0xf, 0xff, 0x90,
    0x0, 0x0, 0x0, 0x0, 0xff, 0xf9, 0xd, 0xff,
    0xe0, 0x0, 0x0, 0x0, 0x6, 0xff, 0xf6, 0x7,
    0xff, 0xfa, 0x0, 0x0, 0x0, 0x2f, 0xff, 0xf1,
    0x0, 0xdf, 0xff, 0xc5, 0x11, 0x28, 0xff, 0xff,
    0x70, 0x0, 0x2e, 0xff, 0xff, 0xff, 0xff, 0xff,
    0xfa, 0x0, 0x0, 0x1, 0xbf, 0xff, 0xff, 0xff,
    0xff, 0x70, 0x0, 0x0, 0x0, 0x3, 0x9d, 0xff,
    0xeb, 0x71, 0x0, 0x0,

    /* U+00D5 "Õ" */
    0x0, 0x0, 0x0, 0x0, 0x0, 0x0, 0x0, 0x0,
    0x0, 0x0, 0x0, 0x2, 0xcf, 0xe7, 0x16, 0xf9,
    0x0, 0x0, 0x0, 0x0, 0xc, 0xff, 0xff, 0xff,
    0xf4, 0x0, 0x0, 0x0, 0x0, 0xf, 0xe1, 0x3a,
    0xfe, 0x80, 0x0, 0x0, 0x0, 0x0, 0x0, 0x0,
    0x0, 0x0, 0x0, 0x0, 0x0, 0x0, 0x0, 0x0,
    0x0, 0x0, 0x0, 0x0, 0x0, 0x0, 0x0, 0x0,
    0x3, 0x9d, 0xef, 0xeb, 0x71, 0x0, 0x0, 0x0,
    0x1, 0xbf, 0xff, 0xff, 0xff, 0xff, 0x70, 0x0,
    0x0, 0x2e, 0xff, 0xff, 0xff, 0xff, 0xff, 0xfa,
    0x0, 0x0, 0xdf, 0xff, 0xd5, 0x11, 0x38, 0xff,
    0xff, 0x70, 0x7, 0xff, 0xfa, 0x0, 0x0, 0x0,
    0x3f, 0xff, 0xf1, 0xd, 0xff, 0xe0, 0x0, 0x0,
    0x0, 0x6, 0xff, 0xf6, 0xf, 0xff, 0x90, 0x0,
    0x0, 0x0, 0x0, 0xff, 0xf9, 0x1f, 0xff, 0x80,
    0x0, 0x0, 0x0, 0x0, 0xef, 0xfa, 0xf, 0xff,
    0x90, 0x0, 0x0, 0x0, 0x0, 0xff, 0xf9, 0xd,
    0xff, 0xe0, 0x0, 0x0, 0x0, 0x6, 0xff, 0xf6,
    0x7, 0xff, 0xfa, 0x0, 0x0, 0x0, 0x2f, 0xff,
    0xf1, 0x0, 0xdf, 0xff, 0xc5, 0x11, 0x28, 0xff,
    0xff, 0x70, 0x0, 0x2e, 0xff, 0xff, 0xff, 0xff,
    0xff, 0xfa, 0x0, 0x0, 0x1, 0xbf, 0xff, 0xff,
    0xff, 0xff, 0x70, 0x0, 0x0, 0x0, 0x3, 0x9d,
    0xff, 0xeb, 0x71, 0x0, 0x0,

    /* U+00D6 "Ö" */
    0x0, 0x0, 0x0, 0x0, 0x0, 0x0, 0x0, 0x0,
    0x0, 0x0, 0x0, 0x2, 0xee, 0x30, 0x9f, 0x90,
    0x0, 0x0, 0x0, 0x0, 0x7, 0xff, 0x80, 0xff,
    0xf0, 0x0, 0x0, 0x0, 0x0, 0x2, 0xde, 0x30,
    0x8f, 0x90, 0x0, 0x0, 0x0, 0x0, 0x0, 0x0,
    0x0, 0x0, 0x0, 0x0, 0x0, 0x0, 0x0, 0x0,
    0x0, 0x0, 0x0, 0x0, 0x0, 0x0, 0x0, 0x0,
    0x3, 0x9d, 0xef, 0xeb, 0x71, 0x0, 0x0, 0x0,
    0x1, 0xbf, 0xff, 0xff, 0xff, 0xff, 0x70, 0x0,
    0x0, 0x2e, 0xff, 0xff, 0xff, 0xff, 0xff, 0xfa,
    0x0, 0x0, 0xdf, 0xff, 0xd5, 0x11, 0x38, 0xff,
    0xff, 0x70, 0x7, 0xff, 0xfa, 0x0, 0x0, 0x0,
    0x3f, 0xff, 0xf1, 0xd, 0xff, 0xe0, 0x0, 0x0,
    0x0, 0x6, 0xff, 0xf6, 0xf, 0xff, 0x90, 0x0,
    0x0, 0x0, 0x0, 0xff, 0xf9, 0x1f, 0xff, 0x80,
    0x0, 0x0, 0x0, 0x0, 0xef, 0xfa, 0xf, 0xff,
    0x90, 0x0, 0x0, 0x0, 0x0, 0xff, 0xf9, 0xd,
    0xff, 0xe0, 0x0, 0x0, 0x0, 0x6, 0xff, 0xf6,
    0x7, 0xff, 0xfa, 0x0, 0x0, 0x0, 0x2f, 0xff,
    0xf1, 0x0, 0xdf, 0xff, 0xc5, 0x11, 0x28, 0xff,
    0xff, 0x70, 0x0, 0x2e, 0xff, 0xff, 0xff, 0xff,
    0xff, 0xfa, 0x0, 0x0, 0x1, 0xbf, 0xff, 0xff,
    0xff, 0xff, 0x70, 0x0, 0x0, 0x0, 0x3, 0x9d,
    0xff, 0xeb, 0x71, 0x0, 0x0,

    /* U+00D7 "×" */
    0x0, 0x10, 0x0, 0x0, 0x20, 0x0, 0x1e, 0xa0,
    0x0, 0x7f, 0x30, 0xc, 0xff, 0xa0, 0x7f, 0xfe,
    0x0, 0x2e, 0xff, 0xdf, 0xff, 0x40, 0x0, 0x2e,
    0xff, 0xff, 0x40, 0x0, 0x0, 0x9f, 0xff, 0xb0,
    0x0, 0x0, 0x7f, 0xff, 0xff, 0xa0, 0x0, 0x7f,
    0xff, 0x7e, 0xff, 0xa0, 0x9, 0xff, 0x50, 0x3e,
    0xfc, 0x0, 0x9, 0x50, 0x0, 0x3b, 0x0,

    /* U+00D8 "Ø" */
    0x0, 0x0, 0x0, 0x0, 0x0, 0x0, 0x2f, 0xf4,
    0x0, 0x0, 0x0, 0x0, 0x0, 0x0, 0x0, 0xaf,
    0xb0, 0x0, 0x0, 0x0, 0x3, 0x9d, 0xef, 0xef,
    0xff, 0x20, 0x0, 0x0, 0x1, 0xbf, 0xff, 0xff,
    0xff, 0xff, 0x70, 0x0, 0x0, 0x2e, 0xff, 0xff,
    0xff, 0xff, 0xff, 0xfa, 0x0, 0x0, 0xdf, 0xff,
    0xd5, 0x11, 0xff, 0xff, 0xff, 0x70, 0x7, 0xff,
    0xfa, 0x0, 0x6, 0xfe, 0x4f, 0xff, 0xf1, 0xd,
    0xff, 0xe0, 0x0, 0xe, 0xf7, 0x6, 0xff, 0xf6,
    0xf, 0xff, 0x90, 0x0, 0x7f, 0xd0, 0x0, 0xff,
    0xf9, 0x1f, 0xff, 0x80, 0x1, 0xff, 0x50, 0x0,
    0xef, 0xfa, 0xf, 0xff, 0x90, 0x9, 0xfc, 0x0,
    0x0, 0xff, 0xf9, 0xd, 0xff, 0xe0, 0x2f, 0xf4,
    0x0, 0x6, 0xff, 0xf6, 0x7, 0xff, 0xfa, 0xaf,
    0xb0, 0x0, 0x2f, 0xff, 0xf1, 0x0, 0xdf, 0xff,
    0xff, 0x41, 0x28, 0xff, 0xff, 0x70, 0x0, 0x2e,
    0xff, 0xff, 0xff, 0xff, 0xff, 0xfa, 0x0, 0x0,
    0x1, 0xff, 0xff, 0xff, 0xff, 0xff, 0x70, 0x0,
    0x0, 0x0, 0xdf, 0xfd, 0xff, 0xeb, 0x71, 0x0,
    0x0, 0x0, 0x6, 0xfe, 0x10, 0x0, 0x0, 0x0,
    0x0, 0x0, 0x0, 0x6, 0x84, 0x0, 0x0, 0x0,
    0x0, 0x0, 0x0,

    /* U+00D9 "Ù" */
    0x0, 0x5, 0xff, 0xf4, 0x0, 0x0, 0x0, 0x0,
    0x0, 0x2, 0xdf, 0xf3, 0x0, 0x0, 0x0, 0x0,
    0x0, 0x0, 0x9f, 0xf3, 0x0, 0x0, 0x0, 0x0,
    0x0, 0x0, 0x0, 0x0, 0x0, 0x0, 0x0, 0x0,
    0x0, 0x0, 0x0, 0x0, 0x0, 0x5, 0xff, 0xf4,
    0x0, 0x0, 0x0, 0xef, 0xfa, 0x5f, 0xff, 0x40,
    0x0, 0x0, 0xe, 0xff, 0xa5, 0xff, 0xf4, 0x0,
    0x0, 0x0, 0xef, 0xfa, 0x5f, 0xff, 0x40, 0x0,
    0x0, 0xe, 0xff, 0xa5, 0xff, 0xf4, 0x0, 0x0,
    0x0, 0xef, 0xfa, 0x5f, 0xff, 0x40, 0x0, 0x0,
    0xe, 0xff, 0xa5, 0xff, 0xf4, 0x0, 0x0, 0x0,
    0xef, 0xfa, 0x5f, 0xff, 0x40, 0x0, 0x0, 0xe,
    0xff, 0xa4, 0xff, 0xf4, 0x0, 0x0, 0x0, 0xef,
    0xf9, 0x3f, 0xff, 0x60, 0x0, 0x0, 0xf, 0xff,
    0x80, 0xff, 0xfc, 0x0, 0x0, 0x6, 0xff, 0xf5,
    0xa, 0xff, 0xfb, 0x31, 0x27, 0xff, 0xfe, 0x0,
    0x2f, 0xff, 0xff, 0xff, 0xff, 0xff, 0x60, 0x0,
    0x3e, 0xff, 0xff, 0xff, 0xff, 0x70, 0x0, 0x0,
    0x7, 0xbe, 0xff, 0xd9, 0x20, 0x0,

    /* U+00DA "Ú" */
    0x0, 0x0, 0x0, 0x0, 0xcf, 0xfa, 0x0, 0x0,
    0x0, 0x0, 0x0, 0xcf, 0xf6, 0x0, 0x0, 0x0,
    0x0, 0x0, 0xcf, 0xd2, 0x0, 0x0, 0x0, 0x0,
    0x0, 0x0, 0x0, 0x0, 0x0, 0x0, 0x0, 0x0,
    0x0, 0x0, 0x0, 0x0, 0x0, 0x5, 0xff, 0xf4,
    0x0, 0x0, 0x0, 0xef, 0xfa, 0x5f, 0xff, 0x40,
    0x0, 0x0, 0xe, 0xff, 0xa5, 0xff, 0xf4, 0x0,
    0x0, 0x0, 0xef, 0xfa, 0x5f, 0xff, 0x40, 0x0,
    0x0, 0xe, 0xff, 0xa5, 0xff, 0xf4, 0x0, 0x0,
    0x0, 0xef, 0xfa, 0x5f, 0xff, 0x40, 0x0, 0x0,
    0xe, 0xff, 0xa5, 0xff, 0xf4, 0x0, 0x0, 0x0,
    0xef, 0xfa, 0x5f, 0xff, 0x40, 0x0, 0x0, 0xe,
    0xff, 0xa4, 0xff, 0xf4, 0x0, 0x0, 0x0, 0xef,
    0xf9, 0x3f, 0xff, 0x60, 0x0, 0x0, 0xf, 0xff,
    0x80, 0xff, 0xfc, 0x0, 0x0, 0x6, 0xff, 0xf5,
    0xa, 0xff, 0xfb, 0x31, 0x27, 0xff, 0xfe, 0x0,
    0x2f, 0xff, 0xff, 0xff, 0xff, 0xff, 0x60, 0x0,
    0x3e, 0xff, 0xff, 0xff, 0xff, 0x70, 0x0, 0x0,
    0x7, 0xbe, 0xff, 0xd9, 0x20, 0x0,

    /* U+00DB "Û" */
    0x0, 0x0, 0x5, 0xff, 0xfa, 0x0, 0x0, 0x0,
    0x0, 0x4, 0xff, 0xaf, 0xfa, 0x0, 0x0, 0x0,
    0x4, 0xff, 0x60, 0x2d, 0xf9, 0x0, 0x0, 0x0,
    0x0, 0x0, 0x0, 0x0, 0x0, 0x0, 0x0, 0x0,
    0x0, 0x0, 0x0, 0x0, 0x0, 0x5, 0xff, 0xf4,
    0x0, 0x0, 0x0, 0xef, 0xfa, 0x5f, 0xff, 0x40,
    0x0, 0x0, 0xe, 0xff, 0xa5, 0xff, 0xf4, 0x0,
    0x0, 0x0, 0xef, 0xfa, 0x5f, 0xff, 0x40, 0x0,
    0x0, 0xe, 0xff, 0xa5, 0xff, 0xf4, 0x0, 0x0,
    0x0, 0xef, 0xfa, 0x5f, 0xff, 0x40, 0x0, 0x0,
    0xe, 0xff, 0xa5, 0xff, 0xf4, 0x0, 0x0, 0x0,
    0xef, 0xfa, 0x5f, 0xff, 0x40, 0x0, 0x0, 0xe,
    0xff, 0xa4, 0xff, 0xf4, 0x0, 0x0, 0x0, 0xef,
    0xf9, 0x3f, 0xff, 0x60, 0x0, 0x0, 0xf, 0xff,
    0x80, 0xff, 0xfc, 0x0, 0x0, 0x6, 0xff, 0xf5,
    0xa, 0xff, 0xfb, 0x31, 0x27, 0xff, 0xfe, 0x0,
    0x2f, 0xff, 0xff, 0xff, 0xff, 0xff, 0x60, 0x0,
    0x3e, 0xff, 0xff, 0xff, 0xff, 0x70, 0x0, 0x0,
    0x7, 0xbe, 0xff, 0xd9, 0x20, 0x0,

    /* U+00DC "Ü" */
    0x0, 0x0, 0x0, 0x0, 0x0, 0x0, 0x0, 0x0,
    0x0, 0xa, 0xf8, 0x3, 0xed, 0x20, 0x0, 0x0,
    0x0, 0xff, 0xf0, 0x9f, 0xf6, 0x0, 0x0, 0x0,
    0x9, 0xf8, 0x3, 0xed, 0x10, 0x0, 0x0, 0x0,
    0x0, 0x0, 0x0, 0x0, 0x0, 0x0, 0x0, 0x0,
    0x0, 0x0, 0x0, 0x0, 0x0, 0x5f, 0xff, 0x40,
    0x0, 0x0, 0xe, 0xff, 0xa5, 0xff, 0xf4, 0x0,
    0x0, 0x0, 0xef, 0xfa, 0x5f, 0xff, 0x40, 0x0,
    0x0, 0xe, 0xff, 0xa5, 0xff, 0xf4, 0x0, 0x0,
    0x0, 0xef, 0xfa, 0x5f, 0xff, 0x40, 0x0, 0x0,
    0xe, 0xff, 0xa5, 0xff, 0xf4, 0x0, 0x0, 0x0,
    0xef, 0xfa, 0x5f, 0xff, 0x40, 0x0, 0x0, 0xe,
    0xff, 0xa5, 0xff, 0xf4, 0x0, 0x0, 0x0, 0xef,
    0xfa, 0x4f, 0xff, 0x40, 0x0, 0x0, 0xe, 0xff,
    0x93, 0xff, 0xf6, 0x0, 0x0, 0x0, 0xff, 0xf8,
    0xf, 0xff, 0xc0, 0x0, 0x0, 0x6f, 0xff, 0x50,
    0xaf, 0xff, 0xb3, 0x12, 0x7f, 0xff, 0xe0, 0x2,
    0xff, 0xff, 0xff, 0xff, 0xff, 0xf6, 0x0, 0x3,
    0xef, 0xff, 0xff, 0xff, 0xf7, 0x0, 0x0, 0x0,
    0x7b, 0xef, 0xfd, 0x92, 0x0, 0x0,

    /* U+00DD "Ý" */
    0x0, 0x0, 0x0, 0x0, 0xb, 0xcc, 0x80, 0x0,
    0x0, 0x0, 0x0, 0x0, 0xb, 0xff, 0x90, 0x0,
    0x0, 0x0, 0x0, 0x0, 0x9, 0xff, 0x70, 0x0,
    0x0, 0x0, 0x0, 0x0, 0x2, 0xaa, 0x50, 0x0,
    0x0, 0x0, 0x0, 0x0, 0x0, 0x0, 0x0, 0x0,
    0x0, 0x0, 0x1, 0xef, 0xfc, 0x0, 0x0, 0x0,
    0x9, 0xff, 0xd0, 0x6, 0xff, 0xf6, 0x0, 0x0,
    0x3, 0xff, 0xf4, 0x0, 0xc, 0xff, 0xe1, 0x0,
    0x0, 0xdf, 0xfa, 0x0, 0x0, 0x2f, 0xff, 0x90,
    0x0, 0x7f, 0xff, 0x10, 0x0, 0x0, 0x8f, 0xff,
    0x30, 0x2f, 0xff, 0x60, 0x0, 0x0, 0x0, 0xef,
    0xfd, 0xb, 0xff, 0xc0, 0x0, 0x0, 0x0, 0x4,
    0xff, 0xfb, 0xff, 0xf3, 0x0, 0x0, 0x0, 0x0,
    0xb, 0xff, 0xff, 0xf9, 0x0, 0x0, 0x0, 0x0,
    0x0, 0x1f, 0xff, 0xfe, 0x0, 0x0, 0x0, 0x0,
    0x0, 0x0, 0x7f, 0xff, 0x50, 0x0, 0x0, 0x0,
    0x0, 0x0, 0x5, 0xff, 0xf3, 0x0, 0x0, 0x0,
    0x0, 0x0, 0x0, 0x5f, 0xff, 0x30, 0x0, 0x0,
    0x0, 0x0, 0x0, 0x5, 0xff, 0xf3, 0x0, 0x0,
    0x0, 0x0, 0x0, 0x0, 0x5f, 0xff, 0x30, 0x0,
    0x0, 0x0, 0x0, 0x0, 0x5, 0xff, 0xf3, 0x0,
    0x0, 0x0,

    /* U+00DE "Þ" */
    0x2f, 0xff, 0x60, 0x0, 0x0, 0x0, 0x0, 0x2,
    0xff, 0xff, 0xee, 0xec, 0xa5, 0x0, 0x0, 0x2f,
    0xff, 0xff, 0xff, 0xff, 0xfd, 0x30, 0x2, 0xff,
    0xff, 0xff, 0xff, 0xff, 0xfe, 0x20, 0x2f, 0xff,
    0x60, 0x0, 0x2a, 0xff, 0xfa, 0x2, 0xff, 0xf6,
    0x0, 0x0, 0xc, 0xff, 0xf0, 0x2f, 0xff, 0x60,
    0x0, 0x0, 0x8f, 0xff, 0x22, 0xff, 0xf6, 0x0,
    0x0, 0x8, 0xff, 0xf1, 0x2f, 0xff, 0x60, 0x0,
    0x0, 0xcf, 0xff, 0x2, 0xff, 0xf6, 0x0, 0x2,
    0xaf, 0xff, 0xa0, 0x2f, 0xff, 0xff, 0xff, 0xff,
    0xff, 0xe2, 0x2, 0xff, 0xff, 0xff, 0xff, 0xff,
    0xd3, 0x0, 0x2f, 0xff, 0xee, 0xee, 0xca, 0x50,
    0x0, 0x2, 0xff, 0xf6, 0x0, 0x0, 0x0, 0x0,
    0x0, 0x2f, 0xff, 0x60, 0x0, 0x0, 0x0, 0x0,
    0x0,

    /* U+00DF "ß" */
    0x0, 0x1, 0x7a, 0xcb, 0x83, 0x0, 0x0, 0x0,
    0x5f, 0xff, 0xff, 0xff, 0x90, 0x0, 0x4, 0xff,
    0xff, 0xff, 0xff, 0xf8, 0x0, 0xd, 0xff, 0xd3,
    0x2, 0xcf, 0xff, 0x0, 0x3f, 0xff, 0x40, 0x0,
    0x3f, 0xff, 0x20, 0x5f, 0xff, 0x0, 0x0, 0x2f,
    0xff, 0x10, 0x6f, 0xff, 0x0, 0x0, 0xbf, 0xfc,
    0x0, 0x6f, 0xff, 0x0, 0x9e, 0xff, 0xe2, 0x0,
    0x6f, 0xff, 0x0, 0xcf, 0xff, 0xe7, 0x0, 0x6f,
    0xff, 0x0, 0xcf, 0xff, 0xff, 0x90, 0x6f, 0xff,
    0x0, 0x0, 0x2b, 0xff, 0xf3, 0x6f, 0xff, 0x0,
    0x0, 0x1, 0xff, 0xf7, 0x6f, 0xff, 0x0, 0x0,
    0x0, 0xff, 0xf8, 0x6f, 0xff, 0x0, 0x0, 0x8,
    0xff, 0xf5, 0x6f, 0xff, 0x4, 0xed, 0xef, 0xff,
    0xe0, 0x6f, 0xff, 0x6, 0xff, 0xff, 0xff, 0x30,
    0x6f, 0xff, 0x6, 0xdf, 0xfd, 0x81, 0x0,

    /* U+00E0 "à" */
    0x0, 0x48, 0x87, 0x0, 0x0, 0x0, 0x0, 0x0,
    0x9f, 0xfb, 0x0, 0x0, 0x0, 0x0, 0x0, 0x5f,
    0xfb, 0x0, 0x0, 0x0, 0x0, 0x0, 0x27, 0x83,
    0x0, 0x0, 0x0, 0x0, 0x0, 0x0, 0x0, 0x0,
    0x0, 0x3, 0x9c, 0xff, 0xeb, 0x50, 0x0, 0x7,
    0xff, 0xff, 0xff, 0xff, 0xb0, 0x0, 0x3f, 0xfe,
    0xcc, 0xff, 0xff, 0x70, 0x0, 0x73, 0x0, 0x1,
    0xdf, 0xfd, 0x0, 0x0, 0x0, 0x0, 0x7, 0xff,
    0xf0, 0x0, 0x5b, 0xef, 0xff, 0xff, 0xff, 0x0,
    0x7f, 0xff, 0xff, 0xff, 0xff, 0xf1, 0xf, 0xff,
    0x91, 0x0, 0x6f, 0xff, 0x12, 0xff, 0xf3, 0x0,
    0x9, 0xff, 0xf1, 0xf, 0xff, 0xd6, 0x5a, 0xff,
    0xff, 0x10, 0x7f, 0xff, 0xff, 0xfd, 0xff, 0xf1,
    0x0, 0x4b, 0xef, 0xd8, 0x3f, 0xff, 0x10,

    /* U+00E1 "á" */
    0x0, 0x0, 0x0, 0x4, 0x88, 0x70, 0x0, 0x0,
    0x0, 0x5, 0xff, 0xd3, 0x0, 0x0, 0x0, 0x5,
    0xff, 0xa0, 0x0, 0x0, 0x0, 0x0, 0x78, 0x50,
    0x0, 0x0, 0x0, 0x0, 0x0, 0x0, 0x0, 0x0,
    0x0, 0x3, 0x9c, 0xff, 0xeb, 0x50, 0x0, 0x7,
    0xff, 0xff, 0xff, 0xff, 0xb0, 0x0, 0x3f, 0xfe,
    0xcc, 0xff, 0xff, 0x70, 0x0, 0x73, 0x0, 0x1,
    0xdf, 0xfd, 0x0, 0x0, 0x0, 0x0, 0x7, 0xff,
    0xf0, 0x0, 0x5b, 0xef, 0xff, 0xff, 0xff, 0x0,
    0x7f, 0xff, 0xff, 0xff, 0xff, 0xf1, 0xf, 0xff,
    0x91, 0x0, 0x6f, 0xff, 0x12, 0xff, 0xf3, 0x0,
    0x9, 0xff, 0xf1, 0xf, 0xff, 0xd6, 0x5a, 0xff,
    0xff, 0x10, 0x7f, 0xff, 0xff, 0xfd, 0xff, 0xf1,
    0x0, 0x4b, 0xef, 0xd8, 0x3f, 0xff, 0x10,

    /* U+00E2 "â" */
    0x0, 0x0, 0x7, 0x88, 0x30, 0x0, 0x0, 0x0,
    0xb, 0xff, 0xff, 0x30, 0x0, 0x0, 0xb, 0xfd,
    0x29, 0xff, 0x30, 0x0, 0x3, 0x87, 0x10, 0x5,
    0x86, 0x0, 0x0, 0x0, 0x0, 0x0, 0x0, 0x0,
    0x0, 0x3, 0x9c, 0xff, 0xeb, 0x50, 0x0, 0x7,
    0xff, 0xff, 0xff, 0xff, 0xb0, 0x0, 0x3f, 0xfe,
    0xcc, 0xff, 0xff, 0x70, 0x0, 0x73, 0x0, 0x1,
    0xdf, 0xfd, 0x0, 0x0, 0x0, 0x0, 0x7, 0xff,
    0xf0, 0x0, 0x5b, 0xef, 0xff, 0xff, 0xff, 0x0,
    0x7f, 0xff, 0xff, 0xff, 0xff, 0xf1, 0xf, 0xff,
    0x91, 0x0, 0x6f, 0xff, 0x12, 0xff, 0xf3, 0x0,
    0x9, 0xff, 0xf1, 0xf, 0xff, 0xd6, 0x5a, 0xff,
    0xff, 0x10, 0x7f, 0xff, 0xff, 0xfd, 0xff, 0xf1,
    0x0, 0x4b, 0xef, 0xd8, 0x3f, 0xff, 0x10,

    /* U+00E3 "ã" */
    0x0, 0x4, 0xde, 0x50, 0xd, 0xd0, 0x0, 0x0,
    0xef, 0xff, 0x53, 0xfb, 0x0, 0x0, 0x5f, 0x91,
    0xdf, 0xff, 0x50, 0x0, 0x6, 0xf4, 0x1, 0xbe,
    0x90, 0x0, 0x0, 0x0, 0x0, 0x0, 0x0, 0x0,
    0x0, 0x3, 0x9c, 0xff, 0xeb, 0x50, 0x0, 0x7,
    0xff, 0xff, 0xff, 0xff, 0xb0, 0x0, 0x3f, 0xfe,
    0xcc, 0xff, 0xff, 0x70, 0x0, 0x73, 0x0, 0x1,
    0xdf, 0xfd, 0x0, 0x0, 0x0, 0x0, 0x7, 0xff,
    0xf0, 0x0, 0x5b, 0xef, 0xff, 0xff, 0xff, 0x0,
    0x7f, 0xff, 0xff, 0xff, 0xff, 0xf1, 0xf, 0xff,
    0x91, 0x0, 0x6f, 0xff, 0x12, 0xff, 0xf3, 0x0,
    0x9, 0xff, 0xf1, 0xf, 0xff, 0xd6, 0x5a, 0xff,
    0xff, 0x10, 0x7f, 0xff, 0xff, 0xfd, 0xff, 0xf1,
    0x0, 0x4b, 0xef, 0xd8, 0x3f, 0xff, 0x10,

    /* U+00E4 "ä" */
    0x0, 0x9, 0xf8, 0x3, 0xed, 0x20, 0x0, 0x0,
    0xff, 0xf0, 0x8f, 0xf6, 0x0, 0x0, 0x9, 0xf9,
    0x3, 0xee, 0x20, 0x0, 0x0, 0x0, 0x0, 0x0,
    0x0, 0x0, 0x0, 0x0, 0x0, 0x0, 0x0, 0x0,
    0x0, 0x3, 0x9c, 0xff, 0xeb, 0x50, 0x0, 0x7,
    0xff, 0xff, 0xff, 0xff, 0xb0, 0x0, 0x3f, 0xfe,
    0xcc, 0xff, 0xff, 0x70, 0x0, 0x73, 0x0, 0x1,
    0xdf, 0xfd, 0x0, 0x0, 0x0, 0x0, 0x7, 0xff,
    0xf0, 0x0, 0x5b, 0xef, 0xff, 0xff, 0xff, 0x0,
    0x7f, 0xff, 0xff, 0xff, 0xff, 0xf1, 0xf, 0xff,
    0x91, 0x0, 0x6f, 0xff, 0x12, 0xff, 0xf3, 0x0,
    0x9, 0xff, 0xf1, 0xf, 0xff, 0xd6, 0x5a, 0xff,
    0xff, 0x10, 0x7f, 0xff, 0xff, 0xfd, 0xff, 0xf1,
    0x0, 0x4b, 0xef, 0xd8, 0x3f, 0xff, 0x10,

    /* U+00E5 "å" */
    0x0, 0x0, 0x0, 0x0, 0x0, 0x0, 0x0, 0x0,
    0x1, 0xbf, 0xe5, 0x0, 0x0, 0x0, 0x0, 0xbd,
    0x59, 0xf2, 0x0, 0x0, 0x0, 0xf, 0x60, 0xf,
    0x60, 0x0, 0x0, 0x0, 0xcb, 0x16, 0xf3, 0x0,
    0x0, 0x0, 0x3, 0xef, 0xf8, 0x0, 0x0, 0x0,
    0x0, 0x0, 0x31, 0x0, 0x0, 0x0, 0x3, 0x9c,
    0xff, 0xeb, 0x50, 0x0, 0x7, 0xff, 0xff, 0xff,
    0xff, 0xb0, 0x0, 0x3f, 0xfe, 0xcc, 0xff, 0xff,
    0x70, 0x0, 0x73, 0x0, 0x1, 0xdf, 0xfd, 0x0,
    0x0, 0x0, 0x0, 0x7, 0xff, 0xf0, 0x0, 0x5b,
    0xef, 0xff, 0xff, 0xff, 0x0, 0x7f, 0xff, 0xff,
    0xff, 0xff, 0xf1, 0xf, 0xff, 0x91, 0x0, 0x6f,
    0xff, 0x12, 0xff, 0xf3, 0x0, 0x9, 0xff, 0xf1,
    0xf, 0xff, 0xd6, 0x5a, 0xff, 0xff, 0x10, 0x7f,
    0xff, 0xff, 0xfd, 0xff, 0xf1, 0x0, 0x4b, 0xef,
    0xd8, 0x3f, 0xff, 0x10,

    /* U+00E6 "æ" */
    0x0, 0x39, 0xdf, 0xfe, 0xb4, 0x0, 0x7c, 0xff,
    0xd7, 0x10, 0x0, 0x8, 0xff, 0xff, 0xff, 0xff,
    0x9e, 0xff, 0xff, 0xff, 0xe3, 0x0, 0x3, 0xff,
    0xec, 0xcf, 0xff, 0xff, 0xff, 0xcc, 0xff, 0xfe,
    0x20, 0x0, 0x83, 0x0, 0x2, 0xef, 0xff, 0xd2,
    0x0, 0x2d, 0xff, 0xa0, 0x0, 0x0, 0x0, 0x0,
    0x7f, 0xff, 0x40, 0x0, 0x5, 0xff, 0xf0, 0x0,
    0x4a, 0xef, 0xff, 0xff, 0xff, 0xff, 0xff, 0xff,
    0xff, 0xf1, 0x7, 0xff, 0xff, 0xff, 0xff, 0xff,
    0xff, 0xff, 0xff, 0xff, 0xf2, 0xf, 0xff, 0x91,
    0x0, 0x6f, 0xff, 0x50, 0x0, 0x0, 0x0, 0x0,
    0x2f, 0xff, 0x30, 0x0, 0xaf, 0xff, 0xe3, 0x0,
    0x3, 0x90, 0x0, 0xf, 0xff, 0xd6, 0x5a, 0xff,
    0xff, 0xff, 0xec, 0xdf, 0xfb, 0x0, 0x5, 0xff,
    0xff, 0xff, 0xfc, 0x3e, 0xff, 0xff, 0xff, 0xfc,
    0x10, 0x0, 0x2a, 0xdf, 0xfc, 0x70, 0x0, 0x7c,
    0xef, 0xeb, 0x60, 0x0,

    /* U+00E7 "ç" */
    0x0, 0x0, 0x7c, 0xef, 0xda, 0x30, 0x0, 0x3,
    0xef, 0xff, 0xff, 0xff, 0x70, 0x2, 0xff, 0xff,
    0xfd, 0xff, 0xff, 0x40, 0xbf, 0xff, 0x60, 0x1,
    0xcf, 0x91, 0x1f, 0xff, 0x80, 0x0, 0x1, 0x10,
    0x3, 0xff, 0xf4, 0x0, 0x0, 0x0, 0x0, 0x3f,
    0xff, 0x40, 0x0, 0x0, 0x0, 0x1, 0xff, 0xf8,
    0x0, 0x0, 0x11, 0x0, 0xb, 0xff, 0xf6, 0x0,
    0x1c, 0xf9, 0x10, 0x2f, 0xff, 0xff, 0xdf, 0xff,
    0xf4, 0x0, 0x3e, 0xff, 0xff, 0xff, 0xf7, 0x0,
    0x0, 0x17, 0xcf, 0xfd, 0xa3, 0x0, 0x0, 0x0,
    0x2, 0xfb, 0x0, 0x0, 0x0, 0x0, 0x0, 0x5f,
    0xfc, 0x10, 0x0, 0x0, 0x0, 0x0, 0x1c, 0xf6,
    0x0, 0x0, 0x0, 0x6, 0xba, 0xff, 0x40, 0x0,
    0x0, 0x0, 0x7e, 0xfd, 0x60, 0x0, 0x0,

    /* U+00E8 "è" */
    0x0, 0x38, 0x87, 0x10, 0x0, 0x0, 0x0, 0x0,
    0x6, 0xff, 0xd1, 0x0, 0x0, 0x0, 0x0, 0x0,
    0x3d, 0xfd, 0x10, 0x0, 0x0, 0x0, 0x0, 0x0,
    0x78, 0x50, 0x0, 0x0, 0x0, 0x0, 0x0, 0x0,
    0x0, 0x0, 0x0, 0x0, 0x1, 0x7d, 0xff, 0xd7,
    0x10, 0x0, 0x0, 0x4e, 0xff, 0xff, 0xff, 0xe3,
    0x0, 0x2, 0xff, 0xff, 0xaa, 0xef, 0xfe, 0x20,
    0xb, 0xff, 0xd1, 0x0, 0xc, 0xff, 0x90, 0x1f,
    0xff, 0x40, 0x0, 0x3, 0xff, 0xf0, 0x3f, 0xff,
    0xff, 0xff, 0xff, 0xff, 0xf1, 0x3f, 0xff, 0xff,
    0xff, 0xff, 0xff, 0xf2, 0x1f, 0xff, 0x60, 0x0,
    0x0, 0x0, 0x0, 0xb, 0xff, 0xe4, 0x0, 0x2,
    0x90, 0x0, 0x2, 0xff, 0xff, 0xec, 0xdf, 0xfb,
    0x0, 0x0, 0x3e, 0xff, 0xff, 0xff, 0xfc, 0x10,
    0x0, 0x0, 0x6c, 0xef, 0xeb, 0x60, 0x0,

    /* U+00E9 "é" */
    0x0, 0x0, 0x0, 0x2, 0x88, 0x72, 0x0, 0x0,
    0x0, 0x0, 0x2e, 0xff, 0x50, 0x0, 0x0, 0x0,
    0x2, 0xef, 0xd2, 0x0, 0x0, 0x0, 0x0, 0x6,
    0x87, 0x0, 0x0, 0x0, 0x0, 0x0, 0x0, 0x0,
    0x0, 0x0, 0x0, 0x0, 0x1, 0x7d, 0xff, 0xd7,
    0x10, 0x0, 0x0, 0x4e, 0xff, 0xff, 0xff, 0xe3,
    0x0, 0x2, 0xff, 0xff, 0xaa, 0xef, 0xfe, 0x20,
    0xb, 0xff, 0xd1, 0x0, 0xc, 0xff, 0x90, 0x1f,
    0xff, 0x40, 0x0, 0x3, 0xff, 0xf0, 0x3f, 0xff,
    0xff, 0xff, 0xff, 0xff, 0xf1, 0x3f, 0xff, 0xff,
    0xff, 0xff, 0xff, 0xf2, 0x1f, 0xff, 0x60, 0x0,
    0x0, 0x0, 0x0, 0xb, 0xff, 0xe4, 0x0, 0x2,
    0x90, 0x0, 0x2, 0xff, 0xff, 0xec, 0xdf, 0xfb,
    0x0, 0x0, 0x3e, 0xff, 0xff, 0xff, 0xfc, 0x10,
    0x0, 0x0, 0x6c, 0xef, 0xeb, 0x60, 0x0,

    /* U+00EA "ê" */
    0x0, 0x0, 0x6, 0x88, 0x50, 0x0, 0x0, 0x0,
    0x0, 0x8f, 0xff, 0xf6, 0x0, 0x0, 0x0, 0x8,
    0xff, 0x56, 0xff, 0x60, 0x0, 0x0, 0x17, 0x82,
    0x0, 0x38, 0x71, 0x0, 0x0, 0x0, 0x0, 0x0,
    0x0, 0x0, 0x0, 0x0, 0x1, 0x7d, 0xff, 0xd7,
    0x10, 0x0, 0x0, 0x4e, 0xff, 0xff, 0xff, 0xe3,
    0x0, 0x2, 0xff, 0xff, 0xaa, 0xef, 0xfe, 0x20,
    0xb, 0xff, 0xd1, 0x0, 0xc, 0xff, 0x90, 0x1f,
    0xff, 0x40, 0x0, 0x3, 0xff, 0xf0, 0x3f, 0xff,
    0xff, 0xff, 0xff, 0xff, 0xf1, 0x3f, 0xff, 0xff,
    0xff, 0xff, 0xff, 0xf2, 0x1f, 0xff, 0x60, 0x0,
    0x0, 0x0, 0x0, 0xb, 0xff, 0xe4, 0x0, 0x2,
    0x90, 0x0, 0x2, 0xff, 0xff, 0xec, 0xdf, 0xfb,
    0x0, 0x0, 0x3e, 0xff, 0xff, 0xff, 0xfc, 0x10,
    0x0, 0x0, 0x6c, 0xef, 0xeb, 0x60, 0x0,

    /* U+00EB "ë" */
    0x0, 0x5, 0xfb, 0x1, 0xce, 0x40, 0x0, 0x0,
    0xc, 0xff, 0x34, 0xff, 0xa0, 0x0, 0x0, 0x6,
    0xfc, 0x1, 0xdf, 0x50, 0x0, 0x0, 0x0, 0x0,
    0x0, 0x0, 0x0, 0x0, 0x0, 0x0, 0x0, 0x0,
    0x0, 0x0, 0x0, 0x0, 0x1, 0x7d, 0xff, 0xd7,
    0x10, 0x0, 0x0, 0x4e, 0xff, 0xff, 0xff, 0xe3,
    0x0, 0x2, 0xff, 0xff, 0xaa, 0xef, 0xfe, 0x20,
    0xb, 0xff, 0xd1, 0x0, 0xc, 0xff, 0x90, 0x1f,
    0xff, 0x40, 0x0, 0x3, 0xff, 0xf0, 0x3f, 0xff,
    0xff, 0xff, 0xff, 0xff, 0xf1, 0x3f, 0xff, 0xff,
    0xff, 0xff, 0xff, 0xf2, 0x1f, 0xff, 0x60, 0x0,
    0x0, 0x0, 0x0, 0xb, 0xff, 0xe4, 0x0, 0x2,
    0x90, 0x0, 0x2, 0xff, 0xff, 0xec, 0xdf, 0xfb,
    0x0, 0x0, 0x3e, 0xff, 0xff, 0xff, 0xfc, 0x10,
    0x0, 0x0, 0x6c, 0xef, 0xeb, 0x60, 0x0,

    /* U+00EC "ì" */
    0x7, 0x88, 0x40, 0x0, 0x2, 0xdf, 0xf5, 0x0,
    0x0, 0xa, 0xff, 0x50, 0x0, 0x0, 0x58, 0x70,
    0x0, 0x0, 0x0, 0x0, 0x0, 0x6, 0xff, 0xf0,
    0x0, 0x6, 0xff, 0xf0, 0x0, 0x6, 0xff, 0xf0,
    0x0, 0x6, 0xff, 0xf0, 0x0, 0x6, 0xff, 0xf0,
    0x0, 0x6, 0xff, 0xf0, 0x0, 0x6, 0xff, 0xf0,
    0x0, 0x6, 0xff, 0xf0, 0x0, 0x6, 0xff, 0xf0,
    0x0, 0x6, 0xff, 0xf0, 0x0, 0x6, 0xff, 0xf0,
    0x0, 0x6, 0xff, 0xf0,

    /* U+00ED "í" */
    0x0, 0x7, 0x88, 0x50, 0xb, 0xff, 0x90, 0xb,
    0xff, 0x50, 0x3, 0x87, 0x20, 0x0, 0x0, 0x0,
    0x0, 0x6, 0xff, 0xf0, 0x0, 0x6f, 0xff, 0x0,
    0x6, 0xff, 0xf0, 0x0, 0x6f, 0xff, 0x0, 0x6,
    0xff, 0xf0, 0x0, 0x6f, 0xff, 0x0, 0x6, 0xff,
    0xf0, 0x0, 0x6f, 0xff, 0x0, 0x6, 0xff, 0xf0,
    0x0, 0x6f, 0xff, 0x0, 0x6, 0xff, 0xf0, 0x0,
    0x6f, 0xff, 0x0, 0x0,

    /* U+00EE "î" */
    0x0, 0x28, 0x87, 0x0, 0x0, 0x1e, 0xff, 0xf9,
    0x0, 0xc, 0xfc, 0x5f, 0xf5, 0x3, 0x87, 0x10,
    0x48, 0x70, 0x0, 0x0, 0x0, 0x0, 0x0, 0x6,
    0xff, 0xf0, 0x0, 0x0, 0x6f, 0xff, 0x0, 0x0,
    0x6, 0xff, 0xf0, 0x0, 0x0, 0x6f, 0xff, 0x0,
    0x0, 0x6, 0xff, 0xf0, 0x0, 0x0, 0x6f, 0xff,
    0x0, 0x0, 0x6, 0xff, 0xf0, 0x0, 0x0, 0x6f,
    0xff, 0x0, 0x0, 0x6, 0xff, 0xf0, 0x0, 0x0,
    0x6f, 0xff, 0x0, 0x0, 0x6, 0xff, 0xf0, 0x0,
    0x0, 0x6f, 0xff, 0x0, 0x0,

    /* U+00EF "ï" */
    0x8f, 0x81, 0xde, 0x2e, 0xfe, 0x4f, 0xf7, 0x8f,
    0x81, 0xce, 0x20, 0x0, 0x0, 0x0, 0x6, 0xff,
    0xf0, 0x0, 0x6f, 0xff, 0x0, 0x6, 0xff, 0xf0,
    0x0, 0x6f, 0xff, 0x0, 0x6, 0xff, 0xf0, 0x0,
    0x6f, 0xff, 0x0, 0x6, 0xff, 0xf0, 0x0, 0x6f,
    0xff, 0x0, 0x6, 0xff, 0xf0, 0x0, 0x6f, 0xff,
    0x0, 0x6, 0xff, 0xf0, 0x0, 0x6f, 0xff, 0x0,

    /* U+00F0 "ð" */
    0x0, 0x0, 0x74, 0x0, 0x0, 0x10, 0x0, 0x3,
    0xef, 0xfc, 0x22, 0xaf, 0x50, 0x0, 0x6, 0xef,
    0xff, 0xff, 0xa2, 0x0, 0x0, 0x6, 0xff, 0xff,
    0x80, 0x0, 0x0, 0x6e, 0xfe, 0x9f, 0xff, 0x50,
    0x0, 0x8, 0xd6, 0x0, 0x4f, 0xfe, 0x10, 0x0,
    0x0, 0x0, 0x0, 0x9f, 0xf9, 0x0, 0x2, 0x9e,
    0xfe, 0xa4, 0xff, 0xf0, 0x4, 0xff, 0xff, 0xff,
    0xff, 0xff, 0x50, 0xef, 0xff, 0x97, 0xaf, 0xff,
    0xf7, 0x4f, 0xff, 0x40, 0x0, 0x6f, 0xff, 0x96,
    0xff, 0xe0, 0x0, 0x1, 0xff, 0xf8, 0x6f, 0xfe,
    0x0, 0x0, 0x1f, 0xff, 0x63, 0xff, 0xf7, 0x0,
    0xa, 0xff, 0xf1, 0xb, 0xff, 0xfd, 0xbe, 0xff,
    0xf7, 0x0, 0x1d, 0xff, 0xff, 0xff, 0xf9, 0x0,
    0x0, 0x7, 0xce, 0xfd, 0xa3, 0x0, 0x0,

    /* U+00F1 "ñ" */
    0x0, 0x5, 0xed, 0x40, 0xe, 0xc0, 0x0, 0x0,
    0xff, 0xff, 0x54, 0xfa, 0x0, 0x0, 0x5f, 0x92,
    0xdf, 0xff, 0x40, 0x0, 0x7, 0xf3, 0x1, 0xbe,
    0x80, 0x0, 0x0, 0x0, 0x0, 0x0, 0x0, 0x0,
    0x6, 0xff, 0xd2, 0x9d, 0xfe, 0xb4, 0x0, 0x6f,
    0xff, 0xff, 0xff, 0xff, 0xf6, 0x6, 0xff, 0xff,
    0xfd, 0xef, 0xff, 0xf2, 0x6f, 0xff, 0xd2, 0x0,
    0x7f, 0xff, 0x76, 0xff, 0xf4, 0x0, 0x0, 0xef,
    0xf9, 0x6f, 0xff, 0x10, 0x0, 0xc, 0xff, 0xa6,
    0xff, 0xf0, 0x0, 0x0, 0xcf, 0xfb, 0x6f, 0xff,
    0x0, 0x0, 0xc, 0xff, 0xb6, 0xff, 0xf0, 0x0,
    0x0, 0xcf, 0xfb, 0x6f, 0xff, 0x0, 0x0, 0xc,
    0xff, 0xb6, 0xff, 0xf0, 0x0, 0x0, 0xcf, 0xfb,
    0x6f, 0xff, 0x0, 0x0, 0xc, 0xff, 0xb0,

    /* U+00F2 "ò" */
    0x0, 0x17, 0x88, 0x30, 0x0, 0x0, 0x0, 0x0,
    0x4, 0xef, 0xf3, 0x0, 0x0, 0x0, 0x0, 0x0,
    0x1b, 0xff, 0x30, 0x0, 0x0, 0x0, 0x0, 0x0,
    0x68, 0x70, 0x0, 0x0, 0x0, 0x0, 0x0, 0x0,
    0x0, 0x0, 0x0, 0x0, 0x1, 0x7c, 0xef, 0xd9,
    0x30, 0x0, 0x0, 0x3e, 0xff, 0xff, 0xff, 0xf8,
    0x0, 0x2, 0xff, 0xff, 0xed, 0xff, 0xff, 0x80,
    0xb, 0xff, 0xf5, 0x0, 0x2c, 0xff, 0xf2, 0x1f,
    0xff, 0x80, 0x0, 0x2, 0xff, 0xf7, 0x3f, 0xff,
    0x40, 0x0, 0x0, 0xdf, 0xfa, 0x3f, 0xff, 0x40,
    0x0, 0x0, 0xdf, 0xfa, 0x1f, 0xff, 0x80, 0x0,
    0x2, 0xff, 0xf7, 0xb, 0xff, 0xf5, 0x0, 0x2c,
    0xff, 0xf2, 0x2, 0xff, 0xff, 0xed, 0xff, 0xff,
    0x80, 0x0, 0x4e, 0xff, 0xff, 0xff, 0xf9, 0x0,
    0x0, 0x1, 0x7c, 0xef, 0xda, 0x30, 0x0,

    /* U+00F3 "ó" */
    0x0, 0x0, 0x0, 0x1, 0x78, 0x84, 0x0, 0x0,
    0x0, 0x0, 0xc, 0xff, 0x80, 0x0, 0x0, 0x0,
    0x0, 0xcf, 0xe4, 0x0, 0x0, 0x0, 0x0, 0x4,
    0x87, 0x10, 0x0, 0x0, 0x0, 0x0, 0x0, 0x0,
    0x0, 0x0, 0x0, 0x0, 0x1, 0x7c, 0xef, 0xd9,
    0x30, 0x0, 0x0, 0x3e, 0xff, 0xff, 0xff, 0xf8,
    0x0, 0x2, 0xff, 0xff, 0xed, 0xff, 0xff, 0x80,
    0xb, 0xff, 0xf5, 0x0, 0x2c, 0xff, 0xf2, 0x1f,
    0xff, 0x80, 0x0, 0x2, 0xff, 0xf7, 0x3f, 0xff,
    0x40, 0x0, 0x0, 0xdf, 0xfa, 0x3f, 0xff, 0x40,
    0x0, 0x0, 0xdf, 0xfa, 0x1f, 0xff, 0x80, 0x0,
    0x2, 0xff, 0xf7, 0xb, 0xff, 0xf5, 0x0, 0x2c,
    0xff, 0xf2, 0x2, 0xff, 0xff, 0xed, 0xff, 0xff,
    0x80, 0x0, 0x4e, 0xff, 0xff, 0xff, 0xf9, 0x0,
    0x0, 0x1, 0x7c, 0xef, 0xda, 0x30, 0x0,

    /* U+00F4 "ô" */
    0x0, 0x0, 0x4, 0x88, 0x70, 0x0, 0x0, 0x0,
    0x0, 0x5f, 0xff, 0xfa, 0x0, 0x0, 0x0, 0x4,
    0xff, 0x73, 0xef, 0x90, 0x0, 0x0, 0x7, 0x84,
    0x0, 0x17, 0x82, 0x0, 0x0, 0x0, 0x0, 0x0,
    0x0, 0x0, 0x0, 0x0, 0x1, 0x7c, 0xef, 0xd9,
    0x30, 0x0, 0x0, 0x3e, 0xff, 0xff, 0xff, 0xf8,
    0x0, 0x2, 0xff, 0xff, 0xed, 0xff, 0xff, 0x80,
    0xb, 0xff, 0xf5, 0x0, 0x2c, 0xff, 0xf2, 0x1f,
    0xff, 0x80, 0x0, 0x2, 0xff, 0xf7, 0x3f, 0xff,
    0x40, 0x0, 0x0, 0xdf, 0xfa, 0x3f, 0xff, 0x40,
    0x0, 0x0, 0xdf, 0xfa, 0x1f, 0xff, 0x80, 0x0,
    0x2, 0xff, 0xf7, 0xb, 0xff, 0xf5, 0x0, 0x2c,
    0xff, 0xf2, 0x2, 0xff, 0xff, 0xed, 0xff, 0xff,
    0x80, 0x0, 0x4e, 0xff, 0xff, 0xff, 0xf9, 0x0,
    0x0, 0x1, 0x7c, 0xef, 0xda, 0x30, 0x0,

    /* U+00F5 "õ" */
    0x0, 0x0, 0xae, 0xa0, 0x6, 0xf5, 0x0, 0x0,
    0x7, 0xff, 0xfc, 0x1b, 0xf3, 0x0, 0x0, 0xd,
    0xf2, 0x7f, 0xff, 0xd0, 0x0, 0x0, 0xe, 0xb0,
    0x6, 0xec, 0x20, 0x0, 0x0, 0x0, 0x0, 0x0,
    0x0, 0x0, 0x0, 0x0, 0x1, 0x7c, 0xef, 0xd9,
    0x30, 0x0, 0x0, 0x3e, 0xff, 0xff, 0xff, 0xf8,
    0x0, 0x2, 0xff, 0xff, 0xed, 0xff, 0xff, 0x80,
    0xb, 0xff, 0xf5, 0x0, 0x2c, 0xff, 0xf2, 0x1f,
    0xff, 0x80, 0x0, 0x2, 0xff, 0xf7, 0x3f, 0xff,
    0x40, 0x0, 0x0, 0xdf, 0xfa, 0x3f, 0xff, 0x40,
    0x0, 0x0, 0xdf, 0xfa, 0x1f, 0xff, 0x80, 0x0,
    0x2, 0xff, 0xf7, 0xb, 0xff, 0xf5, 0x0, 0x2c,
    0xff, 0xf2, 0x2, 0xff, 0xff, 0xed, 0xff, 0xff,
    0x80, 0x0, 0x4e, 0xff, 0xff, 0xff, 0xf9, 0x0,
    0x0, 0x1, 0x7c, 0xef, 0xda, 0x30, 0x0,

    /* U+00F6 "ö" */
    0x0, 0x3, 0xed, 0x20, 0xaf, 0x70, 0x0, 0x0,
    0x8, 0xff, 0x61, 0xff, 0xe0, 0x0, 0x0, 0x3,
    0xee, 0x20, 0xbf, 0x80, 0x0, 0x0, 0x0, 0x0,
    0x0, 0x0, 0x0, 0x0, 0x0, 0x0, 0x0, 0x0,
    0x0, 0x0, 0x0, 0x0, 0x1, 0x7c, 0xef, 0xd9,
    0x30, 0x0, 0x0, 0x3e, 0xff, 0xff, 0xff, 0xf8,
    0x0, 0x2, 0xff, 0xff, 0xed, 0xff, 0xff, 0x80,
    0xb, 0xff, 0xf5, 0x0, 0x2c, 0xff, 0xf2, 0x1f,
    0xff, 0x80, 0x0, 0x2, 0xff, 0xf7, 0x3f, 0xff,
    0x40, 0x0, 0x0, 0xdf, 0xfa, 0x3f, 0xff, 0x40,
    0x0, 0x0, 0xdf, 0xfa, 0x1f, 0xff, 0x80, 0x0,
    0x2, 0xff, 0xf7, 0xb, 0xff, 0xf5, 0x0, 0x2c,
    0xff, 0xf2, 0x2, 0xff, 0xff, 0xed, 0xff, 0xff,
    0x80, 0x0, 0x4e, 0xff, 0xff, 0xff, 0xf9, 0x0,
    0x0, 0x1, 0x7c, 0xef, 0xda, 0x30, 0x0,

    /* U+00F7 "÷" */
    0x0, 0x0, 0x49, 0x50, 0x0, 0x0, 0x0, 0x1f,
    0xff, 0x40, 0x0, 0x0, 0x2, 0xff, 0xf5, 0x0,
    0x0, 0x0, 0x9, 0xfb, 0x0, 0x0, 0x0, 0x0,
    0x0, 0x0, 0x0, 0x7, 0xbb, 0xbb, 0xbb, 0xbb,
    0xb9, 0xaf, 0xff, 0xff, 0xff, 0xff, 0xda, 0xff,
    0xff, 0xff, 0xff, 0xfd, 0x0, 0x0, 0x0, 0x0,
    0x0, 0x0, 0x0, 0x4, 0x95, 0x0, 0x0, 0x0,
    0x1, 0xff, 0xf4, 0x0, 0x0, 0x0, 0x2f, 0xff,
    0x50, 0x0, 0x0, 0x0, 0x9f, 0xb0, 0x0, 0x0,

    /* U+00F8 "ø" */
    0x0, 0x0, 0x0, 0x0, 0x0, 0x75, 0x0, 0x0,
    0x0, 0x0, 0x0, 0x8, 0xf5, 0x0, 0x0, 0x1,
    0x7c, 0xef, 0xef, 0xf0, 0x0, 0x0, 0x3e, 0xff,
    0xff, 0xff, 0xf8, 0x0, 0x2, 0xff, 0xff, 0xef,
    0xff, 0xff, 0x80, 0xb, 0xff, 0xf5, 0x8, 0xff,
    0xff, 0xf2, 0x1f, 0xff, 0x80, 0x1f, 0xc2, 0xff,
    0xf7, 0x3f, 0xff, 0x40, 0x9f, 0x40, 0xdf, 0xfa,
    0x3f, 0xff, 0x41, 0xfb, 0x0, 0xdf, 0xfa, 0x1f,
    0xff, 0x89, 0xf3, 0x2, 0xff, 0xf7, 0xb, 0xff,
    0xff, 0xb0, 0x2c, 0xff, 0xf2, 0x2, 0xff, 0xff,
    0xfd, 0xff, 0xff, 0x80, 0x0, 0x4f, 0xff, 0xff,
    0xff, 0xf9, 0x0, 0x0, 0xb, 0xff, 0xef, 0xda,
    0x30, 0x0, 0x0, 0x2f, 0xa0, 0x0, 0x0, 0x0,
    0x0, 0x0, 0x48, 0x20, 0x0, 0x0, 0x0, 0x0,

    /* U+00F9 "ù" */
    0x0, 0x68, 0x86, 0x0, 0x0, 0x0, 0x0, 0x1,
    0xbf, 0xf8, 0x0, 0x0, 0x0, 0x0, 0x0, 0x8f,
    0xf8, 0x0, 0x0, 0x0, 0x0, 0x0, 0x48, 0x82,
    0x0, 0x0, 0x0, 0x0, 0x0, 0x0, 0x0, 0x0,
    0x7, 0xff, 0xf0, 0x0, 0x0, 0xef, 0xf8, 0x7f,
    0xff, 0x0, 0x0, 0xe, 0xff, 0x87, 0xff, 0xf0,
    0x0, 0x0, 0xef, 0xf8, 0x7f, 0xff, 0x0, 0x0,
    0xe, 0xff, 0x87, 0xff, 0xf0, 0x0, 0x0, 0xef,
    0xf8, 0x7f, 0xff, 0x0, 0x0, 0xe, 0xff, 0x87,
    0xff, 0xf0, 0x0, 0x0, 0xff, 0xf8, 0x6f, 0xff,
    0x20, 0x0, 0x4f, 0xff, 0x84, 0xff, 0xfc, 0x20,
    0x4d, 0xff, 0xf8, 0xe, 0xff, 0xff, 0xff, 0xff,
    0xff, 0x80, 0x3f, 0xff, 0xff, 0xff, 0xef, 0xf8,
    0x0, 0x2a, 0xef, 0xe9, 0x2c, 0xff, 0x80,

    /* U+00FA "ú" */
    0x0, 0x0, 0x0, 0x6, 0x88, 0x60, 0x0, 0x0,
    0x0, 0x8, 0xff, 0xb1, 0x0, 0x0, 0x0, 0x8,
    0xff, 0x80, 0x0, 0x0, 0x0, 0x2, 0x88, 0x40,
    0x0, 0x0, 0x0, 0x0, 0x0, 0x0, 0x0, 0x0,
    0x7, 0xff, 0xf0, 0x0, 0x0, 0xef, 0xf8, 0x7f,
    0xff, 0x0, 0x0, 0xe, 0xff, 0x87, 0xff, 0xf0,
    0x0, 0x0, 0xef, 0xf8, 0x7f, 0xff, 0x0, 0x0,
    0xe, 0xff, 0x87, 0xff, 0xf0, 0x0, 0x0, 0xef,
    0xf8, 0x7f, 0xff, 0x0, 0x0, 0xe, 0xff, 0x87,
    0xff, 0xf0, 0x0, 0x0, 0xff, 0xf8, 0x6f, 0xff,
    0x20, 0x0, 0x4f, 0xff, 0x84, 0xff, 0xfc, 0x20,
    0x4d, 0xff, 0xf8, 0xe, 0xff, 0xff, 0xff, 0xff,
    0xff, 0x80, 0x3f, 0xff, 0xff, 0xff, 0xef, 0xf8,
    0x0, 0x2a, 0xef, 0xe9, 0x2c, 0xff, 0x80,

    /* U+00FB "û" */
    0x0, 0x0, 0x28, 0x88, 0x20, 0x0, 0x0, 0x0,
    0x1d, 0xff, 0xfd, 0x10, 0x0, 0x0, 0x1d, 0xfb,
    0x2b, 0xfd, 0x10, 0x0, 0x5, 0x86, 0x0, 0x6,
    0x85, 0x0, 0x0, 0x0, 0x0, 0x0, 0x0, 0x0,
    0x7, 0xff, 0xf0, 0x0, 0x0, 0xef, 0xf8, 0x7f,
    0xff, 0x0, 0x0, 0xe, 0xff, 0x87, 0xff, 0xf0,
    0x0, 0x0, 0xef, 0xf8, 0x7f, 0xff, 0x0, 0x0,
    0xe, 0xff, 0x87, 0xff, 0xf0, 0x0, 0x0, 0xef,
    0xf8, 0x7f, 0xff, 0x0, 0x0, 0xe, 0xff, 0x87,
    0xff, 0xf0, 0x0, 0x0, 0xff, 0xf8, 0x6f, 0xff,
    0x20, 0x0, 0x4f, 0xff, 0x84, 0xff, 0xfc, 0x20,
    0x4d, 0xff, 0xf8, 0xe, 0xff, 0xff, 0xff, 0xff,
    0xff, 0x80, 0x3f, 0xff, 0xff, 0xff, 0xef, 0xf8,
    0x0, 0x2a, 0xef, 0xe9, 0x2c, 0xff, 0x80,

    /* U+00FC "ü" */
    0x0, 0xb, 0xf5, 0x5, 0xfb, 0x0, 0x0, 0x3,
    0xff, 0xc0, 0xcf, 0xf3, 0x0, 0x0, 0xc, 0xf6,
    0x6, 0xfc, 0x0, 0x0, 0x0, 0x0, 0x0, 0x0,
    0x0, 0x0, 0x0, 0x0, 0x0, 0x0, 0x0, 0x0,
    0x7, 0xff, 0xf0, 0x0, 0x0, 0xef, 0xf8, 0x7f,
    0xff, 0x0, 0x0, 0xe, 0xff, 0x87, 0xff, 0xf0,
    0x0, 0x0, 0xef, 0xf8, 0x7f, 0xff, 0x0, 0x0,
    0xe, 0xff, 0x87, 0xff, 0xf0, 0x0, 0x0, 0xef,
    0xf8, 0x7f, 0xff, 0x0, 0x0, 0xe, 0xff, 0x87,
    0xff, 0xf0, 0x0, 0x0, 0xff, 0xf8, 0x6f, 0xff,
    0x20, 0x0, 0x4f, 0xff, 0x84, 0xff, 0xfc, 0x20,
    0x4d, 0xff, 0xf8, 0xe, 0xff, 0xff, 0xff, 0xff,
    0xff, 0x80, 0x3f, 0xff, 0xff, 0xff, 0xef, 0xf8,
    0x0, 0x2a, 0xef, 0xe9, 0x2c, 0xff, 0x80,

    /* U+00FD "ý" */
    0x0, 0x0, 0x0, 0x3, 0xff, 0xf6, 0x0, 0x0,
    0x0, 0x0, 0x3, 0xff, 0xd2, 0x0, 0x0, 0x0,
    0x0, 0x3, 0xff, 0xa0, 0x0, 0x0, 0x0, 0x0,
    0x0, 0x0, 0x0, 0x0, 0x0, 0x0, 0x0, 0x0,
    0x0, 0x0, 0x0, 0x0, 0x0, 0x0, 0xef, 0xf9,
    0x0, 0x0, 0x2, 0xff, 0xf1, 0x8, 0xff, 0xf0,
    0x0, 0x0, 0x9f, 0xfa, 0x0, 0x1f, 0xff, 0x60,
    0x0, 0x1f, 0xff, 0x30, 0x0, 0xaf, 0xfd, 0x0,
    0x7, 0xff, 0xc0, 0x0, 0x3, 0xff, 0xf4, 0x0,
    0xdf, 0xf6, 0x0, 0x0, 0xc, 0xff, 0xa0, 0x4f,
    0xfe, 0x0, 0x0, 0x0, 0x5f, 0xff, 0x1b, 0xff,
    0x80, 0x0, 0x0, 0x0, 0xdf, 0xfa, 0xff, 0xf1,
    0x0, 0x0, 0x0, 0x7, 0xff, 0xff, 0xfa, 0x0,
    0x0, 0x0, 0x0, 0xf, 0xff, 0xff, 0x30, 0x0,
    0x0, 0x0, 0x0, 0x9f, 0xff, 0xc0, 0x0, 0x0,
    0x0, 0x0, 0x2, 0xff, 0xf5, 0x0, 0x0, 0x0,
    0x3, 0x0, 0x8f, 0xfe, 0x0, 0x0, 0x0, 0x7,
    0xfd, 0xdf, 0xff, 0x60, 0x0, 0x0, 0x0, 0xef,
    0xff, 0xff, 0xb0, 0x0, 0x0, 0x0, 0x5, 0xcf,
    0xfc, 0x60, 0x0, 0x0, 0x0, 0x0,

    /* U+00FE "þ" */
    0x39, 0x99, 0x0, 0x0, 0x0, 0x0, 0x0, 0x6f,
    0xff, 0x0, 0x0, 0x0, 0x0, 0x0, 0x6f, 0xff,
    0x0, 0x0, 0x0, 0x0, 0x0, 0x6f, 0xff, 0x0,
    0x0, 0x0, 0x0, 0x0, 0x6f, 0xff, 0x0, 0x0,
    0x0, 0x0, 0x0, 0x6f, 0xff, 0x29, 0xef, 0xea,
    0x30, 0x0, 0x6f, 0xff, 0xef, 0xff, 0xff, 0xf8,
    0x0, 0x6f, 0xff, 0xff, 0xee, 0xff, 0xff, 0x60,
    0x6f, 0xff, 0xe3, 0x0, 0x4e, 0xff, 0xe0, 0x6f,
    0xff, 0x50, 0x0, 0x5, 0xff, 0xf4, 0x6f, 0xff,
    0x0, 0x0, 0x1, 0xff, 0xf6, 0x6f, 0xff, 0x0,
    0x0, 0x1, 0xff, 0xf6, 0x6f, 0xff, 0x50, 0x0,
    0x5, 0xff, 0xf4, 0x6f, 0xff, 0xe3, 0x0, 0x4e,
    0xff, 0xe0, 0x6f, 0xff, 0xff, 0xee, 0xff, 0xff,
    0x70, 0x6f, 0xff, 0xef, 0xff, 0xff, 0xf8, 0x0,
    0x6f, 0xff, 0x19, 0xef, 0xea, 0x40, 0x0, 0x6f,
    0xff, 0x0, 0x0, 0x0, 0x0, 0x0, 0x6f, 0xff,
    0x0, 0x0, 0x0, 0x0, 0x0, 0x6f, 0xff, 0x0,
    0x0, 0x0, 0x0, 0x0, 0x6f, 0xff, 0x0, 0x0,
    0x0, 0x0, 0x0,

    /* U+00FF "ÿ" */
    0x0, 0x1, 0xde, 0x30, 0x7f, 0x90, 0x0, 0x0,
    0x0, 0x6f, 0xf9, 0xe, 0xff, 0x0, 0x0, 0x0,
    0x1, 0xde, 0x40, 0x8f, 0xa0, 0x0, 0x0, 0x0,
    0x0, 0x0, 0x0, 0x0, 0x0, 0x0, 0x0, 0x0,
    0x0, 0x0, 0x0, 0x0, 0x0, 0x0, 0xef, 0xf9,
    0x0, 0x0, 0x2, 0xff, 0xf1, 0x8, 0xff, 0xf0,
    0x0, 0x0, 0x9f, 0xfa, 0x0, 0x1f, 0xff, 0x60,
    0x0, 0x1f, 0xff, 0x30, 0x0, 0xaf, 0xfd, 0x0,
    0x7, 0xff, 0xc0, 0x0, 0x3, 0xff, 0xf4, 0x0,
    0xdf, 0xf6, 0x0, 0x0, 0xc, 0xff, 0xa0, 0x4f,
    0xfe, 0x0, 0x0, 0x0, 0x5f, 0xff, 0x1b, 0xff,
    0x80, 0x0, 0x0, 0x0, 0xdf, 0xfa, 0xff, 0xf1,
    0x0, 0x0, 0x0, 0x7, 0xff, 0xff, 0xfa, 0x0,
    0x0, 0x0, 0x0, 0xf, 0xff, 0xff, 0x30, 0x0,
    0x0, 0x0, 0x0, 0x9f, 0xff, 0xc0, 0x0, 0x0,
    0x0, 0x0, 0x2, 0xff, 0xf5, 0x0, 0x0, 0x0,
    0x3, 0x0, 0x8f, 0xfe, 0x0, 0x0, 0x0, 0x7,
    0xfd, 0xdf, 0xff, 0x60, 0x0, 0x0, 0x0, 0xef,
    0xff, 0xff, 0xb0, 0x0, 0x0, 0x0, 0x5, 0xcf,
    0xfc, 0x60, 0x0, 0x0, 0x0, 0x0,

    /* U+0100 "Ā" */
    0x0, 0x0, 0xa, 0xff, 0xff, 0xff, 0xf8, 0x0,
    0x0, 0x0, 0x0, 0x0, 0x9f, 0xff, 0xff, 0xff,
    0x70, 0x0, 0x0, 0x0, 0x0, 0x0, 0x0, 0x0,
    0x0, 0x0, 0x0, 0x0, 0x0, 0x0, 0x0, 0x0,
    0x0, 0x0, 0x0, 0x0, 0x0, 0x0, 0x0, 0x0,
    0x0, 0x8, 0xff, 0xf6, 0x0, 0x0, 0x0, 0x0,
    0x0, 0x0, 0x1, 0xff, 0xff, 0xd0, 0x0, 0x0,
    0x0, 0x0, 0x0, 0x0, 0x7f, 0xff, 0xff, 0x50,
    0x0, 0x0, 0x0, 0x0, 0x0, 0xe, 0xff, 0xdf,
    0xfc, 0x0, 0x0, 0x0, 0x0, 0x0, 0x6, 0xff,
    0xe2, 0xff, 0xf4, 0x0, 0x0, 0x0, 0x0, 0x0,
    0xdf, 0xf7, 0xa, 0xff, 0xb0, 0x0, 0x0, 0x0,
    0x0, 0x4f, 0xff, 0x10, 0x3f, 0xff, 0x20, 0x0,
    0x0, 0x0, 0xc, 0xff, 0x90, 0x0, 0xcf, 0xfa,
    0x0, 0x0, 0x0, 0x3, 0xff, 0xf2, 0x0, 0x5,
    0xff, 0xf1, 0x0, 0x0, 0x0, 0xaf, 0xff, 0xff,
    0xff, 0xff, 0xff, 0x80, 0x0, 0x0, 0x2f, 0xff,
    0xff, 0xff, 0xff, 0xff, 0xff, 0x0, 0x0, 0x9,
    0xff, 0xeb, 0xbb, 0xbb, 0xbb, 0xff, 0xf7, 0x0,
    0x1, 0xff, 0xf7, 0x0, 0x0, 0x0, 0xb, 0xff,
    0xe0, 0x0, 0x8f, 0xff, 0x10, 0x0, 0x0, 0x0,
    0x4f, 0xff, 0x60, 0xe, 0xff, 0xa0, 0x0, 0x0,
    0x0, 0x0, 0xdf, 0xfd, 0x0,

    /* U+0101 "ā" */
    0x0, 0x5f, 0xff, 0xff, 0xff, 0xc0, 0x0, 0x5,
    0xff, 0xff, 0xff, 0xfb, 0x0, 0x0, 0x0, 0x0,
    0x0, 0x0, 0x0, 0x0, 0x0, 0x0, 0x0, 0x0,
    0x0, 0x0, 0x0, 0x39, 0xcf, 0xfe, 0xb5, 0x0,
    0x0, 0x7f, 0xff, 0xff, 0xff, 0xfb, 0x0, 0x3,
    0xff, 0xec, 0xcf, 0xff, 0xf7, 0x0, 0x7, 0x30,
    0x0, 0x1d, 0xff, 0xd0, 0x0, 0x0, 0x0, 0x0,
    0x7f, 0xff, 0x0, 0x5, 0xbe, 0xff, 0xff, 0xff,
    0xf0, 0x7, 0xff, 0xff, 0xff, 0xff, 0xff, 0x10,
    0xff, 0xf9, 0x10, 0x6, 0xff, 0xf1, 0x2f, 0xff,
    0x30, 0x0, 0x9f, 0xff, 0x10, 0xff, 0xfd, 0x65,
    0xaf, 0xff, 0xf1, 0x7, 0xff, 0xff, 0xff, 0xdf,
    0xff, 0x10, 0x4, 0xbe, 0xfd, 0x83, 0xff, 0xf1,

    /* U+0102 "Ă" */
    0x0, 0x0, 0x8, 0xfc, 0x0, 0x1d, 0xf5, 0x0,
    0x0, 0x0, 0x0, 0x0, 0x2f, 0xfe, 0xcf, 0xfd,
    0x0, 0x0, 0x0, 0x0, 0x0, 0x0, 0x2a, 0xef,
    0xd8, 0x10, 0x0, 0x0, 0x0, 0x0, 0x0, 0x0,
    0x0, 0x0, 0x0, 0x0, 0x0, 0x0, 0x0, 0x0,
    0x0, 0x0, 0x0, 0x0, 0x0, 0x0, 0x0, 0x0,
    0x0, 0x0, 0x0, 0x8f, 0xff, 0x60, 0x0, 0x0,
    0x0, 0x0, 0x0, 0x0, 0x1f, 0xff, 0xfd, 0x0,
    0x0, 0x0, 0x0, 0x0, 0x0, 0x7, 0xff, 0xff,
    0xf5, 0x0, 0x0, 0x0, 0x0, 0x0, 0x0, 0xef,
    0xfd, 0xff, 0xc0, 0x0, 0x0, 0x0, 0x0, 0x0,
    0x6f, 0xfe, 0x2f, 0xff, 0x40, 0x0, 0x0, 0x0,
    0x0, 0xd, 0xff, 0x70, 0xaf, 0xfb, 0x0, 0x0,
    0x0, 0x0, 0x4, 0xff, 0xf1, 0x3, 0xff, 0xf2,
    0x0, 0x0, 0x0, 0x0, 0xcf, 0xf9, 0x0, 0xc,
    0xff, 0xa0, 0x0, 0x0, 0x0, 0x3f, 0xff, 0x20,
    0x0, 0x5f, 0xff, 0x10, 0x0, 0x0, 0xa, 0xff,
    0xff, 0xff, 0xff, 0xff, 0xf8, 0x0, 0x0, 0x2,
    0xff, 0xff, 0xff, 0xff, 0xff, 0xff, 0xf0, 0x0,
    0x0, 0x9f, 0xfe, 0xbb, 0xbb, 0xbb, 0xbf, 0xff,
    0x70, 0x0, 0x1f, 0xff, 0x70, 0x0, 0x0, 0x0,
    0xbf, 0xfe, 0x0, 0x8, 0xff, 0xf1, 0x0, 0x0,
    0x0, 0x4, 0xff, 0xf6, 0x0, 0xef, 0xfa, 0x0,
    0x0, 0x0, 0x0, 0xd, 0xff, 0xd0,

    /* U+0103 "ă" */
    0x0, 0x28, 0x70, 0x0, 0x38, 0x50, 0x0, 0x2,
    0xff, 0x60, 0x2d, 0xf8, 0x0, 0x0, 0x8, 0xff,
    0xff, 0xfd, 0x10, 0x0, 0x0, 0x3, 0x9b, 0xa6,
    0x0, 0x0, 0x0, 0x0, 0x0, 0x0, 0x0, 0x0,
    0x0, 0x3, 0x9c, 0xff, 0xeb, 0x50, 0x0, 0x7,
    0xff, 0xff, 0xff, 0xff, 0xb0, 0x0, 0x3f, 0xfe,
    0xcc, 0xff, 0xff, 0x70, 0x0, 0x73, 0x0, 0x1,
    0xdf, 0xfd, 0x0, 0x0, 0x0, 0x0, 0x7, 0xff,
    0xf0, 0x0, 0x5b, 0xef, 0xff, 0xff, 0xff, 0x0,
    0x7f, 0xff, 0xff, 0xff, 0xff, 0xf1, 0xf, 0xff,
    0x91, 0x0, 0x6f, 0xff, 0x12, 0xff, 0xf3, 0x0,
    0x9, 0xff, 0xf1, 0xf, 0xff, 0xd6, 0x5a, 0xff,
    0xff, 0x10, 0x7f, 0xff, 0xff, 0xfd, 0xff, 0xf1,
    0x0, 0x4b, 0xef, 0xd8, 0x3f, 0xff, 0x10,

    /* U+0104 "Ą" */
    0x0, 0x0, 0x0, 0x8, 0xff, 0xf6, 0x0, 0x0,
    0x0, 0x0, 0x0, 0x0, 0x1, 0xff, 0xff, 0xd0,
    0x0, 0x0, 0x0, 0x0, 0x0, 0x0, 0x7f, 0xff,
    0xff, 0x50, 0x0, 0x0, 0x0, 0x0, 0x0, 0xe,
    0xff, 0xdf, 0xfc, 0x0, 0x0, 0x0, 0x0, 0x0,
    0x6, 0xff, 0xe2, 0xff, 0xf4, 0x0, 0x0, 0x0,
    0x0, 0x0, 0xdf, 0xf7, 0xa, 0xff, 0xb0, 0x0,
    0x0, 0x0, 0x0, 0x4f, 0xff, 0x10, 0x3f, 0xff,
    0x20, 0x0, 0x0, 0x0, 0xc, 0xff, 0x90, 0x0,
    0xcf, 0xfa, 0x0, 0x0, 0x0, 0x3, 0xff, 0xf2,
    0x0, 0x5, 0xff, 0xf1, 0x0, 0x0, 0x0, 0xaf,
    0xff, 0xff, 0xff, 0xff, 0xff, 0x80, 0x0, 0x0,
    0x2f, 0xff, 0xff, 0xff, 0xff, 0xff, 0xff, 0x0,
    0x0, 0x9, 0xff, 0xeb, 0xbb, 0xbb, 0xbb, 0xff,
    0xf7, 0x0, 0x1, 0xff, 0xf7, 0x0, 0x0, 0x0,
    0xb, 0xff, 0xe0, 0x0, 0x8f, 0xff, 0x10, 0x0,
    0x0, 0x0, 0x4f, 0xff, 0x60, 0xe, 0xff, 0xa0,
    0x0, 0x0, 0x0, 0x0, 0xdf, 0xff, 0x0, 0x0,
    0x0, 0x0, 0x0, 0x0, 0x0, 0xa, 0xfd, 0x40,
    0x0, 0x0, 0x0, 0x0, 0x0, 0x0, 0x5, 0xfc,
    0x0, 0x0, 0x0, 0x0, 0x0, 0x0, 0x0, 0x0,
    0x9f, 0x90, 0x0, 0x0, 0x0, 0x0, 0x0, 0x0,
    0x0, 0x6, 0xff, 0xcd, 0x40, 0x0, 0x0, 0x0,
    0x0, 0x0, 0x0, 0x8, 0xef, 0xd5,

    /* U+0105 "ą" */
    0x0, 0x39, 0xcf, 0xfe, 0xb5, 0x0, 0x0, 0x7f,
    0xff, 0xff, 0xff, 0xfb, 0x0, 0x3, 0xff, 0xec,
    0xcf, 0xff, 0xf7, 0x0, 0x7, 0x30, 0x0, 0x1d,
    0xff, 0xd0, 0x0, 0x0, 0x0, 0x0, 0x7f, 0xff,
    0x0, 0x5, 0xbe, 0xff, 0xff, 0xff, 0xf0, 0x7,
    0xff, 0xff, 0xff, 0xff, 0xff, 0x10, 0xff, 0xf9,
    0x10, 0x6, 0xff, 0xf1, 0x2f, 0xff, 0x30, 0x0,
    0x9f, 0xff, 0x10, 0xff, 0xfd, 0x65, 0xaf, 0xff,
    0xf1, 0x7, 0xff, 0xff, 0xff, 0xdf, 0xff, 0x10,
    0x4, 0xbe, 0xfd, 0x83, 0xff, 0xf1, 0x0, 0x0,
    0x0, 0x0, 0xbf, 0xb2, 0x0, 0x0, 0x0, 0x0,
    0x6f, 0xc0, 0x0, 0x0, 0x0, 0x0, 0x9, 0xf9,
    0x0, 0x0, 0x0, 0x0, 0x0, 0x6f, 0xfc, 0xe4,
    0x0, 0x0, 0x0, 0x0, 0x8e, 0xfd, 0x40,

    /* U+0106 "Ć" */
    0x0, 0x0, 0x0, 0x0, 0x7, 0xff, 0xd3, 0x0,
    0x0, 0x0, 0x0, 0x0, 0x7f, 0xfb, 0x10, 0x0,
    0x0, 0x0, 0x0, 0x6, 0xff, 0x70, 0x0, 0x0,
    0x0, 0x0, 0x0, 0x0, 0x0, 0x0, 0x0, 0x0,
    0x0, 0x0, 0x0, 0x0, 0x0, 0x0, 0x0, 0x0,
    0x0, 0x0, 0x4, 0x9d, 0xff, 0xeb, 0x60, 0x0,
    0x0, 0x2, 0xcf, 0xff, 0xff, 0xff, 0xfe, 0x40,
    0x0, 0x2e, 0xff, 0xff, 0xff, 0xff, 0xff, 0xf3,
    0x0, 0xef, 0xff, 0xd5, 0x20, 0x27, 0xef, 0x90,
    0x7, 0xff, 0xfa, 0x0, 0x0, 0x0, 0x16, 0x0,
    0xd, 0xff, 0xe0, 0x0, 0x0, 0x0, 0x0, 0x0,
    0xf, 0xff, 0x90, 0x0, 0x0, 0x0, 0x0, 0x0,
    0x1f, 0xff, 0x80, 0x0, 0x0, 0x0, 0x0, 0x0,
    0xf, 0xff, 0x90, 0x0, 0x0, 0x0, 0x0, 0x0,
    0xd, 0xff, 0xe0, 0x0, 0x0, 0x0, 0x0, 0x0,
    0x7, 0xff, 0xfa, 0x0, 0x0, 0x0, 0x16, 0x0,
    0x0, 0xef, 0xff, 0xc5, 0x10, 0x27, 0xef, 0xa0,
    0x0, 0x2e, 0xff, 0xff, 0xff, 0xff, 0xff, 0xf3,
    0x0, 0x2, 0xcf, 0xff, 0xff, 0xff, 0xfe, 0x40,
    0x0, 0x0, 0x4, 0x9d, 0xff, 0xeb, 0x60, 0x0,

    /* U+0107 "ć" */
    0x0, 0x0, 0x0, 0x2, 0x88, 0x72, 0x0, 0x0,
    0x0, 0x2, 0xef, 0xf5, 0x0, 0x0, 0x0, 0x2,
    0xef, 0xd2, 0x0, 0x0, 0x0, 0x0, 0x68, 0x70,
    0x0, 0x0, 0x0, 0x0, 0x0, 0x0, 0x0, 0x0,
    0x0, 0x0, 0x7, 0xce, 0xfd, 0xa3, 0x0, 0x0,
    0x3e, 0xff, 0xff, 0xff, 0xf7, 0x0, 0x2f, 0xff,
    0xff, 0xdf, 0xff, 0xf4, 0xb, 0xff, 0xf6, 0x0,
    0x1c, 0xf9, 0x11, 0xff, 0xf8, 0x0, 0x0, 0x11,
    0x0, 0x3f, 0xff, 0x40, 0x0, 0x0, 0x0, 0x3,
    0xff, 0xf4, 0x0, 0x0, 0x0, 0x0, 0x1f, 0xff,
    0x80, 0x0, 0x1, 0x10, 0x0, 0xbf, 0xff, 0x60,
    0x1, 0xcf, 0x91, 0x2, 0xff, 0xff, 0xfd, 0xff,
    0xff, 0x40, 0x3, 0xef, 0xff, 0xff, 0xff, 0x70,
    0x0, 0x1, 0x7c, 0xef, 0xda, 0x30, 0x0,

    /* U+0108 "Ĉ" */
    0x0, 0x0, 0x0, 0x1d, 0xff, 0xe2, 0x0, 0x0,
    0x0, 0x0, 0x1, 0xdf, 0xdc, 0xfe, 0x20, 0x0,
    0x0, 0x0, 0xc, 0xfb, 0x10, 0x9f, 0xe2, 0x0,
    0x0, 0x0, 0x0, 0x0, 0x0, 0x0, 0x0, 0x0,
    0x0, 0x0, 0x0, 0x0, 0x0, 0x0, 0x0, 0x0,
    0x0, 0x0, 0x4, 0x9d, 0xff, 0xeb, 0x60, 0x0,
    0x0, 0x2, 0xcf, 0xff, 0xff, 0xff, 0xfe, 0x40,
    0x0, 0x2e, 0xff, 0xff, 0xff, 0xff, 0xff, 0xf3,
    0x0, 0xef, 0xff, 0xd5, 0x20, 0x27, 0xef, 0x90,
    0x7, 0xff, 0xfa, 0x0, 0x0, 0x0, 0x16, 0x0,
    0xd, 0xff, 0xe0, 0x0, 0x0, 0x0, 0x0, 0x0,
    0xf, 0xff, 0x90, 0x0, 0x0, 0x0, 0x0, 0x0,
    0x1f, 0xff, 0x80, 0x0, 0x0, 0x0, 0x0, 0x0,
    0xf, 0xff, 0x90, 0x0, 0x0, 0x0, 0x0, 0x0,
    0xd, 0xff, 0xe0, 0x0, 0x0, 0x0, 0x0, 0x0,
    0x7, 0xff, 0xfa, 0x0, 0x0, 0x0, 0x16, 0x0,
    0x0, 0xef, 0xff, 0xc5, 0x10, 0x27, 0xef, 0xa0,
    0x0, 0x2e, 0xff, 0xff, 0xff, 0xff, 0xff, 0xf3,
    0x0, 0x2, 0xcf, 0xff, 0xff, 0xff, 0xfe, 0x40,
    0x0, 0x0, 0x4, 0x9d, 0xff, 0xeb, 0x60, 0x0,

    /* U+0109 "ĉ" */
    0x0, 0x0, 0x6, 0x88, 0x60, 0x0, 0x0, 0x0,
    0x7, 0xff, 0xff, 0x70, 0x0, 0x0, 0x7, 0xff,
    0x55, 0xff, 0x70, 0x0, 0x1, 0x78, 0x30, 0x3,
    0x87, 0x10, 0x0, 0x0, 0x0, 0x0, 0x0, 0x0,
    0x0, 0x0, 0x7, 0xce, 0xfd, 0xa3, 0x0, 0x0,
    0x3e, 0xff, 0xff, 0xff, 0xf7, 0x0, 0x2f, 0xff,
    0xff, 0xdf, 0xff, 0xf4, 0xb, 0xff, 0xf6, 0x0,
    0x1c, 0xf9, 0x11, 0xff, 0xf8, 0x0, 0x0, 0x11,
    0x0, 0x3f, 0xff, 0x40, 0x0, 0x0, 0x0, 0x3,
    0xff, 0xf4, 0x0, 0x0, 0x0, 0x0, 0x1f, 0xff,
    0x80, 0x0, 0x1, 0x10, 0x0, 0xbf, 0xff, 0x60,
    0x1, 0xcf, 0x91, 0x2, 0xff, 0xff, 0xfd, 0xff,
    0xff, 0x40, 0x3, 0xef, 0xff, 0xff, 0xff, 0x70,
    0x0, 0x1, 0x7c, 0xef, 0xda, 0x30, 0x0,

    /* U+010A "Ċ" */
    0x0, 0x0, 0x0, 0x1, 0x99, 0x20, 0x0, 0x0,
    0x0, 0x0, 0x0, 0x9, 0xff, 0xc0, 0x0, 0x0,
    0x0, 0x0, 0x0, 0xb, 0xff, 0xd0, 0x0, 0x0,
    0x0, 0x0, 0x0, 0x3, 0xde, 0x50, 0x0, 0x0,
    0x0, 0x0, 0x0, 0x0, 0x0, 0x0, 0x0, 0x0,
    0x0, 0x0, 0x0, 0x0, 0x0, 0x0, 0x0, 0x0,
    0x0, 0x0, 0x4, 0x9d, 0xff, 0xeb, 0x60, 0x0,
    0x0, 0x2, 0xcf, 0xff, 0xff, 0xff, 0xfe, 0x40,
    0x0, 0x2e, 0xff, 0xff, 0xff, 0xff, 0xff, 0xf3,
    0x0, 0xef, 0xff, 0xd5, 0x20, 0x27, 0xef, 0x90,
    0x7, 0xff, 0xfa, 0x0, 0x0, 0x0, 0x16, 0x0,
    0xd, 0xff, 0xe0, 0x0, 0x0, 0x0, 0x0, 0x0,
    0xf, 0xff, 0x90, 0x0, 0x0, 0x0, 0x0, 0x0,
    0x1f, 0xff, 0x80, 0x0, 0x0, 0x0, 0x0, 0x0,
    0xf, 0xff, 0x90, 0x0, 0x0, 0x0, 0x0, 0x0,
    0xd, 0xff, 0xe0, 0x0, 0x0, 0x0, 0x0, 0x0,
    0x7, 0xff, 0xfa, 0x0, 0x0, 0x0, 0x16, 0x0,
    0x0, 0xef, 0xff, 0xc5, 0x10, 0x27, 0xef, 0xa0,
    0x0, 0x2e, 0xff, 0xff, 0xff, 0xff, 0xff, 0xf3,
    0x0, 0x2, 0xcf, 0xff, 0xff, 0xff, 0xfe, 0x40,
    0x0, 0x0, 0x4, 0x9d, 0xff, 0xeb, 0x60, 0x0,

    /* U+010B "ċ" */
    0x0, 0x0, 0x4, 0xee, 0x40, 0x0, 0x0, 0x0,
    0x0, 0xcf, 0xfc, 0x0, 0x0, 0x0, 0x0, 0xb,
    0xff, 0xb0, 0x0, 0x0, 0x0, 0x0, 0x19, 0x91,
    0x0, 0x0, 0x0, 0x0, 0x0, 0x0, 0x0, 0x0,
    0x0, 0x0, 0x7, 0xce, 0xfd, 0xa3, 0x0, 0x0,
    0x3e, 0xff, 0xff, 0xff, 0xf7, 0x0, 0x2f, 0xff,
    0xff, 0xdf, 0xff, 0xf4, 0xb, 0xff, 0xf6, 0x0,
    0x1c, 0xf9, 0x11, 0xff, 0xf8, 0x0, 0x0, 0x11,
    0x0, 0x3f, 0xff, 0x40, 0x0, 0x0, 0x0, 0x3,
    0xff, 0xf4, 0x0, 0x0, 0x0, 0x0, 0x1f, 0xff,
    0x80, 0x0, 0x1, 0x10, 0x0, 0xbf, 0xff, 0x60,
    0x1, 0xcf, 0x91, 0x2, 0xff, 0xff, 0xfd, 0xff,
    0xff, 0x40, 0x3, 0xef, 0xff, 0xff, 0xff, 0x70,
    0x0, 0x1, 0x7c, 0xef, 0xda, 0x30, 0x0,

    /* U+010C "Č" */
    0x0, 0x0, 0xc, 0xfb, 0x10, 0x9f, 0xe2, 0x0,
    0x0, 0x0, 0x1, 0xdf, 0xdc, 0xfe, 0x20, 0x0,
    0x0, 0x0, 0x0, 0x1d, 0xff, 0xe2, 0x0, 0x0,
    0x0, 0x0, 0x0, 0x0, 0x0, 0x0, 0x0, 0x0,
    0x0, 0x0, 0x0, 0x0, 0x0, 0x0, 0x0, 0x0,
    0x0, 0x0, 0x4, 0x9d, 0xff, 0xeb, 0x60, 0x0,
    0x0, 0x2, 0xcf, 0xff, 0xff, 0xff, 0xfe, 0x40,
    0x0, 0x2e, 0xff, 0xff, 0xff, 0xff, 0xff, 0xf3,
    0x0, 0xef, 0xff, 0xd5, 0x20, 0x27, 0xef, 0x90,
    0x7, 0xff, 0xfa, 0x0, 0x0, 0x0, 0x16, 0x0,
    0xd, 0xff, 0xe0, 0x0, 0x0, 0x0, 0x0, 0x0,
    0xf, 0xff, 0x90, 0x0, 0x0, 0x0, 0x0, 0x0,
    0x1f, 0xff, 0x80, 0x0, 0x0, 0x0, 0x0, 0x0,
    0xf, 0xff, 0x90, 0x0, 0x0, 0x0, 0x0, 0x0,
    0xd, 0xff, 0xe0, 0x0, 0x0, 0x0, 0x0, 0x0,
    0x7, 0xff, 0xfa, 0x0, 0x0, 0x0, 0x16, 0x0,
    0x0, 0xef, 0xff, 0xc5, 0x10, 0x27, 0xef, 0xa0,
    0x0, 0x2e, 0xff, 0xff, 0xff, 0xff, 0xff, 0xf3,
    0x0, 0x2, 0xcf, 0xff, 0xff, 0xff, 0xfe, 0x40,
    0x0, 0x0, 0x4, 0x9d, 0xff, 0xeb, 0x60, 0x0,

    /* U+010D "č" */
    0x0, 0x17, 0x83, 0x0, 0x38, 0x71, 0x0, 0x0,
    0x7f, 0xf5, 0x5f, 0xf7, 0x0, 0x0, 0x0, 0x7f,
    0xff, 0xf7, 0x0, 0x0, 0x0, 0x0, 0x68, 0x86,
    0x0, 0x0, 0x0, 0x0, 0x0, 0x0, 0x0, 0x0,
    0x0, 0x0, 0x7, 0xce, 0xfd, 0xa3, 0x0, 0x0,
    0x3e, 0xff, 0xff, 0xff, 0xf7, 0x0, 0x2f, 0xff,
    0xff, 0xdf, 0xff, 0xf4, 0xb, 0xff, 0xf6, 0x0,
    0x1c, 0xf9, 0x11, 0xff, 0xf8, 0x0, 0x0, 0x11,
    0x0, 0x3f, 0xff, 0x40, 0x0, 0x0, 0x0, 0x3,
    0xff, 0xf4, 0x0, 0x0, 0x0, 0x0, 0x1f, 0xff,
    0x80, 0x0, 0x1, 0x10, 0x0, 0xbf, 0xff, 0x60,
    0x1, 0xcf, 0x91, 0x2, 0xff, 0xff, 0xfd, 0xff,
    0xff, 0x40, 0x3, 0xef, 0xff, 0xff, 0xff, 0x70,
    0x0, 0x1, 0x7c, 0xef, 0xda, 0x30, 0x0,

    /* U+010E "Ď" */
    0x0, 0xd, 0xfb, 0x0, 0x7f, 0xf3, 0x0, 0x0,
    0x0, 0x0, 0x1e, 0xfb, 0x8f, 0xf5, 0x0, 0x0,
    0x0, 0x0, 0x0, 0x3f, 0xff, 0xf7, 0x0, 0x0,
    0x0, 0x0, 0x0, 0x0, 0x48, 0x86, 0x0, 0x0,
    0x0, 0x0, 0x0, 0x0, 0x0, 0x0, 0x0, 0x0,
    0x0, 0x0, 0x2, 0xff, 0xff, 0xff, 0xfe, 0xda,
    0x50, 0x0, 0x0, 0x2f, 0xff, 0xff, 0xff, 0xff,
    0xff, 0xd3, 0x0, 0x2, 0xff, 0xff, 0xee, 0xef,
    0xff, 0xff, 0xf5, 0x0, 0x2f, 0xff, 0x60, 0x0,
    0x3, 0xaf, 0xff, 0xf3, 0x2, 0xff, 0xf6, 0x0,
    0x0, 0x0, 0x6f, 0xff, 0xb0, 0x2f, 0xff, 0x60,
    0x0, 0x0, 0x0, 0xbf, 0xff, 0x12, 0xff, 0xf6,
    0x0, 0x0, 0x0, 0x6, 0xff, 0xf3, 0x2f, 0xff,
    0x60, 0x0, 0x0, 0x0, 0x5f, 0xff, 0x42, 0xff,
    0xf6, 0x0, 0x0, 0x0, 0x6, 0xff, 0xf3, 0x2f,
    0xff, 0x60, 0x0, 0x0, 0x0, 0xbf, 0xff, 0x12,
    0xff, 0xf6, 0x0, 0x0, 0x0, 0x6f, 0xff, 0xb0,
    0x2f, 0xff, 0x60, 0x0, 0x3, 0x9f, 0xff, 0xf3,
    0x2, 0xff, 0xff, 0xee, 0xef, 0xff, 0xff, 0xf5,
    0x0, 0x2f, 0xff, 0xff, 0xff, 0xff, 0xff, 0xd4,
    0x0, 0x2, 0xff, 0xff, 0xff, 0xfe, 0xda, 0x50,
    0x0, 0x0,

    /* U+010F "ď" */
    0x0, 0x0, 0x0, 0x0, 0x0, 0x0, 0x0, 0x3,
    0x66, 0x0, 0x0, 0x0, 0x0, 0x0, 0x5, 0x77,
    0x40, 0x9f, 0xe0, 0x0, 0x0, 0x0, 0x0, 0x0,
    0xcf, 0xfa, 0x9, 0xfd, 0x0, 0x0, 0x0, 0x0,
    0x0, 0xc, 0xff, 0xa0, 0x9f, 0xb0, 0x0, 0x0,
    0x0, 0x0, 0x0, 0xcf, 0xfa, 0x9, 0xfa, 0x0,
    0x0, 0x0, 0x0, 0x0, 0xc, 0xff, 0xa0, 0x0,
    0x0, 0x0, 0x2, 0x9d, 0xfe, 0xa2, 0xcf, 0xfa,
    0x0, 0x0, 0x0, 0x5, 0xff, 0xff, 0xff, 0xfe,
    0xff, 0xa0, 0x0, 0x0, 0x3, 0xff, 0xff, 0xfd,
    0xff, 0xff, 0xfa, 0x0, 0x0, 0x0, 0xbf, 0xff,
    0x60, 0x1, 0xcf, 0xff, 0xa0, 0x0, 0x0, 0x1f,
    0xff, 0x90, 0x0, 0x1, 0xff, 0xfa, 0x0, 0x0,
    0x3, 0xff, 0xf4, 0x0, 0x0, 0xc, 0xff, 0xa0,
    0x0, 0x0, 0x3f, 0xff, 0x40, 0x0, 0x0, 0xcf,
    0xfa, 0x0, 0x0, 0x1, 0xff, 0xf9, 0x0, 0x0,
    0x1f, 0xff, 0xa0, 0x0, 0x0, 0xb, 0xff, 0xf6,
    0x0, 0x1c, 0xff, 0xfa, 0x0, 0x0, 0x0, 0x3f,
    0xff, 0xff, 0xdf, 0xff, 0xff, 0xa0, 0x0, 0x0,
    0x0, 0x5f, 0xff, 0xff, 0xff, 0xdf, 0xfa, 0x0,
    0x0, 0x0, 0x0, 0x29, 0xdf, 0xeb, 0x3a, 0xff,
    0xa0, 0x0, 0x0,

    /* U+0110 "Đ" */
    0x0, 0xef, 0xff, 0xff, 0xff, 0xdb, 0x61, 0x0,
    0x0, 0x0, 0xef, 0xff, 0xff, 0xff, 0xff, 0xff,
    0x60, 0x0, 0x0, 0xef, 0xff, 0xee, 0xef, 0xff,
    0xff, 0xf9, 0x0, 0x0, 0xef, 0xfa, 0x0, 0x0,
    0x27, 0xff, 0xff, 0x70, 0x0, 0xef, 0xfa, 0x0,
    0x0, 0x0, 0x2f, 0xff, 0xf0, 0x0, 0xef, 0xfa,
    0x0, 0x0, 0x0, 0x7, 0xff, 0xf5, 0xff, 0xff,
    0xff, 0xff, 0xf8, 0x0, 0x2, 0xff, 0xf8, 0xff,
    0xff, 0xff, 0xff, 0xf8, 0x0, 0x0, 0xff, 0xf9,
    0x56, 0xff, 0xff, 0x66, 0x63, 0x0, 0x2, 0xff,
    0xf8, 0x0, 0xef, 0xfa, 0x0, 0x0, 0x0, 0x7,
    0xff, 0xf5, 0x0, 0xef, 0xfa, 0x0, 0x0, 0x0,
    0x2f, 0xff, 0xf0, 0x0, 0xef, 0xfa, 0x0, 0x0,
    0x17, 0xff, 0xff, 0x70, 0x0, 0xef, 0xff, 0xee,
    0xef, 0xff, 0xff, 0xf9, 0x0, 0x0, 0xef, 0xff,
    0xff, 0xff, 0xff, 0xff, 0x60, 0x0, 0x0, 0xef,
    0xff, 0xff, 0xff, 0xdb, 0x61, 0x0, 0x0,

    /* U+0111 "đ" */
    0x0, 0x0, 0x0, 0x0, 0x0, 0x68, 0x85, 0x0,
    0x0, 0x0, 0x0, 0x0, 0x0, 0xcf, 0xfa, 0x0,
    0x0, 0x0, 0x0, 0xdf, 0xff, 0xff, 0xff, 0xf4,
    0x0, 0x0, 0x0, 0xcf, 0xff, 0xff, 0xff, 0xf3,
    0x0, 0x0, 0x0, 0x0, 0x0, 0xcf, 0xfa, 0x0,
    0x0, 0x2, 0x9d, 0xfe, 0xa2, 0xcf, 0xfa, 0x0,
    0x0, 0x5f, 0xff, 0xff, 0xff, 0xef, 0xfa, 0x0,
    0x3, 0xff, 0xff, 0xfd, 0xff, 0xff, 0xfa, 0x0,
    0xb, 0xff, 0xf6, 0x0, 0x1c, 0xff, 0xfa, 0x0,
    0x1f, 0xff, 0x90, 0x0, 0x1, 0xff, 0xfa, 0x0,
    0x3f, 0xff, 0x40, 0x0, 0x0, 0xcf, 0xfa, 0x0,
    0x3f, 0xff, 0x40, 0x0, 0x0, 0xcf, 0xfa, 0x0,
    0x1f, 0xff, 0x90, 0x0, 0x1, 0xff, 0xfa, 0x0,
    0xb, 0xff, 0xf6, 0x0, 0x1c, 0xff, 0xfa, 0x0,
    0x3, 0xff, 0xff, 0xfd, 0xff, 0xff, 0xfa, 0x0,
    0x0, 0x5f, 0xff, 0xff, 0xff, 0xdf, 0xfa, 0x0,
    0x0, 0x2, 0x9d, 0xfe, 0xb3, 0xaf, 0xfa, 0x0,

    /* U+0112 "Ē" */
    0x0, 0x7f, 0xff, 0xff, 0xff, 0xb0, 0x0, 0x6,
    0xff, 0xff, 0xff, 0xfa, 0x0, 0x0, 0x0, 0x0,
    0x0, 0x0, 0x0, 0x0, 0x0, 0x0, 0x0, 0x0,
    0x0, 0x0, 0x2f, 0xff, 0xff, 0xff, 0xff, 0xff,
    0x72, 0xff, 0xff, 0xff, 0xff, 0xff, 0xf7, 0x2f,
    0xff, 0xed, 0xdd, 0xdd, 0xdd, 0x62, 0xff, 0xf6,
    0x0, 0x0, 0x0, 0x0, 0x2f, 0xff, 0x60, 0x0,
    0x0, 0x0, 0x2, 0xff, 0xf6, 0x0, 0x0, 0x0,
    0x0, 0x2f, 0xff, 0xff, 0xff, 0xff, 0xf8, 0x2,
    0xff, 0xff, 0xff, 0xff, 0xff, 0x80, 0x2f, 0xff,
    0xdc, 0xcc, 0xcc, 0xc6, 0x2, 0xff, 0xf6, 0x0,
    0x0, 0x0, 0x0, 0x2f, 0xff, 0x60, 0x0, 0x0,
    0x0, 0x2, 0xff, 0xf6, 0x0, 0x0, 0x0, 0x0,
    0x2f, 0xff, 0xed, 0xdd, 0xdd, 0xdd, 0xa2, 0xff,
    0xff, 0xff, 0xff, 0xff, 0xfc, 0x2f, 0xff, 0xff,
    0xff, 0xff, 0xff, 0xc0,

    /* U+0113 "ē" */
    0x0, 0x2f, 0xff, 0xff, 0xff, 0xf0, 0x0, 0x0,
    0x1f, 0xff, 0xff, 0xff, 0xf0, 0x0, 0x0, 0x0,
    0x0, 0x0, 0x0, 0x0, 0x0, 0x0, 0x0, 0x0,
    0x0, 0x0, 0x0, 0x0, 0x0, 0x1, 0x7d, 0xff,
    0xd7, 0x10, 0x0, 0x0, 0x4e, 0xff, 0xff, 0xff,
    0xe3, 0x0, 0x2, 0xff, 0xff, 0xaa, 0xef, 0xfe,
    0x20, 0xb, 0xff, 0xd1, 0x0, 0xc, 0xff, 0x90,
    0x1f, 0xff, 0x40, 0x0, 0x3, 0xff, 0xf0, 0x3f,
    0xff, 0xff, 0xff, 0xff, 0xff, 0xf1, 0x3f, 0xff,
    0xff, 0xff, 0xff, 0xff, 0xf2, 0x1f, 0xff, 0x60,
    0x0, 0x0, 0x0, 0x0, 0xb, 0xff, 0xe4, 0x0,
    0x2, 0x90, 0x0, 0x2, 0xff, 0xff, 0xec, 0xdf,
    0xfb, 0x0, 0x0, 0x3e, 0xff, 0xff, 0xff, 0xfc,
    0x10, 0x0, 0x0, 0x6c, 0xef, 0xeb, 0x60, 0x0,

    /* U+0114 "Ĕ" */
    0x0, 0x5f, 0xe1, 0x0, 0xbf, 0x90, 0x0, 0x0,
    0xdf, 0xfc, 0xef, 0xf2, 0x0, 0x0, 0x1, 0x8d,
    0xfe, 0xa2, 0x0, 0x0, 0x0, 0x0, 0x0, 0x0,
    0x0, 0x0, 0x0, 0x0, 0x0, 0x0, 0x0, 0x0,
    0x2, 0xff, 0xff, 0xff, 0xff, 0xff, 0xf7, 0x2f,
    0xff, 0xff, 0xff, 0xff, 0xff, 0x72, 0xff, 0xfe,
    0xdd, 0xdd, 0xdd, 0xd6, 0x2f, 0xff, 0x60, 0x0,
    0x0, 0x0, 0x2, 0xff, 0xf6, 0x0, 0x0, 0x0,
    0x0, 0x2f, 0xff, 0x60, 0x0, 0x0, 0x0, 0x2,
    0xff, 0xff, 0xff, 0xff, 0xff, 0x80, 0x2f, 0xff,
    0xff, 0xff, 0xff, 0xf8, 0x2, 0xff, 0xfd, 0xcc,
    0xcc, 0xcc, 0x60, 0x2f, 0xff, 0x60, 0x0, 0x0,
    0x0, 0x2, 0xff, 0xf6, 0x0, 0x0, 0x0, 0x0,
    0x2f, 0xff, 0x60, 0x0, 0x0, 0x0, 0x2, 0xff,
    0xfe, 0xdd, 0xdd, 0xdd, 0xda, 0x2f, 0xff, 0xff,
    0xff, 0xff, 0xff, 0xc2, 0xff, 0xff, 0xff, 0xff,
    0xff, 0xfc,

    /* U+0115 "ĕ" */
    0x0, 0x8, 0x81, 0x0, 0x18, 0x70, 0x0, 0x0,
    0xe, 0xf9, 0x11, 0xaf, 0xc0, 0x0, 0x0, 0x4,
    0xff, 0xff, 0xff, 0x30, 0x0, 0x0, 0x0, 0x28,
    0xbb, 0x81, 0x0, 0x0, 0x0, 0x0, 0x0, 0x0,
    0x0, 0x0, 0x0, 0x0, 0x1, 0x7d, 0xff, 0xd7,
    0x10, 0x0, 0x0, 0x4e, 0xff, 0xff, 0xff, 0xe3,
    0x0, 0x2, 0xff, 0xff, 0xaa, 0xef, 0xfe, 0x20,
    0xb, 0xff, 0xd1, 0x0, 0xc, 0xff, 0x90, 0x1f,
    0xff, 0x40, 0x0, 0x3, 0xff, 0xf0, 0x3f, 0xff,
    0xff, 0xff, 0xff, 0xff, 0xf1, 0x3f, 0xff, 0xff,
    0xff, 0xff, 0xff, 0xf2, 0x1f, 0xff, 0x60, 0x0,
    0x0, 0x0, 0x0, 0xb, 0xff, 0xe4, 0x0, 0x2,
    0x90, 0x0, 0x2, 0xff, 0xff, 0xec, 0xdf, 0xfb,
    0x0, 0x0, 0x3e, 0xff, 0xff, 0xff, 0xfc, 0x10,
    0x0, 0x0, 0x6c, 0xef, 0xeb, 0x60, 0x0,

    /* U+0116 "Ė" */
    0x0, 0x0, 0x4, 0xa7, 0x0, 0x0, 0x0, 0x0,
    0x1, 0xff, 0xf5, 0x0, 0x0, 0x0, 0x0, 0x2f,
    0xff, 0x60, 0x0, 0x0, 0x0, 0x0, 0x9f, 0xc0,
    0x0, 0x0, 0x0, 0x0, 0x0, 0x0, 0x0, 0x0,
    0x0, 0x0, 0x0, 0x0, 0x0, 0x0, 0x0, 0x2f,
    0xff, 0xff, 0xff, 0xff, 0xff, 0x72, 0xff, 0xff,
    0xff, 0xff, 0xff, 0xf7, 0x2f, 0xff, 0xed, 0xdd,
    0xdd, 0xdd, 0x62, 0xff, 0xf6, 0x0, 0x0, 0x0,
    0x0, 0x2f, 0xff, 0x60, 0x0, 0x0, 0x0, 0x2,
    0xff, 0xf6, 0x0, 0x0, 0x0, 0x0, 0x2f, 0xff,
    0xff, 0xff, 0xff, 0xf8, 0x2, 0xff, 0xff, 0xff,
    0xff, 0xff, 0x80, 0x2f, 0xff, 0xdc, 0xcc, 0xcc,
    0xc6, 0x2, 0xff, 0xf6, 0x0, 0x0, 0x0, 0x0,
    0x2f, 0xff, 0x60, 0x0, 0x0, 0x0, 0x2, 0xff,
    0xf6, 0x0, 0x0, 0x0, 0x0, 0x2f, 0xff, 0xed,
    0xdd, 0xdd, 0xdd, 0xa2, 0xff, 0xff, 0xff, 0xff,
    0xff, 0xfc, 0x2f, 0xff, 0xff, 0xff, 0xff, 0xff,
    0xc0,

    /* U+0117 "ė" */
    0x0, 0x0, 0x4, 0xee, 0x30, 0x0, 0x0, 0x0,
    0x0, 0xd, 0xff, 0xb0, 0x0, 0x0, 0x0, 0x0,
    0xb, 0xff, 0xa0, 0x0, 0x0, 0x0, 0x0, 0x2,
    0x99, 0x10, 0x0, 0x0, 0x0, 0x0, 0x0, 0x0,
    0x0, 0x0, 0x0, 0x0, 0x1, 0x7d, 0xff, 0xd7,
    0x10, 0x0, 0x0, 0x4e, 0xff, 0xff, 0xff, 0xe3,
    0x0, 0x2, 0xff, 0xff, 0xaa, 0xef, 0xfe, 0x20,
    0xb, 0xff, 0xd1, 0x0, 0xc, 0xff, 0x90, 0x1f,
    0xff, 0x40, 0x0, 0x3, 0xff, 0xf0, 0x3f, 0xff,
    0xff, 0xff, 0xff, 0xff, 0xf1, 0x3f, 0xff, 0xff,
    0xff, 0xff, 0xff, 0xf2, 0x1f, 0xff, 0x60, 0x0,
    0x0, 0x0, 0x0, 0xb, 0xff, 0xe4, 0x0, 0x2,
    0x90, 0x0, 0x2, 0xff, 0xff, 0xec, 0xdf, 0xfb,
    0x0, 0x0, 0x3e, 0xff, 0xff, 0xff, 0xfc, 0x10,
    0x0, 0x0, 0x6c, 0xef, 0xeb, 0x60, 0x0,

    /* U+0118 "Ę" */
    0x2f, 0xff, 0xff, 0xff, 0xff, 0xff, 0x70, 0x2f,
    0xff, 0xff, 0xff, 0xff, 0xff, 0x70, 0x2f, 0xff,
    0xed, 0xdd, 0xdd, 0xdd, 0x60, 0x2f, 0xff, 0x60,
    0x0, 0x0, 0x0, 0x0, 0x2f, 0xff, 0x60, 0x0,
    0x0, 0x0, 0x0, 0x2f, 0xff, 0x60, 0x0, 0x0,
    0x0, 0x0, 0x2f, 0xff, 0xff, 0xff, 0xff, 0xf8,
    0x0, 0x2f, 0xff, 0xff, 0xff, 0xff, 0xf8, 0x0,
    0x2f, 0xff, 0xdc, 0xcc, 0xcc, 0xc6, 0x0, 0x2f,
    0xff, 0x60, 0x0, 0x0, 0x0, 0x0, 0x2f, 0xff,
    0x60, 0x0, 0x0, 0x0, 0x0, 0x2f, 0xff, 0x60,
    0x0, 0x0, 0x0, 0x0, 0x2f, 0xff, 0xed, 0xdd,
    0xdd, 0xdd, 0xa0, 0x2f, 0xff, 0xff, 0xff, 0xff,
    0xff, 0xc0, 0x2f, 0xff, 0xff, 0xff, 0xff, 0xff,
    0xe0, 0x0, 0x0, 0x0, 0x0, 0x1d, 0xfa, 0x20,
    0x0, 0x0, 0x0, 0x0, 0xbf, 0x80, 0x0, 0x0,
    0x0, 0x0, 0x0, 0xef, 0x40, 0x0, 0x0, 0x0,
    0x0, 0x0, 0xbf, 0xfc, 0xd0, 0x0, 0x0, 0x0,
    0x0, 0x1a, 0xef, 0xc1,

    /* U+0119 "ę" */
    0x0, 0x1, 0x7d, 0xff, 0xd7, 0x10, 0x0, 0x0,
    0x4e, 0xff, 0xff, 0xff, 0xe3, 0x0, 0x2, 0xff,
    0xff, 0xaa, 0xef, 0xfe, 0x20, 0xb, 0xff, 0xd1,
    0x0, 0xc, 0xff, 0x90, 0x1f, 0xff, 0x40, 0x0,
    0x3, 0xff, 0xf0, 0x3f, 0xff, 0xff, 0xff, 0xff,
    0xff, 0xf1, 0x3f, 0xff, 0xff, 0xff, 0xff, 0xff,
    0xf2, 0x1f, 0xff, 0x60, 0x0, 0x0, 0x0, 0x0,
    0xb, 0xff, 0xe4, 0x0, 0x2, 0x90, 0x0, 0x2,
    0xff, 0xff, 0xec, 0xdf, 0xfc, 0x0, 0x0, 0x3e,
    0xff, 0xff, 0xff, 0xfd, 0x10, 0x0, 0x0, 0x6c,
    0xef, 0xff, 0xb0, 0x0, 0x0, 0x0, 0x0, 0x6,
    0xfb, 0x0, 0x0, 0x0, 0x0, 0x0, 0xf, 0xf2,
    0x0, 0x0, 0x0, 0x0, 0x0, 0x1f, 0xf2, 0x0,
    0x0, 0x0, 0x0, 0x0, 0xe, 0xfe, 0xcb, 0x0,
    0x0, 0x0, 0x0, 0x2, 0xbf, 0xeb, 0x0,

    /* U+011A "Ě" */
    0x0, 0x5f, 0xf4, 0x1, 0xdf, 0xa0, 0x0, 0x0,
    0x8f, 0xf6, 0xef, 0xc0, 0x0, 0x0, 0x0, 0xbf,
    0xff, 0xe1, 0x0, 0x0, 0x0, 0x0, 0x78, 0x82,
    0x0, 0x0, 0x0, 0x0, 0x0, 0x0, 0x0, 0x0,
    0x2, 0xff, 0xff, 0xff, 0xff, 0xff, 0xf7, 0x2f,
    0xff, 0xff, 0xff, 0xff, 0xff, 0x72, 0xff, 0xfe,
    0xdd, 0xdd, 0xdd, 0xd6, 0x2f, 0xff, 0x60, 0x0,
    0x0, 0x0, 0x2, 0xff, 0xf6, 0x0, 0x0, 0x0,
    0x0, 0x2f, 0xff, 0x60, 0x0, 0x0, 0x0, 0x2,
    0xff, 0xff, 0xff, 0xff, 0xff, 0x80, 0x2f, 0xff,
    0xff, 0xff, 0xff, 0xf8, 0x2, 0xff, 0xfd, 0xcc,
    0xcc, 0xcc, 0x60, 0x2f, 0xff, 0x60, 0x0, 0x0,
    0x0, 0x2, 0xff, 0xf6, 0x0, 0x0, 0x0, 0x0,
    0x2f, 0xff, 0x60, 0x0, 0x0, 0x0, 0x2, 0xff,
    0xfe, 0xdd, 0xdd, 0xdd, 0xda, 0x2f, 0xff, 0xff,
    0xff, 0xff, 0xff, 0xc2, 0xff, 0xff, 0xff, 0xff,
    0xff, 0xfc,

    /* U+011B "ě" */
    0x0, 0x17, 0x82, 0x0, 0x38, 0x71, 0x0, 0x0,
    0x8, 0xff, 0x46, 0xff, 0x60, 0x0, 0x0, 0x0,
    0x8f, 0xff, 0xf6, 0x0, 0x0, 0x0, 0x0, 0x6,
    0x88, 0x50, 0x0, 0x0, 0x0, 0x0, 0x0, 0x0,
    0x0, 0x0, 0x0, 0x0, 0x1, 0x7d, 0xff, 0xd7,
    0x10, 0x0, 0x0, 0x4e, 0xff, 0xff, 0xff, 0xe3,
    0x0, 0x2, 0xff, 0xff, 0xaa, 0xef, 0xfe, 0x20,
    0xb, 0xff, 0xd1, 0x0, 0xc, 0xff, 0x90, 0x1f,
    0xff, 0x40, 0x0, 0x3, 0xff, 0xf0, 0x3f, 0xff,
    0xff, 0xff, 0xff, 0xff, 0xf1, 0x3f, 0xff, 0xff,
    0xff, 0xff, 0xff, 0xf2, 0x1f, 0xff, 0x60, 0x0,
    0x0, 0x0, 0x0, 0xb, 0xff, 0xe4, 0x0, 0x2,
    0x90, 0x0, 0x2, 0xff, 0xff, 0xec, 0xdf, 0xfb,
    0x0, 0x0, 0x3e, 0xff, 0xff, 0xff, 0xfc, 0x10,
    0x0, 0x0, 0x6c, 0xef, 0xeb, 0x60, 0x0,

    /* U+011C "Ĝ" */
    0x0, 0x0, 0x0, 0xc, 0xff, 0xf3, 0x0, 0x0,
    0x0, 0x0, 0x0, 0xcf, 0xeb, 0xff, 0x30, 0x0,
    0x0, 0x0, 0xb, 0xfc, 0x10, 0x8f, 0xe2, 0x0,
    0x0, 0x0, 0x0, 0x0, 0x0, 0x0, 0x0, 0x0,
    0x0, 0x0, 0x0, 0x0, 0x0, 0x0, 0x0, 0x0,
    0x0, 0x0, 0x3, 0x9d, 0xef, 0xeb, 0x71, 0x0,
    0x0, 0x1, 0xbf, 0xff, 0xff, 0xff, 0xff, 0x70,
    0x0, 0x2e, 0xff, 0xff, 0xff, 0xff, 0xff, 0xf7,
    0x0, 0xef, 0xff, 0xd6, 0x20, 0x26, 0xdf, 0xb0,
    0x7, 0xff, 0xfa, 0x0, 0x0, 0x0, 0x6, 0x0,
    0xd, 0xff, 0xe0, 0x0, 0x0, 0x0, 0x0, 0x0,
    0xf, 0xff, 0x90, 0x0, 0x0, 0x0, 0x0, 0x0,
    0x1f, 0xff, 0x80, 0x0, 0x0, 0x0, 0x8b, 0xb5,
    0xf, 0xff, 0x90, 0x0, 0x0, 0x0, 0xcf, 0xf7,
    0xd, 0xff, 0xe0, 0x0, 0x0, 0x0, 0xcf, 0xf7,
    0x7, 0xff, 0xfa, 0x0, 0x0, 0x0, 0xcf, 0xf7,
    0x0, 0xef, 0xff, 0xd5, 0x20, 0x15, 0xef, 0xf7,
    0x0, 0x2e, 0xff, 0xff, 0xff, 0xff, 0xff, 0xf7,
    0x0, 0x2, 0xcf, 0xff, 0xff, 0xff, 0xff, 0xa1,
    0x0, 0x0, 0x3, 0x9d, 0xff, 0xec, 0x82, 0x0,

    /* U+011D "ĝ" */
    0x0, 0x0, 0x8, 0xff, 0xf7, 0x0, 0x0, 0x0,
    0x0, 0x7f, 0xfa, 0xff, 0x70, 0x0, 0x0, 0x7,
    0xfe, 0x40, 0x4e, 0xf7, 0x0, 0x0, 0x0, 0x0,
    0x0, 0x0, 0x0, 0x0, 0x0, 0x0, 0x0, 0x0,
    0x0, 0x0, 0x0, 0x0, 0x3, 0x9d, 0xfe, 0xa3,
    0x7f, 0xfc, 0x0, 0x7f, 0xff, 0xff, 0xff, 0xcf,
    0xfc, 0x5, 0xff, 0xff, 0xed, 0xff, 0xff, 0xfc,
    0xe, 0xff, 0xf5, 0x0, 0x1a, 0xff, 0xfc, 0x2f,
    0xff, 0x70, 0x0, 0x0, 0xdf, 0xfc, 0x4f, 0xff,
    0x30, 0x0, 0x0, 0xaf, 0xfc, 0x2f, 0xff, 0x60,
    0x0, 0x0, 0xdf, 0xfc, 0xe, 0xff, 0xf4, 0x0,
    0x9, 0xff, 0xfc, 0x6, 0xff, 0xff, 0xed, 0xff,
    0xff, 0xfc, 0x0, 0x7f, 0xff, 0xff, 0xff, 0xef,
    0xfc, 0x0, 0x3, 0xae, 0xfe, 0xb3, 0xbf, 0xfb,
    0x0, 0x0, 0x0, 0x0, 0x0, 0xef, 0xf9, 0x0,
    0x99, 0x20, 0x0, 0x9, 0xff, 0xf5, 0x2, 0xff,
    0xfe, 0xcc, 0xff, 0xff, 0xd0, 0x5, 0xff, 0xff,
    0xff, 0xff, 0xfd, 0x20, 0x0, 0x17, 0xbe, 0xff,
    0xeb, 0x60, 0x0,

    /* U+011E "Ğ" */
    0x0, 0x0, 0x6, 0x82, 0x0, 0x7, 0x81, 0x0,
    0x0, 0x0, 0xb, 0xfb, 0x0, 0x6f, 0xf0, 0x0,
    0x0, 0x0, 0x3, 0xff, 0xed, 0xff, 0x80, 0x0,
    0x0, 0x0, 0x0, 0x2a, 0xef, 0xc5, 0x0, 0x0,
    0x0, 0x0, 0x0, 0x0, 0x0, 0x0, 0x0, 0x0,
    0x0, 0x0, 0x0, 0x0, 0x0, 0x0, 0x0, 0x0,
    0x0, 0x0, 0x3, 0x9d, 0xef, 0xeb, 0x71, 0x0,
    0x0, 0x1, 0xbf, 0xff, 0xff, 0xff, 0xff, 0x70,
    0x0, 0x2e, 0xff, 0xff, 0xff, 0xff, 0xff, 0xf7,
    0x0, 0xef, 0xff, 0xd6, 0x20, 0x26, 0xdf, 0xb0,
    0x7, 0xff, 0xfa, 0x0, 0x0, 0x0, 0x6, 0x0,
    0xd, 0xff, 0xe0, 0x0, 0x0, 0x0, 0x0, 0x0,
    0xf, 0xff, 0x90, 0x0, 0x0, 0x0, 0x0, 0x0,
    0x1f, 0xff, 0x80, 0x0, 0x0, 0x0, 0x8b, 0xb5,
    0xf, 0xff, 0x90, 0x0, 0x0, 0x0, 0xcf, 0xf7,
    0xd, 0xff, 0xe0, 0x0, 0x0, 0x0, 0xcf, 0xf7,
    0x7, 0xff, 0xfa, 0x0, 0x0, 0x0, 0xcf, 0xf7,
    0x0, 0xef, 0xff, 0xd5, 0x20, 0x15, 0xef, 0xf7,
    0x0, 0x2e, 0xff, 0xff, 0xff, 0xff, 0xff, 0xf7,
    0x0, 0x2, 0xcf, 0xff, 0xff, 0xff, 0xff, 0xa1,
    0x0, 0x0, 0x3, 0x9d, 0xff, 0xec, 0x82, 0x0,

    /* U+011F "ğ" */
    0x0, 0x7, 0xfb, 0x0, 0xb, 0xf7, 0x0, 0x0,
    0x3, 0xff, 0x50, 0x5f, 0xf3, 0x0, 0x0, 0x0,
    0x9f, 0xff, 0xff, 0x80, 0x0, 0x0, 0x0, 0x5,
    0xac, 0xa5, 0x0, 0x0, 0x0, 0x0, 0x0, 0x0,
    0x0, 0x0, 0x0, 0x0, 0x3, 0x9d, 0xfe, 0xa3,
    0x7f, 0xfc, 0x0, 0x7f, 0xff, 0xff, 0xff, 0xcf,
    0xfc, 0x5, 0xff, 0xff, 0xed, 0xff, 0xff, 0xfc,
    0xe, 0xff, 0xf5, 0x0, 0x1a, 0xff, 0xfc, 0x2f,
    0xff, 0x70, 0x0, 0x0, 0xdf, 0xfc, 0x4f, 0xff,
    0x30, 0x0, 0x0, 0xaf, 0xfc, 0x2f, 0xff, 0x60,
    0x0, 0x0, 0xdf, 0xfc, 0xe, 0xff, 0xf4, 0x0,
    0x9, 0xff, 0xfc, 0x6, 0xff, 0xff, 0xed, 0xff,
    0xff, 0xfc, 0x0, 0x7f, 0xff, 0xff, 0xff, 0xef,
    0xfc, 0x0, 0x3, 0xae, 0xfe, 0xb3, 0xbf, 0xfb,
    0x0, 0x0, 0x0, 0x0, 0x0, 0xef, 0xf9, 0x0,
    0x99, 0x20, 0x0, 0x9, 0xff, 0xf5, 0x2, 0xff,
    0xfe, 0xcc, 0xff, 0xff, 0xd0, 0x5, 0xff, 0xff,
    0xff, 0xff, 0xfd, 0x20, 0x0, 0x17, 0xbe, 0xff,
    0xeb, 0x60, 0x0,

    /* U+0120 "Ġ" */
    0x0, 0x0, 0x0, 0x0, 0x8a, 0x20, 0x0, 0x0,
    0x0, 0x0, 0x0, 0x8, 0xff, 0xd0, 0x0, 0x0,
    0x0, 0x0, 0x0, 0x9, 0xff, 0xf0, 0x0, 0x0,
    0x0, 0x0, 0x0, 0x2, 0xde, 0x60, 0x0, 0x0,
    0x0, 0x0, 0x0, 0x0, 0x0, 0x0, 0x0, 0x0,
    0x0, 0x0, 0x0, 0x0, 0x0, 0x0, 0x0, 0x0,
    0x0, 0x0, 0x3, 0x9d, 0xef, 0xeb, 0x71, 0x0,
    0x0, 0x1, 0xbf, 0xff, 0xff, 0xff, 0xff, 0x70,
    0x0, 0x2e, 0xff, 0xff, 0xff, 0xff, 0xff, 0xf7,
    0x0, 0xef, 0xff, 0xd6, 0x20, 0x26, 0xdf, 0xb0,
    0x7, 0xff, 0xfa, 0x0, 0x0, 0x0, 0x6, 0x0,
    0xd, 0xff, 0xe0, 0x0, 0x0, 0x0, 0x0, 0x0,
    0xf, 0xff, 0x90, 0x0, 0x0, 0x0, 0x0, 0x0,
    0x1f, 0xff, 0x80, 0x0, 0x0, 0x0, 0x8b, 0xb5,
    0xf, 0xff, 0x90, 0x0, 0x0, 0x0, 0xcf, 0xf7,
    0xd, 0xff, 0xe0, 0x0, 0x0, 0x0, 0xcf, 0xf7,
    0x7, 0xff, 0xfa, 0x0, 0x0, 0x0, 0xcf, 0xf7,
    0x0, 0xef, 0xff, 0xd5, 0x20, 0x15, 0xef, 0xf7,
    0x0, 0x2e, 0xff, 0xff, 0xff, 0xff, 0xff, 0xf7,
    0x0, 0x2, 0xcf, 0xff, 0xff, 0xff, 0xff, 0xa1,
    0x0, 0x0, 0x3, 0x9d, 0xff, 0xec, 0x82, 0x0,

    /* U+0121 "ġ" */
    0x0, 0x0, 0x0, 0x5a, 0x50, 0x0, 0x0, 0x0,
    0x0, 0x3, 0xff, 0xf3, 0x0, 0x0, 0x0, 0x0,
    0x4, 0xff, 0xf4, 0x0, 0x0, 0x0, 0x0, 0x0,
    0xaf, 0xa0, 0x0, 0x0, 0x0, 0x0, 0x0, 0x0,
    0x0, 0x0, 0x0, 0x0, 0x0, 0x0, 0x0, 0x0,
    0x0, 0x0, 0x0, 0x3, 0x9d, 0xfe, 0xa3, 0x7f,
    0xfc, 0x0, 0x7f, 0xff, 0xff, 0xff, 0xcf, 0xfc,
    0x5, 0xff, 0xff, 0xed, 0xff, 0xff, 0xfc, 0xe,
    0xff, 0xf5, 0x0, 0x1a, 0xff, 0xfc, 0x2f, 0xff,
    0x70, 0x0, 0x0, 0xdf, 0xfc, 0x4f, 0xff, 0x30,
    0x0, 0x0, 0xaf, 0xfc, 0x2f, 0xff, 0x60, 0x0,
    0x0, 0xdf, 0xfc, 0xe, 0xff, 0xf4, 0x0, 0x9,
    0xff, 0xfc, 0x6, 0xff, 0xff, 0xed, 0xff, 0xff,
    0xfc, 0x0, 0x7f, 0xff, 0xff, 0xff, 0xef, 0xfc,
    0x0, 0x3, 0xae, 0xfe, 0xb3, 0xbf, 0xfb, 0x0,
    0x0, 0x0, 0x0, 0x0, 0xef, 0xf9, 0x0, 0x99,
    0x20, 0x0, 0x9, 0xff, 0xf5, 0x2, 0xff, 0xfe,
    0xcc, 0xff, 0xff, 0xd0, 0x5, 0xff, 0xff, 0xff,
    0xff, 0xfd, 0x20, 0x0, 0x17, 0xbe, 0xff, 0xeb,
    0x60, 0x0,

    /* U+0122 "Ģ" */
    0x0, 0x0, 0x3, 0x9d, 0xef, 0xeb, 0x71, 0x0,
    0x0, 0x1, 0xbf, 0xff, 0xff, 0xff, 0xff, 0x70,
    0x0, 0x2e, 0xff, 0xff, 0xff, 0xff, 0xff, 0xf7,
    0x0, 0xef, 0xff, 0xd6, 0x20, 0x26, 0xdf, 0xb0,
    0x7, 0xff, 0xfa, 0x0, 0x0, 0x0, 0x6, 0x0,
    0xd, 0xff, 0xe0, 0x0, 0x0, 0x0, 0x0, 0x0,
    0xf, 0xff, 0x90, 0x0, 0x0, 0x0, 0x0, 0x0,
    0x1f, 0xff, 0x80, 0x0, 0x0, 0x0, 0x8b, 0xb5,
    0xf, 0xff, 0x90, 0x0, 0x0, 0x0, 0xcf, 0xf7,
    0xd, 0xff, 0xe0, 0x0, 0x0, 0x0, 0xcf, 0xf7,
    0x7, 0xff, 0xfa, 0x0, 0x0, 0x0, 0xcf, 0xf7,
    0x0, 0xef, 0xff, 0xd5, 0x20, 0x15, 0xef, 0xf7,
    0x0, 0x2e, 0xff, 0xff, 0xff, 0xff, 0xff, 0xf7,
    0x0, 0x2, 0xcf, 0xff, 0xff, 0xff, 0xff, 0xa1,
    0x0, 0x0, 0x3, 0x9d, 0xff, 0xec, 0x82, 0x0,
    0x0, 0x0, 0x0, 0x0, 0x0, 0x0, 0x0, 0x0,
    0x0, 0x0, 0x0, 0x3, 0xee, 0x20, 0x0, 0x0,
    0x0, 0x0, 0x0, 0x7, 0xff, 0x60, 0x0, 0x0,
    0x0, 0x0, 0x0, 0x1, 0xef, 0x20, 0x0, 0x0,
    0x0, 0x0, 0x0, 0x1, 0xfb, 0x0, 0x0, 0x0,
    0x0, 0x0, 0x0, 0x1, 0x41, 0x0, 0x0, 0x0,

    /* U+0123 "ģ" */
    0x0, 0x0, 0x0, 0x1f, 0xe0, 0x0, 0x0, 0x0,
    0x0, 0x0, 0x8f, 0x80, 0x0, 0x0, 0x0, 0x0,
    0x0, 0xff, 0xb0, 0x0, 0x0, 0x0, 0x0, 0x2,
    0xff, 0xf2, 0x0, 0x0, 0x0, 0x0, 0x0, 0x7a,
    0x70, 0x0, 0x0, 0x0, 0x0, 0x0, 0x0, 0x0,
    0x0, 0x0, 0x0, 0x3, 0x9d, 0xfe, 0xa3, 0x7f,
    0xfc, 0x0, 0x7f, 0xff, 0xff, 0xff, 0xcf, 0xfc,
    0x5, 0xff, 0xff, 0xed, 0xff, 0xff, 0xfc, 0xe,
    0xff, 0xf5, 0x0, 0x1a, 0xff, 0xfc, 0x2f, 0xff,
    0x70, 0x0, 0x0, 0xdf, 0xfc, 0x4f, 0xff, 0x30,
    0x0, 0x0, 0xaf, 0xfc, 0x2f, 0xff, 0x60, 0x0,
    0x0, 0xdf, 0xfc, 0xe, 0xff, 0xf4, 0x0, 0x9,
    0xff, 0xfc, 0x6, 0xff, 0xff, 0xed, 0xff, 0xff,
    0xfc, 0x0, 0x7f, 0xff, 0xff, 0xff, 0xef, 0xfc,
    0x0, 0x3, 0xae, 0xfe, 0xb3, 0xbf, 0xfb, 0x0,
    0x0, 0x0, 0x0, 0x0, 0xef, 0xf9, 0x0, 0x99,
    0x20, 0x0, 0x9, 0xff, 0xf5, 0x2, 0xff, 0xfe,
    0xcc, 0xff, 0xff, 0xd0, 0x5, 0xff, 0xff, 0xff,
    0xff, 0xfd, 0x20, 0x0, 0x17, 0xbe, 0xff, 0xeb,
    0x60, 0x0,

    /* U+0124 "Ĥ" */
    0x0, 0x0, 0x1, 0xef, 0xfc, 0x0, 0x0, 0x0,
    0x0, 0x0, 0xdf, 0xef, 0xfa, 0x0, 0x0, 0x0,
    0x0, 0xbf, 0xe2, 0x4f, 0xf7, 0x0, 0x0, 0x0,
    0x28, 0x71, 0x0, 0x38, 0x70, 0x0, 0x0, 0x0,
    0x0, 0x0, 0x0, 0x0, 0x0, 0x2, 0xff, 0xf6,
    0x0, 0x0, 0x0, 0x9f, 0xff, 0x2f, 0xff, 0x60,
    0x0, 0x0, 0x9, 0xff, 0xf2, 0xff, 0xf6, 0x0,
    0x0, 0x0, 0x9f, 0xff, 0x2f, 0xff, 0x60, 0x0,
    0x0, 0x9, 0xff, 0xf2, 0xff, 0xf6, 0x0, 0x0,
    0x0, 0x9f, 0xff, 0x2f, 0xff, 0x60, 0x0, 0x0,
    0x9, 0xff, 0xf2, 0xff, 0xff, 0xff, 0xff, 0xff,
    0xff, 0xff, 0x2f, 0xff, 0xff, 0xff, 0xff, 0xff,
    0xff, 0xf2, 0xff, 0xff, 0xff, 0xff, 0xff, 0xff,
    0xff, 0x2f, 0xff, 0x60, 0x0, 0x0, 0x9, 0xff,
    0xf2, 0xff, 0xf6, 0x0, 0x0, 0x0, 0x9f, 0xff,
    0x2f, 0xff, 0x60, 0x0, 0x0, 0x9, 0xff, 0xf2,
    0xff, 0xf6, 0x0, 0x0, 0x0, 0x9f, 0xff, 0x2f,
    0xff, 0x60, 0x0, 0x0, 0x9, 0xff, 0xf2, 0xff,
    0xf6, 0x0, 0x0, 0x0, 0x9f, 0xff,

    /* U+0125 "ĥ" */
    0x0, 0x3, 0x88, 0x70, 0x0, 0x0, 0x0, 0x0,
    0x0, 0x3f, 0xff, 0xfb, 0x0, 0x0, 0x0, 0x0,
    0x3, 0xff, 0x92, 0xdf, 0xb0, 0x0, 0x0, 0x0,
    0x6, 0x85, 0x0, 0x17, 0x83, 0x0, 0x0, 0x0,
    0x0, 0x2, 0x44, 0x40, 0x0, 0x0, 0x0, 0x0,
    0x0, 0x6, 0xff, 0xf0, 0x0, 0x0, 0x0, 0x0,
    0x0, 0x6, 0xff, 0xf0, 0x0, 0x0, 0x0, 0x0,
    0x0, 0x6, 0xff, 0xf0, 0x0, 0x0, 0x0, 0x0,
    0x0, 0x6, 0xff, 0xf0, 0x0, 0x0, 0x0, 0x0,
    0x0, 0x6, 0xff, 0xf1, 0x8d, 0xfe, 0xb4, 0x0,
    0x0, 0x6, 0xff, 0xfe, 0xff, 0xff, 0xff, 0x60,
    0x0, 0x6, 0xff, 0xff, 0xff, 0xff, 0xff, 0xf2,
    0x0, 0x6, 0xff, 0xfe, 0x50, 0x1a, 0xff, 0xf7,
    0x0, 0x6, 0xff, 0xf6, 0x0, 0x0, 0xef, 0xf9,
    0x0, 0x6, 0xff, 0xf1, 0x0, 0x0, 0xcf, 0xfa,
    0x0, 0x6, 0xff, 0xf0, 0x0, 0x0, 0xcf, 0xfb,
    0x0, 0x6, 0xff, 0xf0, 0x0, 0x0, 0xcf, 0xfb,
    0x0, 0x6, 0xff, 0xf0, 0x0, 0x0, 0xcf, 0xfb,
    0x0, 0x6, 0xff, 0xf0, 0x0, 0x0, 0xcf, 0xfb,
    0x0, 0x6, 0xff, 0xf0, 0x0, 0x0, 0xcf, 0xfb,
    0x0, 0x6, 0xff, 0xf0, 0x0, 0x0, 0xcf, 0xfb,

    /* U+0126 "Ħ" */
    0x0, 0xef, 0xfb, 0x0, 0x0, 0x0, 0x5f, 0xff,
    0x40, 0x5, 0x6e, 0xff, 0xd6, 0x66, 0x66, 0x69,
    0xff, 0xf8, 0x61, 0xdf, 0xff, 0xff, 0xff, 0xff,
    0xff, 0xff, 0xff, 0xff, 0x3d, 0xff, 0xff, 0xff,
    0xff, 0xff, 0xff, 0xff, 0xff, 0xf3, 0x0, 0xef,
    0xfb, 0x0, 0x0, 0x0, 0x5f, 0xff, 0x40, 0x0,
    0xe, 0xff, 0xb0, 0x0, 0x0, 0x5, 0xff, 0xf4,
    0x0, 0x0, 0xef, 0xff, 0xff, 0xff, 0xff, 0xff,
    0xff, 0x40, 0x0, 0xe, 0xff, 0xff, 0xff, 0xff,
    0xff, 0xff, 0xf4, 0x0, 0x0, 0xef, 0xff, 0xee,
    0xee, 0xee, 0xff, 0xff, 0x40, 0x0, 0xe, 0xff,
    0xb0, 0x0, 0x0, 0x5, 0xff, 0xf4, 0x0, 0x0,
    0xef, 0xfb, 0x0, 0x0, 0x0, 0x5f, 0xff, 0x40,
    0x0, 0xe, 0xff, 0xb0, 0x0, 0x0, 0x5, 0xff,
    0xf4, 0x0, 0x0, 0xef, 0xfb, 0x0, 0x0, 0x0,
    0x5f, 0xff, 0x40, 0x0, 0xe, 0xff, 0xb0, 0x0,
    0x0, 0x5, 0xff, 0xf4, 0x0, 0x0, 0xef, 0xfb,
    0x0, 0x0, 0x0, 0x5f, 0xff, 0x40, 0x0,

    /* U+0127 "ħ" */
    0x0, 0x44, 0x41, 0x0, 0x0, 0x0, 0x0, 0x2,
    0xff, 0xf4, 0x0, 0x0, 0x0, 0x0, 0xff, 0xff,
    0xff, 0xff, 0xf0, 0x0, 0x0, 0xff, 0xff, 0xff,
    0xff, 0xf0, 0x0, 0x0, 0x2, 0xff, 0xf4, 0x0,
    0x0, 0x0, 0x0, 0x2, 0xff, 0xf4, 0x6c, 0xff,
    0xc6, 0x0, 0x2, 0xff, 0xfe, 0xff, 0xff, 0xff,
    0xa0, 0x2, 0xff, 0xff, 0xff, 0xff, 0xff, 0xf5,
    0x2, 0xff, 0xff, 0x71, 0x6, 0xff, 0xfb, 0x2,
    0xff, 0xfa, 0x0, 0x0, 0xbf, 0xfe, 0x2, 0xff,
    0xf5, 0x0, 0x0, 0x8f, 0xff, 0x2, 0xff, 0xf4,
    0x0, 0x0, 0x7f, 0xff, 0x2, 0xff, 0xf4, 0x0,
    0x0, 0x7f, 0xff, 0x2, 0xff, 0xf4, 0x0, 0x0,
    0x7f, 0xff, 0x2, 0xff, 0xf4, 0x0, 0x0, 0x7f,
    0xff, 0x2, 0xff, 0xf4, 0x0, 0x0, 0x7f, 0xff,
    0x2, 0xff, 0xf4, 0x0, 0x0, 0x7f, 0xff,

    /* U+0128 "Ĩ" */
    0x4, 0xdf, 0xa2, 0x8f, 0x50, 0xef, 0xff, 0xff,
    0xf1, 0x2f, 0xc1, 0x8e, 0xe6, 0x0, 0x0, 0x0,
    0x0, 0x0, 0x0, 0x0, 0x0, 0x0, 0x0, 0x2,
    0xff, 0xf6, 0x0, 0x0, 0x2f, 0xff, 0x60, 0x0,
    0x2, 0xff, 0xf6, 0x0, 0x0, 0x2f, 0xff, 0x60,
    0x0, 0x2, 0xff, 0xf6, 0x0, 0x0, 0x2f, 0xff,
    0x60, 0x0, 0x2, 0xff, 0xf6, 0x0, 0x0, 0x2f,
    0xff, 0x60, 0x0, 0x2, 0xff, 0xf6, 0x0, 0x0,
    0x2f, 0xff, 0x60, 0x0, 0x2, 0xff, 0xf6, 0x0,
    0x0, 0x2f, 0xff, 0x60, 0x0, 0x2, 0xff, 0xf6,
    0x0, 0x0, 0x2f, 0xff, 0x60, 0x0, 0x2, 0xff,
    0xf6, 0x0,

    /* U+0129 "ĩ" */
    0x4, 0xdb, 0x10, 0xbd, 0xe, 0xff, 0xc2, 0xfc,
    0x3f, 0x94, 0xff, 0xf8, 0x4f, 0x60, 0x5e, 0xb0,
    0x0, 0x0, 0x0, 0x0, 0x0, 0x6f, 0xff, 0x0,
    0x0, 0x6f, 0xff, 0x0, 0x0, 0x6f, 0xff, 0x0,
    0x0, 0x6f, 0xff, 0x0, 0x0, 0x6f, 0xff, 0x0,
    0x0, 0x6f, 0xff, 0x0, 0x0, 0x6f, 0xff, 0x0,
    0x0, 0x6f, 0xff, 0x0, 0x0, 0x6f, 0xff, 0x0,
    0x0, 0x6f, 0xff, 0x0, 0x0, 0x6f, 0xff, 0x0,
    0x0, 0x6f, 0xff, 0x0,

    /* U+012A "Ī" */
    0xbf, 0xff, 0xff, 0xea, 0xff, 0xff, 0xfd, 0x0,
    0x0, 0x0, 0x0, 0x0, 0x0, 0x0, 0x2, 0xff,
    0xf6, 0x0, 0x2f, 0xff, 0x60, 0x2, 0xff, 0xf6,
    0x0, 0x2f, 0xff, 0x60, 0x2, 0xff, 0xf6, 0x0,
    0x2f, 0xff, 0x60, 0x2, 0xff, 0xf6, 0x0, 0x2f,
    0xff, 0x60, 0x2, 0xff, 0xf6, 0x0, 0x2f, 0xff,
    0x60, 0x2, 0xff, 0xf6, 0x0, 0x2f, 0xff, 0x60,
    0x2, 0xff, 0xf6, 0x0, 0x2f, 0xff, 0x60, 0x2,
    0xff, 0xf6, 0x0,

    /* U+012B "ī" */
    0xff, 0xff, 0xff, 0x8f, 0xff, 0xff, 0xf9, 0x0,
    0x0, 0x0, 0x0, 0x0, 0x0, 0x0, 0x6, 0xff,
    0xf0, 0x0, 0x6f, 0xff, 0x0, 0x6, 0xff, 0xf0,
    0x0, 0x6f, 0xff, 0x0, 0x6, 0xff, 0xf0, 0x0,
    0x6f, 0xff, 0x0, 0x6, 0xff, 0xf0, 0x0, 0x6f,
    0xff, 0x0, 0x6, 0xff, 0xf0, 0x0, 0x6f, 0xff,
    0x0, 0x6, 0xff, 0xf0, 0x0, 0x6f, 0xff, 0x0,

    /* U+012C "Ĭ" */
    0x5f, 0xe1, 0x0, 0xbf, 0x80, 0xdf, 0xfc, 0xef,
    0xf2, 0x1, 0x8d, 0xfe, 0xa2, 0x0, 0x0, 0x0,
    0x0, 0x0, 0x0, 0x0, 0x0, 0x0, 0x0, 0x2,
    0xff, 0xf6, 0x0, 0x0, 0x2f, 0xff, 0x60, 0x0,
    0x2, 0xff, 0xf6, 0x0, 0x0, 0x2f, 0xff, 0x60,
    0x0, 0x2, 0xff, 0xf6, 0x0, 0x0, 0x2f, 0xff,
    0x60, 0x0, 0x2, 0xff, 0xf6, 0x0, 0x0, 0x2f,
    0xff, 0x60, 0x0, 0x2, 0xff, 0xf6, 0x0, 0x0,
    0x2f, 0xff, 0x60, 0x0, 0x2, 0xff, 0xf6, 0x0,
    0x0, 0x2f, 0xff, 0x60, 0x0, 0x2, 0xff, 0xf6,
    0x0, 0x0, 0x2f, 0xff, 0x60, 0x0, 0x2, 0xff,
    0xf6, 0x0,

    /* U+012D "ĭ" */
    0x18, 0x70, 0x2, 0x85, 0xf, 0xf4, 0xa, 0xf9,
    0x7, 0xff, 0xff, 0xe1, 0x0, 0x4a, 0xb8, 0x10,
    0x0, 0x0, 0x0, 0x0, 0x0, 0x6f, 0xff, 0x0,
    0x0, 0x6f, 0xff, 0x0, 0x0, 0x6f, 0xff, 0x0,
    0x0, 0x6f, 0xff, 0x0, 0x0, 0x6f, 0xff, 0x0,
    0x0, 0x6f, 0xff, 0x0, 0x0, 0x6f, 0xff, 0x0,
    0x0, 0x6f, 0xff, 0x0, 0x0, 0x6f, 0xff, 0x0,
    0x0, 0x6f, 0xff, 0x0, 0x0, 0x6f, 0xff, 0x0,
    0x0, 0x6f, 0xff, 0x0,

    /* U+012E "Į" */
    0x2f, 0xff, 0x60, 0x2f, 0xff, 0x60, 0x2f, 0xff,
    0x60, 0x2f, 0xff, 0x60, 0x2f, 0xff, 0x60, 0x2f,
    0xff, 0x60, 0x2f, 0xff, 0x60, 0x2f, 0xff, 0x60,
    0x2f, 0xff, 0x60, 0x2f, 0xff, 0x60, 0x2f, 0xff,
    0x60, 0x2f, 0xff, 0x60, 0x2f, 0xff, 0x60, 0x2f,
    0xff, 0x60, 0x2f, 0xff, 0x70, 0x5, 0xfc, 0x10,
    0xe, 0xf2, 0x0, 0x2f, 0xf0, 0x0, 0xf, 0xfd,
    0xa0, 0x4, 0xdf, 0xc0,

    /* U+012F "į" */
    0x3d, 0xfa, 0xb, 0xff, 0xf5, 0xaf, 0xff, 0x41,
    0xac, 0x70, 0x0, 0x0, 0x6, 0xff, 0xf0, 0x6f,
    0xff, 0x6, 0xff, 0xf0, 0x6f, 0xff, 0x6, 0xff,
    0xf0, 0x6f, 0xff, 0x6, 0xff, 0xf0, 0x6f, 0xff,
    0x6, 0xff, 0xf0, 0x6f, 0xff, 0x6, 0xff, 0xf0,
    0x6f, 0xff, 0x0, 0xbf, 0x70, 0x5f, 0xc0, 0x8,
    0xfa, 0x0, 0x5f, 0xfc, 0x50, 0x8e, 0xf7,

    /* U+0130 "İ" */
    0x4, 0xa6, 0x1, 0xff, 0xf4, 0x2f, 0xff, 0x60,
    0x9f, 0xb0, 0x0, 0x0, 0x0, 0x0, 0x0, 0x2f,
    0xff, 0x62, 0xff, 0xf6, 0x2f, 0xff, 0x62, 0xff,
    0xf6, 0x2f, 0xff, 0x62, 0xff, 0xf6, 0x2f, 0xff,
    0x62, 0xff, 0xf6, 0x2f, 0xff, 0x62, 0xff, 0xf6,
    0x2f, 0xff, 0x62, 0xff, 0xf6, 0x2f, 0xff, 0x62,
    0xff, 0xf6, 0x2f, 0xff, 0x60,

    /* U+0131 "ı" */
    0x6f, 0xff, 0x6, 0xff, 0xf0, 0x6f, 0xff, 0x6,
    0xff, 0xf0, 0x6f, 0xff, 0x6, 0xff, 0xf0, 0x6f,
    0xff, 0x6, 0xff, 0xf0, 0x6f, 0xff, 0x6, 0xff,
    0xf0, 0x6f, 0xff, 0x6, 0xff, 0xf0,

    /* U+0132 "Ĳ" */
    0x5f, 0xff, 0x40, 0x0, 0x5, 0xff, 0xf3, 0x5f,
    0xff, 0x40, 0x0, 0x5, 0xff, 0xf3, 0x5f, 0xff,
    0x40, 0x0, 0x5, 0xff, 0xf3, 0x5f, 0xff, 0x40,
    0x0, 0x5, 0xff, 0xf3, 0x5f, 0xff, 0x40, 0x0,
    0x5, 0xff, 0xf3, 0x5f, 0xff, 0x40, 0x0, 0x5,
    0xff, 0xf3, 0x5f, 0xff, 0x40, 0x0, 0x5, 0xff,
    0xf3, 0x5f, 0xff, 0x40, 0x0, 0x5, 0xff, 0xf3,
    0x14, 0x44, 0x10, 0x0, 0x5, 0xff, 0xf3, 0x0,
    0x0, 0x0, 0x0, 0x7, 0xff, 0xf1, 0x0, 0x0,
    0x0, 0x0, 0xd, 0xff, 0xe0, 0xa, 0xd7, 0x20,
    0x3, 0xbf, 0xff, 0x80, 0x3f, 0xff, 0xff, 0xff,
    0xff, 0xfd, 0x0, 0x4e, 0xff, 0xff, 0xff, 0xff,
    0xc1, 0x0, 0x0, 0x6a, 0xdf, 0xfd, 0xb5, 0x0,
    0x0,

    /* U+0133 "ĳ" */
    0x1a, 0xc7, 0x0, 0x3, 0xbc, 0x40, 0xaf, 0xff,
    0x40, 0xe, 0xff, 0xf1, 0xbf, 0xff, 0x50, 0xf,
    0xff, 0xf1, 0x3d, 0xfa, 0x0, 0x5, 0xee, 0x60,
    0x0, 0x0, 0x0, 0x0, 0x0, 0x0, 0x0, 0x0,
    0x0, 0x0, 0x0, 0x0, 0x6f, 0xff, 0x0, 0xa,
    0xff, 0xc0, 0x6f, 0xff, 0x0, 0xa, 0xff, 0xc0,
    0x6f, 0xff, 0x0, 0xa, 0xff, 0xc0, 0x6f, 0xff,
    0x0, 0xa, 0xff, 0xc0, 0x6f, 0xff, 0x0, 0xa,
    0xff, 0xc0, 0x6f, 0xff, 0x0, 0xa, 0xff, 0xc0,
    0x6f, 0xff, 0x0, 0xa, 0xff, 0xc0, 0x6f, 0xff,
    0x0, 0xa, 0xff, 0xc0, 0x6f, 0xff, 0x0, 0xa,
    0xff, 0xc0, 0x6f, 0xff, 0x0, 0xa, 0xff, 0xc0,
    0x6f, 0xff, 0x0, 0xa, 0xff, 0xc0, 0x6f, 0xff,
    0x0, 0xa, 0xff, 0xc0, 0x0, 0x0, 0x0, 0xd,
    0xff, 0xb0, 0x0, 0x0, 0xac, 0xdf, 0xff, 0x70,
    0x0, 0x1, 0xff, 0xff, 0xfd, 0x0, 0x0, 0x2,
    0xbe, 0xfd, 0x80, 0x0,

    /* U+0134 "Ĵ" */
    0x0, 0x0, 0x4f, 0xff, 0xb0, 0x0, 0x0, 0x4,
    0xff, 0xae, 0xfb, 0x0, 0x0, 0x3f, 0xf7, 0x2,
    0xdf, 0xa0, 0x0, 0x0, 0x0, 0x0, 0x0, 0x0,
    0x0, 0x0, 0x0, 0x0, 0x0, 0x0, 0x0, 0xcf,
    0xff, 0xff, 0xff, 0xf3, 0x0, 0xcf, 0xff, 0xff,
    0xff, 0xf3, 0x0, 0xad, 0xdd, 0xde, 0xff, 0xf3,
    0x0, 0x0, 0x0, 0x5, 0xff, 0xf3, 0x0, 0x0,
    0x0, 0x5, 0xff, 0xf3, 0x0, 0x0, 0x0, 0x5,
    0xff, 0xf3, 0x0, 0x0, 0x0, 0x5, 0xff, 0xf3,
    0x0, 0x0, 0x0, 0x5, 0xff, 0xf3, 0x0, 0x0,
    0x0, 0x5, 0xff, 0xf3, 0x0, 0x0, 0x0, 0x5,
    0xff, 0xf3, 0x0, 0x30, 0x0, 0x7, 0xff, 0xf2,
    0x4, 0xfa, 0x10, 0x2d, 0xff, 0xf0, 0x2f, 0xff,
    0xff, 0xff, 0xff, 0x90, 0x9, 0xff, 0xff, 0xff,
    0xfd, 0x10, 0x0, 0x3a, 0xef, 0xfc, 0x70, 0x0,

    /* U+0135 "ĵ" */
    0x0, 0x0, 0x6f, 0xff, 0x50, 0x0, 0x0, 0x3f,
    0xfc, 0xff, 0x20, 0x0, 0x1e, 0xf8, 0x9, 0xfd,
    0x10, 0x0, 0x0, 0x0, 0x0, 0x0, 0x0, 0x0,
    0x0, 0x0, 0x0, 0x0, 0x0, 0x4, 0xff, 0xf2,
    0x0, 0x0, 0x0, 0x4f, 0xff, 0x20, 0x0, 0x0,
    0x4, 0xff, 0xf2, 0x0, 0x0, 0x0, 0x4f, 0xff,
    0x20, 0x0, 0x0, 0x4, 0xff, 0xf2, 0x0, 0x0,
    0x0, 0x4f, 0xff, 0x20, 0x0, 0x0, 0x4, 0xff,
    0xf2, 0x0, 0x0, 0x0, 0x4f, 0xff, 0x20, 0x0,
    0x0, 0x4, 0xff, 0xf2, 0x0, 0x0, 0x0, 0x4f,
    0xff, 0x20, 0x0, 0x0, 0x4, 0xff, 0xf2, 0x0,
    0x0, 0x0, 0x4f, 0xff, 0x20, 0x0, 0x0, 0x7,
    0xff, 0xf1, 0x0, 0x5, 0xdc, 0xff, 0xfd, 0x0,
    0x0, 0xbf, 0xff, 0xff, 0x40, 0x0, 0x8, 0xdf,
    0xeb, 0x30, 0x0, 0x0,

    /* U+0136 "Ķ" */
    0x2f, 0xff, 0x60, 0x0, 0x0, 0x5f, 0xff, 0xa0,
    0x2f, 0xff, 0x60, 0x0, 0x4, 0xff, 0xfb, 0x0,
    0x2f, 0xff, 0x60, 0x0, 0x4f, 0xff, 0xb0, 0x0,
    0x2f, 0xff, 0x60, 0x4, 0xff, 0xfc, 0x0, 0x0,
    0x2f, 0xff, 0x60, 0x3f, 0xff, 0xc0, 0x0, 0x0,
    0x2f, 0xff, 0x63, 0xff, 0xfd, 0x10, 0x0, 0x0,
    0x2f, 0xff, 0x9f, 0xff, 0xf1, 0x0, 0x0, 0x0,
    0x2f, 0xff, 0xff, 0xff, 0xf6, 0x0, 0x0, 0x0,
    0x2f, 0xff, 0xff, 0xff, 0xff, 0x40, 0x0, 0x0,
    0x2f, 0xff, 0xfe, 0x6f, 0xff, 0xe2, 0x0, 0x0,
    0x2f, 0xff, 0xe2, 0x6, 0xff, 0xfd, 0x0, 0x0,
    0x2f, 0xff, 0x60, 0x0, 0x9f, 0xff, 0xa0, 0x0,
    0x2f, 0xff, 0x60, 0x0, 0xb, 0xff, 0xf7, 0x0,
    0x2f, 0xff, 0x60, 0x0, 0x1, 0xdf, 0xff, 0x40,
    0x2f, 0xff, 0x60, 0x0, 0x0, 0x2e, 0xff, 0xf2,
    0x0, 0x0, 0x0, 0x0, 0x0, 0x0, 0x0, 0x0,
    0x0, 0x0, 0x0, 0x13, 0x0, 0x0, 0x0, 0x0,
    0x0, 0x0, 0x1, 0xef, 0xa0, 0x0, 0x0, 0x0,
    0x0, 0x0, 0x1, 0xff, 0xc0, 0x0, 0x0, 0x0,
    0x0, 0x0, 0x0, 0x7f, 0x70, 0x0, 0x0, 0x0,
    0x0, 0x0, 0x0, 0xce, 0x0, 0x0, 0x0, 0x0,

    /* U+0137 "ķ" */
    0x24, 0x44, 0x0, 0x0, 0x0, 0x0, 0x0, 0x6f,
    0xff, 0x0, 0x0, 0x0, 0x0, 0x0, 0x6f, 0xff,
    0x0, 0x0, 0x0, 0x0, 0x0, 0x6f, 0xff, 0x0,
    0x0, 0x0, 0x0, 0x0, 0x6f, 0xff, 0x0, 0x0,
    0x0, 0x0, 0x0, 0x6f, 0xff, 0x0, 0x0, 0x7f,
    0xff, 0xa0, 0x6f, 0xff, 0x0, 0x8, 0xff, 0xfa,
    0x0, 0x6f, 0xff, 0x0, 0x9f, 0xff, 0xa0, 0x0,
    0x6f, 0xff, 0x9, 0xff, 0xfb, 0x0, 0x0, 0x6f,
    0xff, 0xaf, 0xff, 0xb0, 0x0, 0x0, 0x6f, 0xff,
    0xff, 0xff, 0x80, 0x0, 0x0, 0x6f, 0xff, 0xff,
    0xff, 0xf4, 0x0, 0x0, 0x6f, 0xff, 0xf9, 0xff,
    0xfe, 0x20, 0x0, 0x6f, 0xff, 0x70, 0x5f, 0xff,
    0xd0, 0x0, 0x6f, 0xff, 0x0, 0x9, 0xff, 0xfa,
    0x0, 0x6f, 0xff, 0x0, 0x0, 0xcf, 0xff, 0x60,
    0x6f, 0xff, 0x0, 0x0, 0x1e, 0xff, 0xf3, 0x0,
    0x0, 0x0, 0x0, 0x0, 0x0, 0x0, 0x0, 0x0,
    0x2, 0x20, 0x0, 0x0, 0x0, 0x0, 0x0, 0x5f,
    0xf5, 0x0, 0x0, 0x0, 0x0, 0x0, 0x6f, 0xf7,
    0x0, 0x0, 0x0, 0x0, 0x0, 0xd, 0xf2, 0x0,
    0x0, 0x0, 0x0, 0x0, 0x1f, 0x90, 0x0, 0x0,
    0x0,

    /* U+0138 "ĸ" */
    0x6f, 0xff, 0x0, 0x0, 0x7f, 0xff, 0xa0, 0x6f,
    0xff, 0x0, 0x8, 0xff, 0xfa, 0x0, 0x6f, 0xff,
    0x0, 0x9f, 0xff, 0xa0, 0x0, 0x6f, 0xff, 0x9,
    0xff, 0xfb, 0x0, 0x0, 0x6f, 0xff, 0xaf, 0xff,
    0xb0, 0x0, 0x0, 0x6f, 0xff, 0xff, 0xff, 0x80,
    0x0, 0x0, 0x6f, 0xff, 0xff, 0xff, 0xf4, 0x0,
    0x0, 0x6f, 0xff, 0xf9, 0xff, 0xfe, 0x20, 0x0,
    0x6f, 0xff, 0x70, 0x5f, 0xff, 0xd0, 0x0, 0x6f,
    0xff, 0x0, 0x9, 0xff, 0xfa, 0x0, 0x6f, 0xff,
    0x0, 0x0, 0xcf, 0xff, 0x60, 0x6f, 0xff, 0x0,
    0x0, 0x1e, 0xff, 0xf3,

    /* U+0139 "Ĺ" */
    0x0, 0xc, 0xff, 0xa0, 0x0, 0x0, 0x0, 0xa,
    0xff, 0x80, 0x0, 0x0, 0x0, 0x8, 0xff, 0x70,
    0x0, 0x0, 0x0, 0x1, 0x78, 0x40, 0x0, 0x0,
    0x0, 0x0, 0x0, 0x0, 0x0, 0x0, 0x0, 0x0,
    0x2, 0xff, 0xf6, 0x0, 0x0, 0x0, 0x0, 0x2f,
    0xff, 0x60, 0x0, 0x0, 0x0, 0x2, 0xff, 0xf6,
    0x0, 0x0, 0x0, 0x0, 0x2f, 0xff, 0x60, 0x0,
    0x0, 0x0, 0x2, 0xff, 0xf6, 0x0, 0x0, 0x0,
    0x0, 0x2f, 0xff, 0x60, 0x0, 0x0, 0x0, 0x2,
    0xff, 0xf6, 0x0, 0x0, 0x0, 0x0, 0x2f, 0xff,
    0x60, 0x0, 0x0, 0x0, 0x2, 0xff, 0xf6, 0x0,
    0x0, 0x0, 0x0, 0x2f, 0xff, 0x60, 0x0, 0x0,
    0x0, 0x2, 0xff, 0xf6, 0x0, 0x0, 0x0, 0x0,
    0x2f, 0xff, 0x60, 0x0, 0x0, 0x0, 0x2, 0xff,
    0xff, 0xee, 0xee, 0xee, 0xe1, 0x2f, 0xff, 0xff,
    0xff, 0xff, 0xff, 0x12, 0xff, 0xff, 0xff, 0xff,
    0xff, 0xf1,

    /* U+013A "ĺ" */
    0x0, 0x7, 0x88, 0x50, 0xb, 0xff, 0x90, 0xb,
    0xff, 0x50, 0x3, 0x87, 0x20, 0x0, 0x24, 0x44,
    0x0, 0x6, 0xff, 0xf0, 0x0, 0x6f, 0xff, 0x0,
    0x6, 0xff, 0xf0, 0x0, 0x6f, 0xff, 0x0, 0x6,
    0xff, 0xf0, 0x0, 0x6f, 0xff, 0x0, 0x6, 0xff,
    0xf0, 0x0, 0x6f, 0xff, 0x0, 0x6, 0xff, 0xf0,
    0x0, 0x6f, 0xff, 0x0, 0x6, 0xff, 0xf0, 0x0,
    0x6f, 0xff, 0x0, 0x6, 0xff, 0xf0, 0x0, 0x6f,
    0xff, 0x0, 0x6, 0xff, 0xf0, 0x0, 0x6f, 0xff,
    0x0, 0x0,

    /* U+013B "Ļ" */
    0x2f, 0xff, 0x60, 0x0, 0x0, 0x0, 0x2, 0xff,
    0xf6, 0x0, 0x0, 0x0, 0x0, 0x2f, 0xff, 0x60,
    0x0, 0x0, 0x0, 0x2, 0xff, 0xf6, 0x0, 0x0,
    0x0, 0x0, 0x2f, 0xff, 0x60, 0x0, 0x0, 0x0,
    0x2, 0xff, 0xf6, 0x0, 0x0, 0x0, 0x0, 0x2f,
    0xff, 0x60, 0x0, 0x0, 0x0, 0x2, 0xff, 0xf6,
    0x0, 0x0, 0x0, 0x0, 0x2f, 0xff, 0x60, 0x0,
    0x0, 0x0, 0x2, 0xff, 0xf6, 0x0, 0x0, 0x0,
    0x0, 0x2f, 0xff, 0x60, 0x0, 0x0, 0x0, 0x2,
    0xff, 0xf6, 0x0, 0x0, 0x0, 0x0, 0x2f, 0xff,
    0xfe, 0xee, 0xee, 0xee, 0x12, 0xff, 0xff, 0xff,
    0xff, 0xff, 0xf1, 0x2f, 0xff, 0xff, 0xff, 0xff,
    0xff, 0x10, 0x0, 0x0, 0x0, 0x0, 0x0, 0x0,
    0x0, 0x0, 0x0, 0x30, 0x0, 0x0, 0x0, 0x0,
    0x0, 0xdf, 0xc0, 0x0, 0x0, 0x0, 0x0, 0xe,
    0xfe, 0x0, 0x0, 0x0, 0x0, 0x0, 0x5f, 0x90,
    0x0, 0x0, 0x0, 0x0, 0x9, 0xf1, 0x0, 0x0,
    0x0,

    /* U+013C "ļ" */
    0x24, 0x44, 0x6, 0xff, 0xf0, 0x6f, 0xff, 0x6,
    0xff, 0xf0, 0x6f, 0xff, 0x6, 0xff, 0xf0, 0x6f,
    0xff, 0x6, 0xff, 0xf0, 0x6f, 0xff, 0x6, 0xff,
    0xf0, 0x6f, 0xff, 0x6, 0xff, 0xf0, 0x6f, 0xff,
    0x6, 0xff, 0xf0, 0x6f, 0xff, 0x6, 0xff, 0xf0,
    0x6f, 0xff, 0x0, 0x0, 0x0, 0x1, 0x30, 0x1,
    0xff, 0x90, 0x1f, 0xfb, 0x0, 0x8f, 0x60, 0xc,
    0xe0, 0x0,

    /* U+013D "Ľ" */
    0x0, 0x0, 0x0, 0x0, 0x36, 0x60, 0x0, 0x0,
    0x0, 0x0, 0x8, 0xff, 0x0, 0x2f, 0xff, 0x60,
    0x0, 0x8f, 0xd0, 0x2, 0xff, 0xf6, 0x0, 0x8,
    0xfc, 0x0, 0x2f, 0xff, 0x60, 0x0, 0x8f, 0xa0,
    0x2, 0xff, 0xf6, 0x0, 0x0, 0x0, 0x0, 0x2f,
    0xff, 0x60, 0x0, 0x0, 0x0, 0x2, 0xff, 0xf6,
    0x0, 0x0, 0x0, 0x0, 0x2f, 0xff, 0x60, 0x0,
    0x0, 0x0, 0x2, 0xff, 0xf6, 0x0, 0x0, 0x0,
    0x0, 0x2f, 0xff, 0x60, 0x0, 0x0, 0x0, 0x2,
    0xff, 0xf6, 0x0, 0x0, 0x0, 0x0, 0x2f, 0xff,
    0x60, 0x0, 0x0, 0x0, 0x2, 0xff, 0xf6, 0x0,
    0x0, 0x0, 0x0, 0x2f, 0xff, 0xfe, 0xee, 0xee,
    0xee, 0x12, 0xff, 0xff, 0xff, 0xff, 0xff, 0xf1,
    0x2f, 0xff, 0xff, 0xff, 0xff, 0xff, 0x10,

    /* U+013E "ľ" */
    0x24, 0x44, 0x3, 0xff, 0x46, 0xff, 0xf0, 0x3f,
    0xf3, 0x6f, 0xff, 0x3, 0xff, 0x16, 0xff, 0xf0,
    0x3f, 0xf0, 0x6f, 0xff, 0x1, 0x66, 0x6, 0xff,
    0xf0, 0x0, 0x0, 0x6f, 0xff, 0x0, 0x0, 0x6,
    0xff, 0xf0, 0x0, 0x0, 0x6f, 0xff, 0x0, 0x0,
    0x6, 0xff, 0xf0, 0x0, 0x0, 0x6f, 0xff, 0x0,
    0x0, 0x6, 0xff, 0xf0, 0x0, 0x0, 0x6f, 0xff,
    0x0, 0x0, 0x6, 0xff, 0xf0, 0x0, 0x0, 0x6f,
    0xff, 0x0, 0x0, 0x6, 0xff, 0xf0, 0x0, 0x0,
    0x6f, 0xff, 0x0, 0x0, 0x0,

    /* U+013F "Ŀ" */
    0x2f, 0xff, 0x60, 0x0, 0x0, 0x0, 0x2, 0xff,
    0xf6, 0x0, 0x0, 0x0, 0x0, 0x2f, 0xff, 0x60,
    0x0, 0x0, 0x0, 0x2, 0xff, 0xf6, 0x0, 0x0,
    0x0, 0x0, 0x2f, 0xff, 0x60, 0x0, 0xaf, 0xa0,
    0x2, 0xff, 0xf6, 0x0, 0x4f, 0xff, 0x40, 0x2f,
    0xff, 0x60, 0x4, 0xff, 0xf3, 0x2, 0xff, 0xf6,
    0x0, 0x8, 0xc7, 0x0, 0x2f, 0xff, 0x60, 0x0,
    0x0, 0x0, 0x2, 0xff, 0xf6, 0x0, 0x0, 0x0,
    0x0, 0x2f, 0xff, 0x60, 0x0, 0x0, 0x0, 0x2,
    0xff, 0xf6, 0x0, 0x0, 0x0, 0x0, 0x2f, 0xff,
    0xfe, 0xee, 0xee, 0xee, 0x12, 0xff, 0xff, 0xff,
    0xff, 0xff, 0xf1, 0x2f, 0xff, 0xff, 0xff, 0xff,
    0xff, 0x10,

    /* U+0140 "ŀ" */
    0x24, 0x44, 0x0, 0x0, 0x0, 0x6f, 0xff, 0x0,
    0x0, 0x0, 0x6f, 0xff, 0x0, 0x0, 0x0, 0x6f,
    0xff, 0x0, 0x0, 0x0, 0x6f, 0xff, 0x0, 0x0,
    0x0, 0x6f, 0xff, 0x0, 0x0, 0x0, 0x6f, 0xff,
    0x0, 0x0, 0x0, 0x6f, 0xff, 0x0, 0x36, 0x10,
    0x6f, 0xff, 0x3, 0xff, 0xc0, 0x6f, 0xff, 0x6,
    0xff, 0xf0, 0x6f, 0xff, 0x1, 0xcf, 0x70, 0x6f,
    0xff, 0x0, 0x0, 0x0, 0x6f, 0xff, 0x0, 0x0,
    0x0, 0x6f, 0xff, 0x0, 0x0, 0x0, 0x6f, 0xff,
    0x0, 0x0, 0x0, 0x6f, 0xff, 0x0, 0x0, 0x0,
    0x6f, 0xff, 0x0, 0x0, 0x0,

    /* U+0141 "Ł" */
    0x0, 0xe, 0xff, 0xa0, 0x0, 0x0, 0x0, 0x0,
    0x0, 0xef, 0xfa, 0x0, 0x0, 0x0, 0x0, 0x0,
    0xe, 0xff, 0xa0, 0x0, 0x0, 0x0, 0x0, 0x0,
    0xef, 0xfa, 0x1b, 0x70, 0x0, 0x0, 0x0, 0xe,
    0xff, 0xfe, 0xff, 0x10, 0x0, 0x0, 0x0, 0xef,
    0xff, 0xfd, 0x20, 0x0, 0x0, 0x0, 0xf, 0xff,
    0xf9, 0x0, 0x0, 0x0, 0x0, 0x6, 0xff, 0xff,
    0x0, 0x0, 0x0, 0x0, 0xa, 0xff, 0xff, 0xa0,
    0x0, 0x0, 0x0, 0x0, 0xdf, 0xff, 0xfa, 0x0,
    0x0, 0x0, 0x0, 0x2, 0x4e, 0xff, 0xa0, 0x0,
    0x0, 0x0, 0x0, 0x0, 0xef, 0xfa, 0x0, 0x0,
    0x0, 0x0, 0x0, 0xe, 0xff, 0xfe, 0xee, 0xee,
    0xee, 0x50, 0x0, 0xef, 0xff, 0xff, 0xff, 0xff,
    0xf6, 0x0, 0xe, 0xff, 0xff, 0xff, 0xff, 0xff,
    0x60,

    /* U+0142 "ł" */
    0x0, 0x4, 0x44, 0x10, 0x0, 0x2, 0xff, 0xf4,
    0x0, 0x0, 0x2f, 0xff, 0x40, 0x0, 0x2, 0xff,
    0xf4, 0x0, 0x0, 0x2f, 0xff, 0x40, 0x0, 0x2,
    0xff, 0xf4, 0x10, 0x0, 0x2f, 0xff, 0xdf, 0x20,
    0x2, 0xff, 0xff, 0xf8, 0x0, 0x2f, 0xff, 0xf6,
    0x0, 0xa, 0xff, 0xf7, 0x0, 0x1c, 0xff, 0xff,
    0x40, 0x4, 0xff, 0xff, 0xf4, 0x0, 0x6, 0x5f,
    0xff, 0x40, 0x0, 0x2, 0xff, 0xf4, 0x0, 0x0,
    0x2f, 0xff, 0x40, 0x0, 0x2, 0xff, 0xf4, 0x0,
    0x0, 0x2f, 0xff, 0x40, 0x0,

    /* U+0143 "Ń" */
    0x0, 0x0, 0x0, 0x0, 0x9f, 0xfd, 0x20, 0x0,
    0x0, 0x0, 0x0, 0x6f, 0xfc, 0x10, 0x0, 0x0,
    0x0, 0x0, 0x4f, 0xfa, 0x0, 0x0, 0x0, 0x0,
    0x0, 0x7, 0x86, 0x0, 0x0, 0x0, 0x0, 0x0,
    0x0, 0x0, 0x0, 0x0, 0x0, 0x2, 0xff, 0xf3,
    0x0, 0x0, 0x0, 0x9f, 0xff, 0x2f, 0xff, 0xe1,
    0x0, 0x0, 0x9, 0xff, 0xf2, 0xff, 0xff, 0xd0,
    0x0, 0x0, 0x9f, 0xff, 0x2f, 0xff, 0xff, 0xb0,
    0x0, 0x9, 0xff, 0xf2, 0xff, 0xff, 0xff, 0x80,
    0x0, 0x9f, 0xff, 0x2f, 0xff, 0xff, 0xff, 0x60,
    0x9, 0xff, 0xf2, 0xff, 0xf8, 0xff, 0xff, 0x40,
    0x9f, 0xff, 0x2f, 0xff, 0x54, 0xff, 0xfe, 0x29,
    0xff, 0xf2, 0xff, 0xf5, 0x7, 0xff, 0xfd, 0xaf,
    0xff, 0x2f, 0xff, 0x50, 0x9, 0xff, 0xff, 0xff,
    0xf2, 0xff, 0xf5, 0x0, 0xb, 0xff, 0xff, 0xff,
    0x2f, 0xff, 0x50, 0x0, 0x1d, 0xff, 0xff, 0xf2,
    0xff, 0xf5, 0x0, 0x0, 0x2e, 0xff, 0xff, 0x2f,
    0xff, 0x50, 0x0, 0x0, 0x4f, 0xff, 0xf2, 0xff,
    0xf5, 0x0, 0x0, 0x0, 0x6f, 0xff,

    /* U+0144 "ń" */
    0x0, 0x0, 0x0, 0x4, 0x88, 0x70, 0x0, 0x0,
    0x0, 0x5, 0xff, 0xd2, 0x0, 0x0, 0x0, 0x5,
    0xff, 0xa0, 0x0, 0x0, 0x0, 0x0, 0x78, 0x50,
    0x0, 0x0, 0x0, 0x0, 0x0, 0x0, 0x0, 0x0,
    0x6, 0xff, 0xd2, 0x9d, 0xfe, 0xb4, 0x0, 0x6f,
    0xff, 0xff, 0xff, 0xff, 0xf6, 0x6, 0xff, 0xff,
    0xfd, 0xef, 0xff, 0xf2, 0x6f, 0xff, 0xd2, 0x0,
    0x7f, 0xff, 0x76, 0xff, 0xf4, 0x0, 0x0, 0xef,
    0xf9, 0x6f, 0xff, 0x10, 0x0, 0xc, 0xff, 0xa6,
    0xff, 0xf0, 0x0, 0x0, 0xcf, 0xfb, 0x6f, 0xff,
    0x0, 0x0, 0xc, 0xff, 0xb6, 0xff, 0xf0, 0x0,
    0x0, 0xcf, 0xfb, 0x6f, 0xff, 0x0, 0x0, 0xc,
    0xff, 0xb6, 0xff, 0xf0, 0x0, 0x0, 0xcf, 0xfb,
    0x6f, 0xff, 0x0, 0x0, 0xc, 0xff, 0xb0,

    /* U+0145 "Ņ" */
    0x2f, 0xff, 0x30, 0x0, 0x0, 0x9, 0xff, 0xf2,
    0xff, 0xfe, 0x10, 0x0, 0x0, 0x9f, 0xff, 0x2f,
    0xff, 0xfd, 0x0, 0x0, 0x9, 0xff, 0xf2, 0xff,
    0xff, 0xfb, 0x0, 0x0, 0x9f, 0xff, 0x2f, 0xff,
    0xff, 0xf8, 0x0, 0x9, 0xff, 0xf2, 0xff, 0xff,
    0xff, 0xf6, 0x0, 0x9f, 0xff, 0x2f, 0xff, 0x8f,
    0xff, 0xf4, 0x9, 0xff, 0xf2, 0xff, 0xf5, 0x4f,
    0xff, 0xe2, 0x9f, 0xff, 0x2f, 0xff, 0x50, 0x7f,
    0xff, 0xda, 0xff, 0xf2, 0xff, 0xf5, 0x0, 0x9f,
    0xff, 0xff, 0xff, 0x2f, 0xff, 0x50, 0x0, 0xbf,
    0xff, 0xff, 0xf2, 0xff, 0xf5, 0x0, 0x1, 0xdf,
    0xff, 0xff, 0x2f, 0xff, 0x50, 0x0, 0x2, 0xef,
    0xff, 0xf2, 0xff, 0xf5, 0x0, 0x0, 0x4, 0xff,
    0xff, 0x2f, 0xff, 0x50, 0x0, 0x0, 0x6, 0xff,
    0xf0, 0x0, 0x0, 0x0, 0x0, 0x0, 0x0, 0x0,
    0x0, 0x0, 0x0, 0x2, 0x10, 0x0, 0x0, 0x0,
    0x0, 0x0, 0x6, 0xff, 0x30, 0x0, 0x0, 0x0,
    0x0, 0x0, 0x7f, 0xf5, 0x0, 0x0, 0x0, 0x0,
    0x0, 0x0, 0xef, 0x0, 0x0, 0x0, 0x0, 0x0,
    0x0, 0x3f, 0x70, 0x0, 0x0, 0x0,

    /* U+0146 "ņ" */
    0x6f, 0xfd, 0x29, 0xdf, 0xeb, 0x40, 0x6, 0xff,
    0xff, 0xff, 0xff, 0xff, 0x60, 0x6f, 0xff, 0xff,
    0xde, 0xff, 0xff, 0x26, 0xff, 0xfd, 0x20, 0x7,
    0xff, 0xf7, 0x6f, 0xff, 0x40, 0x0, 0xe, 0xff,
    0x96, 0xff, 0xf1, 0x0, 0x0, 0xcf, 0xfa, 0x6f,
    0xff, 0x0, 0x0, 0xc, 0xff, 0xb6, 0xff, 0xf0,
    0x0, 0x0, 0xcf, 0xfb, 0x6f, 0xff, 0x0, 0x0,
    0xc, 0xff, 0xb6, 0xff, 0xf0, 0x0, 0x0, 0xcf,
    0xfb, 0x6f, 0xff, 0x0, 0x0, 0xc, 0xff, 0xb6,
    0xff, 0xf0, 0x0, 0x0, 0xcf, 0xfb, 0x0, 0x0,
    0x0, 0x0, 0x0, 0x0, 0x0, 0x0, 0x0, 0x3,
    0x10, 0x0, 0x0, 0x0, 0x0, 0xa, 0xfe, 0x0,
    0x0, 0x0, 0x0, 0x0, 0xbf, 0xf1, 0x0, 0x0,
    0x0, 0x0, 0x2, 0xfc, 0x0, 0x0, 0x0, 0x0,
    0x0, 0x7f, 0x40, 0x0, 0x0,

    /* U+0147 "Ň" */
    0x0, 0x2, 0xff, 0x70, 0xb, 0xfd, 0x0, 0x0,
    0x0, 0x4, 0xff, 0x8b, 0xfe, 0x20, 0x0, 0x0,
    0x0, 0x7, 0xff, 0xff, 0x40, 0x0, 0x0, 0x0,
    0x0, 0x6, 0x88, 0x40, 0x0, 0x0, 0x0, 0x0,
    0x0, 0x0, 0x0, 0x0, 0x0, 0x2, 0xff, 0xf3,
    0x0, 0x0, 0x0, 0x9f, 0xff, 0x2f, 0xff, 0xe1,
    0x0, 0x0, 0x9, 0xff, 0xf2, 0xff, 0xff, 0xd0,
    0x0, 0x0, 0x9f, 0xff, 0x2f, 0xff, 0xff, 0xb0,
    0x0, 0x9, 0xff, 0xf2, 0xff, 0xff, 0xff, 0x80,
    0x0, 0x9f, 0xff, 0x2f, 0xff, 0xff, 0xff, 0x60,
    0x9, 0xff, 0xf2, 0xff, 0xf8, 0xff, 0xff, 0x40,
    0x9f, 0xff, 0x2f, 0xff, 0x54, 0xff, 0xfe, 0x29,
    0xff, 0xf2, 0xff, 0xf5, 0x7, 0xff, 0xfd, 0xaf,
    0xff, 0x2f, 0xff, 0x50, 0x9, 0xff, 0xff, 0xff,
    0xf2, 0xff, 0xf5, 0x0, 0xb, 0xff, 0xff, 0xff,
    0x2f, 0xff, 0x50, 0x0, 0x1d, 0xff, 0xff, 0xf2,
    0xff, 0xf5, 0x0, 0x0, 0x2e, 0xff, 0xff, 0x2f,
    0xff, 0x50, 0x0, 0x0, 0x4f, 0xff, 0xf2, 0xff,
    0xf5, 0x0, 0x0, 0x0, 0x6f, 0xff,

    /* U+0148 "ň" */
    0x0, 0x48, 0x70, 0x0, 0x58, 0x60, 0x0, 0x0,
    0xcf, 0xd2, 0x9f, 0xe3, 0x0, 0x0, 0x0, 0xcf,
    0xff, 0xf3, 0x0, 0x0, 0x0, 0x1, 0x88, 0x83,
    0x0, 0x0, 0x0, 0x0, 0x0, 0x0, 0x0, 0x0,
    0x6, 0xff, 0xd2, 0x9d, 0xfe, 0xb4, 0x0, 0x6f,
    0xff, 0xff, 0xff, 0xff, 0xf6, 0x6, 0xff, 0xff,
    0xfd, 0xef, 0xff, 0xf2, 0x6f, 0xff, 0xd2, 0x0,
    0x7f, 0xff, 0x76, 0xff, 0xf4, 0x0, 0x0, 0xef,
    0xf9, 0x6f, 0xff, 0x10, 0x0, 0xc, 0xff, 0xa6,
    0xff, 0xf0, 0x0, 0x0, 0xcf, 0xfb, 0x6f, 0xff,
    0x0, 0x0, 0xc, 0xff, 0xb6, 0xff, 0xf0, 0x0,
    0x0, 0xcf, 0xfb, 0x6f, 0xff, 0x0, 0x0, 0xc,
    0xff, 0xb6, 0xff, 0xf0, 0x0, 0x0, 0xcf, 0xfb,
    0x6f, 0xff, 0x0, 0x0, 0xc, 0xff, 0xb0,

    /* U+0149 "ŉ" */
    0x4, 0x97, 0x0, 0x0, 0x0, 0x0, 0x0, 0x0,
    0x2, 0xff, 0xf9, 0x0, 0x0, 0x0, 0x0, 0x0,
    0x0, 0x5f, 0xff, 0xc0, 0x0, 0x0, 0x0, 0x0,
    0x0, 0x2, 0xff, 0xfa, 0x0, 0x0, 0x0, 0x0,
    0x0, 0x0, 0x5, 0xff, 0x50, 0x0, 0x0, 0x0,
    0x0, 0x0, 0x0, 0x8f, 0xe3, 0xff, 0xf2, 0x7d,
    0xff, 0xc6, 0x0, 0xd, 0xf8, 0x2f, 0xff, 0xef,
    0xff, 0xff, 0xfa, 0x0, 0xcd, 0x22, 0xff, 0xff,
    0xfe, 0xef, 0xff, 0xf5, 0x0, 0x0, 0x2f, 0xff,
    0xf5, 0x0, 0x4f, 0xff, 0xb0, 0x0, 0x2, 0xff,
    0xf9, 0x0, 0x0, 0xaf, 0xfd, 0x0, 0x0, 0x2f,
    0xff, 0x50, 0x0, 0x8, 0xff, 0xe0, 0x0, 0x2,
    0xff, 0xf4, 0x0, 0x0, 0x8f, 0xfe, 0x0, 0x0,
    0x2f, 0xff, 0x40, 0x0, 0x8, 0xff, 0xe0, 0x0,
    0x2, 0xff, 0xf4, 0x0, 0x0, 0x8f, 0xfe, 0x0,
    0x0, 0x2f, 0xff, 0x40, 0x0, 0x8, 0xff, 0xe0,
    0x0, 0x2, 0xff, 0xf4, 0x0, 0x0, 0x8f, 0xfe,
    0x0, 0x0, 0x2f, 0xff, 0x40, 0x0, 0x8, 0xff,
    0xe0,

    /* U+014A "Ŋ" */
    0x2f, 0xff, 0x30, 0x0, 0x0, 0x9, 0xff, 0xf2,
    0xff, 0xfe, 0x10, 0x0, 0x0, 0x9f, 0xff, 0x2f,
    0xff, 0xfd, 0x0, 0x0, 0x9, 0xff, 0xf2, 0xff,
    0xff, 0xfb, 0x0, 0x0, 0x9f, 0xff, 0x2f, 0xff,
    0xff, 0xf8, 0x0, 0x9, 0xff, 0xf2, 0xff, 0xff,
    0xff, 0xf6, 0x0, 0x9f, 0xff, 0x2f, 0xff, 0x8f,
    0xff, 0xf4, 0x9, 0xff, 0xf2, 0xff, 0xf5, 0x4f,
    0xff, 0xe2, 0x9f, 0xff, 0x2f, 0xff, 0x50, 0x7f,
    0xff, 0xda, 0xff, 0xf2, 0xff, 0xf5, 0x0, 0x9f,
    0xff, 0xff, 0xff, 0x2f, 0xff, 0x50, 0x0, 0xbf,
    0xff, 0xff, 0xf2, 0xff, 0xf5, 0x0, 0x1, 0xdf,
    0xff, 0xff, 0x2f, 0xff, 0x50, 0x0, 0x2, 0xef,
    0xff, 0xf2, 0xff, 0xf5, 0x0, 0x0, 0x4, 0xff,
    0xfe, 0x2f, 0xff, 0x50, 0x0, 0x0, 0xa, 0xff,
    0xd0, 0x0, 0x0, 0x2, 0x60, 0x3, 0xef, 0xfa,
    0x0, 0x0, 0x0, 0xcf, 0xff, 0xff, 0xff, 0x40,
    0x0, 0x0, 0x5f, 0xff, 0xff, 0xff, 0x80, 0x0,
    0x0, 0x0, 0x4b, 0xef, 0xeb, 0x40, 0x0,

    /* U+014B "ŋ" */
    0x6f, 0xfd, 0x29, 0xdf, 0xeb, 0x40, 0x6, 0xff,
    0xff, 0xff, 0xff, 0xff, 0x70, 0x6f, 0xff, 0xff,
    0xde, 0xff, 0xff, 0x26, 0xff, 0xfd, 0x20, 0x7,
    0xff, 0xf7, 0x6f, 0xff, 0x40, 0x0, 0xe, 0xff,
    0xa6, 0xff, 0xf1, 0x0, 0x0, 0xcf, 0xfa, 0x6f,
    0xff, 0x0, 0x0, 0xc, 0xff, 0xb6, 0xff, 0xf0,
    0x0, 0x0, 0xcf, 0xfb, 0x6f, 0xff, 0x0, 0x0,
    0xc, 0xff, 0xb6, 0xff, 0xf0, 0x0, 0x0, 0xcf,
    0xfb, 0x6f, 0xff, 0x0, 0x0, 0xc, 0xff, 0xb6,
    0xff, 0xf0, 0x0, 0x0, 0xcf, 0xfa, 0x0, 0x0,
    0x0, 0x0, 0xe, 0xff, 0x90, 0x0, 0x0, 0xc,
    0xce, 0xff, 0xf5, 0x0, 0x0, 0x3, 0xff, 0xff,
    0xfc, 0x0, 0x0, 0x0, 0x3b, 0xef, 0xd8, 0x0,

    /* U+014C "Ō" */
    0x0, 0x0, 0xc, 0xff, 0xff, 0xff, 0xf5, 0x0,
    0x0, 0x0, 0x0, 0xb, 0xff, 0xff, 0xff, 0xf5,
    0x0, 0x0, 0x0, 0x0, 0x0, 0x0, 0x0, 0x0,
    0x0, 0x0, 0x0, 0x0, 0x0, 0x0, 0x0, 0x0,
    0x0, 0x0, 0x0, 0x0, 0x0, 0x0, 0x3, 0x9d,
    0xef, 0xeb, 0x71, 0x0, 0x0, 0x0, 0x1, 0xbf,
    0xff, 0xff, 0xff, 0xff, 0x70, 0x0, 0x0, 0x2e,
    0xff, 0xff, 0xff, 0xff, 0xff, 0xfa, 0x0, 0x0,
    0xdf, 0xff, 0xd5, 0x11, 0x38, 0xff, 0xff, 0x70,
    0x7, 0xff, 0xfa, 0x0, 0x0, 0x0, 0x3f, 0xff,
    0xf1, 0xd, 0xff, 0xe0, 0x0, 0x0, 0x0, 0x6,
    0xff, 0xf6, 0xf, 0xff, 0x90, 0x0, 0x0, 0x0,
    0x0, 0xff, 0xf9, 0x1f, 0xff, 0x80, 0x0, 0x0,
    0x0, 0x0, 0xef, 0xfa, 0xf, 0xff, 0x90, 0x0,
    0x0, 0x0, 0x0, 0xff, 0xf9, 0xd, 0xff, 0xe0,
    0x0, 0x0, 0x0, 0x6, 0xff, 0xf6, 0x7, 0xff,
    0xfa, 0x0, 0x0, 0x0, 0x2f, 0xff, 0xf1, 0x0,
    0xdf, 0xff, 0xc5, 0x11, 0x28, 0xff, 0xff, 0x70,
    0x0, 0x2e, 0xff, 0xff, 0xff, 0xff, 0xff, 0xfa,
    0x0, 0x0, 0x1, 0xbf, 0xff, 0xff, 0xff, 0xff,
    0x70, 0x0, 0x0, 0x0, 0x3, 0x9d, 0xff, 0xeb,
    0x71, 0x0, 0x0,

    /* U+014D "ō" */
    0x0, 0xe, 0xff, 0xff, 0xff, 0xf3, 0x0, 0x0,
    0xd, 0xff, 0xff, 0xff, 0xf3, 0x0, 0x0, 0x0,
    0x0, 0x0, 0x0, 0x0, 0x0, 0x0, 0x0, 0x0,
    0x0, 0x0, 0x0, 0x0, 0x0, 0x1, 0x7c, 0xef,
    0xd9, 0x30, 0x0, 0x0, 0x3e, 0xff, 0xff, 0xff,
    0xf8, 0x0, 0x2, 0xff, 0xff, 0xed, 0xff, 0xff,
    0x80, 0xb, 0xff, 0xf5, 0x0, 0x2c, 0xff, 0xf2,
    0x1f, 0xff, 0x80, 0x0, 0x2, 0xff, 0xf7, 0x3f,
    0xff, 0x40, 0x0, 0x0, 0xdf, 0xfa, 0x3f, 0xff,
    0x40, 0x0, 0x0, 0xdf, 0xfa, 0x1f, 0xff, 0x80,
    0x0, 0x2, 0xff, 0xf7, 0xb, 0xff, 0xf5, 0x0,
    0x2c, 0xff, 0xf2, 0x2, 0xff, 0xff, 0xed, 0xff,
    0xff, 0x80, 0x0, 0x4e, 0xff, 0xff, 0xff, 0xf9,
    0x0, 0x0, 0x1, 0x7c, 0xef, 0xda, 0x30, 0x0,

    /* U+014E "Ŏ" */
    0x0, 0x0, 0x5, 0x83, 0x0, 0x7, 0x82, 0x0,
    0x0, 0x0, 0x0, 0x9, 0xfc, 0x0, 0x4f, 0xf2,
    0x0, 0x0, 0x0, 0x0, 0x2, 0xef, 0xed, 0xff,
    0x90, 0x0, 0x0, 0x0, 0x0, 0x0, 0x2a, 0xef,
    0xd6, 0x0, 0x0, 0x0, 0x0, 0x0, 0x0, 0x0,
    0x0, 0x0, 0x0, 0x0, 0x0, 0x0, 0x0, 0x0,
    0x0, 0x0, 0x0, 0x0, 0x0, 0x0, 0x0, 0x0,
    0x3, 0x9d, 0xef, 0xeb, 0x71, 0x0, 0x0, 0x0,
    0x1, 0xbf, 0xff, 0xff, 0xff, 0xff, 0x70, 0x0,
    0x0, 0x2e, 0xff, 0xff, 0xff, 0xff, 0xff, 0xfa,
    0x0, 0x0, 0xdf, 0xff, 0xd5, 0x11, 0x38, 0xff,
    0xff, 0x70, 0x7, 0xff, 0xfa, 0x0, 0x0, 0x0,
    0x3f, 0xff, 0xf1, 0xd, 0xff, 0xe0, 0x0, 0x0,
    0x0, 0x6, 0xff, 0xf6, 0xf, 0xff, 0x90, 0x0,
    0x0, 0x0, 0x0, 0xff, 0xf9, 0x1f, 0xff, 0x80,
    0x0, 0x0, 0x0, 0x0, 0xef, 0xfa, 0xf, 0xff,
    0x90, 0x0, 0x0, 0x0, 0x0, 0xff, 0xf9, 0xd,
    0xff, 0xe0, 0x0, 0x0, 0x0, 0x6, 0xff, 0xf6,
    0x7, 0xff, 0xfa, 0x0, 0x0, 0x0, 0x2f, 0xff,
    0xf1, 0x0, 0xdf, 0xff, 0xc5, 0x11, 0x28, 0xff,
    0xff, 0x70, 0x0, 0x2e, 0xff, 0xff, 0xff, 0xff,
    0xff, 0xfa, 0x0, 0x0, 0x1, 0xbf, 0xff, 0xff,
    0xff, 0xff, 0x70, 0x0, 0x0, 0x0, 0x3, 0x9d,
    0xff, 0xeb, 0x71, 0x0, 0x0,

    /* U+014F "ŏ" */
    0x0, 0x6, 0x82, 0x0, 0x7, 0x81, 0x0, 0x0,
    0xa, 0xfc, 0x20, 0x8f, 0xf0, 0x0, 0x0, 0x2,
    0xef, 0xff, 0xff, 0x60, 0x0, 0x0, 0x0, 0x7,
    0xbb, 0x92, 0x0, 0x0, 0x0, 0x0, 0x0, 0x0,
    0x0, 0x0, 0x0, 0x0, 0x1, 0x7c, 0xef, 0xd9,
    0x30, 0x0, 0x0, 0x3e, 0xff, 0xff, 0xff, 0xf8,
    0x0, 0x2, 0xff, 0xff, 0xed, 0xff, 0xff, 0x80,
    0xb, 0xff, 0xf5, 0x0, 0x2c, 0xff, 0xf2, 0x1f,
    0xff, 0x80, 0x0, 0x2, 0xff, 0xf7, 0x3f, 0xff,
    0x40, 0x0, 0x0, 0xdf, 0xfa, 0x3f, 0xff, 0x40,
    0x0, 0x0, 0xdf, 0xfa, 0x1f, 0xff, 0x80, 0x0,
    0x2, 0xff, 0xf7, 0xb, 0xff, 0xf5, 0x0, 0x2c,
    0xff, 0xf2, 0x2, 0xff, 0xff, 0xed, 0xff, 0xff,
    0x80, 0x0, 0x4e, 0xff, 0xff, 0xff, 0xf9, 0x0,
    0x0, 0x1, 0x7c, 0xef, 0xda, 0x30, 0x0,

    /* U+0150 "Ő" */
    0x0, 0x0, 0x0, 0xd, 0xff, 0x46, 0xff, 0xa0,
    0x0, 0x0, 0x0, 0x0, 0x5f, 0xf8, 0xe, 0xfe,
    0x10, 0x0, 0x0, 0x0, 0x0, 0xdf, 0xc0, 0x6f,
    0xf4, 0x0, 0x0, 0x0, 0x0, 0x0, 0x22, 0x10,
    0x12, 0x20, 0x0, 0x0, 0x0, 0x0, 0x0, 0x0,
    0x0, 0x0, 0x0, 0x0, 0x0, 0x0, 0x0, 0x3,
    0x9d, 0xef, 0xeb, 0x71, 0x0, 0x0, 0x0, 0x1,
    0xbf, 0xff, 0xff, 0xff, 0xff, 0x70, 0x0, 0x0,
    0x2e, 0xff, 0xff, 0xff, 0xff, 0xff, 0xfa, 0x0,
    0x0, 0xdf, 0xff, 0xd5, 0x11, 0x38, 0xff, 0xff,
    0x70, 0x7, 0xff, 0xfa, 0x0, 0x0, 0x0, 0x3f,
    0xff, 0xf1, 0xd, 0xff, 0xe0, 0x0, 0x0, 0x0,
    0x6, 0xff, 0xf6, 0xf, 0xff, 0x90, 0x0, 0x0,
    0x0, 0x0, 0xff, 0xf9, 0x1f, 0xff, 0x80, 0x0,
    0x0, 0x0, 0x0, 0xef, 0xfa, 0xf, 0xff, 0x90,
    0x0, 0x0, 0x0, 0x0, 0xff, 0xf9, 0xd, 0xff,
    0xe0, 0x0, 0x0, 0x0, 0x6, 0xff, 0xf6, 0x7,
    0xff, 0xfa, 0x0, 0x0, 0x0, 0x2f, 0xff, 0xf1,
    0x0, 0xdf, 0xff, 0xc5, 0x11, 0x28, 0xff, 0xff,
    0x70, 0x0, 0x2e, 0xff, 0xff, 0xff, 0xff, 0xff,
    0xfa, 0x0, 0x0, 0x1, 0xbf, 0xff, 0xff, 0xff,
    0xff, 0x70, 0x0, 0x0, 0x0, 0x3, 0x9d, 0xff,
    0xeb, 0x71, 0x0, 0x0,

    /* U+0151 "ő" */
    0x0, 0x0, 0xe, 0xff, 0x28, 0xff, 0x90, 0x0,
    0x0, 0x7f, 0xf6, 0x1f, 0xfd, 0x0, 0x0, 0x0,
    0xef, 0xa0, 0x8f, 0xf2, 0x0, 0x0, 0x0, 0x22,
    0x0, 0x22, 0x10, 0x0, 0x0, 0x0, 0x0, 0x0,
    0x0, 0x0, 0x0, 0x0, 0x1, 0x7c, 0xef, 0xd9,
    0x30, 0x0, 0x0, 0x3e, 0xff, 0xff, 0xff, 0xf8,
    0x0, 0x2, 0xff, 0xff, 0xed, 0xff, 0xff, 0x80,
    0xb, 0xff, 0xf5, 0x0, 0x2c, 0xff, 0xf2, 0x1f,
    0xff, 0x80, 0x0, 0x2, 0xff, 0xf7, 0x3f, 0xff,
    0x40, 0x0, 0x0, 0xdf, 0xfa, 0x3f, 0xff, 0x40,
    0x0, 0x0, 0xdf, 0xfa, 0x1f, 0xff, 0x80, 0x0,
    0x2, 0xff, 0xf7, 0xb, 0xff, 0xf5, 0x0, 0x2c,
    0xff, 0xf2, 0x2, 0xff, 0xff, 0xed, 0xff, 0xff,
    0x80, 0x0, 0x4e, 0xff, 0xff, 0xff, 0xf9, 0x0,
    0x0, 0x1, 0x7c, 0xef, 0xda, 0x30, 0x0,

    /* U+0152 "Œ" */
    0x0, 0x0, 0x4, 0x9d, 0xef, 0xff, 0xff, 0xff,
    0xff, 0xff, 0xff, 0xfb, 0x0, 0x2, 0xcf, 0xff,
    0xff, 0xff, 0xff, 0xff, 0xff, 0xff, 0xff, 0xfb,
    0x0, 0x3f, 0xff, 0xff, 0xfd, 0xdd, 0xff, 0xfe,
    0xdd, 0xdd, 0xdd, 0xd9, 0x1, 0xef, 0xff, 0xa2,
    0x0, 0x0, 0xff, 0xf9, 0x0, 0x0, 0x0, 0x0,
    0x8, 0xff, 0xf8, 0x0, 0x0, 0x0, 0xff, 0xf9,
    0x0, 0x0, 0x0, 0x0, 0xe, 0xff, 0xe0, 0x0,
    0x0, 0x0, 0xff, 0xf9, 0x0, 0x0, 0x0, 0x0,
    0x1f, 0xff, 0x90, 0x0, 0x0, 0x0, 0xff, 0xff,
    0xff, 0xff, 0xff, 0xc0, 0x2f, 0xff, 0x70, 0x0,
    0x0, 0x0, 0xff, 0xff, 0xff, 0xff, 0xff, 0xc0,
    0x1f, 0xff, 0x90, 0x0, 0x0, 0x0, 0xff, 0xfe,
    0xcc, 0xcc, 0xcc, 0x90, 0xe, 0xff, 0xe0, 0x0,
    0x0, 0x0, 0xff, 0xf9, 0x0, 0x0, 0x0, 0x0,
    0x8, 0xff, 0xf8, 0x0, 0x0, 0x0, 0xff, 0xf9,
    0x0, 0x0, 0x0, 0x0, 0x1, 0xef, 0xff, 0xa3,
    0x0, 0x0, 0xff, 0xf9, 0x0, 0x0, 0x0, 0x0,
    0x0, 0x3f, 0xff, 0xff, 0xfd, 0xdd, 0xff, 0xff,
    0xdd, 0xdd, 0xdd, 0xdd, 0x0, 0x2, 0xcf, 0xff,
    0xff, 0xff, 0xff, 0xff, 0xff, 0xff, 0xff, 0xff,
    0x0, 0x0, 0x4, 0x9d, 0xef, 0xff, 0xff, 0xff,
    0xff, 0xff, 0xff, 0xff,

    /* U+0153 "œ" */
    0x0, 0x1, 0x7c, 0xef, 0xd9, 0x20, 0x3, 0xae,
    0xfe, 0xa4, 0x0, 0x0, 0x4, 0xef, 0xff, 0xff,
    0xff, 0x58, 0xff, 0xff, 0xff, 0xfa, 0x0, 0x2,
    0xff, 0xff, 0xfd, 0xff, 0xff, 0xff, 0xff, 0xdf,
    0xff, 0xf9, 0x0, 0xbf, 0xff, 0x60, 0x2, 0xcf,
    0xff, 0xf8, 0x0, 0x7, 0xff, 0xf2, 0x1f, 0xff,
    0x80, 0x0, 0x2, 0xff, 0xfc, 0x0, 0x0, 0xc,
    0xff, 0x83, 0xff, 0xf4, 0x0, 0x0, 0xd, 0xff,
    0xff, 0xff, 0xff, 0xff, 0xfa, 0x3f, 0xff, 0x40,
    0x0, 0x0, 0xdf, 0xff, 0xff, 0xff, 0xff, 0xff,
    0xa1, 0xff, 0xf8, 0x0, 0x0, 0x1f, 0xff, 0xd0,
    0x0, 0x0, 0x0, 0x0, 0xb, 0xff, 0xf4, 0x0,
    0x1c, 0xff, 0xff, 0xa1, 0x0, 0x7, 0x50, 0x0,
    0x2f, 0xff, 0xfe, 0xcf, 0xff, 0xff, 0xff, 0xfd,
    0xcf, 0xff, 0x50, 0x0, 0x4e, 0xff, 0xff, 0xff,
    0xf5, 0x7f, 0xff, 0xff, 0xff, 0xf6, 0x0, 0x0,
    0x17, 0xce, 0xfd, 0x92, 0x0, 0x29, 0xdf, 0xfd,
    0x92, 0x0,

    /* U+0154 "Ŕ" */
    0x0, 0x0, 0x0, 0x6, 0xff, 0xe3, 0x0, 0x0,
    0x0, 0x0, 0x4, 0xff, 0xd2, 0x0, 0x0, 0x0,
    0x0, 0x2, 0xff, 0xc1, 0x0, 0x0, 0x0, 0x0,
    0x0, 0x58, 0x70, 0x0, 0x0, 0x0, 0x0, 0x0,
    0x0, 0x0, 0x0, 0x0, 0x0, 0x2, 0xff, 0xff,
    0xff, 0xfe, 0xc8, 0x20, 0x0, 0x2f, 0xff, 0xff,
    0xff, 0xff, 0xff, 0x60, 0x2, 0xff, 0xfe, 0xee,
    0xef, 0xff, 0xff, 0x50, 0x2f, 0xff, 0x60, 0x0,
    0x7, 0xff, 0xfd, 0x2, 0xff, 0xf6, 0x0, 0x0,
    0xa, 0xff, 0xf1, 0x2f, 0xff, 0x60, 0x0, 0x0,
    0x7f, 0xff, 0x22, 0xff, 0xf6, 0x0, 0x0, 0xb,
    0xff, 0xf0, 0x2f, 0xff, 0x60, 0x0, 0x29, 0xff,
    0xfb, 0x2, 0xff, 0xff, 0xff, 0xff, 0xff, 0xff,
    0x30, 0x2f, 0xff, 0xff, 0xff, 0xff, 0xfd, 0x40,
    0x2, 0xff, 0xfe, 0xdd, 0xef, 0xff, 0x40, 0x0,
    0x2f, 0xff, 0x60, 0x0, 0xdf, 0xfe, 0x10, 0x2,
    0xff, 0xf6, 0x0, 0x2, 0xff, 0xfa, 0x0, 0x2f,
    0xff, 0x60, 0x0, 0x6, 0xff, 0xf6, 0x2, 0xff,
    0xf6, 0x0, 0x0, 0xb, 0xff, 0xf2,

    /* U+0155 "ŕ" */
    0x0, 0x0, 0x7, 0x88, 0x40, 0x0, 0xb, 0xff,
    0x90, 0x0, 0xb, 0xff, 0x50, 0x0, 0x4, 0x87,
    0x20, 0x0, 0x0, 0x0, 0x0, 0x0, 0x6, 0xff,
    0xd1, 0x9d, 0xe0, 0x6f, 0xfe, 0xef, 0xff, 0x6,
    0xff, 0xff, 0xff, 0xe0, 0x6f, 0xff, 0xf6, 0x0,
    0x6, 0xff, 0xf6, 0x0, 0x0, 0x6f, 0xff, 0x20,
    0x0, 0x6, 0xff, 0xf0, 0x0, 0x0, 0x6f, 0xff,
    0x0, 0x0, 0x6, 0xff, 0xf0, 0x0, 0x0, 0x6f,
    0xff, 0x0, 0x0, 0x6, 0xff, 0xf0, 0x0, 0x0,
    0x6f, 0xff, 0x0, 0x0, 0x0,

    /* U+0156 "Ŗ" */
    0x2f, 0xff, 0xff, 0xff, 0xec, 0x82, 0x0, 0x2,
    0xff, 0xff, 0xff, 0xff, 0xff, 0xf6, 0x0, 0x2f,
    0xff, 0xee, 0xee, 0xff, 0xff, 0xf5, 0x2, 0xff,
    0xf6, 0x0, 0x0, 0x7f, 0xff, 0xd0, 0x2f, 0xff,
    0x60, 0x0, 0x0, 0xaf, 0xff, 0x12, 0xff, 0xf6,
    0x0, 0x0, 0x7, 0xff, 0xf2, 0x2f, 0xff, 0x60,
    0x0, 0x0, 0xbf, 0xff, 0x2, 0xff, 0xf6, 0x0,
    0x2, 0x9f, 0xff, 0xb0, 0x2f, 0xff, 0xff, 0xff,
    0xff, 0xff, 0xf3, 0x2, 0xff, 0xff, 0xff, 0xff,
    0xff, 0xd4, 0x0, 0x2f, 0xff, 0xed, 0xde, 0xff,
    0xf4, 0x0, 0x2, 0xff, 0xf6, 0x0, 0xd, 0xff,
    0xe1, 0x0, 0x2f, 0xff, 0x60, 0x0, 0x2f, 0xff,
    0xa0, 0x2, 0xff, 0xf6, 0x0, 0x0, 0x6f, 0xff,
    0x60, 0x2f, 0xff, 0x60, 0x0, 0x0, 0xbf, 0xff,
    0x20, 0x0, 0x0, 0x0, 0x0, 0x0, 0x0, 0x0,
    0x0, 0x0, 0x0, 0x22, 0x0, 0x0, 0x0, 0x0,
    0x0, 0x0, 0x4f, 0xf5, 0x0, 0x0, 0x0, 0x0,
    0x0, 0x5, 0xff, 0x70, 0x0, 0x0, 0x0, 0x0,
    0x0, 0xc, 0xf2, 0x0, 0x0, 0x0, 0x0, 0x0,
    0x1, 0xfa, 0x0, 0x0, 0x0, 0x0,

    /* U+0157 "ŗ" */
    0x6f, 0xfd, 0x19, 0xde, 0x6f, 0xfe, 0xef, 0xff,
    0x6f, 0xff, 0xff, 0xfe, 0x6f, 0xff, 0xf6, 0x0,
    0x6f, 0xff, 0x60, 0x0, 0x6f, 0xff, 0x20, 0x0,
    0x6f, 0xff, 0x0, 0x0, 0x6f, 0xff, 0x0, 0x0,
    0x6f, 0xff, 0x0, 0x0, 0x6f, 0xff, 0x0, 0x0,
    0x6f, 0xff, 0x0, 0x0, 0x6f, 0xff, 0x0, 0x0,
    0x0, 0x0, 0x0, 0x0, 0x0, 0x30, 0x0, 0x0,
    0xe, 0xfb, 0x0, 0x0, 0xf, 0xfd, 0x0, 0x0,
    0x6, 0xf8, 0x0, 0x0, 0xb, 0xf1, 0x0, 0x0,

    /* U+0158 "Ř" */
    0x0, 0x1b, 0xc7, 0x0, 0x5c, 0xc2, 0x0, 0x0,
    0x0, 0x4f, 0xf8, 0x6f, 0xf5, 0x0, 0x0, 0x0,
    0x0, 0x6f, 0xff, 0xf8, 0x0, 0x0, 0x0, 0x0,
    0x0, 0x7a, 0xa8, 0x0, 0x0, 0x0, 0x0, 0x0,
    0x0, 0x0, 0x0, 0x0, 0x0, 0x2, 0xff, 0xff,
    0xff, 0xfe, 0xc8, 0x20, 0x0, 0x2f, 0xff, 0xff,
    0xff, 0xff, 0xff, 0x60, 0x2, 0xff, 0xfe, 0xee,
    0xef, 0xff, 0xff, 0x50, 0x2f, 0xff, 0x60, 0x0,
    0x7, 0xff, 0xfd, 0x2, 0xff, 0xf6, 0x0, 0x0,
    0xa, 0xff, 0xf1, 0x2f, 0xff, 0x60, 0x0, 0x0,
    0x7f, 0xff, 0x22, 0xff, 0xf6, 0x0, 0x0, 0xb,
    0xff, 0xf0, 0x2f, 0xff, 0x60, 0x0, 0x29, 0xff,
    0xfb, 0x2, 0xff, 0xff, 0xff, 0xff, 0xff, 0xff,
    0x30, 0x2f, 0xff, 0xff, 0xff, 0xff, 0xfd, 0x40,
    0x2, 0xff, 0xfe, 0xdd, 0xef, 0xff, 0x40, 0x0,
    0x2f, 0xff, 0x60, 0x0, 0xdf, 0xfe, 0x10, 0x2,
    0xff, 0xf6, 0x0, 0x2, 0xff, 0xfa, 0x0, 0x2f,
    0xff, 0x60, 0x0, 0x6, 0xff, 0xf6, 0x2, 0xff,
    0xf6, 0x0, 0x0, 0xb, 0xff, 0xf2,

    /* U+0159 "ř" */
    0x7, 0x85, 0x0, 0x17, 0x83, 0x3, 0xff, 0x83,
    0xdf, 0xb0, 0x0, 0x4f, 0xff, 0xfb, 0x0, 0x0,
    0x4, 0x88, 0x70, 0x0, 0x0, 0x0, 0x0, 0x0,
    0x0, 0x6, 0xff, 0xd1, 0x9d, 0xe0, 0x6, 0xff,
    0xee, 0xff, 0xf0, 0x6, 0xff, 0xff, 0xff, 0xe0,
    0x6, 0xff, 0xff, 0x60, 0x0, 0x6, 0xff, 0xf6,
    0x0, 0x0, 0x6, 0xff, 0xf2, 0x0, 0x0, 0x6,
    0xff, 0xf0, 0x0, 0x0, 0x6, 0xff, 0xf0, 0x0,
    0x0, 0x6, 0xff, 0xf0, 0x0, 0x0, 0x6, 0xff,
    0xf0, 0x0, 0x0, 0x6, 0xff, 0xf0, 0x0, 0x0,
    0x6, 0xff, 0xf0, 0x0, 0x0,

    /* U+015A "Ś" */
    0x0, 0x0, 0x0, 0x6, 0xff, 0xe3, 0x0, 0x0,
    0x0, 0x0, 0x6f, 0xfb, 0x10, 0x0, 0x0, 0x0,
    0x5, 0xff, 0x70, 0x0, 0x0, 0x0, 0x0, 0x0,
    0x0, 0x0, 0x0, 0x0, 0x0, 0x0, 0x0, 0x0,
    0x0, 0x0, 0x0, 0x0, 0x3, 0x9d, 0xef, 0xec,
    0x83, 0x0, 0x0, 0x9f, 0xff, 0xff, 0xff, 0xff,
    0x80, 0x7, 0xff, 0xff, 0xfe, 0xff, 0xff, 0x40,
    0xe, 0xff, 0xe3, 0x0, 0x2, 0x7b, 0x0, 0xf,
    0xff, 0x80, 0x0, 0x0, 0x0, 0x0, 0xe, 0xff,
    0xe5, 0x0, 0x0, 0x0, 0x0, 0x6, 0xff, 0xff,
    0xfc, 0x84, 0x0, 0x0, 0x0, 0x6d, 0xff, 0xff,
    0xff, 0xe8, 0x0, 0x0, 0x0, 0x48, 0xcf, 0xff,
    0xff, 0xb0, 0x0, 0x0, 0x0, 0x0, 0x4c, 0xff,
    0xf4, 0x1, 0x0, 0x0, 0x0, 0x3, 0xff, 0xf6,
    0x9, 0xe8, 0x30, 0x0, 0x19, 0xff, 0xf4, 0x1f,
    0xff, 0xff, 0xee, 0xff, 0xff, 0xd0, 0x1b, 0xff,
    0xff, 0xff, 0xff, 0xfd, 0x10, 0x0, 0x38, 0xce,
    0xff, 0xea, 0x50, 0x0,

    /* U+015B "ś" */
    0x0, 0x0, 0x0, 0x48, 0x87, 0x10, 0x0, 0x0,
    0x4, 0xff, 0xd3, 0x0, 0x0, 0x0, 0x4f, 0xfa,
    0x10, 0x0, 0x0, 0x0, 0x78, 0x50, 0x0, 0x0,
    0x0, 0x0, 0x0, 0x0, 0x0, 0x0, 0x0, 0x29,
    0xdf, 0xfe, 0xb7, 0x10, 0x5, 0xff, 0xff, 0xff,
    0xff, 0x80, 0xf, 0xff, 0xea, 0xab, 0xff, 0x10,
    0x3f, 0xff, 0x10, 0x0, 0x3, 0x0, 0x2f, 0xff,
    0xa5, 0x20, 0x0, 0x0, 0xc, 0xff, 0xff, 0xff,
    0xb5, 0x0, 0x0, 0x8d, 0xff, 0xff, 0xff, 0x90,
    0x0, 0x0, 0x14, 0x7c, 0xff, 0xf0, 0x5, 0x30,
    0x0, 0x3, 0xff, 0xf1, 0xe, 0xfe, 0xb9, 0xae,
    0xff, 0xe0, 0x5f, 0xff, 0xff, 0xff, 0xff, 0x30,
    0x3, 0x9c, 0xef, 0xfd, 0x81, 0x0,

    /* U+015C "Ŝ" */
    0x0, 0x0, 0xc, 0xff, 0xf3, 0x0, 0x0, 0x0,
    0x0, 0xcf, 0xeb, 0xfe, 0x30, 0x0, 0x0, 0xb,
    0xfc, 0x10, 0x8f, 0xe2, 0x0, 0x0, 0x0, 0x0,
    0x0, 0x0, 0x0, 0x0, 0x0, 0x0, 0x0, 0x0,
    0x0, 0x0, 0x0, 0x0, 0x3, 0x9d, 0xef, 0xec,
    0x83, 0x0, 0x0, 0x9f, 0xff, 0xff, 0xff, 0xff,
    0x80, 0x7, 0xff, 0xff, 0xfe, 0xff, 0xff, 0x40,
    0xe, 0xff, 0xe3, 0x0, 0x2, 0x7b, 0x0, 0xf,
    0xff, 0x80, 0x0, 0x0, 0x0, 0x0, 0xe, 0xff,
    0xe5, 0x0, 0x0, 0x0, 0x0, 0x6, 0xff, 0xff,
    0xfc, 0x84, 0x0, 0x0, 0x0, 0x6d, 0xff, 0xff,
    0xff, 0xe8, 0x0, 0x0, 0x0, 0x48, 0xcf, 0xff,
    0xff, 0xb0, 0x0, 0x0, 0x0, 0x0, 0x4c, 0xff,
    0xf4, 0x1, 0x0, 0x0, 0x0, 0x3, 0xff, 0xf6,
    0x9, 0xe8, 0x30, 0x0, 0x19, 0xff, 0xf4, 0x1f,
    0xff, 0xff, 0xee, 0xff, 0xff, 0xd0, 0x1b, 0xff,
    0xff, 0xff, 0xff, 0xfd, 0x10, 0x0, 0x38, 0xce,
    0xff, 0xea, 0x50, 0x0,

    /* U+015D "ŝ" */
    0x0, 0x0, 0x78, 0x84, 0x0, 0x0, 0x0, 0xb,
    0xff, 0xff, 0x40, 0x0, 0x0, 0xbf, 0xd3, 0x9f,
    0xf3, 0x0, 0x3, 0x87, 0x10, 0x5, 0x87, 0x0,
    0x0, 0x0, 0x0, 0x0, 0x0, 0x0, 0x0, 0x29,
    0xdf, 0xfe, 0xb7, 0x10, 0x5, 0xff, 0xff, 0xff,
    0xff, 0x80, 0xf, 0xff, 0xea, 0xab, 0xff, 0x10,
    0x3f, 0xff, 0x10, 0x0, 0x3, 0x0, 0x2f, 0xff,
    0xa5, 0x20, 0x0, 0x0, 0xc, 0xff, 0xff, 0xff,
    0xb5, 0x0, 0x0, 0x8d, 0xff, 0xff, 0xff, 0x90,
    0x0, 0x0, 0x14, 0x7c, 0xff, 0xf0, 0x5, 0x30,
    0x0, 0x3, 0xff, 0xf1, 0xe, 0xfe, 0xb9, 0xae,
    0xff, 0xe0, 0x5f, 0xff, 0xff, 0xff, 0xff, 0x30,
    0x3, 0x9c, 0xef, 0xfd, 0x81, 0x0,

    /* U+015E "Ş" */
    0x0, 0x3, 0x9d, 0xef, 0xec, 0x83, 0x0, 0x0,
    0x9f, 0xff, 0xff, 0xff, 0xff, 0x80, 0x7, 0xff,
    0xff, 0xfe, 0xff, 0xff, 0x40, 0xe, 0xff, 0xe3,
    0x0, 0x2, 0x7b, 0x0, 0xf, 0xff, 0x80, 0x0,
    0x0, 0x0, 0x0, 0xe, 0xff, 0xe5, 0x0, 0x0,
    0x0, 0x0, 0x6, 0xff, 0xff, 0xfc, 0x84, 0x0,
    0x0, 0x0, 0x6d, 0xff, 0xff, 0xff, 0xe8, 0x0,
    0x0, 0x0, 0x48, 0xcf, 0xff, 0xff, 0xb0, 0x0,
    0x0, 0x0, 0x0, 0x4c, 0xff, 0xf4, 0x1, 0x0,
    0x0, 0x0, 0x3, 0xff, 0xf6, 0x9, 0xe8, 0x30,
    0x0, 0x19, 0xff, 0xf4, 0x1f, 0xff, 0xff, 0xee,
    0xff, 0xff, 0xd0, 0x1b, 0xff, 0xff, 0xff, 0xff,
    0xfd, 0x10, 0x0, 0x38, 0xce, 0xff, 0xea, 0x50,
    0x0, 0x0, 0x0, 0x0, 0xfd, 0x0, 0x0, 0x0,
    0x0, 0x0, 0x3, 0xff, 0xe2, 0x0, 0x0, 0x0,
    0x0, 0x0, 0xa, 0xf9, 0x0, 0x0, 0x0, 0x0,
    0x3b, 0x9e, 0xf7, 0x0, 0x0, 0x0, 0x0, 0x5e,
    0xfd, 0x70, 0x0, 0x0,

    /* U+015F "ş" */
    0x0, 0x29, 0xdf, 0xfe, 0xb7, 0x10, 0x5, 0xff,
    0xff, 0xff, 0xff, 0x80, 0xf, 0xff, 0xea, 0xab,
    0xff, 0x10, 0x3f, 0xff, 0x10, 0x0, 0x3, 0x0,
    0x2f, 0xff, 0xa5, 0x20, 0x0, 0x0, 0xc, 0xff,
    0xff, 0xff, 0xb5, 0x0, 0x0, 0x8d, 0xff, 0xff,
    0xff, 0x90, 0x0, 0x0, 0x14, 0x7c, 0xff, 0xf0,
    0x5, 0x30, 0x0, 0x3, 0xff, 0xf1, 0xe, 0xfe,
    0xb9, 0xae, 0xff, 0xe0, 0x5f, 0xff, 0xff, 0xff,
    0xff, 0x30, 0x4, 0x9c, 0xff, 0xfd, 0x81, 0x0,
    0x0, 0x0, 0x6f, 0x70, 0x0, 0x0, 0x0, 0x0,
    0xaf, 0xf9, 0x0, 0x0, 0x0, 0x0, 0x2, 0xff,
    0x20, 0x0, 0x0, 0x9, 0xab, 0xff, 0x10, 0x0,
    0x0, 0xb, 0xff, 0xc4, 0x0, 0x0,

    /* U+0160 "Š" */
    0x0, 0xb, 0xfc, 0x10, 0x8f, 0xe2, 0x0, 0x0,
    0x0, 0xcf, 0xeb, 0xfe, 0x30, 0x0, 0x0, 0x0,
    0xc, 0xff, 0xf3, 0x0, 0x0, 0x0, 0x0, 0x0,
    0x0, 0x0, 0x0, 0x0, 0x0, 0x0, 0x0, 0x0,
    0x0, 0x0, 0x0, 0x0, 0x3, 0x9d, 0xef, 0xec,
    0x83, 0x0, 0x0, 0x9f, 0xff, 0xff, 0xff, 0xff,
    0x80, 0x7, 0xff, 0xff, 0xfe, 0xff, 0xff, 0x40,
    0xe, 0xff, 0xe3, 0x0, 0x2, 0x7b, 0x0, 0xf,
    0xff, 0x80, 0x0, 0x0, 0x0, 0x0, 0xe, 0xff,
    0xe5, 0x0, 0x0, 0x0, 0x0, 0x6, 0xff, 0xff,
    0xfc, 0x84, 0x0, 0x0, 0x0, 0x6d, 0xff, 0xff,
    0xff, 0xe8, 0x0, 0x0, 0x0, 0x48, 0xcf, 0xff,
    0xff, 0xb0, 0x0, 0x0, 0x0, 0x0, 0x4c, 0xff,
    0xf4, 0x1, 0x0, 0x0, 0x0, 0x3, 0xff, 0xf6,
    0x9, 0xe8, 0x30, 0x0, 0x19, 0xff, 0xf4, 0x1f,
    0xff, 0xff, 0xee, 0xff, 0xff, 0xd0, 0x1b, 0xff,
    0xff, 0xff, 0xff, 0xfd, 0x10, 0x0, 0x38, 0xce,
    0xff, 0xea, 0x50, 0x0,

    /* U+0161 "š" */
    0x3, 0x87, 0x10, 0x5, 0x87, 0x0, 0x0, 0xbf,
    0xd3, 0x8f, 0xf3, 0x0, 0x0, 0xb, 0xff, 0xff,
    0x40, 0x0, 0x0, 0x0, 0x78, 0x84, 0x0, 0x0,
    0x0, 0x0, 0x0, 0x0, 0x0, 0x0, 0x0, 0x29,
    0xdf, 0xfe, 0xb7, 0x10, 0x5, 0xff, 0xff, 0xff,
    0xff, 0x80, 0xf, 0xff, 0xea, 0xab, 0xff, 0x10,
    0x3f, 0xff, 0x10, 0x0, 0x3, 0x0, 0x2f, 0xff,
    0xa5, 0x20, 0x0, 0x0, 0xc, 0xff, 0xff, 0xff,
    0xb5, 0x0, 0x0, 0x8d, 0xff, 0xff, 0xff, 0x90,
    0x0, 0x0, 0x14, 0x7c, 0xff, 0xf0, 0x5, 0x30,
    0x0, 0x3, 0xff, 0xf1, 0xe, 0xfe, 0xb9, 0xae,
    0xff, 0xe0, 0x5f, 0xff, 0xff, 0xff, 0xff, 0x30,
    0x3, 0x9c, 0xef, 0xfd, 0x81, 0x0,

    /* U+0162 "Ţ" */
    0xef, 0xff, 0xff, 0xff, 0xff, 0xff, 0xf8, 0xef,
    0xff, 0xff, 0xff, 0xff, 0xff, 0xf8, 0xce, 0xee,
    0xef, 0xff, 0xfe, 0xee, 0xe7, 0x0, 0x0, 0xf,
    0xff, 0x90, 0x0, 0x0, 0x0, 0x0, 0xf, 0xff,
    0x90, 0x0, 0x0, 0x0, 0x0, 0xf, 0xff, 0x90,
    0x0, 0x0, 0x0, 0x0, 0xf, 0xff, 0x90, 0x0,
    0x0, 0x0, 0x0, 0xf, 0xff, 0x90, 0x0, 0x0,
    0x0, 0x0, 0xf, 0xff, 0x90, 0x0, 0x0, 0x0,
    0x0, 0xf, 0xff, 0x90, 0x0, 0x0, 0x0, 0x0,
    0xf, 0xff, 0x90, 0x0, 0x0, 0x0, 0x0, 0xf,
    0xff, 0x90, 0x0, 0x0, 0x0, 0x0, 0xf, 0xff,
    0x90, 0x0, 0x0, 0x0, 0x0, 0xf, 0xff, 0x90,
    0x0, 0x0, 0x0, 0x0, 0xf, 0xff, 0x90, 0x0,
    0x0, 0x0, 0x0, 0x4, 0xf8, 0x0, 0x0, 0x0,
    0x0, 0x0, 0x8, 0xfe, 0x80, 0x0, 0x0, 0x0,
    0x0, 0x1, 0x2f, 0xf3, 0x0, 0x0, 0x0, 0x0,
    0x8a, 0xaf, 0xf2, 0x0, 0x0, 0x0, 0x0, 0xaf,
    0xfc, 0x40, 0x0, 0x0,

    /* U+0163 "ţ" */
    0x0, 0x88, 0x83, 0x0, 0x0, 0x0, 0xff, 0xf7,
    0x0, 0x0, 0x0, 0xff, 0xf7, 0x0, 0x0, 0xdf,
    0xff, 0xff, 0xff, 0x60, 0xdf, 0xff, 0xff, 0xff,
    0x60, 0x8a, 0xff, 0xfc, 0xaa, 0x30, 0x0, 0xff,
    0xf7, 0x0, 0x0, 0x0, 0xff, 0xf7, 0x0, 0x0,
    0x0, 0xff, 0xf7, 0x0, 0x0, 0x0, 0xff, 0xf7,
    0x0, 0x0, 0x0, 0xff, 0xf7, 0x0, 0x0, 0x0,
    0xff, 0xfa, 0x0, 0x0, 0x0, 0xbf, 0xff, 0xcd,
    0x80, 0x0, 0x3f, 0xff, 0xff, 0xe0, 0x0, 0x3,
    0xcf, 0xfd, 0x90, 0x0, 0x0, 0x5f, 0x70, 0x0,
    0x0, 0x0, 0x9f, 0xfa, 0x0, 0x0, 0x0, 0x2,
    0xff, 0x30, 0x0, 0x8, 0xab, 0xff, 0x10, 0x0,
    0xa, 0xff, 0xc4, 0x0,

    /* U+0164 "Ť" */
    0x0, 0x3f, 0xf6, 0x0, 0xcf, 0xc0, 0x0, 0x0,
    0x6, 0xff, 0x7c, 0xfe, 0x10, 0x0, 0x0, 0x0,
    0x8f, 0xff, 0xf2, 0x0, 0x0, 0x0, 0x0, 0x7,
    0x88, 0x40, 0x0, 0x0, 0x0, 0x0, 0x0, 0x0,
    0x0, 0x0, 0x0, 0xef, 0xff, 0xff, 0xff, 0xff,
    0xff, 0xf8, 0xef, 0xff, 0xff, 0xff, 0xff, 0xff,
    0xf8, 0xce, 0xee, 0xef, 0xff, 0xfe, 0xee, 0xe7,
    0x0, 0x0, 0xf, 0xff, 0x90, 0x0, 0x0, 0x0,
    0x0, 0xf, 0xff, 0x90, 0x0, 0x0, 0x0, 0x0,
    0xf, 0xff, 0x90, 0x0, 0x0, 0x0, 0x0, 0xf,
    0xff, 0x90, 0x0, 0x0, 0x0, 0x0, 0xf, 0xff,
    0x90, 0x0, 0x0, 0x0, 0x0, 0xf, 0xff, 0x90,
    0x0, 0x0, 0x0, 0x0, 0xf, 0xff, 0x90, 0x0,
    0x0, 0x0, 0x0, 0xf, 0xff, 0x90, 0x0, 0x0,
    0x0, 0x0, 0xf, 0xff, 0x90, 0x0, 0x0, 0x0,
    0x0, 0xf, 0xff, 0x90, 0x0, 0x0, 0x0, 0x0,
    0xf, 0xff, 0x90, 0x0, 0x0, 0x0, 0x0, 0xf,
    0xff, 0x90, 0x0, 0x0,

    /* U+0165 "ť" */
    0x0, 0x0, 0x0, 0x1, 0x10, 0x0, 0x0, 0x0,
    0x1f, 0xf5, 0x0, 0x0, 0x0, 0x1f, 0xf3, 0x0,
    0x88, 0x83, 0x1f, 0xf2, 0x0, 0xff, 0xf7, 0x1f,
    0xf0, 0x0, 0xff, 0xf7, 0x0, 0x0, 0xdf, 0xff,
    0xff, 0xff, 0x60, 0xdf, 0xff, 0xff, 0xff, 0x60,
    0x8a, 0xff, 0xfc, 0xaa, 0x30, 0x0, 0xff, 0xf7,
    0x0, 0x0, 0x0, 0xff, 0xf7, 0x0, 0x0, 0x0,
    0xff, 0xf7, 0x0, 0x0, 0x0, 0xff, 0xf7, 0x0,
    0x0, 0x0, 0xff, 0xf7, 0x0, 0x0, 0x0, 0xff,
    0xfa, 0x0, 0x0, 0x0, 0xbf, 0xff, 0xcd, 0x80,
    0x0, 0x3f, 0xff, 0xff, 0xe0, 0x0, 0x3, 0xbe,
    0xfd, 0x90,

    /* U+0166 "Ŧ" */
    0xef, 0xff, 0xff, 0xff, 0xff, 0xff, 0xf8, 0xef,
    0xff, 0xff, 0xff, 0xff, 0xff, 0xf8, 0xce, 0xee,
    0xef, 0xff, 0xfe, 0xee, 0xe7, 0x0, 0x0, 0xf,
    0xff, 0x90, 0x0, 0x0, 0x0, 0x0, 0xf, 0xff,
    0x90, 0x0, 0x0, 0x0, 0x0, 0xf, 0xff, 0x90,
    0x0, 0x0, 0x0, 0x55, 0x5f, 0xff, 0xb5, 0x52,
    0x0, 0x0, 0xef, 0xff, 0xff, 0xff, 0xf7, 0x0,
    0x0, 0xef, 0xff, 0xff, 0xff, 0xf7, 0x0, 0x0,
    0x0, 0xf, 0xff, 0x90, 0x0, 0x0, 0x0, 0x0,
    0xf, 0xff, 0x90, 0x0, 0x0, 0x0, 0x0, 0xf,
    0xff, 0x90, 0x0, 0x0, 0x0, 0x0, 0xf, 0xff,
    0x90, 0x0, 0x0, 0x0, 0x0, 0xf, 0xff, 0x90,
    0x0, 0x0, 0x0, 0x0, 0xf, 0xff, 0x90, 0x0,
    0x0,

    /* U+0167 "ŧ" */
    0x0, 0x78, 0x84, 0x0, 0x0, 0x0, 0xef, 0xf8,
    0x0, 0x0, 0x0, 0xef, 0xf8, 0x0, 0x0, 0xbf,
    0xff, 0xff, 0xff, 0x70, 0xbf, 0xff, 0xff, 0xff,
    0x70, 0x7a, 0xff, 0xfd, 0xaa, 0x40, 0x0, 0xef,
    0xf8, 0x0, 0x0, 0x0, 0xef, 0xf8, 0x0, 0x0,
    0xaf, 0xff, 0xff, 0xf9, 0x0, 0xaf, 0xff, 0xff,
    0xf9, 0x0, 0x0, 0xef, 0xf8, 0x0, 0x0, 0x0,
    0xdf, 0xfb, 0x0, 0x0, 0x0, 0x9f, 0xff, 0xdc,
    0xa0, 0x0, 0x2f, 0xff, 0xff, 0xf1, 0x0, 0x2,
    0xae, 0xfe, 0x91,

    /* U+0168 "Ũ" */
    0x0, 0x0, 0x0, 0x0, 0x0, 0x0, 0x0, 0x0,
    0x0, 0x8, 0xff, 0xa3, 0x1e, 0xf0, 0x0, 0x0,
    0x5, 0xff, 0xff, 0xff, 0xfb, 0x0, 0x0, 0x0,
    0xaf, 0x61, 0x7d, 0xfb, 0x10, 0x0, 0x0, 0x0,
    0x0, 0x0, 0x0, 0x0, 0x0, 0x0, 0x0, 0x0,
    0x0, 0x0, 0x0, 0x0, 0x0, 0x5f, 0xff, 0x40,
    0x0, 0x0, 0xe, 0xff, 0xa5, 0xff, 0xf4, 0x0,
    0x0, 0x0, 0xef, 0xfa, 0x5f, 0xff, 0x40, 0x0,
    0x0, 0xe, 0xff, 0xa5, 0xff, 0xf4, 0x0, 0x0,
    0x0, 0xef, 0xfa, 0x5f, 0xff, 0x40, 0x0, 0x0,
    0xe, 0xff, 0xa5, 0xff, 0xf4, 0x0, 0x0, 0x0,
    0xef, 0xfa, 0x5f, 0xff, 0x40, 0x0, 0x0, 0xe,
    0xff, 0xa5, 0xff, 0xf4, 0x0, 0x0, 0x0, 0xef,
    0xfa, 0x4f, 0xff, 0x40, 0x0, 0x0, 0xe, 0xff,
    0x93, 0xff, 0xf6, 0x0, 0x0, 0x0, 0xff, 0xf8,
    0xf, 0xff, 0xc0, 0x0, 0x0, 0x6f, 0xff, 0x50,
    0xaf, 0xff, 0xb3, 0x12, 0x7f, 0xff, 0xe0, 0x2,
    0xff, 0xff, 0xff, 0xff, 0xff, 0xf6, 0x0, 0x3,
    0xef, 0xff, 0xff, 0xff, 0xf7, 0x0, 0x0, 0x0,
    0x7b, 0xef, 0xfd, 0x92, 0x0, 0x0,

    /* U+0169 "ũ" */
    0x0, 0x6, 0xed, 0x30, 0x1f, 0xa0, 0x0, 0x2,
    0xff, 0xff, 0x36, 0xf8, 0x0, 0x0, 0x8f, 0x63,
    0xef, 0xff, 0x20, 0x0, 0xa, 0xf1, 0x2, 0xce,
    0x60, 0x0, 0x0, 0x0, 0x0, 0x0, 0x0, 0x0,
    0x7, 0xff, 0xf0, 0x0, 0x0, 0xef, 0xf8, 0x7f,
    0xff, 0x0, 0x0, 0xe, 0xff, 0x87, 0xff, 0xf0,
    0x0, 0x0, 0xef, 0xf8, 0x7f, 0xff, 0x0, 0x0,
    0xe, 0xff, 0x87, 0xff, 0xf0, 0x0, 0x0, 0xef,
    0xf8, 0x7f, 0xff, 0x0, 0x0, 0xe, 0xff, 0x87,
    0xff, 0xf0, 0x0, 0x0, 0xff, 0xf8, 0x6f, 0xff,
    0x20, 0x0, 0x4f, 0xff, 0x84, 0xff, 0xfc, 0x20,
    0x4d, 0xff, 0xf8, 0xe, 0xff, 0xff, 0xff, 0xff,
    0xff, 0x80, 0x3f, 0xff, 0xff, 0xff, 0xef, 0xf8,
    0x0, 0x2a, 0xef, 0xe9, 0x2c, 0xff, 0x80,

    /* U+016A "Ū" */
    0x0, 0x6, 0xff, 0xff, 0xff, 0xfc, 0x0, 0x0,
    0x0, 0x5f, 0xff, 0xff, 0xff, 0xb0, 0x0, 0x0,
    0x0, 0x0, 0x0, 0x0, 0x0, 0x0, 0x0, 0x0,
    0x0, 0x0, 0x0, 0x0, 0x0, 0x0, 0x5f, 0xff,
    0x40, 0x0, 0x0, 0xe, 0xff, 0xa5, 0xff, 0xf4,
    0x0, 0x0, 0x0, 0xef, 0xfa, 0x5f, 0xff, 0x40,
    0x0, 0x0, 0xe, 0xff, 0xa5, 0xff, 0xf4, 0x0,
    0x0, 0x0, 0xef, 0xfa, 0x5f, 0xff, 0x40, 0x0,
    0x0, 0xe, 0xff, 0xa5, 0xff, 0xf4, 0x0, 0x0,
    0x0, 0xef, 0xfa, 0x5f, 0xff, 0x40, 0x0, 0x0,
    0xe, 0xff, 0xa5, 0xff, 0xf4, 0x0, 0x0, 0x0,
    0xef, 0xfa, 0x4f, 0xff, 0x40, 0x0, 0x0, 0xe,
    0xff, 0x93, 0xff, 0xf6, 0x0, 0x0, 0x0, 0xff,
    0xf8, 0xf, 0xff, 0xc0, 0x0, 0x0, 0x6f, 0xff,
    0x50, 0xaf, 0xff, 0xb3, 0x12, 0x7f, 0xff, 0xe0,
    0x2, 0xff, 0xff, 0xff, 0xff, 0xff, 0xf6, 0x0,
    0x3, 0xef, 0xff, 0xff, 0xff, 0xf7, 0x0, 0x0,
    0x0, 0x7b, 0xef, 0xfd, 0x92, 0x0, 0x0,

    /* U+016B "ū" */
    0x0, 0x9f, 0xff, 0xff, 0xff, 0x90, 0x0, 0x8,
    0xff, 0xff, 0xff, 0xf8, 0x0, 0x0, 0x0, 0x0,
    0x0, 0x0, 0x0, 0x0, 0x0, 0x0, 0x0, 0x0,
    0x0, 0x0, 0x7f, 0xff, 0x0, 0x0, 0xe, 0xff,
    0x87, 0xff, 0xf0, 0x0, 0x0, 0xef, 0xf8, 0x7f,
    0xff, 0x0, 0x0, 0xe, 0xff, 0x87, 0xff, 0xf0,
    0x0, 0x0, 0xef, 0xf8, 0x7f, 0xff, 0x0, 0x0,
    0xe, 0xff, 0x87, 0xff, 0xf0, 0x0, 0x0, 0xef,
    0xf8, 0x7f, 0xff, 0x0, 0x0, 0xf, 0xff, 0x86,
    0xff, 0xf2, 0x0, 0x4, 0xff, 0xf8, 0x4f, 0xff,
    0xc2, 0x4, 0xdf, 0xff, 0x80, 0xef, 0xff, 0xff,
    0xff, 0xff, 0xf8, 0x3, 0xff, 0xff, 0xff, 0xfe,
    0xff, 0x80, 0x2, 0xae, 0xfe, 0x92, 0xcf, 0xf8,

    /* U+016C "Ŭ" */
    0x0, 0x2, 0x86, 0x0, 0x3, 0x85, 0x0, 0x0,
    0x0, 0x2f, 0xf3, 0x0, 0xcf, 0x80, 0x0, 0x0,
    0x0, 0xaf, 0xfd, 0xff, 0xe1, 0x0, 0x0, 0x0,
    0x0, 0x6d, 0xfe, 0x91, 0x0, 0x0, 0x0, 0x0,
    0x0, 0x0, 0x0, 0x0, 0x0, 0x0, 0x0, 0x0,
    0x0, 0x0, 0x0, 0x0, 0x0, 0x5f, 0xff, 0x40,
    0x0, 0x0, 0xe, 0xff, 0xa5, 0xff, 0xf4, 0x0,
    0x0, 0x0, 0xef, 0xfa, 0x5f, 0xff, 0x40, 0x0,
    0x0, 0xe, 0xff, 0xa5, 0xff, 0xf4, 0x0, 0x0,
    0x0, 0xef, 0xfa, 0x5f, 0xff, 0x40, 0x0, 0x0,
    0xe, 0xff, 0xa5, 0xff, 0xf4, 0x0, 0x0, 0x0,
    0xef, 0xfa, 0x5f, 0xff, 0x40, 0x0, 0x0, 0xe,
    0xff, 0xa5, 0xff, 0xf4, 0x0, 0x0, 0x0, 0xef,
    0xfa, 0x4f, 0xff, 0x40, 0x0, 0x0, 0xe, 0xff,
    0x93, 0xff, 0xf6, 0x0, 0x0, 0x0, 0xff, 0xf8,
    0xf, 0xff, 0xc0, 0x0, 0x0, 0x6f, 0xff, 0x50,
    0xaf, 0xff, 0xb3, 0x12, 0x7f, 0xff, 0xe0, 0x2,
    0xff, 0xff, 0xff, 0xff, 0xff, 0xf6, 0x0, 0x3,
    0xef, 0xff, 0xff, 0xff, 0xf7, 0x0, 0x0, 0x0,
    0x7b, 0xef, 0xfd, 0x92, 0x0, 0x0,

    /* U+016D "ŭ" */
    0x0, 0x48, 0x50, 0x0, 0x58, 0x40, 0x0, 0x5,
    0xff, 0x40, 0x4f, 0xf5, 0x0, 0x0, 0xb, 0xff,
    0xff, 0xfb, 0x0, 0x0, 0x0, 0x5, 0xab, 0xa5,
    0x0, 0x0, 0x0, 0x0, 0x0, 0x0, 0x0, 0x0,
    0x7, 0xff, 0xf0, 0x0, 0x0, 0xef, 0xf8, 0x7f,
    0xff, 0x0, 0x0, 0xe, 0xff, 0x87, 0xff, 0xf0,
    0x0, 0x0, 0xef, 0xf8, 0x7f, 0xff, 0x0, 0x0,
    0xe, 0xff, 0x87, 0xff, 0xf0, 0x0, 0x0, 0xef,
    0xf8, 0x7f, 0xff, 0x0, 0x0, 0xe, 0xff, 0x87,
    0xff, 0xf0, 0x0, 0x0, 0xff, 0xf8, 0x6f, 0xff,
    0x20, 0x0, 0x4f, 0xff, 0x84, 0xff, 0xfc, 0x20,
    0x4d, 0xff, 0xf8, 0xe, 0xff, 0xff, 0xff, 0xff,
    0xff, 0x80, 0x3f, 0xff, 0xff, 0xff, 0xef, 0xf8,
    0x0, 0x2a, 0xef, 0xe9, 0x2c, 0xff, 0x80,

    /* U+016E "Ů" */
    0x0, 0x0, 0x0, 0x0, 0x0, 0x0, 0x0, 0x0,
    0x0, 0x0, 0x1c, 0xfe, 0x50, 0x0, 0x0, 0x0,
    0x0, 0xc, 0xd4, 0x9f, 0x20, 0x0, 0x0, 0x0,
    0x0, 0xf6, 0x0, 0xf6, 0x0, 0x0, 0x0, 0x0,
    0xd, 0xb1, 0x6f, 0x30, 0x0, 0x0, 0x0, 0x0,
    0x3e, 0xff, 0x80, 0x0, 0x0, 0x0, 0x0, 0x0,
    0x3, 0x10, 0x0, 0x0, 0x0, 0x0, 0x0, 0x0,
    0x0, 0x0, 0x0, 0x0, 0x5f, 0xff, 0x40, 0x0,
    0x0, 0xe, 0xff, 0xa5, 0xff, 0xf4, 0x0, 0x0,
    0x0, 0xef, 0xfa, 0x5f, 0xff, 0x40, 0x0, 0x0,
    0xe, 0xff, 0xa5, 0xff, 0xf4, 0x0, 0x0, 0x0,
    0xef, 0xfa, 0x5f, 0xff, 0x40, 0x0, 0x0, 0xe,
    0xff, 0xa5, 0xff, 0xf4, 0x0, 0x0, 0x0, 0xef,
    0xfa, 0x5f, 0xff, 0x40, 0x0, 0x0, 0xe, 0xff,
    0xa5, 0xff, 0xf4, 0x0, 0x0, 0x0, 0xef, 0xfa,
    0x4f, 0xff, 0x40, 0x0, 0x0, 0xe, 0xff, 0x93,
    0xff, 0xf6, 0x0, 0x0, 0x0, 0xff, 0xf8, 0xf,
    0xff, 0xc0, 0x0, 0x0, 0x6f, 0xff, 0x50, 0xaf,
    0xff, 0xb3, 0x12, 0x7f, 0xff, 0xe0, 0x2, 0xff,
    0xff, 0xff, 0xff, 0xff, 0xf6, 0x0, 0x3, 0xef,
    0xff, 0xff, 0xff, 0xf7, 0x0, 0x0, 0x0, 0x7b,
    0xef, 0xfd, 0x92, 0x0, 0x0,

    /* U+016F "ů" */
    0x0, 0x0, 0x0, 0x0, 0x0, 0x0, 0x0, 0x0,
    0x2, 0xdf, 0xd3, 0x0, 0x0, 0x0, 0x0, 0xeb,
    0x4b, 0xe0, 0x0, 0x0, 0x0, 0x2f, 0x30, 0x3f,
    0x30, 0x0, 0x0, 0x0, 0xf9, 0x19, 0xf0, 0x0,
    0x0, 0x0, 0x5, 0xff, 0xf5, 0x0, 0x0, 0x0,
    0x0, 0x1, 0x31, 0x0, 0x0, 0x7, 0xff, 0xf0,
    0x0, 0x0, 0xef, 0xf8, 0x7f, 0xff, 0x0, 0x0,
    0xe, 0xff, 0x87, 0xff, 0xf0, 0x0, 0x0, 0xef,
    0xf8, 0x7f, 0xff, 0x0, 0x0, 0xe, 0xff, 0x87,
    0xff, 0xf0, 0x0, 0x0, 0xef, 0xf8, 0x7f, 0xff,
    0x0, 0x0, 0xe, 0xff, 0x87, 0xff, 0xf0, 0x0,
    0x0, 0xff, 0xf8, 0x6f, 0xff, 0x20, 0x0, 0x4f,
    0xff, 0x84, 0xff, 0xfc, 0x20, 0x4d, 0xff, 0xf8,
    0xe, 0xff, 0xff, 0xff, 0xff, 0xff, 0x80, 0x3f,
    0xff, 0xff, 0xff, 0xef, 0xf8, 0x0, 0x2a, 0xef,
    0xe9, 0x2c, 0xff, 0x80,

    /* U+0170 "Ű" */
    0x0, 0x0, 0x7, 0xff, 0xa1, 0xff, 0xf2, 0x0,
    0x0, 0x0, 0xef, 0xd0, 0x8f, 0xf5, 0x0, 0x0,
    0x0, 0x7f, 0xf3, 0x1f, 0xfa, 0x0, 0x0, 0x0,
    0x2, 0x22, 0x0, 0x22, 0x0, 0x0, 0x0, 0x0,
    0x0, 0x0, 0x0, 0x0, 0x0, 0x5, 0xff, 0xf4,
    0x0, 0x0, 0x0, 0xef, 0xfa, 0x5f, 0xff, 0x40,
    0x0, 0x0, 0xe, 0xff, 0xa5, 0xff, 0xf4, 0x0,
    0x0, 0x0, 0xef, 0xfa, 0x5f, 0xff, 0x40, 0x0,
    0x0, 0xe, 0xff, 0xa5, 0xff, 0xf4, 0x0, 0x0,
    0x0, 0xef, 0xfa, 0x5f, 0xff, 0x40, 0x0, 0x0,
    0xe, 0xff, 0xa5, 0xff, 0xf4, 0x0, 0x0, 0x0,
    0xef, 0xfa, 0x5f, 0xff, 0x40, 0x0, 0x0, 0xe,
    0xff, 0xa4, 0xff, 0xf4, 0x0, 0x0, 0x0, 0xef,
    0xf9, 0x3f, 0xff, 0x60, 0x0, 0x0, 0xf, 0xff,
    0x80, 0xff, 0xfc, 0x0, 0x0, 0x6, 0xff, 0xf5,
    0xa, 0xff, 0xfb, 0x31, 0x27, 0xff, 0xfe, 0x0,
    0x2f, 0xff, 0xff, 0xff, 0xff, 0xff, 0x60, 0x0,
    0x3e, 0xff, 0xff, 0xff, 0xff, 0x70, 0x0, 0x0,
    0x7, 0xbe, 0xff, 0xd9, 0x20, 0x0,

    /* U+0171 "ű" */
    0x0, 0x0, 0xaf, 0xf7, 0x3f, 0xfd, 0x0, 0x0,
    0x2f, 0xfb, 0xb, 0xff, 0x30, 0x0, 0xa, 0xfe,
    0x13, 0xff, 0x70, 0x0, 0x0, 0x22, 0x10, 0x12,
    0x20, 0x0, 0x0, 0x0, 0x0, 0x0, 0x0, 0x0,
    0x7, 0xff, 0xf0, 0x0, 0x0, 0xef, 0xf8, 0x7f,
    0xff, 0x0, 0x0, 0xe, 0xff, 0x87, 0xff, 0xf0,
    0x0, 0x0, 0xef, 0xf8, 0x7f, 0xff, 0x0, 0x0,
    0xe, 0xff, 0x87, 0xff, 0xf0, 0x0, 0x0, 0xef,
    0xf8, 0x7f, 0xff, 0x0, 0x0, 0xe, 0xff, 0x87,
    0xff, 0xf0, 0x0, 0x0, 0xff, 0xf8, 0x6f, 0xff,
    0x20, 0x0, 0x4f, 0xff, 0x84, 0xff, 0xfc, 0x20,
    0x4d, 0xff, 0xf8, 0xe, 0xff, 0xff, 0xff, 0xff,
    0xff, 0x80, 0x3f, 0xff, 0xff, 0xff, 0xef, 0xf8,
    0x0, 0x2a, 0xef, 0xe9, 0x2c, 0xff, 0x80,

    /* U+0172 "Ų" */
    0x5f, 0xff, 0x40, 0x0, 0x0, 0xe, 0xff, 0xa5,
    0xff, 0xf4, 0x0, 0x0, 0x0, 0xef, 0xfa, 0x5f,
    0xff, 0x40, 0x0, 0x0, 0xe, 0xff, 0xa5, 0xff,
    0xf4, 0x0, 0x0, 0x0, 0xef, 0xfa, 0x5f, 0xff,
    0x40, 0x0, 0x0, 0xe, 0xff, 0xa5, 0xff, 0xf4,
    0x0, 0x0, 0x0, 0xef, 0xfa, 0x5f, 0xff, 0x40,
    0x0, 0x0, 0xe, 0xff, 0xa5, 0xff, 0xf4, 0x0,
    0x0, 0x0, 0xef, 0xfa, 0x4f, 0xff, 0x40, 0x0,
    0x0, 0xe, 0xff, 0xa4, 0xff, 0xf5, 0x0, 0x0,
    0x0, 0xff, 0xf9, 0x2f, 0xff, 0x80, 0x0, 0x0,
    0x2f, 0xff, 0x70, 0xef, 0xfe, 0x10, 0x0, 0x9,
    0xff, 0xf3, 0x8, 0xff, 0xfe, 0x64, 0x5b, 0xff,
    0xfd, 0x0, 0xd, 0xff, 0xff, 0xff, 0xff, 0xff,
    0x30, 0x0, 0x1b, 0xff, 0xff, 0xff, 0xfd, 0x30,
    0x0, 0x0, 0x4, 0x9d, 0xff, 0xd6, 0x0, 0x0,
    0x0, 0x0, 0x2, 0xef, 0x70, 0x0, 0x0, 0x0,
    0x0, 0x0, 0x9f, 0x90, 0x0, 0x0, 0x0, 0x0,
    0x0, 0xa, 0xfa, 0x2, 0x0, 0x0, 0x0, 0x0,
    0x0, 0x5f, 0xff, 0xf4, 0x0, 0x0, 0x0, 0x0,
    0x0, 0x4a, 0xb9, 0x20, 0x0, 0x0,

    /* U+0173 "ų" */
    0x7f, 0xff, 0x0, 0x0, 0xe, 0xff, 0x80, 0x7f,
    0xff, 0x0, 0x0, 0xe, 0xff, 0x80, 0x7f, 0xff,
    0x0, 0x0, 0xe, 0xff, 0x80, 0x7f, 0xff, 0x0,
    0x0, 0xe, 0xff, 0x80, 0x7f, 0xff, 0x0, 0x0,
    0xe, 0xff, 0x80, 0x7f, 0xff, 0x0, 0x0, 0xe,
    0xff, 0x80, 0x7f, 0xff, 0x0, 0x0, 0xf, 0xff,
    0x80, 0x6f, 0xff, 0x20, 0x0, 0x4f, 0xff, 0x80,
    0x4f, 0xff, 0xc2, 0x4, 0xdf, 0xff, 0x80, 0xe,
    0xff, 0xff, 0xff, 0xff, 0xff, 0x80, 0x3, 0xff,
    0xff, 0xff, 0xfe, 0xff, 0x80, 0x0, 0x2a, 0xef,
    0xe9, 0x2f, 0xff, 0xa0, 0x0, 0x0, 0x0, 0x0,
    0x5f, 0xe5, 0x0, 0x0, 0x0, 0x0, 0x0, 0xef,
    0x30, 0x0, 0x0, 0x0, 0x0, 0x2, 0xff, 0x0,
    0x0, 0x0, 0x0, 0x0, 0x0, 0xef, 0xec, 0xb0,
    0x0, 0x0, 0x0, 0x0, 0x3c, 0xfe, 0xa0,

    /* U+0174 "Ŵ" */
    0x0, 0x0, 0x0, 0x0, 0x0, 0x2f, 0xff, 0xb0,
    0x0, 0x0, 0x0, 0x0, 0x0, 0x0, 0x0, 0x0,
    0x0, 0x1, 0xef, 0xef, 0xf9, 0x0, 0x0, 0x0,
    0x0, 0x0, 0x0, 0x0, 0x0, 0x0, 0xc, 0xfd,
    0x15, 0xff, 0x60, 0x0, 0x0, 0x0, 0x0, 0x0,
    0x0, 0x0, 0x0, 0x38, 0x71, 0x0, 0x48, 0x70,
    0x0, 0x0, 0x0, 0x0, 0x0, 0x0, 0x0, 0x0,
    0x0, 0x0, 0x0, 0x0, 0x0, 0x0, 0x0, 0x0,
    0x0, 0x5f, 0xff, 0x50, 0x0, 0x0, 0xe, 0xff,
    0xc0, 0x0, 0x0, 0x7, 0xff, 0xe0, 0xf, 0xff,
    0xa0, 0x0, 0x0, 0x3f, 0xff, 0xf1, 0x0, 0x0,
    0xd, 0xff, 0x90, 0xa, 0xff, 0xf0, 0x0, 0x0,
    0x9f, 0xff, 0xf6, 0x0, 0x0, 0x2f, 0xff, 0x40,
    0x5, 0xff, 0xf5, 0x0, 0x0, 0xef, 0xff, 0xfc,
    0x0, 0x0, 0x7f, 0xfe, 0x0, 0x0, 0xff, 0xfa,
    0x0, 0x4, 0xff, 0xff, 0xff, 0x10, 0x0, 0xdf,
    0xf9, 0x0, 0x0, 0xaf, 0xff, 0x0, 0x9, 0xff,
    0xae, 0xff, 0x60, 0x2, 0xff, 0xf4, 0x0, 0x0,
    0x5f, 0xff, 0x50, 0xe, 0xff, 0x49, 0xff, 0xb0,
    0x8, 0xff, 0xe0, 0x0, 0x0, 0xf, 0xff, 0xa0,
    0x4f, 0xfe, 0x4, 0xff, 0xf1, 0xd, 0xff, 0x90,
    0x0, 0x0, 0xa, 0xff, 0xf0, 0xaf, 0xf9, 0x0,
    0xef, 0xf6, 0x2f, 0xff, 0x30, 0x0, 0x0, 0x5,
    0xff, 0xf5, 0xff, 0xf3, 0x0, 0x9f, 0xfb, 0x8f,
    0xfe, 0x0, 0x0, 0x0, 0x0, 0xff, 0xfe, 0xff,
    0xe0, 0x0, 0x4f, 0xff, 0xef, 0xf9, 0x0, 0x0,
    0x0, 0x0, 0xaf, 0xff, 0xff, 0x80, 0x0, 0xe,
    0xff, 0xff, 0xf3, 0x0, 0x0, 0x0, 0x0, 0x4f,
    0xff, 0xff, 0x30, 0x0, 0x9, 0xff, 0xff, 0xe0,
    0x0, 0x0, 0x0, 0x0, 0xe, 0xff, 0xfd, 0x0,
    0x0, 0x4, 0xff, 0xff, 0x90, 0x0, 0x0, 0x0,
    0x0, 0x9, 0xff, 0xf8, 0x0, 0x0, 0x0, 0xef,
    0xff, 0x30, 0x0, 0x0,

    /* U+0175 "ŵ" */
    0x0, 0x0, 0x0, 0x0, 0x38, 0x87, 0x0, 0x0,
    0x0, 0x0, 0x0, 0x0, 0x0, 0x0, 0x4f, 0xff,
    0xfb, 0x0, 0x0, 0x0, 0x0, 0x0, 0x0, 0x0,
    0x3f, 0xf9, 0x2d, 0xfb, 0x0, 0x0, 0x0, 0x0,
    0x0, 0x0, 0x7, 0x85, 0x0, 0x17, 0x83, 0x0,
    0x0, 0x0, 0x0, 0x0, 0x0, 0x0, 0x0, 0x0,
    0x0, 0x0, 0x0, 0x0, 0xc, 0xff, 0x60, 0x0,
    0x3, 0xff, 0xf0, 0x0, 0x0, 0x9f, 0xf6, 0x7f,
    0xfc, 0x0, 0x0, 0x9f, 0xff, 0x60, 0x0, 0xf,
    0xff, 0x11, 0xff, 0xf1, 0x0, 0xe, 0xff, 0xfb,
    0x0, 0x5, 0xff, 0xb0, 0xb, 0xff, 0x70, 0x4,
    0xff, 0xff, 0xf1, 0x0, 0xaf, 0xf5, 0x0, 0x6f,
    0xfc, 0x0, 0xaf, 0xfe, 0xff, 0x60, 0x1f, 0xff,
    0x0, 0x0, 0xff, 0xf2, 0xf, 0xff, 0x5f, 0xfc,
    0x6, 0xff, 0x90, 0x0, 0xa, 0xff, 0x75, 0xff,
    0x90, 0xef, 0xf1, 0xbf, 0xf4, 0x0, 0x0, 0x4f,
    0xfd, 0xbf, 0xf4, 0x9, 0xff, 0x8f, 0xfe, 0x0,
    0x0, 0x0, 0xef, 0xff, 0xfe, 0x0, 0x3f, 0xff,
    0xff, 0x80, 0x0, 0x0, 0x9, 0xff, 0xff, 0x80,
    0x0, 0xef, 0xff, 0xf3, 0x0, 0x0, 0x0, 0x3f,
    0xff, 0xf2, 0x0, 0x8, 0xff, 0xfd, 0x0, 0x0,
    0x0, 0x0, 0xef, 0xfc, 0x0, 0x0, 0x2f, 0xff,
    0x70, 0x0, 0x0,

    /* U+0176 "Ŷ" */
    0x0, 0x0, 0x0, 0x5c, 0xcc, 0x30, 0x0, 0x0,
    0x0, 0x0, 0x0, 0x3f, 0xff, 0xfe, 0x20, 0x0,
    0x0, 0x0, 0x0, 0x1e, 0xfb, 0x1c, 0xfd, 0x0,
    0x0, 0x0, 0x0, 0x7, 0xa8, 0x0, 0x9, 0xa6,
    0x0, 0x0, 0x0, 0x0, 0x0, 0x0, 0x0, 0x0,
    0x0, 0x0, 0x1, 0xef, 0xfc, 0x0, 0x0, 0x0,
    0x9, 0xff, 0xd0, 0x6, 0xff, 0xf6, 0x0, 0x0,
    0x3, 0xff, 0xf4, 0x0, 0xc, 0xff, 0xe1, 0x0,
    0x0, 0xdf, 0xfa, 0x0, 0x0, 0x2f, 0xff, 0x90,
    0x0, 0x7f, 0xff, 0x10, 0x0, 0x0, 0x8f, 0xff,
    0x30, 0x2f, 0xff, 0x60, 0x0, 0x0, 0x0, 0xef,
    0xfd, 0xb, 0xff, 0xc0, 0x0, 0x0, 0x0, 0x4,
    0xff, 0xfb, 0xff, 0xf3, 0x0, 0x0, 0x0, 0x0,
    0xb, 0xff, 0xff, 0xf9, 0x0, 0x0, 0x0, 0x0,
    0x0, 0x1f, 0xff, 0xfe, 0x0, 0x0, 0x0, 0x0,
    0x0, 0x0, 0x7f, 0xff, 0x50, 0x0, 0x0, 0x0,
    0x0, 0x0, 0x5, 0xff, 0xf3, 0x0, 0x0, 0x0,
    0x0, 0x0, 0x0, 0x5f, 0xff, 0x30, 0x0, 0x0,
    0x0, 0x0, 0x0, 0x5, 0xff, 0xf3, 0x0, 0x0,
    0x0, 0x0, 0x0, 0x0, 0x5f, 0xff, 0x30, 0x0,
    0x0, 0x0, 0x0, 0x0, 0x5, 0xff, 0xf3, 0x0,
    0x0, 0x0,

    /* U+0177 "ŷ" */
    0x0, 0x0, 0xa, 0xff, 0xf5, 0x0, 0x0, 0x0,
    0x0, 0xa, 0xff, 0xaf, 0xf5, 0x0, 0x0, 0x0,
    0x9, 0xfd, 0x20, 0x6f, 0xf4, 0x0, 0x0, 0x0,
    0x0, 0x0, 0x0, 0x0, 0x0, 0x0, 0x0, 0x0,
    0x0, 0x0, 0x0, 0x0, 0x0, 0x0, 0xef, 0xf9,
    0x0, 0x0, 0x2, 0xff, 0xf1, 0x8, 0xff, 0xf0,
    0x0, 0x0, 0x9f, 0xfa, 0x0, 0x1f, 0xff, 0x60,
    0x0, 0x1f, 0xff, 0x30, 0x0, 0xaf, 0xfd, 0x0,
    0x7, 0xff, 0xc0, 0x0, 0x3, 0xff, 0xf4, 0x0,
    0xdf, 0xf6, 0x0, 0x0, 0xc, 0xff, 0xa0, 0x4f,
    0xfe, 0x0, 0x0, 0x0, 0x5f, 0xff, 0x1b, 0xff,
    0x80, 0x0, 0x0, 0x0, 0xdf, 0xfa, 0xff, 0xf1,
    0x0, 0x0, 0x0, 0x7, 0xff, 0xff, 0xfa, 0x0,
    0x0, 0x0, 0x0, 0xf, 0xff, 0xff, 0x30, 0x0,
    0x0, 0x0, 0x0, 0x9f, 0xff, 0xc0, 0x0, 0x0,
    0x0, 0x0, 0x2, 0xff, 0xf5, 0x0, 0x0, 0x0,
    0x3, 0x0, 0x8f, 0xfe, 0x0, 0x0, 0x0, 0x7,
    0xfd, 0xdf, 0xff, 0x60, 0x0, 0x0, 0x0, 0xef,
    0xff, 0xff, 0xb0, 0x0, 0x0, 0x0, 0x5, 0xcf,
    0xfc, 0x60, 0x0, 0x0, 0x0, 0x0,

    /* U+0178 "Ÿ" */
    0x0, 0x0, 0xc, 0xe4, 0x6, 0xfb, 0x0, 0x0,
    0x0, 0x0, 0x4, 0xff, 0xb0, 0xdf, 0xf2, 0x0,
    0x0, 0x0, 0x0, 0x1d, 0xf5, 0x7, 0xfb, 0x0,
    0x0, 0x0, 0x0, 0x0, 0x0, 0x0, 0x0, 0x0,
    0x0, 0x0, 0x0, 0x0, 0x0, 0x0, 0x0, 0x0,
    0x0, 0x0, 0x1, 0xef, 0xfc, 0x0, 0x0, 0x0,
    0x9, 0xff, 0xd0, 0x6, 0xff, 0xf6, 0x0, 0x0,
    0x3, 0xff, 0xf4, 0x0, 0xc, 0xff, 0xe1, 0x0,
    0x0, 0xdf, 0xfa, 0x0, 0x0, 0x2f, 0xff, 0x90,
    0x0, 0x7f, 0xff, 0x10, 0x0, 0x0, 0x8f, 0xff,
    0x30, 0x2f, 0xff, 0x60, 0x0, 0x0, 0x0, 0xef,
    0xfd, 0xb, 0xff, 0xc0, 0x0, 0x0, 0x0, 0x4,
    0xff, 0xfb, 0xff, 0xf3, 0x0, 0x0, 0x0, 0x0,
    0xb, 0xff, 0xff, 0xf9, 0x0, 0x0, 0x0, 0x0,
    0x0, 0x1f, 0xff, 0xfe, 0x0, 0x0, 0x0, 0x0,
    0x0, 0x0, 0x7f, 0xff, 0x50, 0x0, 0x0, 0x0,
    0x0, 0x0, 0x5, 0xff, 0xf3, 0x0, 0x0, 0x0,
    0x0, 0x0, 0x0, 0x5f, 0xff, 0x30, 0x0, 0x0,
    0x0, 0x0, 0x0, 0x5, 0xff, 0xf3, 0x0, 0x0,
    0x0, 0x0, 0x0, 0x0, 0x5f, 0xff, 0x30, 0x0,
    0x0, 0x0, 0x0, 0x0, 0x5, 0xff, 0xf3, 0x0,
    0x0, 0x0,

    /* U+0179 "Ź" */
    0x0, 0x0, 0x0, 0x0, 0xdf, 0xfa, 0x0, 0x0,
    0x0, 0x0, 0x0, 0xbf, 0xf8, 0x0, 0x0, 0x0,
    0x0, 0x0, 0x9f, 0xf6, 0x0, 0x0, 0x0, 0x0,
    0x0, 0x18, 0x84, 0x0, 0x0, 0x0, 0x0, 0x0,
    0x0, 0x0, 0x0, 0x0, 0x0, 0x0, 0xff, 0xff,
    0xff, 0xff, 0xff, 0xff, 0xf0, 0xf, 0xff, 0xff,
    0xff, 0xff, 0xff, 0xff, 0x0, 0xee, 0xee, 0xee,
    0xee, 0xff, 0xff, 0xc0, 0x0, 0x0, 0x0, 0x0,
    0x4f, 0xff, 0xd1, 0x0, 0x0, 0x0, 0x0, 0x2f,
    0xff, 0xe2, 0x0, 0x0, 0x0, 0x0, 0x1d, 0xff,
    0xf3, 0x0, 0x0, 0x0, 0x0, 0xc, 0xff, 0xf5,
    0x0, 0x0, 0x0, 0x0, 0xa, 0xff, 0xf7, 0x0,
    0x0, 0x0, 0x0, 0x8, 0xff, 0xfa, 0x0, 0x0,
    0x0, 0x0, 0x6, 0xff, 0xfc, 0x0, 0x0, 0x0,
    0x0, 0x4, 0xff, 0xfd, 0x10, 0x0, 0x0, 0x0,
    0x2, 0xff, 0xfe, 0x20, 0x0, 0x0, 0x0, 0x1,
    0xef, 0xff, 0xfe, 0xee, 0xee, 0xee, 0xe4, 0x2f,
    0xff, 0xff, 0xff, 0xff, 0xff, 0xff, 0x42, 0xff,
    0xff, 0xff, 0xff, 0xff, 0xff, 0xf4,

    /* U+017A "ź" */
    0x0, 0x0, 0x0, 0x17, 0x88, 0x30, 0x0, 0x0,
    0x1, 0xdf, 0xf6, 0x0, 0x0, 0x0, 0x1d, 0xfd,
    0x30, 0x0, 0x0, 0x0, 0x58, 0x70, 0x0, 0x0,
    0x0, 0x0, 0x0, 0x0, 0x0, 0x0, 0x1f, 0xff,
    0xff, 0xff, 0xff, 0xf2, 0x1f, 0xff, 0xff, 0xff,
    0xff, 0xf2, 0xa, 0xaa, 0xaa, 0xcf, 0xff, 0xb0,
    0x0, 0x0, 0x1, 0xdf, 0xfd, 0x10, 0x0, 0x0,
    0xb, 0xff, 0xf2, 0x0, 0x0, 0x0, 0x9f, 0xff,
    0x40, 0x0, 0x0, 0x6, 0xff, 0xf7, 0x0, 0x0,
    0x0, 0x3f, 0xff, 0xa0, 0x0, 0x0, 0x2, 0xef,
    0xfc, 0x0, 0x0, 0x0, 0xd, 0xff, 0xfb, 0xaa,
    0xaa, 0xa3, 0x3f, 0xff, 0xff, 0xff, 0xff, 0xf5,
    0x3f, 0xff, 0xff, 0xff, 0xff, 0xf5,

    /* U+017B "Ż" */
    0x0, 0x0, 0x0, 0x5a, 0x60, 0x0, 0x0, 0x0,
    0x0, 0x0, 0x2f, 0xff, 0x40, 0x0, 0x0, 0x0,
    0x0, 0x3, 0xff, 0xf5, 0x0, 0x0, 0x0, 0x0,
    0x0, 0xa, 0xfb, 0x0, 0x0, 0x0, 0x0, 0x0,
    0x0, 0x0, 0x0, 0x0, 0x0, 0x0, 0x0, 0x0,
    0x0, 0x0, 0x0, 0x0, 0x0, 0xf, 0xff, 0xff,
    0xff, 0xff, 0xff, 0xff, 0x0, 0xff, 0xff, 0xff,
    0xff, 0xff, 0xff, 0xf0, 0xe, 0xee, 0xee, 0xee,
    0xef, 0xff, 0xfc, 0x0, 0x0, 0x0, 0x0, 0x4,
    0xff, 0xfd, 0x10, 0x0, 0x0, 0x0, 0x2, 0xff,
    0xfe, 0x20, 0x0, 0x0, 0x0, 0x1, 0xdf, 0xff,
    0x30, 0x0, 0x0, 0x0, 0x0, 0xcf, 0xff, 0x50,
    0x0, 0x0, 0x0, 0x0, 0xaf, 0xff, 0x70, 0x0,
    0x0, 0x0, 0x0, 0x8f, 0xff, 0xa0, 0x0, 0x0,
    0x0, 0x0, 0x6f, 0xff, 0xc0, 0x0, 0x0, 0x0,
    0x0, 0x4f, 0xff, 0xd1, 0x0, 0x0, 0x0, 0x0,
    0x2f, 0xff, 0xe2, 0x0, 0x0, 0x0, 0x0, 0x1e,
    0xff, 0xff, 0xee, 0xee, 0xee, 0xee, 0x42, 0xff,
    0xff, 0xff, 0xff, 0xff, 0xff, 0xf4, 0x2f, 0xff,
    0xff, 0xff, 0xff, 0xff, 0xff, 0x40,

    /* U+017C "ż" */
    0x0, 0x0, 0x3e, 0xe4, 0x0, 0x0, 0x0, 0x0,
    0xbf, 0xfd, 0x0, 0x0, 0x0, 0x0, 0xaf, 0xfb,
    0x0, 0x0, 0x0, 0x0, 0x19, 0x92, 0x0, 0x0,
    0x0, 0x0, 0x0, 0x0, 0x0, 0x0, 0x1f, 0xff,
    0xff, 0xff, 0xff, 0xf2, 0x1f, 0xff, 0xff, 0xff,
    0xff, 0xf2, 0xa, 0xaa, 0xaa, 0xcf, 0xff, 0xb0,
    0x0, 0x0, 0x1, 0xdf, 0xfd, 0x10, 0x0, 0x0,
    0xb, 0xff, 0xf2, 0x0, 0x0, 0x0, 0x9f, 0xff,
    0x40, 0x0, 0x0, 0x6, 0xff, 0xf7, 0x0, 0x0,
    0x0, 0x3f, 0xff, 0xa0, 0x0, 0x0, 0x2, 0xef,
    0xfc, 0x0, 0x0, 0x0, 0xd, 0xff, 0xfb, 0xaa,
    0xaa, 0xa3, 0x3f, 0xff, 0xff, 0xff, 0xff, 0xf5,
    0x3f, 0xff, 0xff, 0xff, 0xff, 0xf5,

    /* U+017D "Ž" */
    0x0, 0x7, 0xff, 0x30, 0x2e, 0xf9, 0x0, 0x0,
    0x0, 0x9, 0xff, 0x6e, 0xfb, 0x0, 0x0, 0x0,
    0x0, 0xc, 0xff, 0xfd, 0x10, 0x0, 0x0, 0x0,
    0x0, 0x17, 0x88, 0x20, 0x0, 0x0, 0x0, 0x0,
    0x0, 0x0, 0x0, 0x0, 0x0, 0x0, 0xff, 0xff,
    0xff, 0xff, 0xff, 0xff, 0xf0, 0xf, 0xff, 0xff,
    0xff, 0xff, 0xff, 0xff, 0x0, 0xee, 0xee, 0xee,
    0xee, 0xff, 0xff, 0xc0, 0x0, 0x0, 0x0, 0x0,
    0x4f, 0xff, 0xd1, 0x0, 0x0, 0x0, 0x0, 0x2f,
    0xff, 0xe2, 0x0, 0x0, 0x0, 0x0, 0x1d, 0xff,
    0xf3, 0x0, 0x0, 0x0, 0x0, 0xc, 0xff, 0xf5,
    0x0, 0x0, 0x0, 0x0, 0xa, 0xff, 0xf7, 0x0,
    0x0, 0x0, 0x0, 0x8, 0xff, 0xfa, 0x0, 0x0,
    0x0, 0x0, 0x6, 0xff, 0xfc, 0x0, 0x0, 0x0,
    0x0, 0x4, 0xff, 0xfd, 0x10, 0x0, 0x0, 0x0,
    0x2, 0xff, 0xfe, 0x20, 0x0, 0x0, 0x0, 0x1,
    0xef, 0xff, 0xfe, 0xee, 0xee, 0xee, 0xe4, 0x2f,
    0xff, 0xff, 0xff, 0xff, 0xff, 0xff, 0x42, 0xff,
    0xff, 0xff, 0xff, 0xff, 0xff, 0xf4,

    /* U+017E "ž" */
    0x1, 0x78, 0x30, 0x2, 0x87, 0x10, 0x0, 0x6f,
    0xf6, 0x4f, 0xf7, 0x0, 0x0, 0x7, 0xff, 0xff,
    0x80, 0x0, 0x0, 0x0, 0x58, 0x86, 0x0, 0x0,
    0x0, 0x0, 0x0, 0x0, 0x0, 0x0, 0x1f, 0xff,
    0xff, 0xff, 0xff, 0xf2, 0x1f, 0xff, 0xff, 0xff,
    0xff, 0xf2, 0xa, 0xaa, 0xaa, 0xcf, 0xff, 0xb0,
    0x0, 0x0, 0x1, 0xdf, 0xfd, 0x10, 0x0, 0x0,
    0xb, 0xff, 0xf2, 0x0, 0x0, 0x0, 0x9f, 0xff,
    0x40, 0x0, 0x0, 0x6, 0xff, 0xf7, 0x0, 0x0,
    0x0, 0x3f, 0xff, 0xa0, 0x0, 0x0, 0x2, 0xef,
    0xfc, 0x0, 0x0, 0x0, 0xd, 0xff, 0xfb, 0xaa,
    0xaa, 0xa3, 0x3f, 0xff, 0xff, 0xff, 0xff, 0xf5,
    0x3f, 0xff, 0xff, 0xff, 0xff, 0xf5,

    /* U+017F "ſ" */
    0x0, 0x0, 0x38, 0xaa, 0x61, 0x0, 0x8, 0xff,
    0xff, 0xf3, 0x0, 0x4f, 0xff, 0xff, 0xd0, 0x0,
    0xaf, 0xff, 0x20, 0x20, 0x0, 0xbf, 0xfb, 0x0,
    0x0, 0x9f, 0xff, 0xfa, 0x0, 0x0, 0x9f, 0xff,
    0xfa, 0x0, 0x0, 0x5a, 0xef, 0xfa, 0x0, 0x0,
    0x0, 0xcf, 0xfa, 0x0, 0x0, 0x0, 0xcf, 0xfa,
    0x0, 0x0, 0x0, 0xcf, 0xfa, 0x0, 0x0, 0x0,
    0xcf, 0xfa, 0x0, 0x0, 0x0, 0xcf, 0xfa, 0x0,
    0x0, 0x0, 0xcf, 0xfa, 0x0, 0x0, 0x0, 0xcf,
    0xfa, 0x0, 0x0, 0x0, 0xcf, 0xfa, 0x0, 0x0,
    0x0, 0xcf, 0xfa, 0x0, 0x0,

    /* U+0400 "Ѐ" */
    0x0, 0x6f, 0xff, 0x30, 0x0, 0x0, 0x0, 0x0,
    0x4f, 0xfe, 0x20, 0x0, 0x0, 0x0, 0x0, 0x2e,
    0xfd, 0x0, 0x0, 0x0, 0x0, 0x0, 0x17, 0x84,
    0x0, 0x0, 0x0, 0x0, 0x0, 0x0, 0x0, 0x0,
    0x1, 0xff, 0xff, 0xff, 0xff, 0xff, 0xf8, 0x1f,
    0xff, 0xff, 0xff, 0xff, 0xff, 0x81, 0xff, 0xfe,
    0xdd, 0xdd, 0xdd, 0xd7, 0x1f, 0xff, 0x70, 0x0,
    0x0, 0x0, 0x1, 0xff, 0xf7, 0x0, 0x0, 0x0,
    0x0, 0x1f, 0xff, 0x70, 0x0, 0x0, 0x0, 0x1,
    0xff, 0xff, 0xff, 0xff, 0xff, 0x90, 0x1f, 0xff,
    0xff, 0xff, 0xff, 0xf9, 0x1, 0xff, 0xfd, 0xcc,
    0xcc, 0xcc, 0x70, 0x1f, 0xff, 0x70, 0x0, 0x0,
    0x0, 0x1, 0xff, 0xf7, 0x0, 0x0, 0x0, 0x0,
    0x1f, 0xff, 0x70, 0x0, 0x0, 0x0, 0x1, 0xff,
    0xfe, 0xdd, 0xdd, 0xdd, 0xdb, 0x1f, 0xff, 0xff,
    0xff, 0xff, 0xff, 0xd1, 0xff, 0xff, 0xff, 0xff,
    0xff, 0xfd,

    /* U+0401 "Ё" */
    0x0, 0x8, 0xf9, 0x2, 0xed, 0x20, 0x0, 0x0,
    0xff, 0xf0, 0x8f, 0xf7, 0x0, 0x0, 0x9, 0xf9,
    0x3, 0xee, 0x20, 0x0, 0x0, 0x0, 0x0, 0x0,
    0x0, 0x0, 0x0, 0x0, 0x0, 0x0, 0x0, 0x0,
    0x1, 0xff, 0xff, 0xff, 0xff, 0xff, 0xf8, 0x1f,
    0xff, 0xff, 0xff, 0xff, 0xff, 0x81, 0xff, 0xfe,
    0xdd, 0xdd, 0xdd, 0xd7, 0x1f, 0xff, 0x70, 0x0,
    0x0, 0x0, 0x1, 0xff, 0xf7, 0x0, 0x0, 0x0,
    0x0, 0x1f, 0xff, 0x70, 0x0, 0x0, 0x0, 0x1,
    0xff, 0xff, 0xff, 0xff, 0xff, 0x90, 0x1f, 0xff,
    0xff, 0xff, 0xff, 0xf9, 0x1, 0xff, 0xfd, 0xcc,
    0xcc, 0xcc, 0x70, 0x1f, 0xff, 0x70, 0x0, 0x0,
    0x0, 0x1, 0xff, 0xf7, 0x0, 0x0, 0x0, 0x0,
    0x1f, 0xff, 0x70, 0x0, 0x0, 0x0, 0x1, 0xff,
    0xfe, 0xdd, 0xdd, 0xdd, 0xdb, 0x1f, 0xff, 0xff,
    0xff, 0xff, 0xff, 0xd1, 0xff, 0xff, 0xff, 0xff,
    0xff, 0xfd,

    /* U+0402 "Ђ" */
    0xaf, 0xff, 0xff, 0xff, 0xff, 0xff, 0xff, 0x50,
    0x0, 0xa, 0xff, 0xff, 0xff, 0xff, 0xff, 0xff,
    0xf5, 0x0, 0x0, 0x9e, 0xee, 0xef, 0xff, 0xfe,
    0xee, 0xee, 0x40, 0x0, 0x0, 0x0, 0x0, 0xbf,
    0xfc, 0x0, 0x0, 0x0, 0x0, 0x0, 0x0, 0x0,
    0xb, 0xff, 0xc0, 0x0, 0x0, 0x0, 0x0, 0x0,
    0x0, 0x0, 0xbf, 0xfc, 0x1, 0x34, 0x30, 0x0,
    0x0, 0x0, 0x0, 0xb, 0xff, 0xfe, 0xff, 0xff,
    0xfa, 0x10, 0x0, 0x0, 0x0, 0xbf, 0xff, 0xff,
    0xff, 0xff, 0xfe, 0x20, 0x0, 0x0, 0xb, 0xff,
    0xfe, 0xa9, 0xae, 0xff, 0xfa, 0x0, 0x0, 0x0,
    0xbf, 0xfc, 0x0, 0x0, 0x1d, 0xff, 0xf0, 0x0,
    0x0, 0xb, 0xff, 0xc0, 0x0, 0x0, 0x8f, 0xff,
    0x0, 0x0, 0x0, 0xbf, 0xfc, 0x0, 0x0, 0xc,
    0xff, 0xf0, 0x0, 0x0, 0xb, 0xff, 0xc0, 0x8,
    0x9d, 0xff, 0xfa, 0x0, 0x0, 0x0, 0xbf, 0xfc,
    0x0, 0xff, 0xff, 0xfe, 0x10, 0x0, 0x0, 0xb,
    0xff, 0xc0, 0x1f, 0xff, 0xe9, 0x10, 0x0, 0x0,
    0x0, 0x0, 0x0, 0x0, 0x12, 0x10, 0x0, 0x0,

    /* U+0403 "Ѓ" */
    0x0, 0x0, 0x0, 0x4f, 0xff, 0x40, 0x0, 0x0,
    0x3, 0xff, 0xe3, 0x0, 0x0, 0x0, 0x1e, 0xfd,
    0x20, 0x0, 0x0, 0x0, 0x58, 0x71, 0x0, 0x0,
    0x0, 0x0, 0x0, 0x0, 0x0, 0x0, 0x1f, 0xff,
    0xff, 0xff, 0xff, 0xfc, 0x1f, 0xff, 0xff, 0xff,
    0xff, 0xfc, 0x1f, 0xff, 0xfe, 0xee, 0xee, 0xea,
    0x1f, 0xff, 0x70, 0x0, 0x0, 0x0, 0x1f, 0xff,
    0x70, 0x0, 0x0, 0x0, 0x1f, 0xff, 0x70, 0x0,
    0x0, 0x0, 0x1f, 0xff, 0x70, 0x0, 0x0, 0x0,
    0x1f, 0xff, 0x70, 0x0, 0x0, 0x0, 0x1f, 0xff,
    0x70, 0x0, 0x0, 0x0, 0x1f, 0xff, 0x70, 0x0,
    0x0, 0x0, 0x1f, 0xff, 0x70, 0x0, 0x0, 0x0,
    0x1f, 0xff, 0x70, 0x0, 0x0, 0x0, 0x1f, 0xff,
    0x70, 0x0, 0x0, 0x0, 0x1f, 0xff, 0x70, 0x0,
    0x0, 0x0, 0x1f, 0xff, 0x70, 0x0, 0x0, 0x0,

    /* U+0404 "Є" */
    0x0, 0x0, 0x5, 0xae, 0xff, 0xd9, 0x40, 0x0,
    0x0, 0x3, 0xdf, 0xff, 0xff, 0xff, 0xfb, 0x10,
    0x0, 0x3f, 0xff, 0xff, 0xff, 0xff, 0xff, 0xe1,
    0x0, 0xef, 0xff, 0xb4, 0x11, 0x38, 0xff, 0x50,
    0x8, 0xff, 0xf7, 0x0, 0x0, 0x0, 0x22, 0x0,
    0xd, 0xff, 0xd0, 0x0, 0x0, 0x0, 0x0, 0x0,
    0xf, 0xff, 0xff, 0xff, 0xff, 0xe0, 0x0, 0x0,
    0x1f, 0xff, 0xff, 0xff, 0xff, 0xe0, 0x0, 0x0,
    0xf, 0xff, 0xeb, 0xbb, 0xbb, 0xa0, 0x0, 0x0,
    0xd, 0xff, 0xf0, 0x0, 0x0, 0x0, 0x0, 0x0,
    0x8, 0xff, 0xfa, 0x0, 0x0, 0x0, 0x45, 0x0,
    0x0, 0xef, 0xff, 0xc4, 0x11, 0x39, 0xff, 0x70,
    0x0, 0x3f, 0xff, 0xff, 0xff, 0xff, 0xff, 0xe1,
    0x0, 0x3, 0xdf, 0xff, 0xff, 0xff, 0xfc, 0x10,
    0x0, 0x0, 0x5, 0xae, 0xff, 0xd9, 0x40, 0x0,

    /* U+0405 "Ѕ" */
    0x0, 0x2, 0x8c, 0xef, 0xfd, 0x94, 0x0, 0x0,
    0x7f, 0xff, 0xff, 0xff, 0xff, 0xb0, 0x4, 0xff,
    0xff, 0xfe, 0xef, 0xff, 0x70, 0xb, 0xff, 0xf4,
    0x0, 0x1, 0x6c, 0x10, 0xd, 0xff, 0xb0, 0x0,
    0x0, 0x0, 0x0, 0xb, 0xff, 0xf7, 0x10, 0x0,
    0x0, 0x0, 0x3, 0xff, 0xff, 0xfd, 0x95, 0x10,
    0x0, 0x0, 0x4c, 0xff, 0xff, 0xff, 0xf9, 0x10,
    0x0, 0x0, 0x37, 0xbf, 0xff, 0xff, 0xe1, 0x0,
    0x0, 0x0, 0x0, 0x3a, 0xff, 0xf7, 0x0, 0x10,
    0x0, 0x0, 0x0, 0xff, 0xf9, 0x5, 0xf9, 0x30,
    0x0, 0x7, 0xff, 0xf7, 0xd, 0xff, 0xff, 0xee,
    0xff, 0xff, 0xf1, 0xa, 0xff, 0xff, 0xff, 0xff,
    0xfe, 0x30, 0x0, 0x27, 0xbe, 0xff, 0xeb, 0x70,
    0x0,

    /* U+0406 "І" */
    0x1f, 0xff, 0x71, 0xff, 0xf7, 0x1f, 0xff, 0x71,
    0xff, 0xf7, 0x1f, 0xff, 0x71, 0xff, 0xf7, 0x1f,
    0xff, 0x71, 0xff, 0xf7, 0x1f, 0xff, 0x71, 0xff,
    0xf7, 0x1f, 0xff, 0x71, 0xff, 0xf7, 0x1f, 0xff,
    0x71, 0xff, 0xf7, 0x1f, 0xff, 0x70,

    /* U+0407 "Ї" */
    0xa, 0xf7, 0x4, 0xec, 0x11, 0xff, 0xd0, 0xaf,
    0xf5, 0xb, 0xf7, 0x4, 0xfd, 0x10, 0x0, 0x0,
    0x0, 0x0, 0x0, 0x0, 0x0, 0x0, 0x0, 0x2,
    0xff, 0xf6, 0x0, 0x0, 0x2f, 0xff, 0x60, 0x0,
    0x2, 0xff, 0xf6, 0x0, 0x0, 0x2f, 0xff, 0x60,
    0x0, 0x2, 0xff, 0xf6, 0x0, 0x0, 0x2f, 0xff,
    0x60, 0x0, 0x2, 0xff, 0xf6, 0x0, 0x0, 0x2f,
    0xff, 0x60, 0x0, 0x2, 0xff, 0xf6, 0x0, 0x0,
    0x2f, 0xff, 0x60, 0x0, 0x2, 0xff, 0xf6, 0x0,
    0x0, 0x2f, 0xff, 0x60, 0x0, 0x2, 0xff, 0xf6,
    0x0, 0x0, 0x2f, 0xff, 0x60, 0x0, 0x2, 0xff,
    0xf6, 0x0,

    /* U+0408 "Ј" */
    0x2, 0xff, 0xff, 0xff, 0xff, 0xd0, 0x2f, 0xff,
    0xff, 0xff, 0xfd, 0x1, 0xdd, 0xdd, 0xdf, 0xff,
    0xd0, 0x0, 0x0, 0x0, 0xbf, 0xfd, 0x0, 0x0,
    0x0, 0xb, 0xff, 0xd0, 0x0, 0x0, 0x0, 0xbf,
    0xfd, 0x0, 0x0, 0x0, 0xb, 0xff, 0xd0, 0x0,
    0x0, 0x0, 0xbf, 0xfd, 0x0, 0x0, 0x0, 0xb,
    0xff, 0xd0, 0x0, 0x0, 0x0, 0xbf, 0xfd, 0x0,
    0x30, 0x0, 0xd, 0xff, 0xc0, 0x9f, 0x60, 0x6,
    0xff, 0xf9, 0x7f, 0xff, 0xff, 0xff, 0xff, 0x32,
    0xdf, 0xff, 0xff, 0xff, 0x80, 0x0, 0x6c, 0xef,
    0xeb, 0x40, 0x0,

    /* U+0409 "Љ" */
    0x0, 0x3, 0xff, 0xff, 0xff, 0xff, 0xff, 0xff,
    0x0, 0x0, 0x0, 0x0, 0x0, 0x0, 0x3, 0xff,
    0xff, 0xff, 0xff, 0xff, 0xff, 0x0, 0x0, 0x0,
    0x0, 0x0, 0x0, 0x4, 0xff, 0xfe, 0xee, 0xee,
    0xff, 0xff, 0x0, 0x0, 0x0, 0x0, 0x0, 0x0,
    0x5, 0xff, 0xd0, 0x0, 0x0, 0xff, 0xff, 0x0,
    0x0, 0x0, 0x0, 0x0, 0x0, 0x5, 0xff, 0xc0,
    0x0, 0x0, 0xff, 0xff, 0xaa, 0xaa, 0x96, 0x20,
    0x0, 0x0, 0x6, 0xff, 0xb0, 0x0, 0x0, 0xff,
    0xff, 0xff, 0xff, 0xff, 0xf9, 0x0, 0x0, 0x7,
    0xff, 0xb0, 0x0, 0x0, 0xff, 0xff, 0xff, 0xff,
    0xff, 0xff, 0x90, 0x0, 0x8, 0xff, 0xa0, 0x0,
    0x0, 0xff, 0xff, 0x0, 0x1, 0x5e, 0xff, 0xf1,
    0x0, 0xa, 0xff, 0x80, 0x0, 0x0, 0xff, 0xff,
    0x0, 0x0, 0x6, 0xff, 0xf5, 0x0, 0xc, 0xff,
    0x60, 0x0, 0x0, 0xff, 0xff, 0x0, 0x0, 0x3,
    0xff, 0xf6, 0x0, 0x1f, 0xff, 0x40, 0x0, 0x0,
    0xff, 0xff, 0x0, 0x0, 0x5, 0xff, 0xf5, 0x13,
    0xcf, 0xff, 0x0, 0x0, 0x0, 0xff, 0xff, 0x0,
    0x0, 0x1d, 0xff, 0xf1, 0x8f, 0xff, 0xfb, 0x0,
    0x0, 0x0, 0xff, 0xff, 0xaa, 0xab, 0xff, 0xff,
    0xa0, 0x9f, 0xff, 0xf2, 0x0, 0x0, 0x0, 0xff,
    0xff, 0xff, 0xff, 0xff, 0xfb, 0x0, 0xaf, 0xfc,
    0x30, 0x0, 0x0, 0x0, 0xff, 0xff, 0xff, 0xff,
    0xeb, 0x50, 0x0,

    /* U+040A "Њ" */
    0x1f, 0xff, 0x70, 0x0, 0x0, 0xc, 0xff, 0xb0,
    0x0, 0x0, 0x0, 0x0, 0x1, 0xff, 0xf7, 0x0,
    0x0, 0x0, 0xcf, 0xfb, 0x0, 0x0, 0x0, 0x0,
    0x0, 0x1f, 0xff, 0x70, 0x0, 0x0, 0xc, 0xff,
    0xb0, 0x0, 0x0, 0x0, 0x0, 0x1, 0xff, 0xf7,
    0x0, 0x0, 0x0, 0xcf, 0xfb, 0x0, 0x0, 0x0,
    0x0, 0x0, 0x1f, 0xff, 0x70, 0x0, 0x0, 0xc,
    0xff, 0xb0, 0x0, 0x0, 0x0, 0x0, 0x1, 0xff,
    0xff, 0xee, 0xee, 0xee, 0xff, 0xff, 0xee, 0xee,
    0xda, 0x50, 0x0, 0x1f, 0xff, 0xff, 0xff, 0xff,
    0xff, 0xff, 0xff, 0xff, 0xff, 0xff, 0xb0, 0x1,
    0xff, 0xff, 0xff, 0xff, 0xff, 0xff, 0xfe, 0xaa,
    0xab, 0xff, 0xff, 0x80, 0x1f, 0xff, 0x70, 0x0,
    0x0, 0xc, 0xff, 0xb0, 0x0, 0x1, 0xef, 0xfe,
    0x1, 0xff, 0xf7, 0x0, 0x0, 0x0, 0xcf, 0xfb,
    0x0, 0x0, 0x8, 0xff, 0xf1, 0x1f, 0xff, 0x70,
    0x0, 0x0, 0xc, 0xff, 0xb0, 0x0, 0x0, 0x9f,
    0xff, 0x11, 0xff, 0xf7, 0x0, 0x0, 0x0, 0xcf,
    0xfb, 0x0, 0x0, 0x2e, 0xff, 0xe0, 0x1f, 0xff,
    0x70, 0x0, 0x0, 0xc, 0xff, 0xea, 0xaa, 0xbf,
    0xff, 0xf7, 0x1, 0xff, 0xf7, 0x0, 0x0, 0x0,
    0xcf, 0xff, 0xff, 0xff, 0xff, 0xfa, 0x0, 0x1f,
    0xff, 0x70, 0x0, 0x0, 0xc, 0xff, 0xff, 0xff,
    0xfe, 0xb5, 0x0, 0x0,

    /* U+040B "Ћ" */
    0xaf, 0xff, 0xff, 0xff, 0xff, 0xff, 0xff, 0x20,
    0x0, 0xa, 0xff, 0xff, 0xff, 0xff, 0xff, 0xff,
    0xf2, 0x0, 0x0, 0x9e, 0xee, 0xef, 0xff, 0xfe,
    0xee, 0xee, 0x20, 0x0, 0x0, 0x0, 0x0, 0xcf,
    0xfc, 0x0, 0x0, 0x0, 0x0, 0x0, 0x0, 0x0,
    0xc, 0xff, 0xc0, 0x0, 0x0, 0x0, 0x0, 0x0,
    0x0, 0x0, 0xcf, 0xfc, 0x0, 0x0, 0x0, 0x0,
    0x0, 0x0, 0x0, 0xc, 0xff, 0xd9, 0xce, 0xfe,
    0xb5, 0x0, 0x0, 0x0, 0x0, 0xcf, 0xff, 0xff,
    0xff, 0xff, 0xfa, 0x0, 0x0, 0x0, 0xc, 0xff,
    0xff, 0xff, 0xff, 0xff, 0xf6, 0x0, 0x0, 0x0,
    0xcf, 0xfe, 0x62, 0x2, 0x9f, 0xff, 0xc0, 0x0,
    0x0, 0xc, 0xff, 0xc0, 0x0, 0x0, 0xcf, 0xff,
    0x0, 0x0, 0x0, 0xcf, 0xfc, 0x0, 0x0, 0x8,
    0xff, 0xf0, 0x0, 0x0, 0xc, 0xff, 0xc0, 0x0,
    0x0, 0x8f, 0xff, 0x0, 0x0, 0x0, 0xcf, 0xfc,
    0x0, 0x0, 0x8, 0xff, 0xf0, 0x0, 0x0, 0xc,
    0xff, 0xc0, 0x0, 0x0, 0x8f, 0xff, 0x0,

    /* U+040C "Ќ" */
    0x0, 0x0, 0x0, 0x3, 0xff, 0xf5, 0x0, 0x0,
    0x0, 0x0, 0x2, 0xef, 0xf4, 0x0, 0x0, 0x0,
    0x0, 0x1, 0xdf, 0xe2, 0x0, 0x0, 0x0, 0x0,
    0x0, 0x48, 0x71, 0x0, 0x0, 0x0, 0x0, 0x0,
    0x0, 0x0, 0x0, 0x0, 0x0, 0x2, 0xff, 0xf6,
    0x0, 0x0, 0x5, 0xff, 0xf6, 0x2f, 0xff, 0x60,
    0x0, 0x1, 0xef, 0xfb, 0x2, 0xff, 0xf6, 0x0,
    0x0, 0xaf, 0xfe, 0x10, 0x2f, 0xff, 0x60, 0x0,
    0x5f, 0xff, 0x50, 0x2, 0xff, 0xf6, 0x0, 0x1e,
    0xff, 0xa0, 0x0, 0x2f, 0xff, 0x60, 0xb, 0xff,
    0xd0, 0x0, 0x2, 0xff, 0xff, 0xff, 0xff, 0xf3,
    0x0, 0x0, 0x2f, 0xff, 0xff, 0xff, 0xfe, 0x0,
    0x0, 0x2, 0xff, 0xff, 0xff, 0xff, 0xf9, 0x0,
    0x0, 0x2f, 0xff, 0x60, 0xc, 0xff, 0xf4, 0x0,
    0x2, 0xff, 0xf6, 0x0, 0x2f, 0xff, 0xe0, 0x0,
    0x2f, 0xff, 0x60, 0x0, 0x7f, 0xff, 0x90, 0x2,
    0xff, 0xf6, 0x0, 0x0, 0xcf, 0xff, 0x40, 0x2f,
    0xff, 0x60, 0x0, 0x2, 0xff, 0xfd, 0x2, 0xff,
    0xf6, 0x0, 0x0, 0x7, 0xff, 0xf9,

    /* U+040D "Ѝ" */
    0x0, 0x2, 0xef, 0xf7, 0x0, 0x0, 0x0, 0x0,
    0x0, 0x0, 0x1d, 0xff, 0x50, 0x0, 0x0, 0x0,
    0x0, 0x0, 0x0, 0xbf, 0xf3, 0x0, 0x0, 0x0,
    0x0, 0x0, 0x0, 0x7, 0x86, 0x0, 0x0, 0x0,
    0x0, 0x0, 0x0, 0x0, 0x0, 0x0, 0x0, 0x0,
    0x1f, 0xff, 0x70, 0x0, 0x0, 0x9, 0xff, 0xf2,
    0x1f, 0xff, 0x70, 0x0, 0x0, 0x5f, 0xff, 0xf2,
    0x1f, 0xff, 0x70, 0x0, 0x2, 0xff, 0xff, 0xf2,
    0x1f, 0xff, 0x70, 0x0, 0xc, 0xff, 0xff, 0xf2,
    0x1f, 0xff, 0x70, 0x0, 0x9f, 0xff, 0xff, 0xf2,
    0x1f, 0xff, 0x70, 0x5, 0xff, 0xfc, 0xff, 0xf2,
    0x1f, 0xff, 0x70, 0x2f, 0xff, 0xa6, 0xff, 0xf2,
    0x1f, 0xff, 0x70, 0xcf, 0xfd, 0x6, 0xff, 0xf2,
    0x1f, 0xff, 0x79, 0xff, 0xf3, 0x6, 0xff, 0xf2,
    0x1f, 0xff, 0xcf, 0xff, 0x60, 0x6, 0xff, 0xf2,
    0x1f, 0xff, 0xff, 0xfa, 0x0, 0x6, 0xff, 0xf2,
    0x1f, 0xff, 0xff, 0xd0, 0x0, 0x6, 0xff, 0xf2,
    0x1f, 0xff, 0xff, 0x30, 0x0, 0x6, 0xff, 0xf2,
    0x1f, 0xff, 0xf6, 0x0, 0x0, 0x6, 0xff, 0xf2,
    0x1f, 0xff, 0xa0, 0x0, 0x0, 0x6, 0xff, 0xf2,

    /* U+040E "Ў" */
    0x0, 0x2, 0x88, 0x0, 0x2, 0x88, 0x10, 0x0,
    0x0, 0x3, 0xff, 0x60, 0x9, 0xff, 0x0, 0x0,
    0x0, 0x0, 0xbf, 0xfc, 0xdf, 0xf9, 0x0, 0x0,
    0x0, 0x0, 0x19, 0xdf, 0xfd, 0x70, 0x0, 0x0,
    0x0, 0x0, 0x0, 0x0, 0x0, 0x0, 0x0, 0x0,
    0x8f, 0xff, 0x30, 0x0, 0x0, 0x0, 0xef, 0xf8,
    0x1e, 0xff, 0xb0, 0x0, 0x0, 0x7, 0xff, 0xe1,
    0x7, 0xff, 0xf3, 0x0, 0x0, 0xe, 0xff, 0x70,
    0x0, 0xef, 0xfb, 0x0, 0x0, 0x7f, 0xfe, 0x0,
    0x0, 0x6f, 0xff, 0x30, 0x0, 0xef, 0xf6, 0x0,
    0x0, 0xd, 0xff, 0xb0, 0x8, 0xff, 0xd0, 0x0,
    0x0, 0x4, 0xff, 0xf3, 0x1f, 0xff, 0x50, 0x0,
    0x0, 0x0, 0xcf, 0xfb, 0x8f, 0xfc, 0x0, 0x0,
    0x0, 0x0, 0x3f, 0xff, 0xff, 0xf3, 0x0, 0x0,
    0x0, 0x0, 0xb, 0xff, 0xff, 0xb0, 0x0, 0x0,
    0x0, 0x0, 0x2, 0xff, 0xff, 0x20, 0x0, 0x0,
    0x0, 0x0, 0x0, 0xef, 0xfa, 0x0, 0x0, 0x0,
    0x0, 0x44, 0x5c, 0xff, 0xf1, 0x0, 0x0, 0x0,
    0x0, 0xef, 0xff, 0xff, 0x60, 0x0, 0x0, 0x0,
    0x3, 0xff, 0xff, 0xf6, 0x0, 0x0, 0x0, 0x0,
    0x1, 0x7a, 0xa7, 0x10, 0x0, 0x0, 0x0, 0x0,
    0x0, 0x0, 0x0, 0x0, 0x0, 0x0, 0x0, 0x0,

    /* U+040F "Џ" */
    0x1f, 0xff, 0x70, 0x0, 0x0, 0xb, 0xff, 0xd1,
    0xff, 0xf7, 0x0, 0x0, 0x0, 0xbf, 0xfd, 0x1f,
    0xff, 0x70, 0x0, 0x0, 0xb, 0xff, 0xd1, 0xff,
    0xf7, 0x0, 0x0, 0x0, 0xbf, 0xfd, 0x1f, 0xff,
    0x70, 0x0, 0x0, 0xb, 0xff, 0xd1, 0xff, 0xf7,
    0x0, 0x0, 0x0, 0xbf, 0xfd, 0x1f, 0xff, 0x70,
    0x0, 0x0, 0xb, 0xff, 0xd1, 0xff, 0xf7, 0x0,
    0x0, 0x0, 0xbf, 0xfd, 0x1f, 0xff, 0x70, 0x0,
    0x0, 0xb, 0xff, 0xd1, 0xff, 0xf7, 0x0, 0x0,
    0x0, 0xbf, 0xfd, 0x1f, 0xff, 0x70, 0x0, 0x0,
    0xb, 0xff, 0xd1, 0xff, 0xf7, 0x0, 0x0, 0x0,
    0xbf, 0xfd, 0x1f, 0xff, 0xfe, 0xee, 0xee, 0xef,
    0xff, 0xd1, 0xff, 0xff, 0xff, 0xff, 0xff, 0xff,
    0xfd, 0x1f, 0xff, 0xff, 0xff, 0xff, 0xff, 0xff,
    0xd0, 0x0, 0x0, 0xc, 0xff, 0x80, 0x0, 0x0,
    0x0, 0x0, 0x0, 0xcf, 0xf8, 0x0, 0x0, 0x0,
    0x0, 0x0, 0xc, 0xff, 0x80, 0x0, 0x0,

    /* U+0410 "А" */
    0x0, 0x0, 0x0, 0x2f, 0xff, 0xc0, 0x0, 0x0,
    0x0, 0x0, 0x0, 0x0, 0xaf, 0xff, 0xf4, 0x0,
    0x0, 0x0, 0x0, 0x0, 0x1, 0xff, 0xff, 0xfb,
    0x0, 0x0, 0x0, 0x0, 0x0, 0x8, 0xff, 0xdf,
    0xff, 0x20, 0x0, 0x0, 0x0, 0x0, 0x1f, 0xff,
    0x4b, 0xff, 0xa0, 0x0, 0x0, 0x0, 0x0, 0x7f,
    0xfd, 0x4, 0xff, 0xf1, 0x0, 0x0, 0x0, 0x0,
    0xef, 0xf6, 0x0, 0xdf, 0xf8, 0x0, 0x0, 0x0,
    0x6, 0xff, 0xe0, 0x0, 0x6f, 0xff, 0x0, 0x0,
    0x0, 0xd, 0xff, 0x80, 0x0, 0xf, 0xff, 0x70,
    0x0, 0x0, 0x4f, 0xff, 0xff, 0xff, 0xff, 0xff,
    0xe0, 0x0, 0x0, 0xcf, 0xff, 0xff, 0xff, 0xff,
    0xff, 0xf6, 0x0, 0x3, 0xff, 0xfb, 0xbb, 0xbb,
    0xbb, 0xef, 0xfd, 0x0, 0xa, 0xff, 0xd0, 0x0,
    0x0, 0x0, 0x5f, 0xff, 0x40, 0x2f, 0xff, 0x70,
    0x0, 0x0, 0x0, 0xe, 0xff, 0xc0, 0x9f, 0xff,
    0x10, 0x0, 0x0, 0x0, 0x8, 0xff, 0xf3,

    /* U+0411 "Б" */
    0x1f, 0xff, 0xff, 0xff, 0xff, 0xff, 0xf5, 0x1,
    0xff, 0xff, 0xff, 0xff, 0xff, 0xff, 0x50, 0x1f,
    0xff, 0xed, 0xdd, 0xdd, 0xdd, 0xd4, 0x1, 0xff,
    0xf7, 0x0, 0x0, 0x0, 0x0, 0x0, 0x1f, 0xff,
    0x70, 0x0, 0x0, 0x0, 0x0, 0x1, 0xff, 0xfc,
    0x99, 0x99, 0x87, 0x20, 0x0, 0x1f, 0xff, 0xff,
    0xff, 0xff, 0xff, 0xb1, 0x1, 0xff, 0xff, 0xff,
    0xff, 0xff, 0xff, 0xb0, 0x1f, 0xff, 0x70, 0x0,
    0x4, 0xdf, 0xff, 0x31, 0xff, 0xf7, 0x0, 0x0,
    0x4, 0xff, 0xf6, 0x1f, 0xff, 0x70, 0x0, 0x0,
    0x3f, 0xff, 0x61, 0xff, 0xf7, 0x0, 0x0, 0xa,
    0xff, 0xf3, 0x1f, 0xff, 0xca, 0xaa, 0xbe, 0xff,
    0xfc, 0x1, 0xff, 0xff, 0xff, 0xff, 0xff, 0xfd,
    0x20, 0x1f, 0xff, 0xff, 0xff, 0xfe, 0xb6, 0x0,
    0x0,

    /* U+0412 "В" */
    0x1f, 0xff, 0xff, 0xff, 0xfe, 0xb6, 0x0, 0x1,
    0xff, 0xff, 0xff, 0xff, 0xff, 0xfc, 0x0, 0x1f,
    0xff, 0xca, 0xaa, 0xbf, 0xff, 0xf8, 0x1, 0xff,
    0xf7, 0x0, 0x0, 0x2f, 0xff, 0xb0, 0x1f, 0xff,
    0x70, 0x0, 0x0, 0xef, 0xfa, 0x1, 0xff, 0xf7,
    0x0, 0x1, 0x7f, 0xff, 0x40, 0x1f, 0xff, 0xff,
    0xff, 0xff, 0xff, 0x60, 0x1, 0xff, 0xff, 0xff,
    0xff, 0xff, 0xf9, 0x0, 0x1f, 0xff, 0xb7, 0x77,
    0x8a, 0xff, 0xfc, 0x1, 0xff, 0xf7, 0x0, 0x0,
    0x6, 0xff, 0xf4, 0x1f, 0xff, 0x70, 0x0, 0x0,
    0x2f, 0xff, 0x71, 0xff, 0xf7, 0x0, 0x0, 0x7,
    0xff, 0xf6, 0x1f, 0xff, 0xca, 0xaa, 0xad, 0xff,
    0xff, 0x11, 0xff, 0xff, 0xff, 0xff, 0xff, 0xff,
    0x50, 0x1f, 0xff, 0xff, 0xff, 0xff, 0xd9, 0x20,
    0x0,

    /* U+0413 "Г" */
    0x1f, 0xff, 0xff, 0xff, 0xff, 0xfc, 0x1f, 0xff,
    0xff, 0xff, 0xff, 0xfc, 0x1f, 0xff, 0xfe, 0xee,
    0xee, 0xea, 0x1f, 0xff, 0x70, 0x0, 0x0, 0x0,
    0x1f, 0xff, 0x70, 0x0, 0x0, 0x0, 0x1f, 0xff,
    0x70, 0x0, 0x0, 0x0, 0x1f, 0xff, 0x70, 0x0,
    0x0, 0x0, 0x1f, 0xff, 0x70, 0x0, 0x0, 0x0,
    0x1f, 0xff, 0x70, 0x0, 0x0, 0x0, 0x1f, 0xff,
    0x70, 0x0, 0x0, 0x0, 0x1f, 0xff, 0x70, 0x0,
    0x0, 0x0, 0x1f, 0xff, 0x70, 0x0, 0x0, 0x0,
    0x1f, 0xff, 0x70, 0x0, 0x0, 0x0, 0x1f, 0xff,
    0x70, 0x0, 0x0, 0x0, 0x1f, 0xff, 0x70, 0x0,
    0x0, 0x0,

    /* U+0414 "Д" */
    0x0, 0x3, 0xff, 0xff, 0xff, 0xff, 0xff, 0xfa,
    0x0, 0x0, 0x4, 0xff, 0xff, 0xff, 0xff, 0xff,
    0xfa, 0x0, 0x0, 0x4, 0xff, 0xfe, 0xee, 0xee,
    0xff, 0xfa, 0x0, 0x0, 0x5, 0xff, 0xd0, 0x0,
    0x0, 0xef, 0xfa, 0x0, 0x0, 0x5, 0xff, 0xc0,
    0x0, 0x0, 0xef, 0xfa, 0x0, 0x0, 0x6, 0xff,
    0xb0, 0x0, 0x0, 0xef, 0xfa, 0x0, 0x0, 0x7,
    0xff, 0xa0, 0x0, 0x0, 0xef, 0xfa, 0x0, 0x0,
    0x9, 0xff, 0x90, 0x0, 0x0, 0xef, 0xfa, 0x0,
    0x0, 0xb, 0xff, 0x70, 0x0, 0x0, 0xef, 0xfa,
    0x0, 0x0, 0xe, 0xff, 0x40, 0x0, 0x0, 0xef,
    0xfa, 0x0, 0x0, 0x3f, 0xff, 0x10, 0x0, 0x0,
    0xef, 0xfa, 0x0, 0x1, 0xcf, 0xf9, 0x0, 0x0,
    0x0, 0xef, 0xfa, 0x0, 0x9f, 0xff, 0xff, 0xee,
    0xee, 0xee, 0xff, 0xff, 0xeb, 0xaf, 0xff, 0xff,
    0xff, 0xff, 0xff, 0xff, 0xff, 0xfc, 0xaf, 0xff,
    0xff, 0xff, 0xff, 0xff, 0xff, 0xff, 0xfc, 0xaf,
    0xfa, 0x0, 0x0, 0x0, 0x0, 0x0, 0x8f, 0xfc,
    0xaf, 0xfa, 0x0, 0x0, 0x0, 0x0, 0x0, 0x8f,
    0xfc, 0xaf, 0xfa, 0x0, 0x0, 0x0, 0x0, 0x0,
    0x8f, 0xfc, 0x23, 0x31, 0x0, 0x0, 0x0, 0x0,
    0x0, 0x13, 0x32,

    /* U+0415 "Е" */
    0x1f, 0xff, 0xff, 0xff, 0xff, 0xff, 0x81, 0xff,
    0xff, 0xff, 0xff, 0xff, 0xf8, 0x1f, 0xff, 0xed,
    0xdd, 0xdd, 0xdd, 0x71, 0xff, 0xf7, 0x0, 0x0,
    0x0, 0x0, 0x1f, 0xff, 0x70, 0x0, 0x0, 0x0,
    0x1, 0xff, 0xf7, 0x0, 0x0, 0x0, 0x0, 0x1f,
    0xff, 0xff, 0xff, 0xff, 0xf9, 0x1, 0xff, 0xff,
    0xff, 0xff, 0xff, 0x90, 0x1f, 0xff, 0xdc, 0xcc,
    0xcc, 0xc7, 0x1, 0xff, 0xf7, 0x0, 0x0, 0x0,
    0x0, 0x1f, 0xff, 0x70, 0x0, 0x0, 0x0, 0x1,
    0xff, 0xf7, 0x0, 0x0, 0x0, 0x0, 0x1f, 0xff,
    0xed, 0xdd, 0xdd, 0xdd, 0xb1, 0xff, 0xff, 0xff,
    0xff, 0xff, 0xfd, 0x1f, 0xff, 0xff, 0xff, 0xff,
    0xff, 0xd0,

    /* U+0416 "Ж" */
    0x2f, 0xff, 0x90, 0x0, 0x0, 0xdf, 0xfa, 0x0,
    0x0, 0xd, 0xff, 0xd0, 0x8, 0xff, 0xf3, 0x0,
    0x0, 0xdf, 0xfa, 0x0, 0x0, 0x7f, 0xff, 0x40,
    0x0, 0xdf, 0xfc, 0x0, 0x0, 0xdf, 0xfa, 0x0,
    0x1, 0xff, 0xfa, 0x0, 0x0, 0x4f, 0xff, 0x50,
    0x0, 0xdf, 0xfa, 0x0, 0xa, 0xff, 0xf1, 0x0,
    0x0, 0xa, 0xff, 0xe0, 0x0, 0xdf, 0xfa, 0x0,
    0x3f, 0xff, 0x70, 0x0, 0x0, 0x1, 0xff, 0xf7,
    0x0, 0xdf, 0xfa, 0x0, 0xcf, 0xfd, 0x0, 0x0,
    0x0, 0x0, 0x7f, 0xff, 0xff, 0xff, 0xff, 0xff,
    0xff, 0xf3, 0x0, 0x0, 0x0, 0x0, 0x5f, 0xff,
    0xff, 0xff, 0xff, 0xff, 0xff, 0xf1, 0x0, 0x0,
    0x0, 0x0, 0xdf, 0xff, 0xff, 0xff, 0xff, 0xff,
    0xff, 0xfa, 0x0, 0x0, 0x0, 0x7, 0xff, 0xf8,
    0x0, 0xdf, 0xfa, 0x0, 0xcf, 0xff, 0x40, 0x0,
    0x0, 0x1f, 0xff, 0xe0, 0x0, 0xdf, 0xfa, 0x0,
    0x3f, 0xff, 0xd0, 0x0, 0x0, 0xaf, 0xff, 0x60,
    0x0, 0xdf, 0xfa, 0x0, 0xa, 0xff, 0xf6, 0x0,
    0x4, 0xff, 0xfd, 0x0, 0x0, 0xdf, 0xfa, 0x0,
    0x1, 0xff, 0xfe, 0x10, 0xd, 0xff, 0xf4, 0x0,
    0x0, 0xdf, 0xfa, 0x0, 0x0, 0x8f, 0xff, 0x90,
    0x6f, 0xff, 0xb0, 0x0, 0x0, 0xdf, 0xfa, 0x0,
    0x0, 0xe, 0xff, 0xf2,

    /* U+0417 "З" */
    0x0, 0x27, 0xbe, 0xff, 0xdc, 0x72, 0x0, 0x0,
    0x4f, 0xff, 0xff, 0xff, 0xff, 0xf9, 0x0, 0x0,
    0xef, 0xff, 0xfe, 0xff, 0xff, 0xf7, 0x0, 0x5,
    0x52, 0x0, 0x0, 0x5f, 0xff, 0xc0, 0x0, 0x0,
    0x0, 0x0, 0x0, 0xef, 0xfa, 0x0, 0x0, 0xa,
    0xbb, 0xbb, 0xef, 0xff, 0x20, 0x0, 0x0, 0xef,
    0xff, 0xff, 0xff, 0x30, 0x0, 0x0, 0xe, 0xff,
    0xff, 0xff, 0xff, 0x40, 0x0, 0x0, 0x0, 0x0,
    0x4, 0xdf, 0xfe, 0x10, 0x0, 0x0, 0x0, 0x0,
    0x4, 0xff, 0xf5, 0x0, 0x10, 0x0, 0x0, 0x0,
    0x4f, 0xff, 0x60, 0x5f, 0x83, 0x0, 0x0, 0x4d,
    0xff, 0xf3, 0xb, 0xff, 0xff, 0xee, 0xff, 0xff,
    0xfa, 0x0, 0xbf, 0xff, 0xff, 0xff, 0xff, 0xfa,
    0x0, 0x0, 0x38, 0xbe, 0xff, 0xec, 0x83, 0x0,
    0x0,

    /* U+0418 "И" */
    0x1f, 0xff, 0x70, 0x0, 0x0, 0x9, 0xff, 0xf2,
    0x1f, 0xff, 0x70, 0x0, 0x0, 0x5f, 0xff, 0xf2,
    0x1f, 0xff, 0x70, 0x0, 0x2, 0xff, 0xff, 0xf2,
    0x1f, 0xff, 0x70, 0x0, 0xc, 0xff, 0xff, 0xf2,
    0x1f, 0xff, 0x70, 0x0, 0x9f, 0xff, 0xff, 0xf2,
    0x1f, 0xff, 0x70, 0x5, 0xff, 0xfc, 0xff, 0xf2,
    0x1f, 0xff, 0x70, 0x2f, 0xff, 0xa6, 0xff, 0xf2,
    0x1f, 0xff, 0x70, 0xcf, 0xfd, 0x6, 0xff, 0xf2,
    0x1f, 0xff, 0x79, 0xff, 0xf3, 0x6, 0xff, 0xf2,
    0x1f, 0xff, 0xcf, 0xff, 0x60, 0x6, 0xff, 0xf2,
    0x1f, 0xff, 0xff, 0xfa, 0x0, 0x6, 0xff, 0xf2,
    0x1f, 0xff, 0xff, 0xd0, 0x0, 0x6, 0xff, 0xf2,
    0x1f, 0xff, 0xff, 0x30, 0x0, 0x6, 0xff, 0xf2,
    0x1f, 0xff, 0xf6, 0x0, 0x0, 0x6, 0xff, 0xf2,
    0x1f, 0xff, 0xa0, 0x0, 0x0, 0x6, 0xff, 0xf2,

    /* U+0419 "Й" */
    0x0, 0x1, 0x88, 0x10, 0x1, 0x88, 0x20, 0x0,
    0x0, 0x0, 0xff, 0x91, 0x19, 0xff, 0x10, 0x0,
    0x0, 0x0, 0x8f, 0xff, 0xff, 0xf9, 0x0, 0x0,
    0x0, 0x0, 0x4, 0x9b, 0xb9, 0x40, 0x0, 0x0,
    0x0, 0x0, 0x0, 0x0, 0x0, 0x0, 0x0, 0x0,
    0x1f, 0xff, 0x70, 0x0, 0x0, 0x9, 0xff, 0xf2,
    0x1f, 0xff, 0x70, 0x0, 0x0, 0x5f, 0xff, 0xf2,
    0x1f, 0xff, 0x70, 0x0, 0x2, 0xff, 0xff, 0xf2,
    0x1f, 0xff, 0x70, 0x0, 0xc, 0xff, 0xff, 0xf2,
    0x1f, 0xff, 0x70, 0x0, 0x9f, 0xff, 0xff, 0xf2,
    0x1f, 0xff, 0x70, 0x5, 0xff, 0xfc, 0xff, 0xf2,
    0x1f, 0xff, 0x70, 0x2f, 0xff, 0xa6, 0xff, 0xf2,
    0x1f, 0xff, 0x70, 0xcf, 0xfd, 0x6, 0xff, 0xf2,
    0x1f, 0xff, 0x79, 0xff, 0xf3, 0x6, 0xff, 0xf2,
    0x1f, 0xff, 0xcf, 0xff, 0x60, 0x6, 0xff, 0xf2,
    0x1f, 0xff, 0xff, 0xfa, 0x0, 0x6, 0xff, 0xf2,
    0x1f, 0xff, 0xff, 0xd0, 0x0, 0x6, 0xff, 0xf2,
    0x1f, 0xff, 0xff, 0x30, 0x0, 0x6, 0xff, 0xf2,
    0x1f, 0xff, 0xf6, 0x0, 0x0, 0x6, 0xff, 0xf2,
    0x1f, 0xff, 0xa0, 0x0, 0x0, 0x6, 0xff, 0xf2,

    /* U+041A "К" */
    0x2f, 0xff, 0x60, 0x0, 0x0, 0x5f, 0xff, 0x62,
    0xff, 0xf6, 0x0, 0x0, 0x1e, 0xff, 0xb0, 0x2f,
    0xff, 0x60, 0x0, 0xa, 0xff, 0xe1, 0x2, 0xff,
    0xf6, 0x0, 0x5, 0xff, 0xf5, 0x0, 0x2f, 0xff,
    0x60, 0x1, 0xef, 0xfa, 0x0, 0x2, 0xff, 0xf6,
    0x0, 0xbf, 0xfd, 0x0, 0x0, 0x2f, 0xff, 0xff,
    0xff, 0xff, 0x30, 0x0, 0x2, 0xff, 0xff, 0xff,
    0xff, 0xe0, 0x0, 0x0, 0x2f, 0xff, 0xff, 0xff,
    0xff, 0x90, 0x0, 0x2, 0xff, 0xf6, 0x0, 0xcf,
    0xff, 0x40, 0x0, 0x2f, 0xff, 0x60, 0x2, 0xff,
    0xfe, 0x0, 0x2, 0xff, 0xf6, 0x0, 0x7, 0xff,
    0xf9, 0x0, 0x2f, 0xff, 0x60, 0x0, 0xc, 0xff,
    0xf4, 0x2, 0xff, 0xf6, 0x0, 0x0, 0x2f, 0xff,
    0xd0, 0x2f, 0xff, 0x60, 0x0, 0x0, 0x7f, 0xff,
    0x90,

    /* U+041B "Л" */
    0x0, 0x3, 0xff, 0xff, 0xff, 0xff, 0xff, 0xfa,
    0x0, 0x3, 0xff, 0xff, 0xff, 0xff, 0xff, 0xfa,
    0x0, 0x4, 0xff, 0xfe, 0xee, 0xee, 0xff, 0xfa,
    0x0, 0x5, 0xff, 0xd0, 0x0, 0x0, 0xef, 0xfa,
    0x0, 0x5, 0xff, 0xc0, 0x0, 0x0, 0xef, 0xfa,
    0x0, 0x6, 0xff, 0xb0, 0x0, 0x0, 0xef, 0xfa,
    0x0, 0x7, 0xff, 0xb0, 0x0, 0x0, 0xef, 0xfa,
    0x0, 0x8, 0xff, 0xa0, 0x0, 0x0, 0xef, 0xfa,
    0x0, 0xa, 0xff, 0x80, 0x0, 0x0, 0xef, 0xfa,
    0x0, 0xc, 0xff, 0x60, 0x0, 0x0, 0xef, 0xfa,
    0x0, 0x1f, 0xff, 0x40, 0x0, 0x0, 0xef, 0xfa,
    0x13, 0xcf, 0xff, 0x0, 0x0, 0x0, 0xef, 0xfa,
    0x8f, 0xff, 0xfb, 0x0, 0x0, 0x0, 0xef, 0xfa,
    0x9f, 0xff, 0xf2, 0x0, 0x0, 0x0, 0xef, 0xfa,
    0xaf, 0xfc, 0x30, 0x0, 0x0, 0x0, 0xef, 0xfa,

    /* U+041C "М" */
    0x1f, 0xff, 0x20, 0x0, 0x0, 0x0, 0x0, 0x1e,
    0xff, 0x31, 0xff, 0xfc, 0x0, 0x0, 0x0, 0x0,
    0x9, 0xff, 0xf4, 0x1f, 0xff, 0xf6, 0x0, 0x0,
    0x0, 0x3, 0xff, 0xff, 0x41, 0xff, 0xff, 0xe1,
    0x0, 0x0, 0x0, 0xdf, 0xff, 0xf4, 0x1f, 0xff,
    0xff, 0xa0, 0x0, 0x0, 0x7f, 0xff, 0xff, 0x41,
    0xff, 0xff, 0xff, 0x40, 0x0, 0x1f, 0xff, 0xff,
    0xf4, 0x1f, 0xff, 0xcf, 0xfd, 0x0, 0xa, 0xff,
    0xbf, 0xff, 0x41, 0xff, 0xf4, 0xdf, 0xf7, 0x4,
    0xff, 0xe2, 0xff, 0xf4, 0x1f, 0xff, 0x44, 0xff,
    0xf2, 0xdf, 0xf6, 0x1f, 0xff, 0x41, 0xff, 0xf4,
    0xa, 0xff, 0xef, 0xfc, 0x1, 0xff, 0xf4, 0x1f,
    0xff, 0x40, 0x1e, 0xff, 0xff, 0x20, 0x1f, 0xff,
    0x41, 0xff, 0xf4, 0x0, 0x6f, 0xff, 0x80, 0x1,
    0xff, 0xf4, 0x1f, 0xff, 0x40, 0x0, 0xcf, 0xe0,
    0x0, 0x1f, 0xff, 0x41, 0xff, 0xf4, 0x0, 0x2,
    0x63, 0x0, 0x1, 0xff, 0xf4, 0x1f, 0xff, 0x40,
    0x0, 0x0, 0x0, 0x0, 0x1f, 0xff, 0x40,

    /* U+041D "Н" */
    0x1f, 0xff, 0x70, 0x0, 0x0, 0x8, 0xff, 0xf0,
    0x1f, 0xff, 0x70, 0x0, 0x0, 0x8, 0xff, 0xf0,
    0x1f, 0xff, 0x70, 0x0, 0x0, 0x8, 0xff, 0xf0,
    0x1f, 0xff, 0x70, 0x0, 0x0, 0x8, 0xff, 0xf0,
    0x1f, 0xff, 0x70, 0x0, 0x0, 0x8, 0xff, 0xf0,
    0x1f, 0xff, 0x70, 0x0, 0x0, 0x8, 0xff, 0xf0,
    0x1f, 0xff, 0xff, 0xff, 0xff, 0xff, 0xff, 0xf0,
    0x1f, 0xff, 0xff, 0xff, 0xff, 0xff, 0xff, 0xf0,
    0x1f, 0xff, 0xff, 0xff, 0xff, 0xff, 0xff, 0xf0,
    0x1f, 0xff, 0x70, 0x0, 0x0, 0x8, 0xff, 0xf0,
    0x1f, 0xff, 0x70, 0x0, 0x0, 0x8, 0xff, 0xf0,
    0x1f, 0xff, 0x70, 0x0, 0x0, 0x8, 0xff, 0xf0,
    0x1f, 0xff, 0x70, 0x0, 0x0, 0x8, 0xff, 0xf0,
    0x1f, 0xff, 0x70, 0x0, 0x0, 0x8, 0xff, 0xf0,
    0x1f, 0xff, 0x70, 0x0, 0x0, 0x8, 0xff, 0xf0,

    /* U+041E "О" */
    0x0, 0x0, 0x3, 0x9d, 0xff, 0xeb, 0x71, 0x0,
    0x0, 0x0, 0x1, 0xbf, 0xff, 0xff, 0xff, 0xff,
    0x60, 0x0, 0x0, 0x2e, 0xff, 0xff, 0xff, 0xff,
    0xff, 0xf9, 0x0, 0x0, 0xef, 0xff, 0xc5, 0x11,
    0x38, 0xff, 0xff, 0x70, 0x7, 0xff, 0xfa, 0x0,
    0x0, 0x0, 0x3f, 0xff, 0xf1, 0xd, 0xff, 0xe0,
    0x0, 0x0, 0x0, 0x6, 0xff, 0xf6, 0xf, 0xff,
    0x90, 0x0, 0x0, 0x0, 0x1, 0xff, 0xf9, 0x2f,
    0xff, 0x70, 0x0, 0x0, 0x0, 0x0, 0xff, 0xfa,
    0xf, 0xff, 0x90, 0x0, 0x0, 0x0, 0x1, 0xff,
    0xf9, 0xd, 0xff, 0xe0, 0x0, 0x0, 0x0, 0x6,
    0xff, 0xf6, 0x7, 0xff, 0xfa, 0x0, 0x0, 0x0,
    0x3f, 0xff, 0xf1, 0x0, 0xef, 0xff, 0xc5, 0x11,
    0x38, 0xff, 0xff, 0x70, 0x0, 0x2e, 0xff, 0xff,
    0xff, 0xff, 0xff, 0xf9, 0x0, 0x0, 0x1, 0xbf,
    0xff, 0xff, 0xff, 0xff, 0x60, 0x0, 0x0, 0x0,
    0x3, 0x9d, 0xff, 0xeb, 0x71, 0x0, 0x0,

    /* U+041F "П" */
    0x1f, 0xff, 0xff, 0xff, 0xff, 0xff, 0xff, 0xf1,
    0xff, 0xff, 0xff, 0xff, 0xff, 0xff, 0xff, 0x1f,
    0xff, 0xfe, 0xee, 0xee, 0xef, 0xff, 0xf1, 0xff,
    0xf7, 0x0, 0x0, 0x0, 0x9f, 0xff, 0x1f, 0xff,
    0x70, 0x0, 0x0, 0x9, 0xff, 0xf1, 0xff, 0xf7,
    0x0, 0x0, 0x0, 0x9f, 0xff, 0x1f, 0xff, 0x70,
    0x0, 0x0, 0x9, 0xff, 0xf1, 0xff, 0xf7, 0x0,
    0x0, 0x0, 0x9f, 0xff, 0x1f, 0xff, 0x70, 0x0,
    0x0, 0x9, 0xff, 0xf1, 0xff, 0xf7, 0x0, 0x0,
    0x0, 0x9f, 0xff, 0x1f, 0xff, 0x70, 0x0, 0x0,
    0x9, 0xff, 0xf1, 0xff, 0xf7, 0x0, 0x0, 0x0,
    0x9f, 0xff, 0x1f, 0xff, 0x70, 0x0, 0x0, 0x9,
    0xff, 0xf1, 0xff, 0xf7, 0x0, 0x0, 0x0, 0x9f,
    0xff, 0x1f, 0xff, 0x70, 0x0, 0x0, 0x9, 0xff,
    0xf0,

    /* U+0420 "Р" */
    0x1f, 0xff, 0xff, 0xff, 0xec, 0x82, 0x0, 0x1,
    0xff, 0xff, 0xff, 0xff, 0xff, 0xf7, 0x0, 0x1f,
    0xff, 0xfe, 0xee, 0xff, 0xff, 0xf5, 0x1, 0xff,
    0xf7, 0x0, 0x0, 0x6f, 0xff, 0xe0, 0x1f, 0xff,
    0x70, 0x0, 0x0, 0x9f, 0xff, 0x21, 0xff, 0xf7,
    0x0, 0x0, 0x6, 0xff, 0xf3, 0x1f, 0xff, 0x70,
    0x0, 0x0, 0x9f, 0xff, 0x21, 0xff, 0xf7, 0x0,
    0x2, 0x8f, 0xff, 0xd0, 0x1f, 0xff, 0xff, 0xff,
    0xff, 0xff, 0xf5, 0x1, 0xff, 0xff, 0xff, 0xff,
    0xff, 0xf5, 0x0, 0x1f, 0xff, 0xfe, 0xee, 0xdb,
    0x71, 0x0, 0x1, 0xff, 0xf7, 0x0, 0x0, 0x0,
    0x0, 0x0, 0x1f, 0xff, 0x70, 0x0, 0x0, 0x0,
    0x0, 0x1, 0xff, 0xf7, 0x0, 0x0, 0x0, 0x0,
    0x0, 0x1f, 0xff, 0x70, 0x0, 0x0, 0x0, 0x0,
    0x0,

    /* U+0421 "С" */
    0x0, 0x0, 0x4, 0x9d, 0xff, 0xeb, 0x60, 0x0,
    0x0, 0x2, 0xcf, 0xff, 0xff, 0xff, 0xfe, 0x40,
    0x0, 0x2e, 0xff, 0xff, 0xff, 0xff, 0xff, 0xf3,
    0x0, 0xef, 0xff, 0xd5, 0x20, 0x27, 0xef, 0x90,
    0x7, 0xff, 0xfa, 0x0, 0x0, 0x0, 0x16, 0x0,
    0xd, 0xff, 0xe0, 0x0, 0x0, 0x0, 0x0, 0x0,
    0xf, 0xff, 0x90, 0x0, 0x0, 0x0, 0x0, 0x0,
    0x1f, 0xff, 0x80, 0x0, 0x0, 0x0, 0x0, 0x0,
    0xf, 0xff, 0x90, 0x0, 0x0, 0x0, 0x0, 0x0,
    0xd, 0xff, 0xe0, 0x0, 0x0, 0x0, 0x0, 0x0,
    0x7, 0xff, 0xfa, 0x0, 0x0, 0x0, 0x16, 0x0,
    0x0, 0xef, 0xff, 0xc5, 0x10, 0x27, 0xef, 0xa0,
    0x0, 0x2e, 0xff, 0xff, 0xff, 0xff, 0xff, 0xf3,
    0x0, 0x2, 0xcf, 0xff, 0xff, 0xff, 0xfe, 0x40,
    0x0, 0x0, 0x4, 0x9d, 0xff, 0xeb, 0x60, 0x0,

    /* U+0422 "Т" */
    0xaf, 0xff, 0xff, 0xff, 0xff, 0xff, 0xfb, 0xaf,
    0xff, 0xff, 0xff, 0xff, 0xff, 0xfb, 0x9e, 0xee,
    0xef, 0xff, 0xfe, 0xee, 0xe9, 0x0, 0x0, 0xc,
    0xff, 0xc0, 0x0, 0x0, 0x0, 0x0, 0xc, 0xff,
    0xc0, 0x0, 0x0, 0x0, 0x0, 0xc, 0xff, 0xc0,
    0x0, 0x0, 0x0, 0x0, 0xc, 0xff, 0xc0, 0x0,
    0x0, 0x0, 0x0, 0xc, 0xff, 0xc0, 0x0, 0x0,
    0x0, 0x0, 0xc, 0xff, 0xc0, 0x0, 0x0, 0x0,
    0x0, 0xc, 0xff, 0xc0, 0x0, 0x0, 0x0, 0x0,
    0xc, 0xff, 0xc0, 0x0, 0x0, 0x0, 0x0, 0xc,
    0xff, 0xc0, 0x0, 0x0, 0x0, 0x0, 0xc, 0xff,
    0xc0, 0x0, 0x0, 0x0, 0x0, 0xc, 0xff, 0xc0,
    0x0, 0x0, 0x0, 0x0, 0xc, 0xff, 0xc0, 0x0,
    0x0,

    /* U+0423 "У" */
    0x8f, 0xff, 0x30, 0x0, 0x0, 0x0, 0xef, 0xf8,
    0x1e, 0xff, 0xb0, 0x0, 0x0, 0x7, 0xff, 0xe1,
    0x7, 0xff, 0xf3, 0x0, 0x0, 0xe, 0xff, 0x70,
    0x0, 0xef, 0xfb, 0x0, 0x0, 0x7f, 0xfe, 0x0,
    0x0, 0x6f, 0xff, 0x30, 0x0, 0xef, 0xf6, 0x0,
    0x0, 0xd, 0xff, 0xb0, 0x8, 0xff, 0xd0, 0x0,
    0x0, 0x4, 0xff, 0xf3, 0x1f, 0xff, 0x50, 0x0,
    0x0, 0x0, 0xcf, 0xfb, 0x8f, 0xfc, 0x0, 0x0,
    0x0, 0x0, 0x3f, 0xff, 0xff, 0xf3, 0x0, 0x0,
    0x0, 0x0, 0xb, 0xff, 0xff, 0xb0, 0x0, 0x0,
    0x0, 0x0, 0x2, 0xff, 0xff, 0x20, 0x0, 0x0,
    0x0, 0x0, 0x0, 0xef, 0xfa, 0x0, 0x0, 0x0,
    0x0, 0x44, 0x5c, 0xff, 0xf1, 0x0, 0x0, 0x0,
    0x0, 0xef, 0xff, 0xff, 0x60, 0x0, 0x0, 0x0,
    0x3, 0xff, 0xff, 0xf6, 0x0, 0x0, 0x0, 0x0,
    0x1, 0x7a, 0xa7, 0x10, 0x0, 0x0, 0x0, 0x0,
    0x0, 0x0, 0x0, 0x0, 0x0, 0x0, 0x0, 0x0,

    /* U+0424 "Ф" */
    0x0, 0x0, 0x0, 0x0, 0x2b, 0xbb, 0x10, 0x0,
    0x0, 0x0, 0x0, 0x0, 0x0, 0x0, 0x2, 0xff,
    0xf1, 0x0, 0x0, 0x0, 0x0, 0x0, 0x0, 0x39,
    0xce, 0xff, 0xff, 0xfe, 0xc8, 0x20, 0x0, 0x0,
    0x1, 0xaf, 0xff, 0xff, 0xff, 0xff, 0xff, 0xff,
    0x90, 0x0, 0x0, 0xcf, 0xff, 0xfe, 0xcf, 0xff,
    0xbe, 0xff, 0xff, 0xb0, 0x0, 0x8f, 0xff, 0xc3,
    0x2, 0xff, 0xf1, 0x3, 0xcf, 0xff, 0x60, 0xe,
    0xff, 0xc0, 0x0, 0x2f, 0xff, 0x10, 0x0, 0xdf,
    0xfd, 0x2, 0xff, 0xf5, 0x0, 0x2, 0xff, 0xf1,
    0x0, 0x7, 0xff, 0xf0, 0x3f, 0xff, 0x30, 0x0,
    0x2f, 0xff, 0x10, 0x0, 0x4f, 0xff, 0x22, 0xff,
    0xf4, 0x0, 0x2, 0xff, 0xf1, 0x0, 0x6, 0xff,
    0xf1, 0xf, 0xff, 0xb0, 0x0, 0x2f, 0xff, 0x10,
    0x0, 0xcf, 0xfe, 0x0, 0xaf, 0xff, 0x90, 0x2,
    0xff, 0xf1, 0x0, 0xaf, 0xff, 0x80, 0x1, 0xef,
    0xff, 0xfa, 0x9f, 0xff, 0x8a, 0xff, 0xff, 0xd0,
    0x0, 0x3, 0xef, 0xff, 0xff, 0xff, 0xff, 0xff,
    0xff, 0xd2, 0x0, 0x0, 0x0, 0x7d, 0xff, 0xff,
    0xff, 0xff, 0xfc, 0x60, 0x0, 0x0, 0x0, 0x0,
    0x0, 0x25, 0xff, 0xf4, 0x20, 0x0, 0x0, 0x0,
    0x0, 0x0, 0x0, 0x0, 0x2f, 0xff, 0x10, 0x0,
    0x0, 0x0, 0x0,

    /* U+0425 "Х" */
    0x2f, 0xff, 0xe1, 0x0, 0x0, 0x4f, 0xff, 0xd0,
    0x5, 0xff, 0xfb, 0x0, 0x1, 0xef, 0xff, 0x30,
    0x0, 0xaf, 0xff, 0x70, 0xb, 0xff, 0xf7, 0x0,
    0x0, 0x1e, 0xff, 0xf2, 0x6f, 0xff, 0xb0, 0x0,
    0x0, 0x4, 0xff, 0xfd, 0xff, 0xfe, 0x10, 0x0,
    0x0, 0x0, 0x9f, 0xff, 0xff, 0xf5, 0x0, 0x0,
    0x0, 0x0, 0xd, 0xff, 0xff, 0x90, 0x0, 0x0,
    0x0, 0x0, 0x7, 0xff, 0xff, 0x60, 0x0, 0x0,
    0x0, 0x0, 0x2f, 0xff, 0xff, 0xf1, 0x0, 0x0,
    0x0, 0x0, 0xcf, 0xff, 0xff, 0xfc, 0x0, 0x0,
    0x0, 0x8, 0xff, 0xf8, 0xcf, 0xff, 0x70, 0x0,
    0x0, 0x4f, 0xff, 0xc0, 0x2f, 0xff, 0xf3, 0x0,
    0x1, 0xef, 0xff, 0x20, 0x5, 0xff, 0xfd, 0x0,
    0xb, 0xff, 0xf6, 0x0, 0x0, 0x9f, 0xff, 0x90,
    0x6f, 0xff, 0xa0, 0x0, 0x0, 0xd, 0xff, 0xf4,

    /* U+0426 "Ц" */
    0x1f, 0xff, 0x70, 0x0, 0x0, 0xb, 0xff, 0xd0,
    0x0, 0x1f, 0xff, 0x70, 0x0, 0x0, 0xb, 0xff,
    0xd0, 0x0, 0x1f, 0xff, 0x70, 0x0, 0x0, 0xb,
    0xff, 0xd0, 0x0, 0x1f, 0xff, 0x70, 0x0, 0x0,
    0xb, 0xff, 0xd0, 0x0, 0x1f, 0xff, 0x70, 0x0,
    0x0, 0xb, 0xff, 0xd0, 0x0, 0x1f, 0xff, 0x70,
    0x0, 0x0, 0xb, 0xff, 0xd0, 0x0, 0x1f, 0xff,
    0x70, 0x0, 0x0, 0xb, 0xff, 0xd0, 0x0, 0x1f,
    0xff, 0x70, 0x0, 0x0, 0xb, 0xff, 0xd0, 0x0,
    0x1f, 0xff, 0x70, 0x0, 0x0, 0xb, 0xff, 0xd0,
    0x0, 0x1f, 0xff, 0x70, 0x0, 0x0, 0xb, 0xff,
    0xd0, 0x0, 0x1f, 0xff, 0x70, 0x0, 0x0, 0xb,
    0xff, 0xd0, 0x0, 0x1f, 0xff, 0x70, 0x0, 0x0,
    0xb, 0xff, 0xd0, 0x0, 0x1f, 0xff, 0xfe, 0xee,
    0xee, 0xef, 0xff, 0xfe, 0xe0, 0x1f, 0xff, 0xff,
    0xff, 0xff, 0xff, 0xff, 0xff, 0xf1, 0x1f, 0xff,
    0xff, 0xff, 0xff, 0xff, 0xff, 0xff, 0xf1, 0x0,
    0x0, 0x0, 0x0, 0x0, 0x0, 0x3, 0xff, 0xf1,
    0x0, 0x0, 0x0, 0x0, 0x0, 0x0, 0x3, 0xff,
    0xf1, 0x0, 0x0, 0x0, 0x0, 0x0, 0x0, 0x3,
    0xff, 0xf1, 0x0, 0x0, 0x0, 0x0, 0x0, 0x0,
    0x0, 0x44, 0x40,

    /* U+0427 "Ч" */
    0x8f, 0xff, 0x0, 0x0, 0x0, 0x6f, 0xff, 0x28,
    0xff, 0xf0, 0x0, 0x0, 0x6, 0xff, 0xf2, 0x8f,
    0xff, 0x0, 0x0, 0x0, 0x6f, 0xff, 0x28, 0xff,
    0xf0, 0x0, 0x0, 0x6, 0xff, 0xf2, 0x8f, 0xff,
    0x10, 0x0, 0x0, 0x6f, 0xff, 0x26, 0xff, 0xf5,
    0x0, 0x0, 0x6, 0xff, 0xf2, 0x3f, 0xff, 0xe5,
    0x10, 0x14, 0xbf, 0xff, 0x20, 0xcf, 0xff, 0xff,
    0xff, 0xff, 0xff, 0xf2, 0x1, 0xdf, 0xff, 0xff,
    0xff, 0xff, 0xff, 0x20, 0x0, 0x6b, 0xef, 0xfd,
    0x99, 0xff, 0xf2, 0x0, 0x0, 0x0, 0x0, 0x0,
    0x6f, 0xff, 0x20, 0x0, 0x0, 0x0, 0x0, 0x6,
    0xff, 0xf2, 0x0, 0x0, 0x0, 0x0, 0x0, 0x6f,
    0xff, 0x20, 0x0, 0x0, 0x0, 0x0, 0x6, 0xff,
    0xf2, 0x0, 0x0, 0x0, 0x0, 0x0, 0x6f, 0xff,
    0x20,

    /* U+0428 "Ш" */
    0x1f, 0xff, 0x70, 0x0, 0xb, 0xff, 0xd0, 0x0,
    0x4, 0xff, 0xf3, 0x1f, 0xff, 0x70, 0x0, 0xb,
    0xff, 0xd0, 0x0, 0x4, 0xff, 0xf3, 0x1f, 0xff,
    0x70, 0x0, 0xb, 0xff, 0xd0, 0x0, 0x4, 0xff,
    0xf3, 0x1f, 0xff, 0x70, 0x0, 0xb, 0xff, 0xd0,
    0x0, 0x4, 0xff, 0xf3, 0x1f, 0xff, 0x70, 0x0,
    0xb, 0xff, 0xd0, 0x0, 0x4, 0xff, 0xf3, 0x1f,
    0xff, 0x70, 0x0, 0xb, 0xff, 0xd0, 0x0, 0x4,
    0xff, 0xf3, 0x1f, 0xff, 0x70, 0x0, 0xb, 0xff,
    0xd0, 0x0, 0x4, 0xff, 0xf3, 0x1f, 0xff, 0x70,
    0x0, 0xb, 0xff, 0xd0, 0x0, 0x4, 0xff, 0xf3,
    0x1f, 0xff, 0x70, 0x0, 0xb, 0xff, 0xd0, 0x0,
    0x4, 0xff, 0xf3, 0x1f, 0xff, 0x70, 0x0, 0xb,
    0xff, 0xd0, 0x0, 0x4, 0xff, 0xf3, 0x1f, 0xff,
    0x70, 0x0, 0xb, 0xff, 0xd0, 0x0, 0x4, 0xff,
    0xf3, 0x1f, 0xff, 0x70, 0x0, 0xb, 0xff, 0xd0,
    0x0, 0x4, 0xff, 0xf3, 0x1f, 0xff, 0xfe, 0xee,
    0xef, 0xff, 0xfe, 0xee, 0xee, 0xff, 0xf3, 0x1f,
    0xff, 0xff, 0xff, 0xff, 0xff, 0xff, 0xff, 0xff,
    0xff, 0xf3, 0x1f, 0xff, 0xff, 0xff, 0xff, 0xff,
    0xff, 0xff, 0xff, 0xff, 0xf3,

    /* U+0429 "Щ" */
    0x1f, 0xff, 0x70, 0x0, 0xb, 0xff, 0xd0, 0x0,
    0x4, 0xff, 0xf3, 0x0, 0x1f, 0xff, 0x70, 0x0,
    0xb, 0xff, 0xd0, 0x0, 0x4, 0xff, 0xf3, 0x0,
    0x1f, 0xff, 0x70, 0x0, 0xb, 0xff, 0xd0, 0x0,
    0x4, 0xff, 0xf3, 0x0, 0x1f, 0xff, 0x70, 0x0,
    0xb, 0xff, 0xd0, 0x0, 0x4, 0xff, 0xf3, 0x0,
    0x1f, 0xff, 0x70, 0x0, 0xb, 0xff, 0xd0, 0x0,
    0x4, 0xff, 0xf3, 0x0, 0x1f, 0xff, 0x70, 0x0,
    0xb, 0xff, 0xd0, 0x0, 0x4, 0xff, 0xf3, 0x0,
    0x1f, 0xff, 0x70, 0x0, 0xb, 0xff, 0xd0, 0x0,
    0x4, 0xff, 0xf3, 0x0, 0x1f, 0xff, 0x70, 0x0,
    0xb, 0xff, 0xd0, 0x0, 0x4, 0xff, 0xf3, 0x0,
    0x1f, 0xff, 0x70, 0x0, 0xb, 0xff, 0xd0, 0x0,
    0x4, 0xff, 0xf3, 0x0, 0x1f, 0xff, 0x70, 0x0,
    0xb, 0xff, 0xd0, 0x0, 0x4, 0xff, 0xf3, 0x0,
    0x1f, 0xff, 0x70, 0x0, 0xb, 0xff, 0xd0, 0x0,
    0x4, 0xff, 0xf3, 0x0, 0x1f, 0xff, 0x70, 0x0,
    0xb, 0xff, 0xd0, 0x0, 0x4, 0xff, 0xf3, 0x0,
    0x1f, 0xff, 0xfe, 0xee, 0xef, 0xff, 0xfe, 0xee,
    0xef, 0xff, 0xff, 0xe4, 0x1f, 0xff, 0xff, 0xff,
    0xff, 0xff, 0xff, 0xff, 0xff, 0xff, 0xff, 0xf5,
    0x1f, 0xff, 0xff, 0xff, 0xff, 0xff, 0xff, 0xff,
    0xff, 0xff, 0xff, 0xf5, 0x0, 0x0, 0x0, 0x0,
    0x0, 0x0, 0x0, 0x0, 0x0, 0x0, 0xff, 0xf5,
    0x0, 0x0, 0x0, 0x0, 0x0, 0x0, 0x0, 0x0,
    0x0, 0x0, 0xff, 0xf5, 0x0, 0x0, 0x0, 0x0,
    0x0, 0x0, 0x0, 0x0, 0x0, 0x0, 0xff, 0xf5,

    /* U+042A "Ъ" */
    0xaf, 0xff, 0xff, 0xff, 0x30, 0x0, 0x0, 0x0,
    0x0, 0xaf, 0xff, 0xff, 0xff, 0x30, 0x0, 0x0,
    0x0, 0x0, 0x9e, 0xee, 0xef, 0xff, 0x30, 0x0,
    0x0, 0x0, 0x0, 0x0, 0x0, 0x5f, 0xff, 0x30,
    0x0, 0x0, 0x0, 0x0, 0x0, 0x0, 0x5f, 0xff,
    0xba, 0xaa, 0x98, 0x50, 0x0, 0x0, 0x0, 0x5f,
    0xff, 0xff, 0xff, 0xff, 0xfe, 0x40, 0x0, 0x0,
    0x5f, 0xff, 0xff, 0xff, 0xff, 0xff, 0xf2, 0x0,
    0x0, 0x5f, 0xff, 0x30, 0x0, 0x2a, 0xff, 0xf9,
    0x0, 0x0, 0x5f, 0xff, 0x30, 0x0, 0x0, 0xdf,
    0xfd, 0x0, 0x0, 0x5f, 0xff, 0x30, 0x0, 0x0,
    0xbf, 0xfe, 0x0, 0x0, 0x5f, 0xff, 0x30, 0x0,
    0x0, 0xdf, 0xfd, 0x0, 0x0, 0x5f, 0xff, 0x30,
    0x0, 0x6, 0xff, 0xf9, 0x0, 0x0, 0x5f, 0xff,
    0xba, 0xaa, 0xdf, 0xff, 0xf2, 0x0, 0x0, 0x5f,
    0xff, 0xff, 0xff, 0xff, 0xff, 0x50, 0x0, 0x0,
    0x5f, 0xff, 0xff, 0xff, 0xfc, 0x82, 0x0,

    /* U+042B "Ы" */
    0x1f, 0xff, 0x70, 0x0, 0x0, 0x0, 0x0, 0x0,
    0xdf, 0xfb, 0x1f, 0xff, 0x70, 0x0, 0x0, 0x0,
    0x0, 0x0, 0xdf, 0xfb, 0x1f, 0xff, 0x70, 0x0,
    0x0, 0x0, 0x0, 0x0, 0xdf, 0xfb, 0x1f, 0xff,
    0x70, 0x0, 0x0, 0x0, 0x0, 0x0, 0xdf, 0xfb,
    0x1f, 0xff, 0xca, 0xaa, 0xa9, 0x61, 0x0, 0x0,
    0xdf, 0xfb, 0x1f, 0xff, 0xff, 0xff, 0xff, 0xff,
    0x70, 0x0, 0xdf, 0xfb, 0x1f, 0xff, 0xff, 0xff,
    0xff, 0xff, 0xf6, 0x0, 0xdf, 0xfb, 0x1f, 0xff,
    0x70, 0x0, 0x17, 0xff, 0xfe, 0x0, 0xdf, 0xfb,
    0x1f, 0xff, 0x70, 0x0, 0x0, 0x9f, 0xff, 0x10,
    0xdf, 0xfb, 0x1f, 0xff, 0x70, 0x0, 0x0, 0x6f,
    0xff, 0x20, 0xdf, 0xfb, 0x1f, 0xff, 0x70, 0x0,
    0x0, 0x9f, 0xff, 0x10, 0xdf, 0xfb, 0x1f, 0xff,
    0x70, 0x0, 0x3, 0xff, 0xfe, 0x0, 0xdf, 0xfb,
    0x1f, 0xff, 0xca, 0xaa, 0xcf, 0xff, 0xf6, 0x0,
    0xdf, 0xfb, 0x1f, 0xff, 0xff, 0xff, 0xff, 0xff,
    0x90, 0x0, 0xdf, 0xfb, 0x1f, 0xff, 0xff, 0xff,
    0xfd, 0xa3, 0x0, 0x0, 0xdf, 0xfb,

    /* U+042C "Ь" */
    0x1f, 0xff, 0x70, 0x0, 0x0, 0x0, 0x0, 0x1,
    0xff, 0xf7, 0x0, 0x0, 0x0, 0x0, 0x0, 0x1f,
    0xff, 0x70, 0x0, 0x0, 0x0, 0x0, 0x1, 0xff,
    0xf7, 0x0, 0x0, 0x0, 0x0, 0x0, 0x1f, 0xff,
    0xca, 0xaa, 0xa9, 0x61, 0x0, 0x1, 0xff, 0xff,
    0xff, 0xff, 0xff, 0xf7, 0x0, 0x1f, 0xff, 0xff,
    0xff, 0xff, 0xff, 0xf6, 0x1, 0xff, 0xf7, 0x0,
    0x1, 0x7f, 0xff, 0xe0, 0x1f, 0xff, 0x70, 0x0,
    0x0, 0x9f, 0xff, 0x11, 0xff, 0xf7, 0x0, 0x0,
    0x6, 0xff, 0xf2, 0x1f, 0xff, 0x70, 0x0, 0x0,
    0x9f, 0xff, 0x11, 0xff, 0xf7, 0x0, 0x0, 0x3f,
    0xff, 0xe0, 0x1f, 0xff, 0xca, 0xaa, 0xcf, 0xff,
    0xf6, 0x1, 0xff, 0xff, 0xff, 0xff, 0xff, 0xf9,
    0x0, 0x1f, 0xff, 0xff, 0xff, 0xfd, 0xa3, 0x0,
    0x0,

    /* U+042D "Э" */
    0x0, 0x6, 0xbe, 0xff, 0xd9, 0x30, 0x0, 0x0,
    0x4e, 0xff, 0xff, 0xff, 0xff, 0xa0, 0x0, 0x4f,
    0xff, 0xff, 0xff, 0xff, 0xff, 0xd0, 0x0, 0x7f,
    0xb5, 0x20, 0x14, 0xbf, 0xff, 0xa0, 0x0, 0x10,
    0x0, 0x0, 0x0, 0x8f, 0xff, 0x30, 0x0, 0x2,
    0xbb, 0xbb, 0xbb, 0xff, 0xf8, 0x0, 0x0, 0x3f,
    0xff, 0xff, 0xff, 0xff, 0xb0, 0x0, 0x3, 0xff,
    0xff, 0xff, 0xff, 0xfc, 0x0, 0x0, 0x0, 0x0,
    0x0, 0x1f, 0xff, 0xb0, 0x0, 0x0, 0x0, 0x0,
    0x7, 0xff, 0xf8, 0x0, 0xb3, 0x0, 0x0, 0x3,
    0xff, 0xff, 0x30, 0xcf, 0xf8, 0x30, 0x16, 0xff,
    0xff, 0xa0, 0x4f, 0xff, 0xff, 0xff, 0xff, 0xff,
    0xd0, 0x0, 0x4e, 0xff, 0xff, 0xff, 0xff, 0xa0,
    0x0, 0x0, 0x6, 0xbe, 0xff, 0xd9, 0x30, 0x0,
    0x0,

    /* U+042E "Ю" */
    0x1f, 0xff, 0x70, 0x0, 0x0, 0x38, 0xce, 0xfe,
    0xc7, 0x10, 0x0, 0x1, 0xff, 0xf7, 0x0, 0x1,
    0xbf, 0xff, 0xff, 0xff, 0xff, 0x70, 0x0, 0x1f,
    0xff, 0x70, 0x2, 0xef, 0xff, 0xff, 0xff, 0xff,
    0xff, 0xa0, 0x1, 0xff, 0xf7, 0x0, 0xcf, 0xff,
    0xf7, 0x20, 0x27, 0xff, 0xff, 0x70, 0x1f, 0xff,
    0x70, 0x4f, 0xff, 0xf2, 0x0, 0x0, 0x2, 0xff,
    0xff, 0x1, 0xff, 0xff, 0xff, 0xff, 0xf7, 0x0,
    0x0, 0x0, 0x6, 0xff, 0xf5, 0x1f, 0xff, 0xff,
    0xff, 0xff, 0x10, 0x0, 0x0, 0x0, 0x1f, 0xff,
    0x81, 0xff, 0xff, 0xff, 0xff, 0xf0, 0x0, 0x0,
    0x0, 0x0, 0xff, 0xfa, 0x1f, 0xff, 0x71, 0x7f,
    0xff, 0x10, 0x0, 0x0, 0x0, 0x1f, 0xff, 0x81,
    0xff, 0xf7, 0x2, 0xff, 0xf7, 0x0, 0x0, 0x0,
    0x6, 0xff, 0xf5, 0x1f, 0xff, 0x70, 0xb, 0xff,
    0xf2, 0x0, 0x0, 0x2, 0xff, 0xff, 0x1, 0xff,
    0xf7, 0x0, 0x3f, 0xff, 0xf7, 0x20, 0x27, 0xff,
    0xff, 0x70, 0x1f, 0xff, 0x70, 0x0, 0x5f, 0xff,
    0xff, 0xff, 0xff, 0xff, 0xa0, 0x1, 0xff, 0xf7,
    0x0, 0x0, 0x4e, 0xff, 0xff, 0xff, 0xff, 0x70,
    0x0, 0x1f, 0xff, 0x70, 0x0, 0x0, 0x6, 0xbe,
    0xfe, 0xc8, 0x10, 0x0, 0x0,

    /* U+042F "Я" */
    0x0, 0x1, 0x7c, 0xef, 0xff, 0xff, 0xff, 0x30,
    0x4, 0xef, 0xff, 0xff, 0xff, 0xff, 0xf3, 0x3,
    0xff, 0xff, 0xfe, 0xee, 0xef, 0xff, 0x30, 0xbf,
    0xff, 0x70, 0x0, 0x5, 0xff, 0xf3, 0xf, 0xff,
    0xb0, 0x0, 0x0, 0x5f, 0xff, 0x30, 0xff, 0xf9,
    0x0, 0x0, 0x5, 0xff, 0xf3, 0xf, 0xff, 0xc0,
    0x0, 0x0, 0x5f, 0xff, 0x30, 0xaf, 0xff, 0x92,
    0x0, 0x5, 0xff, 0xf3, 0x2, 0xff, 0xff, 0xff,
    0xff, 0xff, 0xff, 0x30, 0x4, 0xef, 0xff, 0xff,
    0xff, 0xff, 0xf3, 0x0, 0x1, 0xff, 0xfe, 0xdd,
    0xdf, 0xff, 0x30, 0x0, 0xaf, 0xfe, 0x10, 0x5,
    0xff, 0xf3, 0x0, 0x5f, 0xff, 0x50, 0x0, 0x5f,
    0xff, 0x30, 0x1e, 0xff, 0xa0, 0x0, 0x5, 0xff,
    0xf3, 0xb, 0xff, 0xe1, 0x0, 0x0, 0x5f, 0xff,
    0x30,

    /* U+0430 "а" */
    0x0, 0x49, 0xdf, 0xfe, 0xb4, 0x0, 0x9, 0xff,
    0xff, 0xff, 0xff, 0x90, 0x4, 0xff, 0xec, 0xdf,
    0xff, 0xf5, 0x0, 0x83, 0x0, 0x2, 0xef, 0xfb,
    0x0, 0x0, 0x0, 0x0, 0x9f, 0xfe, 0x0, 0x6b,
    0xef, 0xff, 0xff, 0xff, 0x9, 0xff, 0xff, 0xff,
    0xff, 0xff, 0x2f, 0xff, 0x71, 0x0, 0x7f, 0xff,
    0x4f, 0xff, 0x10, 0x0, 0xbf, 0xff, 0x2f, 0xff,
    0xc5, 0x5b, 0xff, 0xff, 0x9, 0xff, 0xff, 0xff,
    0xdf, 0xff, 0x0, 0x5c, 0xef, 0xd7, 0x4f, 0xff,

    /* U+0431 "б" */
    0x0, 0x0, 0x0, 0x0, 0x0, 0x0, 0x0, 0x0,
    0x0, 0x0, 0x3, 0x69, 0xdf, 0x0, 0x0, 0x0,
    0x6c, 0xff, 0xff, 0xff, 0x30, 0x0, 0x3e, 0xff,
    0xff, 0xff, 0xff, 0x50, 0x3, 0xff, 0xff, 0xfd,
    0x96, 0x30, 0x0, 0xd, 0xff, 0xf7, 0x10, 0x0,
    0x0, 0x0, 0x5f, 0xff, 0x30, 0x0, 0x0, 0x0,
    0x0, 0xaf, 0xf9, 0x3a, 0xef, 0xea, 0x30, 0x0,
    0xdf, 0xfc, 0xff, 0xff, 0xff, 0xf7, 0x0, 0xef,
    0xff, 0xfd, 0xac, 0xff, 0xff, 0x50, 0xff, 0xff,
    0x80, 0x0, 0x4f, 0xff, 0xc0, 0xef, 0xfe, 0x0,
    0x0, 0x9, 0xff, 0xf0, 0xcf, 0xfc, 0x0, 0x0,
    0x7, 0xff, 0xf1, 0x9f, 0xfe, 0x0, 0x0, 0xa,
    0xff, 0xf0, 0x4f, 0xff, 0xa0, 0x0, 0x5f, 0xff,
    0xa0, 0xa, 0xff, 0xfe, 0xbc, 0xff, 0xff, 0x20,
    0x1, 0xbf, 0xff, 0xff, 0xff, 0xe3, 0x0, 0x0,
    0x5, 0xbe, 0xfe, 0xc7, 0x0, 0x0,

    /* U+0432 "в" */
    0x5f, 0xff, 0xff, 0xfe, 0xc7, 0x0, 0x5f, 0xff,
    0xff, 0xff, 0xff, 0xd0, 0x5f, 0xfd, 0x55, 0x59,
    0xff, 0xf5, 0x5f, 0xfc, 0x0, 0x0, 0xdf, 0xf6,
    0x5f, 0xfc, 0x0, 0x4, 0xff, 0xf1, 0x5f, 0xff,
    0xff, 0xff, 0xff, 0x30, 0x5f, 0xff, 0xff, 0xff,
    0xff, 0xc1, 0x5f, 0xfc, 0x0, 0x2, 0xcf, 0xf8,
    0x5f, 0xfc, 0x0, 0x0, 0x7f, 0xfb, 0x5f, 0xfd,
    0x55, 0x57, 0xef, 0xfa, 0x5f, 0xff, 0xff, 0xff,
    0xff, 0xf3, 0x5f, 0xff, 0xff, 0xff, 0xea, 0x20,

    /* U+0433 "г" */
    0x5f, 0xff, 0xff, 0xff, 0xff, 0x25, 0xff, 0xff,
    0xff, 0xff, 0xf2, 0x5f, 0xff, 0xdd, 0xdd, 0xdd,
    0x15, 0xff, 0xf1, 0x0, 0x0, 0x0, 0x5f, 0xff,
    0x10, 0x0, 0x0, 0x5, 0xff, 0xf1, 0x0, 0x0,
    0x0, 0x5f, 0xff, 0x10, 0x0, 0x0, 0x5, 0xff,
    0xf1, 0x0, 0x0, 0x0, 0x5f, 0xff, 0x10, 0x0,
    0x0, 0x5, 0xff, 0xf1, 0x0, 0x0, 0x0, 0x5f,
    0xff, 0x10, 0x0, 0x0, 0x5, 0xff, 0xf1, 0x0,
    0x0, 0x0,

    /* U+0434 "д" */
    0x0, 0x1f, 0xff, 0xff, 0xff, 0xff, 0xf3, 0x0,
    0x2, 0xff, 0xff, 0xff, 0xff, 0xff, 0x30, 0x0,
    0x3f, 0xff, 0xdd, 0xdd, 0xff, 0xf3, 0x0, 0x3,
    0xff, 0xe0, 0x0, 0x3f, 0xff, 0x30, 0x0, 0x4f,
    0xfd, 0x0, 0x3, 0xff, 0xf3, 0x0, 0x6, 0xff,
    0xc0, 0x0, 0x3f, 0xff, 0x30, 0x0, 0x7f, 0xfb,
    0x0, 0x3, 0xff, 0xf3, 0x0, 0xa, 0xff, 0x80,
    0x0, 0x3f, 0xff, 0x30, 0x2, 0xff, 0xf3, 0x0,
    0x3, 0xff, 0xf3, 0xa, 0xff, 0xff, 0xdd, 0xdd,
    0xdf, 0xff, 0xdb, 0xcf, 0xff, 0xff, 0xff, 0xff,
    0xff, 0xff, 0xec, 0xff, 0xff, 0xff, 0xff, 0xff,
    0xff, 0xfe, 0xcf, 0xf6, 0x0, 0x0, 0x0, 0x4,
    0xff, 0xec, 0xff, 0x60, 0x0, 0x0, 0x0, 0x4f,
    0xfe, 0x68, 0x83, 0x0, 0x0, 0x0, 0x2, 0x88,
    0x80,

    /* U+0435 "е" */
    0x0, 0x1, 0x8d, 0xff, 0xc7, 0x10, 0x0, 0x0,
    0x4e, 0xff, 0xff, 0xff, 0xe3, 0x0, 0x3, 0xff,
    0xfe, 0xaa, 0xef, 0xfe, 0x20, 0xc, 0xff, 0xd1,
    0x0, 0x1c, 0xff, 0x90, 0x1f, 0xff, 0x40, 0x0,
    0x3, 0xff, 0xf0, 0x4f, 0xff, 0xff, 0xff, 0xff,
    0xff, 0xf1, 0x4f, 0xff, 0xff, 0xff, 0xff, 0xff,
    0xf2, 0x1f, 0xff, 0x50, 0x0, 0x0, 0x0, 0x0,
    0xb, 0xff, 0xe4, 0x0, 0x2, 0x90, 0x0, 0x2,
    0xff, 0xff, 0xec, 0xdf, 0xfb, 0x0, 0x0, 0x4e,
    0xff, 0xff, 0xff, 0xfc, 0x10, 0x0, 0x1, 0x7c,
    0xef, 0xeb, 0x60, 0x0,

    /* U+0436 "ж" */
    0x5f, 0xff, 0x40, 0x0, 0xaf, 0xfb, 0x0, 0x3,
    0xff, 0xf6, 0xc, 0xff, 0xc0, 0x0, 0xaf, 0xfb,
    0x0, 0xc, 0xff, 0xd0, 0x3, 0xff, 0xf5, 0x0,
    0xaf, 0xfb, 0x0, 0x4f, 0xff, 0x40, 0x0, 0xaf,
    0xfd, 0x0, 0xaf, 0xfb, 0x0, 0xcf, 0xfb, 0x0,
    0x0, 0x1f, 0xff, 0x60, 0xaf, 0xfb, 0x5, 0xff,
    0xf2, 0x0, 0x0, 0x7, 0xff, 0xff, 0xff, 0xff,
    0xff, 0xff, 0x90, 0x0, 0x0, 0x6, 0xff, 0xff,
    0xff, 0xff, 0xff, 0xff, 0x70, 0x0, 0x0, 0x1f,
    0xff, 0xec, 0xef, 0xfe, 0xce, 0xff, 0xf2, 0x0,
    0x0, 0xaf, 0xff, 0x40, 0xaf, 0xfb, 0x3, 0xff,
    0xfb, 0x0, 0x4, 0xff, 0xfa, 0x0, 0xaf, 0xfb,
    0x0, 0x9f, 0xff, 0x50, 0xe, 0xff, 0xf1, 0x0,
    0xaf, 0xfb, 0x0, 0x1e, 0xff, 0xe1, 0x8f, 0xff,
    0x70, 0x0, 0xaf, 0xfb, 0x0, 0x6, 0xff, 0xfa,

    /* U+0437 "з" */
    0x2, 0x8c, 0xef, 0xec, 0x82, 0x0, 0xf, 0xff,
    0xff, 0xff, 0xff, 0x60, 0xa, 0xfd, 0xba, 0xbf,
    0xff, 0xf1, 0x2, 0x20, 0x0, 0x6, 0xff, 0xf2,
    0x0, 0x1, 0x22, 0x2a, 0xff, 0xd0, 0x0, 0xa,
    0xff, 0xff, 0xfc, 0x10, 0x0, 0xa, 0xff, 0xff,
    0xff, 0x90, 0x0, 0x0, 0x0, 0x4, 0xff, 0xf5,
    0x4, 0x10, 0x0, 0x2, 0xff, 0xf7, 0xf, 0xfd,
    0xba, 0xbf, 0xff, 0xf4, 0x6f, 0xff, 0xff, 0xff,
    0xff, 0x80, 0x4, 0x9c, 0xff, 0xfd, 0x93, 0x0,

    /* U+0438 "и" */
    0x5f, 0xff, 0x10, 0x0, 0x9, 0xff, 0xf5, 0xff,
    0xf1, 0x0, 0x6, 0xff, 0xff, 0x5f, 0xff, 0x10,
    0x3, 0xff, 0xff, 0xf5, 0xff, 0xf1, 0x1, 0xef,
    0xff, 0xff, 0x5f, 0xff, 0x10, 0xcf, 0xff, 0xff,
    0xf5, 0xff, 0xf1, 0x9f, 0xfe, 0x9f, 0xff, 0x5f,
    0xff, 0x7f, 0xff, 0x47, 0xff, 0xf5, 0xff, 0xff,
    0xff, 0x60, 0x7f, 0xff, 0x5f, 0xff, 0xff, 0xa0,
    0x7, 0xff, 0xf5, 0xff, 0xff, 0xc0, 0x0, 0x7f,
    0xff, 0x5f, 0xff, 0xe1, 0x0, 0x7, 0xff, 0xf5,
    0xff, 0xf3, 0x0, 0x0, 0x7f, 0xff,

    /* U+0439 "й" */
    0x0, 0x28, 0x70, 0x0, 0x68, 0x30, 0x0, 0x2,
    0xff, 0x30, 0x2f, 0xf5, 0x0, 0x0, 0xb, 0xff,
    0xdf, 0xfe, 0x0, 0x0, 0x0, 0x19, 0xdf, 0xea,
    0x20, 0x0, 0x0, 0x0, 0x0, 0x0, 0x0, 0x0,
    0x5, 0xff, 0xf1, 0x0, 0x0, 0x9f, 0xff, 0x5f,
    0xff, 0x10, 0x0, 0x6f, 0xff, 0xf5, 0xff, 0xf1,
    0x0, 0x3f, 0xff, 0xff, 0x5f, 0xff, 0x10, 0x1e,
    0xff, 0xff, 0xf5, 0xff, 0xf1, 0xc, 0xff, 0xff,
    0xff, 0x5f, 0xff, 0x19, 0xff, 0xe9, 0xff, 0xf5,
    0xff, 0xf7, 0xff, 0xf4, 0x7f, 0xff, 0x5f, 0xff,
    0xff, 0xf6, 0x7, 0xff, 0xf5, 0xff, 0xff, 0xfa,
    0x0, 0x7f, 0xff, 0x5f, 0xff, 0xfc, 0x0, 0x7,
    0xff, 0xf5, 0xff, 0xfe, 0x10, 0x0, 0x7f, 0xff,
    0x5f, 0xff, 0x30, 0x0, 0x7, 0xff, 0xf0,

    /* U+043A "к" */
    0x5f, 0xff, 0x10, 0x0, 0x3f, 0xff, 0x70, 0x5f,
    0xff, 0x10, 0x0, 0xcf, 0xfc, 0x0, 0x5f, 0xff,
    0x10, 0x7, 0xff, 0xf2, 0x0, 0x5f, 0xff, 0x10,
    0x2f, 0xff, 0x60, 0x0, 0x5f, 0xff, 0x10, 0xbf,
    0xfb, 0x0, 0x0, 0x5f, 0xff, 0xff, 0xff, 0xf1,
    0x0, 0x0, 0x5f, 0xff, 0xff, 0xff, 0xe1, 0x0,
    0x0, 0x5f, 0xff, 0xcc, 0xff, 0xfb, 0x0, 0x0,
    0x5f, 0xff, 0x10, 0x9f, 0xff, 0x70, 0x0, 0x5f,
    0xff, 0x10, 0xc, 0xff, 0xf3, 0x0, 0x5f, 0xff,
    0x10, 0x2, 0xff, 0xfe, 0x10, 0x5f, 0xff, 0x10,
    0x0, 0x5f, 0xff, 0xb0,

    /* U+043B "л" */
    0x0, 0x2f, 0xff, 0xff, 0xff, 0xff, 0xf0, 0x2,
    0xff, 0xff, 0xff, 0xff, 0xff, 0x0, 0x3f, 0xff,
    0xdd, 0xde, 0xff, 0xf0, 0x4, 0xff, 0xc0, 0x0,
    0x7f, 0xff, 0x0, 0x4f, 0xfb, 0x0, 0x7, 0xff,
    0xf0, 0x5, 0xff, 0xa0, 0x0, 0x7f, 0xff, 0x0,
    0x7f, 0xf9, 0x0, 0x7, 0xff, 0xf0, 0xa, 0xff,
    0x70, 0x0, 0x7f, 0xff, 0x3, 0xff, 0xf4, 0x0,
    0x7, 0xff, 0xfb, 0xff, 0xff, 0x0, 0x0, 0x7f,
    0xff, 0xcf, 0xff, 0x80, 0x0, 0x7, 0xff, 0xfc,
    0xfe, 0x90, 0x0, 0x0, 0x7f, 0xff,

    /* U+043C "м" */
    0x5f, 0xff, 0x80, 0x0, 0x0, 0x3, 0xff, 0xf4,
    0x5f, 0xff, 0xf1, 0x0, 0x0, 0xd, 0xff, 0xf4,
    0x5f, 0xff, 0xf9, 0x0, 0x0, 0x6f, 0xff, 0xf4,
    0x5f, 0xff, 0xff, 0x20, 0x1, 0xef, 0xff, 0xf4,
    0x5f, 0xff, 0xff, 0xa0, 0x9, 0xff, 0xff, 0xf4,
    0x5f, 0xfc, 0xdf, 0xf3, 0x2f, 0xfc, 0xcf, 0xf4,
    0x5f, 0xfc, 0x4f, 0xfc, 0xbf, 0xf3, 0xcf, 0xf4,
    0x5f, 0xfc, 0xb, 0xff, 0xff, 0xa0, 0xcf, 0xf4,
    0x5f, 0xfc, 0x2, 0xff, 0xff, 0x10, 0xcf, 0xf4,
    0x5f, 0xfc, 0x0, 0x8f, 0xf7, 0x0, 0xcf, 0xf4,
    0x5f, 0xfc, 0x0, 0x1c, 0xb0, 0x0, 0xcf, 0xf4,
    0x5f, 0xfc, 0x0, 0x0, 0x0, 0x0, 0xcf, 0xf4,

    /* U+043D "н" */
    0x5f, 0xff, 0x10, 0x0, 0xc, 0xff, 0xa5, 0xff,
    0xf1, 0x0, 0x0, 0xcf, 0xfa, 0x5f, 0xff, 0x10,
    0x0, 0xc, 0xff, 0xa5, 0xff, 0xf1, 0x0, 0x0,
    0xcf, 0xfa, 0x5f, 0xff, 0x10, 0x0, 0xc, 0xff,
    0xa5, 0xff, 0xff, 0xff, 0xff, 0xff, 0xfa, 0x5f,
    0xff, 0xff, 0xff, 0xff, 0xff, 0xa5, 0xff, 0xfc,
    0xcc, 0xcc, 0xff, 0xfa, 0x5f, 0xff, 0x10, 0x0,
    0xc, 0xff, 0xa5, 0xff, 0xf1, 0x0, 0x0, 0xcf,
    0xfa, 0x5f, 0xff, 0x10, 0x0, 0xc, 0xff, 0xa5,
    0xff, 0xf1, 0x0, 0x0, 0xcf, 0xfa,

    /* U+043E "о" */
    0x0, 0x1, 0x7c, 0xef, 0xd9, 0x30, 0x0, 0x0,
    0x4e, 0xff, 0xff, 0xff, 0xf8, 0x0, 0x2, 0xff,
    0xff, 0xee, 0xff, 0xff, 0x80, 0xb, 0xff, 0xf5,
    0x0, 0x2d, 0xff, 0xf1, 0x1f, 0xff, 0x80, 0x0,
    0x2, 0xff, 0xf7, 0x4f, 0xff, 0x30, 0x0, 0x0,
    0xef, 0xf9, 0x4f, 0xff, 0x30, 0x0, 0x0, 0xef,
    0xf9, 0x1f, 0xff, 0x80, 0x0, 0x2, 0xff, 0xf7,
    0xb, 0xff, 0xf5, 0x0, 0x2d, 0xff, 0xf1, 0x2,
    0xff, 0xff, 0xed, 0xff, 0xff, 0x80, 0x0, 0x4e,
    0xff, 0xff, 0xff, 0xf8, 0x0, 0x0, 0x1, 0x7c,
    0xef, 0xd9, 0x30, 0x0,

    /* U+043F "п" */
    0x5f, 0xff, 0xff, 0xff, 0xff, 0xff, 0x65, 0xff,
    0xff, 0xff, 0xff, 0xff, 0xf6, 0x5f, 0xff, 0xdd,
    0xdd, 0xdf, 0xff, 0x65, 0xff, 0xf1, 0x0, 0x0,
    0xff, 0xf6, 0x5f, 0xff, 0x10, 0x0, 0xf, 0xff,
    0x65, 0xff, 0xf1, 0x0, 0x0, 0xff, 0xf6, 0x5f,
    0xff, 0x10, 0x0, 0xf, 0xff, 0x65, 0xff, 0xf1,
    0x0, 0x0, 0xff, 0xf6, 0x5f, 0xff, 0x10, 0x0,
    0xf, 0xff, 0x65, 0xff, 0xf1, 0x0, 0x0, 0xff,
    0xf6, 0x5f, 0xff, 0x10, 0x0, 0xf, 0xff, 0x65,
    0xff, 0xf1, 0x0, 0x0, 0xff, 0xf6,

    /* U+0440 "р" */
    0x6f, 0xfe, 0x2a, 0xef, 0xea, 0x40, 0x0, 0x6f,
    0xff, 0xff, 0xff, 0xff, 0xf9, 0x0, 0x6f, 0xff,
    0xff, 0xbb, 0xff, 0xff, 0x70, 0x6f, 0xff, 0xd2,
    0x0, 0x1d, 0xff, 0xf0, 0x6f, 0xff, 0x50, 0x0,
    0x4, 0xff, 0xf5, 0x6f, 0xff, 0x10, 0x0, 0x0,
    0xff, 0xf7, 0x6f, 0xff, 0x10, 0x0, 0x0, 0xff,
    0xf7, 0x6f, 0xff, 0x60, 0x0, 0x5, 0xff, 0xf5,
    0x6f, 0xff, 0xe4, 0x0, 0x3e, 0xff, 0xf0, 0x6f,
    0xff, 0xff, 0xee, 0xff, 0xff, 0x70, 0x6f, 0xff,
    0xef, 0xff, 0xff, 0xf9, 0x0, 0x6f, 0xff, 0x29,
    0xef, 0xeb, 0x40, 0x0, 0x6f, 0xff, 0x10, 0x0,
    0x0, 0x0, 0x0, 0x6f, 0xff, 0x10, 0x0, 0x0,
    0x0, 0x0, 0x6f, 0xff, 0x10, 0x0, 0x0, 0x0,
    0x0, 0x6f, 0xff, 0x10, 0x0, 0x0, 0x0, 0x0,

    /* U+0441 "с" */
    0x0, 0x1, 0x7c, 0xef, 0xd9, 0x30, 0x0, 0x4,
    0xef, 0xff, 0xff, 0xff, 0x70, 0x2, 0xff, 0xff,
    0xfd, 0xff, 0xff, 0x40, 0xbf, 0xff, 0x50, 0x1,
    0xcf, 0x91, 0x1f, 0xff, 0x80, 0x0, 0x1, 0x10,
    0x4, 0xff, 0xf3, 0x0, 0x0, 0x0, 0x0, 0x4f,
    0xff, 0x30, 0x0, 0x0, 0x0, 0x1, 0xff, 0xf8,
    0x0, 0x0, 0x11, 0x0, 0xb, 0xff, 0xf5, 0x0,
    0x1c, 0xf8, 0x10, 0x2f, 0xff, 0xff, 0xdf, 0xff,
    0xf4, 0x0, 0x4e, 0xff, 0xff, 0xff, 0xf7, 0x0,
    0x0, 0x17, 0xce, 0xfd, 0x93, 0x0,

    /* U+0442 "т" */
    0xdf, 0xff, 0xff, 0xff, 0xff, 0xf9, 0xdf, 0xff,
    0xff, 0xff, 0xff, 0xf9, 0xad, 0xdd, 0xff, 0xfe,
    0xdd, 0xd7, 0x0, 0x0, 0xdf, 0xf9, 0x0, 0x0,
    0x0, 0x0, 0xdf, 0xf9, 0x0, 0x0, 0x0, 0x0,
    0xdf, 0xf9, 0x0, 0x0, 0x0, 0x0, 0xdf, 0xf9,
    0x0, 0x0, 0x0, 0x0, 0xdf, 0xf9, 0x0, 0x0,
    0x0, 0x0, 0xdf, 0xf9, 0x0, 0x0, 0x0, 0x0,
    0xdf, 0xf9, 0x0, 0x0, 0x0, 0x0, 0xdf, 0xf9,
    0x0, 0x0, 0x0, 0x0, 0xdf, 0xf9, 0x0, 0x0,

    /* U+0443 "у" */
    0xc, 0xff, 0xc0, 0x0, 0x0, 0xf, 0xff, 0x40,
    0x5f, 0xff, 0x20, 0x0, 0x6, 0xff, 0xd0, 0x0,
    0xef, 0xf9, 0x0, 0x0, 0xdf, 0xf6, 0x0, 0x7,
    0xff, 0xf0, 0x0, 0x4f, 0xff, 0x0, 0x0, 0x1f,
    0xff, 0x60, 0xb, 0xff, 0x80, 0x0, 0x0, 0x9f,
    0xfd, 0x2, 0xff, 0xf2, 0x0, 0x0, 0x2, 0xff,
    0xf4, 0x8f, 0xfb, 0x0, 0x0, 0x0, 0xb, 0xff,
    0xbe, 0xff, 0x40, 0x0, 0x0, 0x0, 0x4f, 0xff,
    0xff, 0xd0, 0x0, 0x0, 0x0, 0x0, 0xdf, 0xff,
    0xf6, 0x0, 0x0, 0x0, 0x0, 0x6, 0xff, 0xfe,
    0x0, 0x0, 0x0, 0x0, 0x0, 0xf, 0xff, 0x80,
    0x0, 0x0, 0x0, 0x40, 0x5, 0xff, 0xf1, 0x0,
    0x0, 0x0, 0x5f, 0xed, 0xff, 0xf9, 0x0, 0x0,
    0x0, 0xd, 0xff, 0xff, 0xfd, 0x0, 0x0, 0x0,
    0x0, 0x4b, 0xef, 0xd7, 0x0, 0x0, 0x0, 0x0,

    /* U+0444 "ф" */
    0x0, 0x0, 0x0, 0x2, 0x99, 0x80, 0x0, 0x0,
    0x0, 0x0, 0x0, 0x0, 0x3, 0xff, 0xe0, 0x0,
    0x0, 0x0, 0x0, 0x0, 0x0, 0x3, 0xff, 0xe0,
    0x0, 0x0, 0x0, 0x0, 0x0, 0x0, 0x3, 0xff,
    0xe0, 0x0, 0x0, 0x0, 0x0, 0x0, 0x0, 0x3,
    0xff, 0xe0, 0x0, 0x0, 0x0, 0x0, 0x2, 0x8c,
    0xef, 0xff, 0xff, 0xea, 0x40, 0x0, 0x0, 0x6f,
    0xff, 0xff, 0xff, 0xff, 0xff, 0xfc, 0x10, 0x5,
    0xff, 0xff, 0xca, 0xff, 0xf9, 0xdf, 0xff, 0xd0,
    0xe, 0xff, 0xe2, 0x3, 0xff, 0xe0, 0x5, 0xff,
    0xf8, 0x2f, 0xff, 0x40, 0x3, 0xff, 0xe0, 0x0,
    0x9f, 0xfd, 0x4f, 0xff, 0x10, 0x3, 0xff, 0xe0,
    0x0, 0x5f, 0xff, 0x4f, 0xff, 0x10, 0x3, 0xff,
    0xe0, 0x0, 0x6f, 0xff, 0x1f, 0xff, 0x60, 0x3,
    0xff, 0xe0, 0x0, 0xbf, 0xfc, 0xb, 0xff, 0xf4,
    0x3, 0xff, 0xe0, 0x8, 0xff, 0xf6, 0x2, 0xef,
    0xff, 0xec, 0xff, 0xfb, 0xff, 0xff, 0xc0, 0x0,
    0x2d, 0xff, 0xff, 0xff, 0xff, 0xff, 0xf9, 0x0,
    0x0, 0x0, 0x49, 0xdf, 0xff, 0xfe, 0xc8, 0x20,
    0x0, 0x0, 0x0, 0x0, 0x3, 0xff, 0xe0, 0x0,
    0x0, 0x0, 0x0, 0x0, 0x0, 0x3, 0xff, 0xe0,
    0x0, 0x0, 0x0, 0x0, 0x0, 0x0, 0x3, 0xff,
    0xe0, 0x0, 0x0, 0x0, 0x0, 0x0, 0x0, 0x3,
    0xff, 0xe0, 0x0, 0x0, 0x0,

    /* U+0445 "х" */
    0x6f, 0xff, 0x60, 0x0, 0x3f, 0xff, 0x60, 0xaf,
    0xff, 0x20, 0x1e, 0xff, 0xa0, 0x0, 0xdf, 0xfd,
    0xa, 0xff, 0xd0, 0x0, 0x3, 0xff, 0xfd, 0xff,
    0xf3, 0x0, 0x0, 0x7, 0xff, 0xff, 0xf6, 0x0,
    0x0, 0x0, 0xb, 0xff, 0xfb, 0x0, 0x0, 0x0,
    0x0, 0xcf, 0xff, 0xd0, 0x0, 0x0, 0x0, 0x8f,
    0xff, 0xff, 0xa0, 0x0, 0x0, 0x4f, 0xff, 0xbf,
    0xff, 0x50, 0x0, 0x1e, 0xff, 0xa0, 0xbf, 0xff,
    0x20, 0xc, 0xff, 0xd0, 0x1, 0xef, 0xfd, 0x8,
    0xff, 0xf3, 0x0, 0x4, 0xff, 0xf9,

    /* U+0446 "ц" */
    0x5f, 0xff, 0x10, 0x0, 0x2f, 0xff, 0x40, 0x5f,
    0xff, 0x10, 0x0, 0x2f, 0xff, 0x40, 0x5f, 0xff,
    0x10, 0x0, 0x2f, 0xff, 0x40, 0x5f, 0xff, 0x10,
    0x0, 0x2f, 0xff, 0x40, 0x5f, 0xff, 0x10, 0x0,
    0x2f, 0xff, 0x40, 0x5f, 0xff, 0x10, 0x0, 0x2f,
    0xff, 0x40, 0x5f, 0xff, 0x10, 0x0, 0x2f, 0xff,
    0x40, 0x5f, 0xff, 0x10, 0x0, 0x2f, 0xff, 0x40,
    0x5f, 0xff, 0x10, 0x0, 0x2f, 0xff, 0x40, 0x5f,
    0xff, 0xdd, 0xdd, 0xdf, 0xff, 0xdc, 0x5f, 0xff,
    0xff, 0xff, 0xff, 0xff, 0xff, 0x5f, 0xff, 0xff,
    0xff, 0xff, 0xff, 0xff, 0x0, 0x0, 0x0, 0x0,
    0x0, 0x3f, 0xff, 0x0, 0x0, 0x0, 0x0, 0x0,
    0x3f, 0xff, 0x0, 0x0, 0x0, 0x0, 0x0, 0x18,
    0x88,

    /* U+0447 "ч" */
    0x4f, 0xff, 0x20, 0x0, 0x2f, 0xff, 0x44, 0xff,
    0xf2, 0x0, 0x2, 0xff, 0xf4, 0x4f, 0xff, 0x20,
    0x0, 0x2f, 0xff, 0x44, 0xff, 0xf2, 0x0, 0x2,
    0xff, 0xf4, 0x3f, 0xff, 0x40, 0x0, 0x2f, 0xff,
    0x41, 0xff, 0xfc, 0x20, 0x28, 0xff, 0xf4, 0xb,
    0xff, 0xff, 0xff, 0xff, 0xff, 0x40, 0x2d, 0xff,
    0xff, 0xff, 0xff, 0xf4, 0x0, 0x5, 0x89, 0x85,
    0x3f, 0xff, 0x40, 0x0, 0x0, 0x0, 0x2, 0xff,
    0xf4, 0x0, 0x0, 0x0, 0x0, 0x2f, 0xff, 0x40,
    0x0, 0x0, 0x0, 0x2, 0xff, 0xf4,

    /* U+0448 "ш" */
    0x5f, 0xff, 0x10, 0x0, 0xff, 0xf6, 0x0, 0xb,
    0xff, 0xb5, 0xff, 0xf1, 0x0, 0xf, 0xff, 0x60,
    0x0, 0xbf, 0xfb, 0x5f, 0xff, 0x10, 0x0, 0xff,
    0xf6, 0x0, 0xb, 0xff, 0xb5, 0xff, 0xf1, 0x0,
    0xf, 0xff, 0x60, 0x0, 0xbf, 0xfb, 0x5f, 0xff,
    0x10, 0x0, 0xff, 0xf6, 0x0, 0xb, 0xff, 0xb5,
    0xff, 0xf1, 0x0, 0xf, 0xff, 0x60, 0x0, 0xbf,
    0xfb, 0x5f, 0xff, 0x10, 0x0, 0xff, 0xf6, 0x0,
    0xb, 0xff, 0xb5, 0xff, 0xf1, 0x0, 0xf, 0xff,
    0x60, 0x0, 0xbf, 0xfb, 0x5f, 0xff, 0x10, 0x0,
    0xff, 0xf6, 0x0, 0xb, 0xff, 0xb5, 0xff, 0xfd,
    0xdd, 0xdf, 0xff, 0xed, 0xdd, 0xff, 0xfb, 0x5f,
    0xff, 0xff, 0xff, 0xff, 0xff, 0xff, 0xff, 0xff,
    0xb5, 0xff, 0xff, 0xff, 0xff, 0xff, 0xff, 0xff,
    0xff, 0xfb,

    /* U+0449 "щ" */
    0x5f, 0xff, 0x10, 0x0, 0xff, 0xf6, 0x0, 0xb,
    0xff, 0xb0, 0x5, 0xff, 0xf1, 0x0, 0xf, 0xff,
    0x60, 0x0, 0xbf, 0xfb, 0x0, 0x5f, 0xff, 0x10,
    0x0, 0xff, 0xf6, 0x0, 0xb, 0xff, 0xb0, 0x5,
    0xff, 0xf1, 0x0, 0xf, 0xff, 0x60, 0x0, 0xbf,
    0xfb, 0x0, 0x5f, 0xff, 0x10, 0x0, 0xff, 0xf6,
    0x0, 0xb, 0xff, 0xb0, 0x5, 0xff, 0xf1, 0x0,
    0xf, 0xff, 0x60, 0x0, 0xbf, 0xfb, 0x0, 0x5f,
    0xff, 0x10, 0x0, 0xff, 0xf6, 0x0, 0xb, 0xff,
    0xb0, 0x5, 0xff, 0xf1, 0x0, 0xf, 0xff, 0x60,
    0x0, 0xbf, 0xfb, 0x0, 0x5f, 0xff, 0x10, 0x0,
    0xff, 0xf6, 0x0, 0xb, 0xff, 0xb0, 0x5, 0xff,
    0xfd, 0xdd, 0xdf, 0xff, 0xed, 0xdd, 0xff, 0xff,
    0xd4, 0x5f, 0xff, 0xff, 0xff, 0xff, 0xff, 0xff,
    0xff, 0xff, 0xff, 0x55, 0xff, 0xff, 0xff, 0xff,
    0xff, 0xff, 0xff, 0xff, 0xff, 0xf5, 0x0, 0x0,
    0x0, 0x0, 0x0, 0x0, 0x0, 0x0, 0xd, 0xff,
    0x50, 0x0, 0x0, 0x0, 0x0, 0x0, 0x0, 0x0,
    0x0, 0xdf, 0xf5, 0x0, 0x0, 0x0, 0x0, 0x0,
    0x0, 0x0, 0x0, 0x6, 0x88, 0x20,

    /* U+044A "ъ" */
    0xdf, 0xff, 0xff, 0xf0, 0x0, 0x0, 0x0, 0xd,
    0xff, 0xff, 0xff, 0x0, 0x0, 0x0, 0x0, 0xad,
    0xde, 0xff, 0xf0, 0x0, 0x0, 0x0, 0x0, 0x0,
    0x6f, 0xff, 0x0, 0x0, 0x0, 0x0, 0x0, 0x6,
    0xff, 0xff, 0xff, 0xfc, 0x70, 0x0, 0x0, 0x6f,
    0xff, 0xff, 0xff, 0xff, 0xb0, 0x0, 0x6, 0xff,
    0xf3, 0x34, 0xaf, 0xff, 0x40, 0x0, 0x6f, 0xff,
    0x0, 0x0, 0xff, 0xf7, 0x0, 0x6, 0xff, 0xf0,
    0x0, 0x2f, 0xff, 0x70, 0x0, 0x6f, 0xff, 0x66,
    0x7d, 0xff, 0xf3, 0x0, 0x6, 0xff, 0xff, 0xff,
    0xff, 0xf8, 0x0, 0x0, 0x6f, 0xff, 0xff, 0xfe,
    0xb5, 0x0,

    /* U+044B "ы" */
    0x5f, 0xff, 0x10, 0x0, 0x0, 0x0, 0x2f, 0xff,
    0x45, 0xff, 0xf1, 0x0, 0x0, 0x0, 0x2, 0xff,
    0xf4, 0x5f, 0xff, 0x10, 0x0, 0x0, 0x0, 0x2f,
    0xff, 0x45, 0xff, 0xf1, 0x0, 0x0, 0x0, 0x2,
    0xff, 0xf4, 0x5f, 0xff, 0xff, 0xff, 0xd8, 0x0,
    0x2f, 0xff, 0x45, 0xff, 0xff, 0xff, 0xff, 0xfc,
    0x2, 0xff, 0xf4, 0x5f, 0xff, 0x33, 0x39, 0xff,
    0xf5, 0x2f, 0xff, 0x45, 0xff, 0xf1, 0x0, 0xe,
    0xff, 0x82, 0xff, 0xf4, 0x5f, 0xff, 0x10, 0x0,
    0xff, 0xf8, 0x2f, 0xff, 0x45, 0xff, 0xf7, 0x67,
    0xcf, 0xff, 0x32, 0xff, 0xf4, 0x5f, 0xff, 0xff,
    0xff, 0xff, 0x90, 0x2f, 0xff, 0x45, 0xff, 0xff,
    0xff, 0xeb, 0x50, 0x2, 0xff, 0xf4,

    /* U+044C "ь" */
    0x5f, 0xff, 0x10, 0x0, 0x0, 0x0, 0x5f, 0xff,
    0x10, 0x0, 0x0, 0x0, 0x5f, 0xff, 0x10, 0x0,
    0x0, 0x0, 0x5f, 0xff, 0x10, 0x0, 0x0, 0x0,
    0x5f, 0xff, 0xff, 0xff, 0xd9, 0x10, 0x5f, 0xff,
    0xff, 0xff, 0xff, 0xe1, 0x5f, 0xff, 0x33, 0x37,
    0xff, 0xf9, 0x5f, 0xff, 0x10, 0x0, 0xbf, 0xfc,
    0x5f, 0xff, 0x10, 0x0, 0xdf, 0xfc, 0x5f, 0xff,
    0x76, 0x7b, 0xff, 0xf8, 0x5f, 0xff, 0xff, 0xff,
    0xff, 0xc0, 0x5f, 0xff, 0xff, 0xff, 0xc7, 0x0,

    /* U+044D "э" */
    0x0, 0x6b, 0xef, 0xec, 0x60, 0x0, 0x1, 0xcf,
    0xff, 0xff, 0xff, 0xd3, 0x0, 0x5f, 0xff, 0xba,
    0xcf, 0xff, 0xe2, 0x0, 0x3a, 0x10, 0x0, 0x2c,
    0xff, 0xb0, 0x0, 0x0, 0x55, 0x55, 0x7f, 0xff,
    0x10, 0x0, 0xf, 0xff, 0xff, 0xff, 0xf3, 0x0,
    0x0, 0xff, 0xff, 0xff, 0xff, 0x30, 0x0, 0x0,
    0x0, 0x4, 0xff, 0xf1, 0x4, 0xb2, 0x0, 0x3,
    0xef, 0xfb, 0x5, 0xff, 0xfc, 0xac, 0xff, 0xff,
    0x20, 0x1d, 0xff, 0xff, 0xff, 0xfe, 0x30, 0x0,
    0x6, 0xbe, 0xfe, 0xc7, 0x0, 0x0,

    /* U+044E "ю" */
    0x5f, 0xff, 0x10, 0x0, 0x39, 0xdf, 0xec, 0x70,
    0x0, 0x5, 0xff, 0xf1, 0x0, 0x9f, 0xff, 0xff,
    0xff, 0xd3, 0x0, 0x5f, 0xff, 0x10, 0x8f, 0xff,
    0xeb, 0xcf, 0xff, 0xe1, 0x5, 0xff, 0xf1, 0x1f,
    0xff, 0xc1, 0x0, 0x3f, 0xff, 0x90, 0x5f, 0xff,
    0xff, 0xff, 0xf3, 0x0, 0x0, 0x8f, 0xfe, 0x5,
    0xff, 0xff, 0xff, 0xff, 0x0, 0x0, 0x5, 0xff,
    0xf1, 0x5f, 0xff, 0xff, 0xff, 0xf0, 0x0, 0x0,
    0x5f, 0xff, 0x15, 0xff, 0xf1, 0x2f, 0xff, 0x40,
    0x0, 0x9, 0xff, 0xf0, 0x5f, 0xff, 0x10, 0xcf,
    0xfd, 0x30, 0x6, 0xff, 0xf9, 0x5, 0xff, 0xf1,
    0x3, 0xff, 0xff, 0xee, 0xff, 0xfe, 0x10, 0x5f,
    0xff, 0x10, 0x5, 0xff, 0xff, 0xff, 0xfe, 0x30,
    0x5, 0xff, 0xf1, 0x0, 0x1, 0x8d, 0xfe, 0xc7,
    0x0, 0x0,

    /* U+044F "я" */
    0x0, 0x7, 0xce, 0xff, 0xff, 0xff, 0x20, 0x2e,
    0xff, 0xff, 0xff, 0xff, 0xf2, 0xb, 0xff, 0xff,
    0xdc, 0xcf, 0xff, 0x20, 0xff, 0xfa, 0x0, 0x0,
    0xef, 0xf2, 0x1f, 0xff, 0x60, 0x0, 0xe, 0xff,
    0x20, 0xef, 0xfc, 0x20, 0x0, 0xef, 0xf2, 0x6,
    0xff, 0xff, 0xff, 0xff, 0xff, 0x20, 0x5, 0xef,
    0xff, 0xff, 0xff, 0xf2, 0x0, 0x1f, 0xff, 0x84,
    0x4e, 0xff, 0x20, 0xb, 0xff, 0xd0, 0x0, 0xef,
    0xf2, 0x5, 0xff, 0xf3, 0x0, 0xe, 0xff, 0x21,
    0xef, 0xfa, 0x0, 0x0, 0xef, 0xf2,

    /* U+0450 "ѐ" */
    0x0, 0x38, 0x87, 0x10, 0x0, 0x0, 0x0, 0x0,
    0x6, 0xff, 0xd1, 0x0, 0x0, 0x0, 0x0, 0x0,
    0x3d, 0xfd, 0x10, 0x0, 0x0, 0x0, 0x0, 0x1,
    0x78, 0x50, 0x0, 0x0, 0x0, 0x0, 0x0, 0x0,
    0x0, 0x0, 0x0, 0x0, 0x1, 0x8d, 0xff, 0xc7,
    0x10, 0x0, 0x0, 0x4e, 0xff, 0xff, 0xff, 0xe3,
    0x0, 0x3, 0xff, 0xfe, 0xaa, 0xef, 0xfe, 0x20,
    0xc, 0xff, 0xd1, 0x0, 0x1c, 0xff, 0x90, 0x1f,
    0xff, 0x40, 0x0, 0x3, 0xff, 0xf0, 0x4f, 0xff,
    0xff, 0xff, 0xff, 0xff, 0xf1, 0x4f, 0xff, 0xff,
    0xff, 0xff, 0xff, 0xf2, 0x1f, 0xff, 0x50, 0x0,
    0x0, 0x0, 0x0, 0xb, 0xff, 0xe4, 0x0, 0x2,
    0x90, 0x0, 0x2, 0xff, 0xff, 0xec, 0xdf, 0xfb,
    0x0, 0x0, 0x4e, 0xff, 0xff, 0xff, 0xfc, 0x10,
    0x0, 0x1, 0x7c, 0xef, 0xeb, 0x60, 0x0,

    /* U+0451 "ё" */
    0x0, 0x6, 0xfb, 0x1, 0xce, 0x40, 0x0, 0x0,
    0xc, 0xff, 0x25, 0xff, 0xa0, 0x0, 0x0, 0x6,
    0xfc, 0x1, 0xdf, 0x40, 0x0, 0x0, 0x0, 0x0,
    0x0, 0x0, 0x0, 0x0, 0x0, 0x0, 0x0, 0x0,
    0x0, 0x0, 0x0, 0x0, 0x1, 0x8d, 0xff, 0xc7,
    0x10, 0x0, 0x0, 0x4e, 0xff, 0xff, 0xff, 0xe3,
    0x0, 0x3, 0xff, 0xfe, 0xaa, 0xef, 0xfe, 0x20,
    0xc, 0xff, 0xd1, 0x0, 0x1c, 0xff, 0x90, 0x1f,
    0xff, 0x40, 0x0, 0x3, 0xff, 0xf0, 0x4f, 0xff,
    0xff, 0xff, 0xff, 0xff, 0xf1, 0x4f, 0xff, 0xff,
    0xff, 0xff, 0xff, 0xf2, 0x1f, 0xff, 0x50, 0x0,
    0x0, 0x0, 0x0, 0xb, 0xff, 0xe4, 0x0, 0x2,
    0x90, 0x0, 0x2, 0xff, 0xff, 0xec, 0xdf, 0xfb,
    0x0, 0x0, 0x4e, 0xff, 0xff, 0xff, 0xfc, 0x10,
    0x0, 0x1, 0x7c, 0xef, 0xeb, 0x60, 0x0,

    /* U+0452 "ђ" */
    0x0, 0x28, 0x87, 0x0, 0x0, 0x0, 0x0, 0x0,
    0x5, 0xff, 0xe0, 0x0, 0x0, 0x0, 0x0, 0x7f,
    0xff, 0xff, 0xff, 0xff, 0xe0, 0x0, 0x7, 0xff,
    0xff, 0xff, 0xff, 0xfe, 0x0, 0x0, 0x0, 0x5f,
    0xfe, 0x0, 0x0, 0x0, 0x0, 0x0, 0x5, 0xff,
    0xe1, 0x8d, 0xfe, 0xb5, 0x0, 0x0, 0x5f, 0xff,
    0xdf, 0xff, 0xff, 0xf8, 0x0, 0x5, 0xff, 0xff,
    0xff, 0xff, 0xff, 0xf3, 0x0, 0x5f, 0xff, 0xf5,
    0x1, 0x8f, 0xff, 0x80, 0x5, 0xff, 0xf7, 0x0,
    0x0, 0xef, 0xfa, 0x0, 0x5f, 0xff, 0x20, 0x0,
    0xb, 0xff, 0xb0, 0x5, 0xff, 0xf1, 0x0, 0x0,
    0xbf, 0xfb, 0x0, 0x5f, 0xff, 0x10, 0x0, 0xb,
    0xff, 0xb0, 0x5, 0xff, 0xf1, 0x0, 0x0, 0xbf,
    0xfb, 0x0, 0x5f, 0xff, 0x10, 0x0, 0xb, 0xff,
    0xb0, 0x5, 0xff, 0xf1, 0x0, 0x0, 0xbf, 0xfb,
    0x0, 0x5f, 0xff, 0x10, 0x0, 0xb, 0xff, 0xb0,
    0x0, 0x0, 0x0, 0x0, 0x0, 0xef, 0xfa, 0x0,
    0x0, 0x0, 0x0, 0xbc, 0xdf, 0xff, 0x60, 0x0,
    0x0, 0x0, 0x2f, 0xff, 0xff, 0xc0, 0x0, 0x0,
    0x0, 0x2, 0xbe, 0xfd, 0x80, 0x0,

    /* U+0453 "ѓ" */
    0x0, 0x0, 0x0, 0x68, 0x86, 0x0, 0x0, 0x0,
    0x9f, 0xfb, 0x10, 0x0, 0x0, 0x9f, 0xf7, 0x0,
    0x0, 0x0, 0x28, 0x83, 0x0, 0x0, 0x0, 0x0,
    0x0, 0x0, 0x0, 0x5, 0xff, 0xff, 0xff, 0xff,
    0xf2, 0x5f, 0xff, 0xff, 0xff, 0xff, 0x25, 0xff,
    0xfd, 0xdd, 0xdd, 0xd1, 0x5f, 0xff, 0x10, 0x0,
    0x0, 0x5, 0xff, 0xf1, 0x0, 0x0, 0x0, 0x5f,
    0xff, 0x10, 0x0, 0x0, 0x5, 0xff, 0xf1, 0x0,
    0x0, 0x0, 0x5f, 0xff, 0x10, 0x0, 0x0, 0x5,
    0xff, 0xf1, 0x0, 0x0, 0x0, 0x5f, 0xff, 0x10,
    0x0, 0x0, 0x5, 0xff, 0xf1, 0x0, 0x0, 0x0,
    0x5f, 0xff, 0x10, 0x0, 0x0, 0x0,

    /* U+0454 "є" */
    0x0, 0x1, 0x7c, 0xef, 0xeb, 0x60, 0x0, 0x3,
    0xef, 0xff, 0xff, 0xff, 0xd1, 0x2, 0xff, 0xff,
    0xca, 0xcf, 0xff, 0x40, 0xbf, 0xfc, 0x10, 0x0,
    0x19, 0x30, 0x1f, 0xff, 0x75, 0x55, 0x50, 0x0,
    0x3, 0xff, 0xff, 0xff, 0xff, 0x0, 0x0, 0x3f,
    0xff, 0xff, 0xff, 0xf0, 0x0, 0x1, 0xff, 0xf4,
    0x0, 0x0, 0x0, 0x0, 0xb, 0xff, 0xe2, 0x0,
    0x2, 0xc5, 0x0, 0x2f, 0xff, 0xfc, 0xac, 0xff,
    0xf5, 0x0, 0x3e, 0xff, 0xff, 0xff, 0xfd, 0x10,
    0x0, 0x17, 0xce, 0xfe, 0xb6, 0x0,

    /* U+0455 "ѕ" */
    0x0, 0x17, 0xcf, 0xfe, 0xc8, 0x30, 0x2, 0xef,
    0xff, 0xff, 0xff, 0xc0, 0xb, 0xff, 0xfb, 0x9b,
    0xef, 0x50, 0xf, 0xff, 0x60, 0x0, 0x4, 0x0,
    0xe, 0xff, 0xc6, 0x20, 0x0, 0x0, 0x7, 0xff,
    0xff, 0xff, 0xc7, 0x0, 0x0, 0x6c, 0xff, 0xff,
    0xff, 0xc0, 0x0, 0x0, 0x3, 0x6a, 0xff, 0xf4,
    0x3, 0x50, 0x0, 0x0, 0xff, 0xf6, 0xb, 0xff,
    0xb9, 0xad, 0xff, 0xf2, 0x1f, 0xff, 0xff, 0xff,
    0xff, 0x70, 0x2, 0x8c, 0xef, 0xfd, 0xa3, 0x0,

    /* U+0456 "і" */
    0x2c, 0xfb, 0xa, 0xff, 0xf6, 0x9f, 0xff, 0x51,
    0xac, 0x80, 0x0, 0x0, 0x6, 0xff, 0xf1, 0x6f,
    0xff, 0x16, 0xff, 0xf1, 0x6f, 0xff, 0x16, 0xff,
    0xf1, 0x6f, 0xff, 0x16, 0xff, 0xf1, 0x6f, 0xff,
    0x16, 0xff, 0xf1, 0x6f, 0xff, 0x16, 0xff, 0xf1,
    0x6f, 0xff, 0x10,

    /* U+0457 "ї" */
    0x8f, 0x81, 0xde, 0x2e, 0xfe, 0x4f, 0xf7, 0x8f,
    0x81, 0xce, 0x20, 0x0, 0x0, 0x0, 0x6, 0xff,
    0xf0, 0x0, 0x6f, 0xff, 0x0, 0x6, 0xff, 0xf0,
    0x0, 0x6f, 0xff, 0x0, 0x6, 0xff, 0xf0, 0x0,
    0x6f, 0xff, 0x0, 0x6, 0xff, 0xf0, 0x0, 0x6f,
    0xff, 0x0, 0x6, 0xff, 0xf0, 0x0, 0x6f, 0xff,
    0x0, 0x6, 0xff, 0xf0, 0x0, 0x6f, 0xff, 0x0,

    /* U+0458 "ј" */
    0x0, 0x0, 0x1a, 0xc8, 0x0, 0x0, 0x9, 0xff,
    0xf5, 0x0, 0x0, 0xaf, 0xff, 0x60, 0x0, 0x2,
    0xcf, 0xa0, 0x0, 0x0, 0x0, 0x0, 0x0, 0x0,
    0x0, 0x0, 0x0, 0x0, 0x0, 0x5f, 0xff, 0x10,
    0x0, 0x5, 0xff, 0xf1, 0x0, 0x0, 0x5f, 0xff,
    0x10, 0x0, 0x5, 0xff, 0xf1, 0x0, 0x0, 0x5f,
    0xff, 0x10, 0x0, 0x5, 0xff, 0xf1, 0x0, 0x0,
    0x5f, 0xff, 0x10, 0x0, 0x5, 0xff, 0xf1, 0x0,
    0x0, 0x5f, 0xff, 0x10, 0x0, 0x5, 0xff, 0xf1,
    0x0, 0x0, 0x5f, 0xff, 0x10, 0x0, 0x5, 0xff,
    0xf1, 0x0, 0x0, 0x8f, 0xff, 0x0, 0x6d, 0xcf,
    0xff, 0xc0, 0xc, 0xff, 0xff, 0xf3, 0x0, 0x9e,
    0xfe, 0xa2, 0x0,

    /* U+0459 "љ" */
    0x0, 0x2f, 0xff, 0xff, 0xff, 0xff, 0xf0, 0x0,
    0x0, 0x0, 0x0, 0x2, 0xff, 0xff, 0xff, 0xff,
    0xff, 0x0, 0x0, 0x0, 0x0, 0x0, 0x3f, 0xff,
    0xdd, 0xdf, 0xff, 0xf0, 0x0, 0x0, 0x0, 0x0,
    0x4, 0xff, 0xc0, 0x0, 0xef, 0xff, 0x33, 0x22,
    0x0, 0x0, 0x0, 0x4f, 0xfb, 0x0, 0xe, 0xff,
    0xff, 0xff, 0xff, 0xb2, 0x0, 0x5, 0xff, 0xa0,
    0x0, 0xef, 0xff, 0xff, 0xff, 0xff, 0xe1, 0x0,
    0x7f, 0xf9, 0x0, 0xe, 0xff, 0xf0, 0x0, 0x5f,
    0xff, 0x80, 0xa, 0xff, 0x70, 0x0, 0xef, 0xff,
    0x0, 0x0, 0xcf, 0xfb, 0x3, 0xff, 0xf4, 0x0,
    0xe, 0xff, 0xf0, 0x0, 0x1e, 0xff, 0xab, 0xff,
    0xff, 0x0, 0x0, 0xef, 0xff, 0xaa, 0xae, 0xff,
    0xf6, 0xcf, 0xff, 0x80, 0x0, 0xe, 0xff, 0xff,
    0xff, 0xff, 0xfb, 0xc, 0xfe, 0x90, 0x0, 0x0,
    0xef, 0xff, 0xff, 0xfe, 0xc6, 0x0,

    /* U+045A "њ" */
    0x5f, 0xff, 0x10, 0x0, 0xf, 0xff, 0x60, 0x0,
    0x0, 0x0, 0x5f, 0xff, 0x10, 0x0, 0xf, 0xff,
    0x60, 0x0, 0x0, 0x0, 0x5f, 0xff, 0x10, 0x0,
    0xf, 0xff, 0x60, 0x0, 0x0, 0x0, 0x5f, 0xff,
    0x10, 0x0, 0xf, 0xff, 0x60, 0x0, 0x0, 0x0,
    0x5f, 0xff, 0xcc, 0xcc, 0xcf, 0xff, 0xdc, 0xcc,
    0xa7, 0x10, 0x5f, 0xff, 0xff, 0xff, 0xff, 0xff,
    0xff, 0xff, 0xff, 0xe2, 0x5f, 0xff, 0xff, 0xff,
    0xff, 0xff, 0xc9, 0x9c, 0xff, 0xfa, 0x5f, 0xff,
    0x10, 0x0, 0xf, 0xff, 0x60, 0x0, 0xbf, 0xfe,
    0x5f, 0xff, 0x10, 0x0, 0xf, 0xff, 0x60, 0x0,
    0xaf, 0xfe, 0x5f, 0xff, 0x10, 0x0, 0xf, 0xff,
    0xa6, 0x68, 0xff, 0xfa, 0x5f, 0xff, 0x10, 0x0,
    0xf, 0xff, 0xff, 0xff, 0xff, 0xe1, 0x5f, 0xff,
    0x10, 0x0, 0xf, 0xff, 0xff, 0xff, 0xd8, 0x10,

    /* U+045B "ћ" */
    0x0, 0x1, 0x44, 0x40, 0x0, 0x0, 0x0, 0x0,
    0x0, 0x5, 0xff, 0xf1, 0x0, 0x0, 0x0, 0x0,
    0xd, 0xde, 0xff, 0xfd, 0xdd, 0xd8, 0x0, 0x0,
    0xf, 0xff, 0xff, 0xff, 0xff, 0xfa, 0x0, 0x0,
    0x0, 0x5, 0xff, 0xf1, 0x0, 0x0, 0x0, 0x0,
    0x0, 0x5, 0xff, 0xf2, 0x8d, 0xfe, 0xb4, 0x0,
    0x0, 0x5, 0xff, 0xfe, 0xff, 0xff, 0xff, 0x70,
    0x0, 0x5, 0xff, 0xff, 0xff, 0xff, 0xff, 0xf2,
    0x0, 0x5, 0xff, 0xff, 0x50, 0x19, 0xff, 0xf8,
    0x0, 0x5, 0xff, 0xf7, 0x0, 0x0, 0xef, 0xfa,
    0x0, 0x5, 0xff, 0xf2, 0x0, 0x0, 0xbf, 0xfb,
    0x0, 0x5, 0xff, 0xf1, 0x0, 0x0, 0xbf, 0xfb,
    0x0, 0x5, 0xff, 0xf1, 0x0, 0x0, 0xbf, 0xfb,
    0x0, 0x5, 0xff, 0xf1, 0x0, 0x0, 0xbf, 0xfb,
    0x0, 0x5, 0xff, 0xf1, 0x0, 0x0, 0xbf, 0xfb,
    0x0, 0x5, 0xff, 0xf1, 0x0, 0x0, 0xbf, 0xfb,
    0x0, 0x5, 0xff, 0xf1, 0x0, 0x0, 0xbf, 0xfb,

    /* U+045C "ќ" */
    0x0, 0x0, 0x0, 0x7, 0x88, 0x40, 0x0, 0x0,
    0x0, 0x0, 0xbf, 0xf9, 0x0, 0x0, 0x0, 0x0,
    0xb, 0xff, 0x50, 0x0, 0x0, 0x0, 0x0, 0x38,
    0x72, 0x0, 0x0, 0x0, 0x0, 0x0, 0x0, 0x0,
    0x0, 0x0, 0x0, 0x5f, 0xff, 0x10, 0x0, 0x3f,
    0xff, 0x70, 0x5f, 0xff, 0x10, 0x0, 0xcf, 0xfc,
    0x0, 0x5f, 0xff, 0x10, 0x7, 0xff, 0xf2, 0x0,
    0x5f, 0xff, 0x10, 0x2f, 0xff, 0x60, 0x0, 0x5f,
    0xff, 0x10, 0xbf, 0xfb, 0x0, 0x0, 0x5f, 0xff,
    0xff, 0xff, 0xf1, 0x0, 0x0, 0x5f, 0xff, 0xff,
    0xff, 0xe1, 0x0, 0x0, 0x5f, 0xff, 0xcc, 0xff,
    0xfb, 0x0, 0x0, 0x5f, 0xff, 0x10, 0x9f, 0xff,
    0x70, 0x0, 0x5f, 0xff, 0x10, 0xc, 0xff, 0xf3,
    0x0, 0x5f, 0xff, 0x10, 0x2, 0xff, 0xfe, 0x10,
    0x5f, 0xff, 0x10, 0x0, 0x5f, 0xff, 0xb0,

    /* U+045D "ѝ" */
    0x0, 0x58, 0x86, 0x0, 0x0, 0x0, 0x0, 0x1,
    0xaf, 0xf9, 0x0, 0x0, 0x0, 0x0, 0x0, 0x7f,
    0xf9, 0x0, 0x0, 0x0, 0x0, 0x0, 0x38, 0x82,
    0x0, 0x0, 0x0, 0x0, 0x0, 0x0, 0x0, 0x0,
    0x5, 0xff, 0xf1, 0x0, 0x0, 0x9f, 0xff, 0x5f,
    0xff, 0x10, 0x0, 0x6f, 0xff, 0xf5, 0xff, 0xf1,
    0x0, 0x3f, 0xff, 0xff, 0x5f, 0xff, 0x10, 0x1e,
    0xff, 0xff, 0xf5, 0xff, 0xf1, 0xc, 0xff, 0xff,
    0xff, 0x5f, 0xff, 0x19, 0xff, 0xe9, 0xff, 0xf5,
    0xff, 0xf7, 0xff, 0xf4, 0x7f, 0xff, 0x5f, 0xff,
    0xff, 0xf6, 0x7, 0xff, 0xf5, 0xff, 0xff, 0xfa,
    0x0, 0x7f, 0xff, 0x5f, 0xff, 0xfc, 0x0, 0x7,
    0xff, 0xf5, 0xff, 0xfe, 0x10, 0x0, 0x7f, 0xff,
    0x5f, 0xff, 0x30, 0x0, 0x7, 0xff, 0xf0,

    /* U+045E "ў" */
    0x0, 0x5, 0xfe, 0x0, 0xf, 0xf5, 0x0, 0x0,
    0x0, 0x2f, 0xf6, 0x7, 0xff, 0x20, 0x0, 0x0,
    0x0, 0x9f, 0xff, 0xff, 0x90, 0x0, 0x0, 0x0,
    0x0, 0x5a, 0xba, 0x50, 0x0, 0x0, 0x0, 0x0,
    0x0, 0x0, 0x0, 0x0, 0x0, 0x0, 0xcf, 0xfc,
    0x0, 0x0, 0x0, 0xff, 0xf4, 0x5, 0xff, 0xf2,
    0x0, 0x0, 0x6f, 0xfd, 0x0, 0xe, 0xff, 0x90,
    0x0, 0xd, 0xff, 0x60, 0x0, 0x7f, 0xff, 0x0,
    0x4, 0xff, 0xf0, 0x0, 0x1, 0xff, 0xf6, 0x0,
    0xbf, 0xf8, 0x0, 0x0, 0x9, 0xff, 0xd0, 0x2f,
    0xff, 0x20, 0x0, 0x0, 0x2f, 0xff, 0x48, 0xff,
    0xb0, 0x0, 0x0, 0x0, 0xbf, 0xfb, 0xef, 0xf4,
    0x0, 0x0, 0x0, 0x4, 0xff, 0xff, 0xfd, 0x0,
    0x0, 0x0, 0x0, 0xd, 0xff, 0xff, 0x60, 0x0,
    0x0, 0x0, 0x0, 0x6f, 0xff, 0xe0, 0x0, 0x0,
    0x0, 0x0, 0x0, 0xff, 0xf8, 0x0, 0x0, 0x0,
    0x4, 0x0, 0x5f, 0xff, 0x10, 0x0, 0x0, 0x5,
    0xfe, 0xdf, 0xff, 0x90, 0x0, 0x0, 0x0, 0xdf,
    0xff, 0xff, 0xd0, 0x0, 0x0, 0x0, 0x4, 0xbe,
    0xfd, 0x70, 0x0, 0x0, 0x0, 0x0,

    /* U+045F "џ" */
    0x5f, 0xff, 0x10, 0x0, 0x8f, 0xfe, 0x5f, 0xff,
    0x10, 0x0, 0x8f, 0xfe, 0x5f, 0xff, 0x10, 0x0,
    0x8f, 0xfe, 0x5f, 0xff, 0x10, 0x0, 0x8f, 0xfe,
    0x5f, 0xff, 0x10, 0x0, 0x8f, 0xfe, 0x5f, 0xff,
    0x10, 0x0, 0x8f, 0xfe, 0x5f, 0xff, 0x10, 0x0,
    0x8f, 0xfe, 0x5f, 0xff, 0x10, 0x0, 0x8f, 0xfe,
    0x5f, 0xff, 0x10, 0x0, 0x8f, 0xfe, 0x5f, 0xff,
    0xdd, 0xdd, 0xef, 0xfe, 0x5f, 0xff, 0xff, 0xff,
    0xff, 0xfe, 0x5f, 0xff, 0xff, 0xff, 0xff, 0xfe,
    0x0, 0x0, 0x5f, 0xfe, 0x0, 0x0, 0x0, 0x0,
    0x5f, 0xfe, 0x0, 0x0, 0x0, 0x0, 0x28, 0x87,
    0x0, 0x0,

    /* U+2010 "‐" */
    0xac, 0xcc, 0xcc, 0x4d, 0xff, 0xff, 0xf6, 0xdf,
    0xff, 0xff, 0x60,

    /* U+2012 "‒" */
    0x2, 0x22, 0x22, 0x22, 0x22, 0x22, 0x22, 0x0,
    0xff, 0xff, 0xff, 0xff, 0xff, 0xff, 0xf7, 0xf,
    0xff, 0xff, 0xff, 0xff, 0xff, 0xff, 0x70,

    /* U+2013 "–" */
    0x22, 0x22, 0x22, 0x22, 0x22, 0x2f, 0xff, 0xff,
    0xff, 0xff, 0xff, 0xff, 0xff, 0xff, 0xff, 0xff,
    0xf0,

    /* U+2014 "—" */
    0x22, 0x22, 0x22, 0x22, 0x22, 0x22, 0x22, 0x22,
    0x22, 0x22, 0x22, 0xff, 0xff, 0xff, 0xff, 0xff,
    0xff, 0xff, 0xff, 0xff, 0xff, 0xff, 0xff, 0xff,
    0xff, 0xff, 0xff, 0xff, 0xff, 0xff, 0xff, 0xff,
    0xff,

    /* U+2015 "―" */
    0x22, 0x22, 0x22, 0x22, 0x22, 0x22, 0x22, 0x22,
    0x22, 0x22, 0x22, 0xff, 0xff, 0xff, 0xff, 0xff,
    0xff, 0xff, 0xff, 0xff, 0xff, 0xff, 0xff, 0xff,
    0xff, 0xff, 0xff, 0xff, 0xff, 0xff, 0xff, 0xff,
    0xff,

    /* U+2018 "‘" */
    0x0, 0x37, 0x50, 0xc, 0xf8, 0x2, 0xff, 0x30,
    0x9f, 0xf0, 0xf, 0xff, 0x73, 0xff, 0xff, 0x2f,
    0xff, 0xd0, 0x7e, 0xd4,

    /* U+2019 "’" */
    0x0, 0x65, 0x0, 0xd, 0xff, 0xa0, 0x3f, 0xff,
    0xf0, 0x1f, 0xff, 0xe0, 0x4, 0xff, 0x90, 0x5,
    0xff, 0x20, 0x9, 0xfc, 0x0, 0xe, 0xf5, 0x0,

    /* U+201A "‚" */
    0x1, 0x65, 0x0, 0xd, 0xff, 0xa0, 0x3f, 0xff,
    0xf0, 0x1f, 0xff, 0xe0, 0x4, 0xff, 0x80, 0x5,
    0xff, 0x20, 0x9, 0xfc, 0x0, 0xe, 0xf5, 0x0,

    /* U+201C "“" */
    0x0, 0x37, 0x50, 0x2, 0x76, 0x0, 0xc, 0xf8,
    0x0, 0x9f, 0xb0, 0x2, 0xff, 0x30, 0xf, 0xf6,
    0x0, 0x9f, 0xf0, 0x6, 0xff, 0x20, 0xf, 0xff,
    0x70, 0xcf, 0xfa, 0x3, 0xff, 0xff, 0xf, 0xff,
    0xf2, 0x2f, 0xff, 0xd0, 0xef, 0xff, 0x10, 0x7e,
    0xd4, 0x5, 0xee, 0x60,

    /* U+201D "”" */
    0x0, 0x65, 0x0, 0x5, 0x60, 0x0, 0xdf, 0xfa,
    0xa, 0xff, 0xd0, 0x3f, 0xff, 0xf0, 0xff, 0xff,
    0x21, 0xff, 0xfe, 0xd, 0xff, 0xf1, 0x4, 0xff,
    0x90, 0x1f, 0xfc, 0x0, 0x5f, 0xf2, 0x2, 0xff,
    0x50, 0x9, 0xfc, 0x0, 0x6f, 0xe0, 0x0, 0xef,
    0x50, 0xa, 0xf8, 0x0,

    /* U+201E "„" */
    0x1, 0x65, 0x0, 0x5, 0x61, 0x0, 0xdf, 0xfa,
    0xa, 0xff, 0xd0, 0x3f, 0xff, 0xf0, 0xff, 0xff,
    0x21, 0xff, 0xfe, 0xd, 0xff, 0xf1, 0x4, 0xff,
    0x80, 0x1f, 0xfb, 0x0, 0x5f, 0xf2, 0x2, 0xff,
    0x50, 0x9, 0xfc, 0x0, 0x6f, 0xe0, 0x0, 0xef,
    0x50, 0xa, 0xf8, 0x0,

    /* U+2020 "†" */
    0x0, 0x0, 0x3f, 0xff, 0x30, 0x0, 0x0, 0x0,
    0x3, 0xff, 0xf3, 0x0, 0x0, 0x0, 0x0, 0x3f,
    0xff, 0x30, 0x0, 0x0, 0x0, 0x3, 0xff, 0xf3,
    0x0, 0x0, 0x4d, 0xdd, 0xdf, 0xff, 0xdd, 0xdd,
    0x45, 0xff, 0xff, 0xff, 0xff, 0xff, 0xf5, 0x5f,
    0xff, 0xff, 0xff, 0xff, 0xff, 0x50, 0x0, 0x3,
    0xff, 0xf3, 0x0, 0x0, 0x0, 0x0, 0x3f, 0xff,
    0x30, 0x0, 0x0, 0x0, 0x3, 0xff, 0xf3, 0x0,
    0x0, 0x0, 0x0, 0x3f, 0xff, 0x30, 0x0, 0x0,
    0x0, 0x3, 0xff, 0xf3, 0x0, 0x0, 0x0, 0x0,
    0x3f, 0xff, 0x30, 0x0, 0x0, 0x0, 0x3, 0xff,
    0xf3, 0x0, 0x0, 0x0, 0x0, 0x3f, 0xff, 0x30,
    0x0, 0x0, 0x0, 0x3, 0xff, 0xf3, 0x0, 0x0,
    0x0, 0x0, 0x3f, 0xff, 0x30, 0x0, 0x0, 0x0,
    0x3, 0xff, 0xf3, 0x0, 0x0, 0x0, 0x0, 0x3f,
    0xff, 0x30, 0x0, 0x0,

    /* U+2021 "‡" */
    0x0, 0x0, 0x3f, 0xff, 0x30, 0x0, 0x0, 0x0,
    0x3, 0xff, 0xf3, 0x0, 0x0, 0x0, 0x0, 0x3f,
    0xff, 0x30, 0x0, 0x0, 0x0, 0x3, 0xff, 0xf3,
    0x0, 0x0, 0x4d, 0xdd, 0xef, 0xff, 0xed, 0xdd,
    0x45, 0xff, 0xff, 0xff, 0xff, 0xff, 0xf5, 0x5f,
    0xff, 0xff, 0xff, 0xff, 0xff, 0x50, 0x0, 0x3,
    0xff, 0xf3, 0x0, 0x0, 0x0, 0x0, 0x3f, 0xff,
    0x30, 0x0, 0x0, 0x0, 0x3, 0xff, 0xf3, 0x0,
    0x0, 0x0, 0x0, 0x3f, 0xff, 0x30, 0x0, 0x4,
    0xdd, 0xdd, 0xff, 0xfd, 0xdd, 0xd4, 0x5f, 0xff,
    0xff, 0xff, 0xff, 0xff, 0x55, 0xff, 0xff, 0xff,
    0xff, 0xff, 0xf5, 0x0, 0x0, 0x3f, 0xff, 0x30,
    0x0, 0x0, 0x0, 0x3, 0xff, 0xf3, 0x0, 0x0,
    0x0, 0x0, 0x3f, 0xff, 0x30, 0x0, 0x0, 0x0,
    0x3, 0xff, 0xf3, 0x0, 0x0, 0x0, 0x0, 0x3f,
    0xff, 0x30, 0x0, 0x0,

    /* U+2022 "•" */
    0x2, 0x87, 0x10, 0x3f, 0xff, 0xe2, 0xbf, 0xff,
    0xf9, 0xcf, 0xff, 0xfa, 0x7f, 0xff, 0xf5, 0x8,
    0xfe, 0x60,

    /* U+2026 "…" */
    0x0, 0x32, 0x0, 0x0, 0x31, 0x0, 0x0, 0x31,
    0x0, 0xbf, 0xf7, 0x0, 0xcf, 0xf5, 0x1, 0xdf,
    0xf4, 0x2f, 0xff, 0xf0, 0x4f, 0xff, 0xd0, 0x6f,
    0xff, 0xb1, 0xff, 0xfe, 0x3, 0xff, 0xfc, 0x5,
    0xff, 0xfa, 0x6, 0xed, 0x40, 0x8, 0xfd, 0x20,
    0x9, 0xfc, 0x20,

    /* U+20AC "€" */
    0x0, 0x0, 0x0, 0x5, 0xad, 0xff, 0xeb, 0x60,
    0x0, 0x0, 0x0, 0x3, 0xdf, 0xff, 0xff, 0xff,
    0xfd, 0x30, 0x0, 0x0, 0x4f, 0xff, 0xff, 0xff,
    0xff, 0xff, 0xf2, 0x0, 0x2, 0xff, 0xff, 0xb4,
    0x10, 0x27, 0xef, 0x70, 0x0, 0x9, 0xff, 0xf6,
    0x0, 0x0, 0x0, 0x13, 0x0, 0x5f, 0xff, 0xff,
    0xff, 0xff, 0xff, 0x80, 0x0, 0x0, 0x4d, 0xdf,
    0xff, 0xed, 0xdd, 0xdd, 0x60, 0x0, 0x0, 0x0,
    0x3f, 0xff, 0x60, 0x0, 0x0, 0x0, 0x0, 0x0,
    0x5f, 0xff, 0xff, 0xff, 0xff, 0xff, 0x80, 0x0,
    0x0, 0x4d, 0xdf, 0xff, 0xfd, 0xdd, 0xdd, 0x60,
    0x0, 0x0, 0x0, 0x8, 0xff, 0xf8, 0x0, 0x0,
    0x0, 0x15, 0x0, 0x0, 0x1, 0xef, 0xff, 0xb5,
    0x10, 0x27, 0xef, 0x80, 0x0, 0x0, 0x4f, 0xff,
    0xff, 0xff, 0xff, 0xff, 0xf2, 0x0, 0x0, 0x2,
    0xcf, 0xff, 0xff, 0xff, 0xfd, 0x30, 0x0, 0x0,
    0x0, 0x4, 0xad, 0xff, 0xea, 0x50, 0x0
};


/*---------------------
 *  GLYPH DESCRIPTION
 *--------------------*/

static const lv_font_fmt_txt_glyph_dsc_t glyph_dsc[] = {
    {.bitmap_index = 0, .adv_w = 0, .box_w = 0, .box_h = 0, .ofs_x = 0, .ofs_y = 0} /* id = 0 reserved */,
    {.bitmap_index = 0, .adv_w = 100, .box_w = 0, .box_h = 0, .ofs_x = 0, .ofs_y = 0},
    {.bitmap_index = 0, .adv_w = 102, .box_w = 5, .box_h = 15, .ofs_x = 1, .ofs_y = 0},
    {.bitmap_index = 38, .adv_w = 154, .box_w = 8, .box_h = 7, .ofs_x = 1, .ofs_y = 8},
    {.bitmap_index = 66, .adv_w = 253, .box_w = 16, .box_h = 15, .ofs_x = 0, .ofs_y = 0},
    {.bitmap_index = 186, .adv_w = 225, .box_w = 14, .box_h = 21, .ofs_x = 0, .ofs_y = -3},
    {.bitmap_index = 333, .adv_w = 309, .box_w = 19, .box_h = 15, .ofs_x = 0, .ofs_y = 0},
    {.bitmap_index = 476, .adv_w = 256, .box_w = 16, .box_h = 15, .ofs_x = 0, .ofs_y = 0},
    {.bitmap_index = 596, .adv_w = 81, .box_w = 3, .box_h = 7, .ofs_x = 1, .ofs_y = 8},
    {.bitmap_index = 607, .adv_w = 126, .box_w = 7, .box_h = 21, .ofs_x = 1, .ofs_y = -4},
    {.bitmap_index = 681, .adv_w = 126, .box_w = 7, .box_h = 21, .ofs_x = 0, .ofs_y = -4},
    {.bitmap_index = 755, .adv_w = 153, .box_w = 10, .box_h = 9, .ofs_x = 0, .ofs_y = 8},
    {.bitmap_index = 800, .adv_w = 211, .box_w = 11, .box_h = 11, .ofs_x = 1, .ofs_y = 3},
    {.bitmap_index = 861, .adv_w = 92, .box_w = 6, .box_h = 8, .ofs_x = 0, .ofs_y = -3},
    {.bitmap_index = 885, .adv_w = 136, .box_w = 7, .box_h = 3, .ofs_x = 1, .ofs_y = 5},
    {.bitmap_index = 896, .adv_w = 92, .box_w = 6, .box_h = 5, .ofs_x = 0, .ofs_y = 0},
    {.bitmap_index = 911, .adv_w = 138, .box_w = 11, .box_h = 21, .ofs_x = -1, .ofs_y = -2},
    {.bitmap_index = 1027, .adv_w = 239, .box_w = 15, .box_h = 15, .ofs_x = 0, .ofs_y = 0},
    {.bitmap_index = 1140, .adv_w = 138, .box_w = 7, .box_h = 15, .ofs_x = 0, .ofs_y = 0},
    {.bitmap_index = 1193, .adv_w = 208, .box_w = 13, .box_h = 15, .ofs_x = 0, .ofs_y = 0},
    {.bitmap_index = 1291, .adv_w = 208, .box_w = 14, .box_h = 15, .ofs_x = -1, .ofs_y = 0},
    {.bitmap_index = 1396, .adv_w = 243, .box_w = 15, .box_h = 15, .ofs_x = 0, .ofs_y = 0},
    {.bitmap_index = 1509, .adv_w = 209, .box_w = 13, .box_h = 15, .ofs_x = 0, .ofs_y = 0},
    {.bitmap_index = 1607, .adv_w = 224, .box_w = 14, .box_h = 15, .ofs_x = 0, .ofs_y = 0},
    {.bitmap_index = 1712, .adv_w = 218, .box_w = 13, .box_h = 15, .ofs_x = 0, .ofs_y = 0},
    {.bitmap_index = 1810, .adv_w = 232, .box_w = 14, .box_h = 15, .ofs_x = 0, .ofs_y = 0},
    {.bitmap_index = 1915, .adv_w = 224, .box_w = 14, .box_h = 15, .ofs_x = 0, .ofs_y = 0},
    {.bitmap_index = 2020, .adv_w = 92, .box_w = 6, .box_h = 12, .ofs_x = 0, .ofs_y = 0},
    {.bitmap_index = 2056, .adv_w = 92, .box_w = 6, .box_h = 16, .ofs_x = 0, .ofs_y = -4},
    {.bitmap_index = 2104, .adv_w = 211, .box_w = 11, .box_h = 12, .ofs_x = 1, .ofs_y = 2},
    {.bitmap_index = 2170, .adv_w = 211, .box_w = 11, .box_h = 8, .ofs_x = 1, .ofs_y = 4},
    {.bitmap_index = 2214, .adv_w = 211, .box_w = 11, .box_h = 12, .ofs_x = 1, .ofs_y = 2},
    {.bitmap_index = 2280, .adv_w = 207, .box_w = 13, .box_h = 15, .ofs_x = -1, .ofs_y = 0},
    {.bitmap_index = 2378, .adv_w = 364, .box_w = 22, .box_h = 19, .ofs_x = 0, .ofs_y = -4},
    {.bitmap_index = 2587, .adv_w = 270, .box_w = 19, .box_h = 15, .ofs_x = -1, .ofs_y = 0},
    {.bitmap_index = 2730, .adv_w = 269, .box_w = 15, .box_h = 15, .ofs_x = 1, .ofs_y = 0},
    {.bitmap_index = 2843, .adv_w = 255, .box_w = 16, .box_h = 15, .ofs_x = 0, .ofs_y = 0},
    {.bitmap_index = 2963, .adv_w = 291, .box_w = 17, .box_h = 15, .ofs_x = 1, .ofs_y = 0},
    {.bitmap_index = 3091, .adv_w = 236, .box_w = 13, .box_h = 15, .ofs_x = 1, .ofs_y = 0},
    {.bitmap_index = 3189, .adv_w = 225, .box_w = 13, .box_h = 15, .ofs_x = 1, .ofs_y = 0},
    {.bitmap_index = 3287, .adv_w = 271, .box_w = 16, .box_h = 15, .ofs_x = 0, .ofs_y = 0},
    {.bitmap_index = 3407, .adv_w = 284, .box_w = 15, .box_h = 15, .ofs_x = 1, .ofs_y = 0},
    {.bitmap_index = 3520, .adv_w = 115, .box_w = 5, .box_h = 15, .ofs_x = 1, .ofs_y = 0},
    {.bitmap_index = 3558, .adv_w = 190, .box_w = 12, .box_h = 15, .ofs_x = -1, .ofs_y = 0},
    {.bitmap_index = 3648, .adv_w = 260, .box_w = 16, .box_h = 15, .ofs_x = 1, .ofs_y = 0},
    {.bitmap_index = 3768, .adv_w = 213, .box_w = 13, .box_h = 15, .ofs_x = 1, .ofs_y = 0},
    {.bitmap_index = 3866, .adv_w = 336, .box_w = 19, .box_h = 15, .ofs_x = 1, .ofs_y = 0},
    {.bitmap_index = 4009, .adv_w = 284, .box_w = 15, .box_h = 15, .ofs_x = 1, .ofs_y = 0},
    {.bitmap_index = 4122, .adv_w = 297, .box_w = 18, .box_h = 15, .ofs_x = 0, .ofs_y = 0},
    {.bitmap_index = 4257, .adv_w = 258, .box_w = 15, .box_h = 15, .ofs_x = 1, .ofs_y = 0},
    {.bitmap_index = 4370, .adv_w = 297, .box_w = 19, .box_h = 19, .ofs_x = 0, .ofs_y = -4},
    {.bitmap_index = 4551, .adv_w = 259, .box_w = 15, .box_h = 15, .ofs_x = 1, .ofs_y = 0},
    {.bitmap_index = 4664, .adv_w = 225, .box_w = 14, .box_h = 15, .ofs_x = 0, .ofs_y = 0},
    {.bitmap_index = 4769, .adv_w = 218, .box_w = 14, .box_h = 15, .ofs_x = 0, .ofs_y = 0},
    {.bitmap_index = 4874, .adv_w = 277, .box_w = 15, .box_h = 15, .ofs_x = 1, .ofs_y = 0},
    {.bitmap_index = 4987, .adv_w = 263, .box_w = 18, .box_h = 15, .ofs_x = -1, .ofs_y = 0},
    {.bitmap_index = 5122, .adv_w = 409, .box_w = 26, .box_h = 15, .ofs_x = 0, .ofs_y = 0},
    {.bitmap_index = 5317, .adv_w = 251, .box_w = 16, .box_h = 15, .ofs_x = 0, .ofs_y = 0},
    {.bitmap_index = 5437, .adv_w = 238, .box_w = 17, .box_h = 15, .ofs_x = -1, .ofs_y = 0},
    {.bitmap_index = 5565, .adv_w = 236, .box_w = 15, .box_h = 15, .ofs_x = 0, .ofs_y = 0},
    {.bitmap_index = 5678, .adv_w = 130, .box_w = 7, .box_h = 21, .ofs_x = 1, .ofs_y = -4},
    {.bitmap_index = 5752, .adv_w = 138, .box_w = 11, .box_h = 21, .ofs_x = -1, .ofs_y = -2},
    {.bitmap_index = 5868, .adv_w = 130, .box_w = 7, .box_h = 21, .ofs_x = 0, .ofs_y = -4},
    {.bitmap_index = 5942, .adv_w = 211, .box_w = 11, .box_h = 9, .ofs_x = 1, .ofs_y = 3},
    {.bitmap_index = 5992, .adv_w = 176, .box_w = 11, .box_h = 2, .ofs_x = 0, .ofs_y = -2},
    {.bitmap_index = 6003, .adv_w = 211, .box_w = 8, .box_h = 3, .ofs_x = 1, .ofs_y = 13},
    {.bitmap_index = 6015, .adv_w = 217, .box_w = 13, .box_h = 12, .ofs_x = 0, .ofs_y = 0},
    {.bitmap_index = 6093, .adv_w = 243, .box_w = 14, .box_h = 17, .ofs_x = 1, .ofs_y = 0},
    {.bitmap_index = 6212, .adv_w = 208, .box_w = 13, .box_h = 12, .ofs_x = 0, .ofs_y = 0},
    {.bitmap_index = 6290, .adv_w = 244, .box_w = 14, .box_h = 17, .ofs_x = 0, .ofs_y = 0},
    {.bitmap_index = 6409, .adv_w = 222, .box_w = 14, .box_h = 12, .ofs_x = 0, .ofs_y = 0},
    {.bitmap_index = 6493, .adv_w = 136, .box_w = 10, .box_h = 17, .ofs_x = 0, .ofs_y = 0},
    {.bitmap_index = 6578, .adv_w = 246, .box_w = 14, .box_h = 16, .ofs_x = 0, .ofs_y = -4},
    {.bitmap_index = 6690, .adv_w = 243, .box_w = 13, .box_h = 17, .ofs_x = 1, .ofs_y = 0},
    {.bitmap_index = 6801, .adv_w = 106, .box_w = 5, .box_h = 17, .ofs_x = 1, .ofs_y = 0},
    {.bitmap_index = 6844, .adv_w = 108, .box_w = 9, .box_h = 22, .ofs_x = -3, .ofs_y = -4},
    {.bitmap_index = 6943, .adv_w = 231, .box_w = 14, .box_h = 17, .ofs_x = 1, .ofs_y = 0},
    {.bitmap_index = 7062, .adv_w = 106, .box_w = 5, .box_h = 17, .ofs_x = 1, .ofs_y = 0},
    {.bitmap_index = 7105, .adv_w = 369, .box_w = 21, .box_h = 12, .ofs_x = 1, .ofs_y = 0},
    {.bitmap_index = 7231, .adv_w = 243, .box_w = 13, .box_h = 12, .ofs_x = 1, .ofs_y = 0},
    {.bitmap_index = 7309, .adv_w = 231, .box_w = 14, .box_h = 12, .ofs_x = 0, .ofs_y = 0},
    {.bitmap_index = 7393, .adv_w = 243, .box_w = 14, .box_h = 16, .ofs_x = 1, .ofs_y = -4},
    {.bitmap_index = 7505, .adv_w = 243, .box_w = 14, .box_h = 16, .ofs_x = 0, .ofs_y = -4},
    {.bitmap_index = 7617, .adv_w = 152, .box_w = 8, .box_h = 12, .ofs_x = 1, .ofs_y = 0},
    {.bitmap_index = 7665, .adv_w = 187, .box_w = 12, .box_h = 12, .ofs_x = 0, .ofs_y = 0},
    {.bitmap_index = 7737, .adv_w = 153, .box_w = 10, .box_h = 15, .ofs_x = 0, .ofs_y = 0},
    {.bitmap_index = 7812, .adv_w = 242, .box_w = 13, .box_h = 12, .ofs_x = 1, .ofs_y = 0},
    {.bitmap_index = 7890, .adv_w = 210, .box_w = 15, .box_h = 12, .ofs_x = -1, .ofs_y = 0},
    {.bitmap_index = 7980, .adv_w = 330, .box_w = 21, .box_h = 12, .ofs_x = 0, .ofs_y = 0},
    {.bitmap_index = 8106, .adv_w = 209, .box_w = 13, .box_h = 12, .ofs_x = 0, .ofs_y = 0},
    {.bitmap_index = 8184, .adv_w = 210, .box_w = 15, .box_h = 16, .ofs_x = -1, .ofs_y = -4},
    {.bitmap_index = 8304, .adv_w = 191, .box_w = 12, .box_h = 12, .ofs_x = 0, .ofs_y = 0},
    {.bitmap_index = 8376, .adv_w = 138, .box_w = 8, .box_h = 21, .ofs_x = 1, .ofs_y = -4},
    {.bitmap_index = 8460, .adv_w = 109, .box_w = 4, .box_h = 21, .ofs_x = 1, .ofs_y = -4},
    {.bitmap_index = 8502, .adv_w = 138, .box_w = 8, .box_h = 21, .ofs_x = 0, .ofs_y = -4},
    {.bitmap_index = 8586, .adv_w = 211, .box_w = 12, .box_h = 5, .ofs_x = 1, .ofs_y = 6},
    {.bitmap_index = 8616, .adv_w = 100, .box_w = 0, .box_h = 0, .ofs_x = 0, .ofs_y = 0},
    {.bitmap_index = 8616, .adv_w = 102, .box_w = 5, .box_h = 15, .ofs_x = 1, .ofs_y = -3},
    {.bitmap_index = 8654, .adv_w = 208, .box_w = 13, .box_h = 18, .ofs_x = 0, .ofs_y = -3},
    {.bitmap_index = 8771, .adv_w = 235, .box_w = 15, .box_h = 15, .ofs_x = 0, .ofs_y = 0},
    {.bitmap_index = 8884, .adv_w = 246, .box_w = 15, .box_h = 16, .ofs_x = 0, .ofs_y = -1},
    {.bitmap_index = 9004, .adv_w = 259, .box_w = 18, .box_h = 15, .ofs_x = -1, .ofs_y = 0},
    {.bitmap_index = 9139, .adv_w = 109, .box_w = 4, .box_h = 21, .ofs_x = 1, .ofs_y = -4},
    {.bitmap_index = 9181, .adv_w = 184, .box_w = 12, .box_h = 18, .ofs_x = 0, .ofs_y = -3},
    {.bitmap_index = 9289, .adv_w = 211, .box_w = 9, .box_h = 4, .ofs_x = 2, .ofs_y = 13},
    {.bitmap_index = 9307, .adv_w = 276, .box_w = 17, .box_h = 17, .ofs_x = 0, .ofs_y = -1},
    {.bitmap_index = 9452, .adv_w = 145, .box_w = 8, .box_h = 8, .ofs_x = 0, .ofs_y = 8},
    {.bitmap_index = 9484, .adv_w = 200, .box_w = 12, .box_h = 9, .ofs_x = 0, .ofs_y = 2},
    {.bitmap_index = 9538, .adv_w = 211, .box_w = 11, .box_h = 7, .ofs_x = 1, .ofs_y = 2},
    {.bitmap_index = 9577, .adv_w = 276, .box_w = 17, .box_h = 17, .ofs_x = 0, .ofs_y = -1},
    {.bitmap_index = 9722, .adv_w = 211, .box_w = 9, .box_h = 2, .ofs_x = 2, .ofs_y = 14},
    {.bitmap_index = 9731, .adv_w = 147, .box_w = 9, .box_h = 8, .ofs_x = 0, .ofs_y = 8},
    {.bitmap_index = 9767, .adv_w = 211, .box_w = 11, .box_h = 14, .ofs_x = 1, .ofs_y = 0},
    {.bitmap_index = 9844, .adv_w = 151, .box_w = 9, .box_h = 9, .ofs_x = 0, .ofs_y = 7},
    {.bitmap_index = 9885, .adv_w = 151, .box_w = 9, .box_h = 9, .ofs_x = 0, .ofs_y = 7},
    {.bitmap_index = 9926, .adv_w = 211, .box_w = 8, .box_h = 3, .ofs_x = 4, .ofs_y = 13},
    {.bitmap_index = 9938, .adv_w = 243, .box_w = 13, .box_h = 16, .ofs_x = 1, .ofs_y = -4},
    {.bitmap_index = 10042, .adv_w = 241, .box_w = 14, .box_h = 19, .ofs_x = 0, .ofs_y = -2},
    {.bitmap_index = 10175, .adv_w = 106, .box_w = 5, .box_h = 5, .ofs_x = 1, .ofs_y = 4},
    {.bitmap_index = 10188, .adv_w = 211, .box_w = 7, .box_h = 6, .ofs_x = 3, .ofs_y = -5},
    {.bitmap_index = 10209, .adv_w = 151, .box_w = 8, .box_h = 9, .ofs_x = 1, .ofs_y = 7},
    {.bitmap_index = 10245, .adv_w = 150, .box_w = 9, .box_h = 7, .ofs_x = 0, .ofs_y = 9},
    {.bitmap_index = 10277, .adv_w = 200, .box_w = 12, .box_h = 9, .ofs_x = 0, .ofs_y = 2},
    {.bitmap_index = 10331, .adv_w = 367, .box_w = 22, .box_h = 15, .ofs_x = 1, .ofs_y = 0},
    {.bitmap_index = 10496, .adv_w = 367, .box_w = 22, .box_h = 15, .ofs_x = 1, .ofs_y = 0},
    {.bitmap_index = 10661, .adv_w = 367, .box_w = 23, .box_h = 15, .ofs_x = 0, .ofs_y = 0},
    {.bitmap_index = 10834, .adv_w = 207, .box_w = 12, .box_h = 16, .ofs_x = 1, .ofs_y = -4},
    {.bitmap_index = 10930, .adv_w = 270, .box_w = 19, .box_h = 20, .ofs_x = -1, .ofs_y = 0},
    {.bitmap_index = 11120, .adv_w = 270, .box_w = 19, .box_h = 20, .ofs_x = -1, .ofs_y = 0},
    {.bitmap_index = 11310, .adv_w = 270, .box_w = 19, .box_h = 20, .ofs_x = -1, .ofs_y = 0},
    {.bitmap_index = 11500, .adv_w = 270, .box_w = 19, .box_h = 20, .ofs_x = -1, .ofs_y = 0},
    {.bitmap_index = 11690, .adv_w = 270, .box_w = 19, .box_h = 20, .ofs_x = -1, .ofs_y = 0},
    {.bitmap_index = 11880, .adv_w = 270, .box_w = 19, .box_h = 22, .ofs_x = -1, .ofs_y = 0},
    {.bitmap_index = 12089, .adv_w = 380, .box_w = 24, .box_h = 15, .ofs_x = -1, .ofs_y = 0},
    {.bitmap_index = 12269, .adv_w = 255, .box_w = 16, .box_h = 20, .ofs_x = 0, .ofs_y = -5},
    {.bitmap_index = 12429, .adv_w = 236, .box_w = 13, .box_h = 20, .ofs_x = 1, .ofs_y = 0},
    {.bitmap_index = 12559, .adv_w = 236, .box_w = 13, .box_h = 20, .ofs_x = 1, .ofs_y = 0},
    {.bitmap_index = 12689, .adv_w = 236, .box_w = 13, .box_h = 20, .ofs_x = 1, .ofs_y = 0},
    {.bitmap_index = 12819, .adv_w = 236, .box_w = 13, .box_h = 20, .ofs_x = 1, .ofs_y = 0},
    {.bitmap_index = 12949, .adv_w = 115, .box_w = 8, .box_h = 20, .ofs_x = -2, .ofs_y = 0},
    {.bitmap_index = 13029, .adv_w = 115, .box_w = 8, .box_h = 20, .ofs_x = 1, .ofs_y = 0},
    {.bitmap_index = 13109, .adv_w = 115, .box_w = 10, .box_h = 20, .ofs_x = -1, .ofs_y = 0},
    {.bitmap_index = 13209, .adv_w = 115, .box_w = 9, .box_h = 20, .ofs_x = -1, .ofs_y = 0},
    {.bitmap_index = 13299, .adv_w = 295, .box_w = 18, .box_h = 15, .ofs_x = 0, .ofs_y = 0},
    {.bitmap_index = 13434, .adv_w = 284, .box_w = 15, .box_h = 20, .ofs_x = 1, .ofs_y = 0},
    {.bitmap_index = 13584, .adv_w = 297, .box_w = 18, .box_h = 20, .ofs_x = 0, .ofs_y = 0},
    {.bitmap_index = 13764, .adv_w = 297, .box_w = 18, .box_h = 20, .ofs_x = 0, .ofs_y = 0},
    {.bitmap_index = 13944, .adv_w = 297, .box_w = 18, .box_h = 20, .ofs_x = 0, .ofs_y = 0},
    {.bitmap_index = 14124, .adv_w = 297, .box_w = 18, .box_h = 21, .ofs_x = 0, .ofs_y = 0},
    {.bitmap_index = 14313, .adv_w = 297, .box_w = 18, .box_h = 21, .ofs_x = 0, .ofs_y = 0},
    {.bitmap_index = 14502, .adv_w = 211, .box_w = 11, .box_h = 10, .ofs_x = 1, .ofs_y = 3},
    {.bitmap_index = 14557, .adv_w = 297, .box_w = 18, .box_h = 19, .ofs_x = 0, .ofs_y = -2},
    {.bitmap_index = 14728, .adv_w = 277, .box_w = 15, .box_h = 20, .ofs_x = 1, .ofs_y = 0},
    {.bitmap_index = 14878, .adv_w = 277, .box_w = 15, .box_h = 20, .ofs_x = 1, .ofs_y = 0},
    {.bitmap_index = 15028, .adv_w = 277, .box_w = 15, .box_h = 20, .ofs_x = 1, .ofs_y = 0},
    {.bitmap_index = 15178, .adv_w = 277, .box_w = 15, .box_h = 21, .ofs_x = 1, .ofs_y = 0},
    {.bitmap_index = 15336, .adv_w = 238, .box_w = 17, .box_h = 20, .ofs_x = -1, .ofs_y = 0},
    {.bitmap_index = 15506, .adv_w = 258, .box_w = 15, .box_h = 15, .ofs_x = 1, .ofs_y = 0},
    {.bitmap_index = 15619, .adv_w = 244, .box_w = 14, .box_h = 17, .ofs_x = 1, .ofs_y = 0},
    {.bitmap_index = 15738, .adv_w = 217, .box_w = 13, .box_h = 17, .ofs_x = 0, .ofs_y = 0},
    {.bitmap_index = 15849, .adv_w = 217, .box_w = 13, .box_h = 17, .ofs_x = 0, .ofs_y = 0},
    {.bitmap_index = 15960, .adv_w = 217, .box_w = 13, .box_h = 17, .ofs_x = 0, .ofs_y = 0},
    {.bitmap_index = 16071, .adv_w = 217, .box_w = 13, .box_h = 17, .ofs_x = 0, .ofs_y = 0},
    {.bitmap_index = 16182, .adv_w = 217, .box_w = 13, .box_h = 17, .ofs_x = 0, .ofs_y = 0},
    {.bitmap_index = 16293, .adv_w = 217, .box_w = 13, .box_h = 19, .ofs_x = 0, .ofs_y = 0},
    {.bitmap_index = 16417, .adv_w = 351, .box_w = 22, .box_h = 12, .ofs_x = 0, .ofs_y = 0},
    {.bitmap_index = 16549, .adv_w = 208, .box_w = 13, .box_h = 17, .ofs_x = 0, .ofs_y = -5},
    {.bitmap_index = 16660, .adv_w = 222, .box_w = 14, .box_h = 17, .ofs_x = 0, .ofs_y = 0},
    {.bitmap_index = 16779, .adv_w = 222, .box_w = 14, .box_h = 17, .ofs_x = 0, .ofs_y = 0},
    {.bitmap_index = 16898, .adv_w = 222, .box_w = 14, .box_h = 17, .ofs_x = 0, .ofs_y = 0},
    {.bitmap_index = 17017, .adv_w = 222, .box_w = 14, .box_h = 17, .ofs_x = 0, .ofs_y = 0},
    {.bitmap_index = 17136, .adv_w = 106, .box_w = 8, .box_h = 17, .ofs_x = -2, .ofs_y = 0},
    {.bitmap_index = 17204, .adv_w = 106, .box_w = 7, .box_h = 17, .ofs_x = 1, .ofs_y = 0},
    {.bitmap_index = 17264, .adv_w = 106, .box_w = 9, .box_h = 17, .ofs_x = -1, .ofs_y = 0},
    {.bitmap_index = 17341, .adv_w = 106, .box_w = 7, .box_h = 16, .ofs_x = 0, .ofs_y = 0},
    {.bitmap_index = 17397, .adv_w = 216, .box_w = 13, .box_h = 17, .ofs_x = 0, .ofs_y = 0},
    {.bitmap_index = 17508, .adv_w = 243, .box_w = 13, .box_h = 17, .ofs_x = 1, .ofs_y = 0},
    {.bitmap_index = 17619, .adv_w = 231, .box_w = 14, .box_h = 17, .ofs_x = 0, .ofs_y = 0},
    {.bitmap_index = 17738, .adv_w = 231, .box_w = 14, .box_h = 17, .ofs_x = 0, .ofs_y = 0},
    {.bitmap_index = 17857, .adv_w = 231, .box_w = 14, .box_h = 17, .ofs_x = 0, .ofs_y = 0},
    {.bitmap_index = 17976, .adv_w = 231, .box_w = 14, .box_h = 17, .ofs_x = 0, .ofs_y = 0},
    {.bitmap_index = 18095, .adv_w = 231, .box_w = 14, .box_h = 17, .ofs_x = 0, .ofs_y = 0},
    {.bitmap_index = 18214, .adv_w = 211, .box_w = 11, .box_h = 13, .ofs_x = 1, .ofs_y = 1},
    {.bitmap_index = 18286, .adv_w = 231, .box_w = 14, .box_h = 16, .ofs_x = 0, .ofs_y = -2},
    {.bitmap_index = 18398, .adv_w = 242, .box_w = 13, .box_h = 17, .ofs_x = 1, .ofs_y = 0},
    {.bitmap_index = 18509, .adv_w = 242, .box_w = 13, .box_h = 17, .ofs_x = 1, .ofs_y = 0},
    {.bitmap_index = 18620, .adv_w = 242, .box_w = 13, .box_h = 17, .ofs_x = 1, .ofs_y = 0},
    {.bitmap_index = 18731, .adv_w = 242, .box_w = 13, .box_h = 17, .ofs_x = 1, .ofs_y = 0},
    {.bitmap_index = 18842, .adv_w = 210, .box_w = 15, .box_h = 21, .ofs_x = -1, .ofs_y = -4},
    {.bitmap_index = 19000, .adv_w = 243, .box_w = 14, .box_h = 21, .ofs_x = 1, .ofs_y = -4},
    {.bitmap_index = 19147, .adv_w = 210, .box_w = 15, .box_h = 21, .ofs_x = -1, .ofs_y = -4},
    {.bitmap_index = 19305, .adv_w = 270, .box_w = 19, .box_h = 19, .ofs_x = -1, .ofs_y = 0},
    {.bitmap_index = 19486, .adv_w = 217, .box_w = 13, .box_h = 16, .ofs_x = 0, .ofs_y = 0},
    {.bitmap_index = 19590, .adv_w = 270, .box_w = 19, .box_h = 20, .ofs_x = -1, .ofs_y = 0},
    {.bitmap_index = 19780, .adv_w = 217, .box_w = 13, .box_h = 17, .ofs_x = 0, .ofs_y = 0},
    {.bitmap_index = 19891, .adv_w = 270, .box_w = 19, .box_h = 20, .ofs_x = -1, .ofs_y = -5},
    {.bitmap_index = 20081, .adv_w = 217, .box_w = 13, .box_h = 17, .ofs_x = 0, .ofs_y = -5},
    {.bitmap_index = 20192, .adv_w = 255, .box_w = 16, .box_h = 20, .ofs_x = 0, .ofs_y = 0},
    {.bitmap_index = 20352, .adv_w = 208, .box_w = 13, .box_h = 17, .ofs_x = 0, .ofs_y = 0},
    {.bitmap_index = 20463, .adv_w = 255, .box_w = 16, .box_h = 20, .ofs_x = 0, .ofs_y = 0},
    {.bitmap_index = 20623, .adv_w = 208, .box_w = 13, .box_h = 17, .ofs_x = 0, .ofs_y = 0},
    {.bitmap_index = 20734, .adv_w = 255, .box_w = 16, .box_h = 21, .ofs_x = 0, .ofs_y = 0},
    {.bitmap_index = 20902, .adv_w = 208, .box_w = 13, .box_h = 17, .ofs_x = 0, .ofs_y = 0},
    {.bitmap_index = 21013, .adv_w = 255, .box_w = 16, .box_h = 20, .ofs_x = 0, .ofs_y = 0},
    {.bitmap_index = 21173, .adv_w = 208, .box_w = 13, .box_h = 17, .ofs_x = 0, .ofs_y = 0},
    {.bitmap_index = 21284, .adv_w = 291, .box_w = 17, .box_h = 20, .ofs_x = 1, .ofs_y = 0},
    {.bitmap_index = 21454, .adv_w = 244, .box_w = 19, .box_h = 18, .ofs_x = 0, .ofs_y = 0},
    {.bitmap_index = 21625, .adv_w = 295, .box_w = 18, .box_h = 15, .ofs_x = 0, .ofs_y = 0},
    {.bitmap_index = 21760, .adv_w = 244, .box_w = 16, .box_h = 17, .ofs_x = 0, .ofs_y = 0},
    {.bitmap_index = 21896, .adv_w = 236, .box_w = 13, .box_h = 19, .ofs_x = 1, .ofs_y = 0},
    {.bitmap_index = 22020, .adv_w = 222, .box_w = 14, .box_h = 16, .ofs_x = 0, .ofs_y = 0},
    {.bitmap_index = 22132, .adv_w = 236, .box_w = 13, .box_h = 20, .ofs_x = 1, .ofs_y = 0},
    {.bitmap_index = 22262, .adv_w = 222, .box_w = 14, .box_h = 17, .ofs_x = 0, .ofs_y = 0},
    {.bitmap_index = 22381, .adv_w = 236, .box_w = 13, .box_h = 21, .ofs_x = 1, .ofs_y = 0},
    {.bitmap_index = 22518, .adv_w = 222, .box_w = 14, .box_h = 17, .ofs_x = 0, .ofs_y = 0},
    {.bitmap_index = 22637, .adv_w = 236, .box_w = 14, .box_h = 20, .ofs_x = 1, .ofs_y = -5},
    {.bitmap_index = 22777, .adv_w = 222, .box_w = 14, .box_h = 17, .ofs_x = 0, .ofs_y = -5},
    {.bitmap_index = 22896, .adv_w = 236, .box_w = 13, .box_h = 20, .ofs_x = 1, .ofs_y = 0},
    {.bitmap_index = 23026, .adv_w = 222, .box_w = 14, .box_h = 17, .ofs_x = 0, .ofs_y = 0},
    {.bitmap_index = 23145, .adv_w = 271, .box_w = 16, .box_h = 20, .ofs_x = 0, .ofs_y = 0},
    {.bitmap_index = 23305, .adv_w = 246, .box_w = 14, .box_h = 21, .ofs_x = 0, .ofs_y = -4},
    {.bitmap_index = 23452, .adv_w = 271, .box_w = 16, .box_h = 21, .ofs_x = 0, .ofs_y = 0},
    {.bitmap_index = 23620, .adv_w = 246, .box_w = 14, .box_h = 21, .ofs_x = 0, .ofs_y = -4},
    {.bitmap_index = 23767, .adv_w = 271, .box_w = 16, .box_h = 21, .ofs_x = 0, .ofs_y = 0},
    {.bitmap_index = 23935, .adv_w = 246, .box_w = 14, .box_h = 22, .ofs_x = 0, .ofs_y = -4},
    {.bitmap_index = 24089, .adv_w = 271, .box_w = 16, .box_h = 21, .ofs_x = 0, .ofs_y = -6},
    {.bitmap_index = 24257, .adv_w = 246, .box_w = 14, .box_h = 22, .ofs_x = 0, .ofs_y = -4},
    {.bitmap_index = 24411, .adv_w = 284, .box_w = 15, .box_h = 20, .ofs_x = 1, .ofs_y = 0},
    {.bitmap_index = 24561, .adv_w = 243, .box_w = 16, .box_h = 21, .ofs_x = -2, .ofs_y = 0},
    {.bitmap_index = 24729, .adv_w = 294, .box_w = 19, .box_h = 15, .ofs_x = 0, .ofs_y = 0},
    {.bitmap_index = 24872, .adv_w = 247, .box_w = 14, .box_h = 17, .ofs_x = 0, .ofs_y = 0},
    {.bitmap_index = 24991, .adv_w = 115, .box_w = 9, .box_h = 20, .ofs_x = -1, .ofs_y = 0},
    {.bitmap_index = 25081, .adv_w = 106, .box_w = 8, .box_h = 17, .ofs_x = -1, .ofs_y = 0},
    {.bitmap_index = 25149, .adv_w = 115, .box_w = 7, .box_h = 19, .ofs_x = 0, .ofs_y = 0},
    {.bitmap_index = 25216, .adv_w = 106, .box_w = 7, .box_h = 16, .ofs_x = 0, .ofs_y = 0},
    {.bitmap_index = 25272, .adv_w = 115, .box_w = 9, .box_h = 20, .ofs_x = -1, .ofs_y = 0},
    {.bitmap_index = 25362, .adv_w = 106, .box_w = 8, .box_h = 17, .ofs_x = -1, .ofs_y = 0},
    {.bitmap_index = 25430, .adv_w = 115, .box_w = 6, .box_h = 20, .ofs_x = 1, .ofs_y = -5},
    {.bitmap_index = 25490, .adv_w = 106, .box_w = 5, .box_h = 22, .ofs_x = 1, .ofs_y = -5},
    {.bitmap_index = 25545, .adv_w = 115, .box_w = 5, .box_h = 21, .ofs_x = 1, .ofs_y = 0},
    {.bitmap_index = 25598, .adv_w = 106, .box_w = 5, .box_h = 12, .ofs_x = 1, .ofs_y = 0},
    {.bitmap_index = 25628, .adv_w = 255, .box_w = 14, .box_h = 15, .ofs_x = 1, .ofs_y = 0},
    {.bitmap_index = 25733, .adv_w = 214, .box_w = 12, .box_h = 22, .ofs_x = 1, .ofs_y = -4},
    {.bitmap_index = 25865, .adv_w = 190, .box_w = 12, .box_h = 20, .ofs_x = -1, .ofs_y = 0},
    {.bitmap_index = 25985, .adv_w = 108, .box_w = 11, .box_h = 21, .ofs_x = -3, .ofs_y = -4},
    {.bitmap_index = 26101, .adv_w = 260, .box_w = 16, .box_h = 21, .ofs_x = 1, .ofs_y = -6},
    {.bitmap_index = 26269, .adv_w = 231, .box_w = 14, .box_h = 23, .ofs_x = 1, .ofs_y = -6},
    {.bitmap_index = 26430, .adv_w = 231, .box_w = 14, .box_h = 12, .ofs_x = 1, .ofs_y = 0},
    {.bitmap_index = 26514, .adv_w = 213, .box_w = 13, .box_h = 20, .ofs_x = 1, .ofs_y = 0},
    {.bitmap_index = 26644, .adv_w = 106, .box_w = 7, .box_h = 21, .ofs_x = 1, .ofs_y = 0},
    {.bitmap_index = 26718, .adv_w = 213, .box_w = 13, .box_h = 21, .ofs_x = 1, .ofs_y = -6},
    {.bitmap_index = 26855, .adv_w = 106, .box_w = 5, .box_h = 23, .ofs_x = 1, .ofs_y = -6},
    {.bitmap_index = 26913, .adv_w = 213, .box_w = 13, .box_h = 17, .ofs_x = 1, .ofs_y = 0},
    {.bitmap_index = 27024, .adv_w = 106, .box_w = 9, .box_h = 17, .ofs_x = 1, .ofs_y = 0},
    {.bitmap_index = 27101, .adv_w = 213, .box_w = 13, .box_h = 15, .ofs_x = 1, .ofs_y = 0},
    {.bitmap_index = 27199, .adv_w = 160, .box_w = 10, .box_h = 17, .ofs_x = 1, .ofs_y = 0},
    {.bitmap_index = 27284, .adv_w = 218, .box_w = 15, .box_h = 15, .ofs_x = -1, .ofs_y = 0},
    {.bitmap_index = 27397, .adv_w = 115, .box_w = 9, .box_h = 17, .ofs_x = -1, .ofs_y = 0},
    {.bitmap_index = 27474, .adv_w = 284, .box_w = 15, .box_h = 20, .ofs_x = 1, .ofs_y = 0},
    {.bitmap_index = 27624, .adv_w = 243, .box_w = 13, .box_h = 17, .ofs_x = 1, .ofs_y = 0},
    {.bitmap_index = 27735, .adv_w = 284, .box_w = 15, .box_h = 21, .ofs_x = 1, .ofs_y = -6},
    {.bitmap_index = 27893, .adv_w = 243, .box_w = 13, .box_h = 18, .ofs_x = 1, .ofs_y = -6},
    {.bitmap_index = 28010, .adv_w = 284, .box_w = 15, .box_h = 20, .ofs_x = 1, .ofs_y = 0},
    {.bitmap_index = 28160, .adv_w = 243, .box_w = 13, .box_h = 17, .ofs_x = 1, .ofs_y = 0},
    {.bitmap_index = 28271, .adv_w = 279, .box_w = 17, .box_h = 17, .ofs_x = -1, .ofs_y = 0},
    {.bitmap_index = 28416, .adv_w = 284, .box_w = 15, .box_h = 19, .ofs_x = 1, .ofs_y = -4},
    {.bitmap_index = 28559, .adv_w = 243, .box_w = 13, .box_h = 16, .ofs_x = 1, .ofs_y = -4},
    {.bitmap_index = 28663, .adv_w = 297, .box_w = 18, .box_h = 19, .ofs_x = 0, .ofs_y = 0},
    {.bitmap_index = 28834, .adv_w = 231, .box_w = 14, .box_h = 16, .ofs_x = 0, .ofs_y = 0},
    {.bitmap_index = 28946, .adv_w = 297, .box_w = 18, .box_h = 21, .ofs_x = 0, .ofs_y = 0},
    {.bitmap_index = 29135, .adv_w = 231, .box_w = 14, .box_h = 17, .ofs_x = 0, .ofs_y = 0},
    {.bitmap_index = 29254, .adv_w = 297, .box_w = 18, .box_h = 20, .ofs_x = 0, .ofs_y = 0},
    {.bitmap_index = 29434, .adv_w = 231, .box_w = 14, .box_h = 17, .ofs_x = 0, .ofs_y = 0},
    {.bitmap_index = 29553, .adv_w = 400, .box_w = 24, .box_h = 15, .ofs_x = 0, .ofs_y = 0},
    {.bitmap_index = 29733, .adv_w = 375, .box_w = 23, .box_h = 12, .ofs_x = 0, .ofs_y = 0},
    {.bitmap_index = 29871, .adv_w = 259, .box_w = 15, .box_h = 20, .ofs_x = 1, .ofs_y = 0},
    {.bitmap_index = 30021, .adv_w = 152, .box_w = 9, .box_h = 17, .ofs_x = 1, .ofs_y = 0},
    {.bitmap_index = 30098, .adv_w = 259, .box_w = 15, .box_h = 21, .ofs_x = 1, .ofs_y = -6},
    {.bitmap_index = 30256, .adv_w = 152, .box_w = 8, .box_h = 18, .ofs_x = 1, .ofs_y = -6},
    {.bitmap_index = 30328, .adv_w = 259, .box_w = 15, .box_h = 20, .ofs_x = 1, .ofs_y = 0},
    {.bitmap_index = 30478, .adv_w = 152, .box_w = 10, .box_h = 17, .ofs_x = 0, .ofs_y = 0},
    {.bitmap_index = 30563, .adv_w = 225, .box_w = 14, .box_h = 20, .ofs_x = 0, .ofs_y = 0},
    {.bitmap_index = 30703, .adv_w = 187, .box_w = 12, .box_h = 17, .ofs_x = 0, .ofs_y = 0},
    {.bitmap_index = 30805, .adv_w = 225, .box_w = 14, .box_h = 20, .ofs_x = 0, .ofs_y = 0},
    {.bitmap_index = 30945, .adv_w = 187, .box_w = 12, .box_h = 17, .ofs_x = 0, .ofs_y = 0},
    {.bitmap_index = 31047, .adv_w = 225, .box_w = 14, .box_h = 20, .ofs_x = 0, .ofs_y = -5},
    {.bitmap_index = 31187, .adv_w = 187, .box_w = 12, .box_h = 17, .ofs_x = 0, .ofs_y = -5},
    {.bitmap_index = 31289, .adv_w = 225, .box_w = 14, .box_h = 20, .ofs_x = 0, .ofs_y = 0},
    {.bitmap_index = 31429, .adv_w = 187, .box_w = 12, .box_h = 17, .ofs_x = 0, .ofs_y = 0},
    {.bitmap_index = 31531, .adv_w = 218, .box_w = 14, .box_h = 20, .ofs_x = 0, .ofs_y = -5},
    {.bitmap_index = 31671, .adv_w = 153, .box_w = 10, .box_h = 20, .ofs_x = 0, .ofs_y = -5},
    {.bitmap_index = 31771, .adv_w = 218, .box_w = 14, .box_h = 20, .ofs_x = 0, .ofs_y = 0},
    {.bitmap_index = 31911, .adv_w = 153, .box_w = 10, .box_h = 18, .ofs_x = 0, .ofs_y = 0},
    {.bitmap_index = 32001, .adv_w = 218, .box_w = 14, .box_h = 15, .ofs_x = 0, .ofs_y = 0},
    {.bitmap_index = 32106, .adv_w = 155, .box_w = 10, .box_h = 15, .ofs_x = 0, .ofs_y = 0},
    {.bitmap_index = 32181, .adv_w = 277, .box_w = 15, .box_h = 21, .ofs_x = 1, .ofs_y = 0},
    {.bitmap_index = 32339, .adv_w = 242, .box_w = 13, .box_h = 17, .ofs_x = 1, .ofs_y = 0},
    {.bitmap_index = 32450, .adv_w = 277, .box_w = 15, .box_h = 19, .ofs_x = 1, .ofs_y = 0},
    {.bitmap_index = 32593, .adv_w = 242, .box_w = 13, .box_h = 16, .ofs_x = 1, .ofs_y = 0},
    {.bitmap_index = 32697, .adv_w = 277, .box_w = 15, .box_h = 21, .ofs_x = 1, .ofs_y = 0},
    {.bitmap_index = 32855, .adv_w = 242, .box_w = 13, .box_h = 17, .ofs_x = 1, .ofs_y = 0},
    {.bitmap_index = 32966, .adv_w = 277, .box_w = 15, .box_h = 23, .ofs_x = 1, .ofs_y = 0},
    {.bitmap_index = 33139, .adv_w = 242, .box_w = 13, .box_h = 19, .ofs_x = 1, .ofs_y = 0},
    {.bitmap_index = 33263, .adv_w = 277, .box_w = 15, .box_h = 20, .ofs_x = 1, .ofs_y = 0},
    {.bitmap_index = 33413, .adv_w = 242, .box_w = 13, .box_h = 17, .ofs_x = 1, .ofs_y = 0},
    {.bitmap_index = 33524, .adv_w = 277, .box_w = 15, .box_h = 21, .ofs_x = 1, .ofs_y = -6},
    {.bitmap_index = 33682, .adv_w = 242, .box_w = 14, .box_h = 17, .ofs_x = 1, .ofs_y = -5},
    {.bitmap_index = 33801, .adv_w = 409, .box_w = 26, .box_h = 20, .ofs_x = 0, .ofs_y = 0},
    {.bitmap_index = 34061, .adv_w = 330, .box_w = 21, .box_h = 17, .ofs_x = 0, .ofs_y = 0},
    {.bitmap_index = 34240, .adv_w = 238, .box_w = 17, .box_h = 20, .ofs_x = -1, .ofs_y = 0},
    {.bitmap_index = 34410, .adv_w = 210, .box_w = 15, .box_h = 21, .ofs_x = -1, .ofs_y = -4},
    {.bitmap_index = 34568, .adv_w = 238, .box_w = 17, .box_h = 20, .ofs_x = -1, .ofs_y = 0},
    {.bitmap_index = 34738, .adv_w = 236, .box_w = 15, .box_h = 20, .ofs_x = 0, .ofs_y = 0},
    {.bitmap_index = 34888, .adv_w = 191, .box_w = 12, .box_h = 17, .ofs_x = 0, .ofs_y = 0},
    {.bitmap_index = 34990, .adv_w = 236, .box_w = 15, .box_h = 21, .ofs_x = 0, .ofs_y = 0},
    {.bitmap_index = 35148, .adv_w = 191, .box_w = 12, .box_h = 17, .ofs_x = 0, .ofs_y = 0},
    {.bitmap_index = 35250, .adv_w = 236, .box_w = 15, .box_h = 20, .ofs_x = 0, .ofs_y = 0},
    {.bitmap_index = 35400, .adv_w = 191, .box_w = 12, .box_h = 17, .ofs_x = 0, .ofs_y = 0},
    {.bitmap_index = 35502, .adv_w = 121, .box_w = 10, .box_h = 17, .ofs_x = 0, .ofs_y = 0},
    {.bitmap_index = 35587, .adv_w = 237, .box_w = 13, .box_h = 20, .ofs_x = 1, .ofs_y = 0},
    {.bitmap_index = 35717, .adv_w = 237, .box_w = 13, .box_h = 20, .ofs_x = 1, .ofs_y = 0},
    {.bitmap_index = 35847, .adv_w = 299, .box_w = 19, .box_h = 16, .ofs_x = 0, .ofs_y = -1},
    {.bitmap_index = 35999, .adv_w = 209, .box_w = 12, .box_h = 20, .ofs_x = 1, .ofs_y = 0},
    {.bitmap_index = 36119, .adv_w = 252, .box_w = 16, .box_h = 15, .ofs_x = 0, .ofs_y = 0},
    {.bitmap_index = 36239, .adv_w = 230, .box_w = 14, .box_h = 15, .ofs_x = 0, .ofs_y = 0},
    {.bitmap_index = 36344, .adv_w = 118, .box_w = 5, .box_h = 15, .ofs_x = 1, .ofs_y = 0},
    {.bitmap_index = 36382, .adv_w = 115, .box_w = 9, .box_h = 20, .ofs_x = -1, .ofs_y = 0},
    {.bitmap_index = 36472, .adv_w = 200, .box_w = 11, .box_h = 15, .ofs_x = 0, .ofs_y = 0},
    {.bitmap_index = 36555, .adv_w = 417, .box_w = 26, .box_h = 15, .ofs_x = 0, .ofs_y = 0},
    {.bitmap_index = 36750, .adv_w = 412, .box_w = 25, .box_h = 15, .ofs_x = 1, .ofs_y = 0},
    {.bitmap_index = 36938, .adv_w = 302, .box_w = 19, .box_h = 15, .ofs_x = 0, .ofs_y = 0},
    {.bitmap_index = 37081, .adv_w = 259, .box_w = 15, .box_h = 20, .ofs_x = 1, .ofs_y = 0},
    {.bitmap_index = 37231, .adv_w = 289, .box_w = 16, .box_h = 20, .ofs_x = 1, .ofs_y = 0},
    {.bitmap_index = 37391, .adv_w = 255, .box_w = 16, .box_h = 22, .ofs_x = 0, .ofs_y = -2},
    {.bitmap_index = 37567, .adv_w = 284, .box_w = 15, .box_h = 18, .ofs_x = 1, .ofs_y = -3},
    {.bitmap_index = 37702, .adv_w = 281, .box_w = 18, .box_h = 15, .ofs_x = 0, .ofs_y = 0},
    {.bitmap_index = 37837, .adv_w = 260, .box_w = 15, .box_h = 15, .ofs_x = 1, .ofs_y = 0},
    {.bitmap_index = 37950, .adv_w = 262, .box_w = 15, .box_h = 15, .ofs_x = 1, .ofs_y = 0},
    {.bitmap_index = 38063, .adv_w = 209, .box_w = 12, .box_h = 15, .ofs_x = 1, .ofs_y = 0},
    {.bitmap_index = 38153, .adv_w = 293, .box_w = 18, .box_h = 19, .ofs_x = 0, .ofs_y = -4},
    {.bitmap_index = 38324, .adv_w = 237, .box_w = 13, .box_h = 15, .ofs_x = 1, .ofs_y = 0},
    {.bitmap_index = 38422, .adv_w = 380, .box_w = 24, .box_h = 15, .ofs_x = 0, .ofs_y = 0},
    {.bitmap_index = 38602, .adv_w = 230, .box_w = 15, .box_h = 15, .ofs_x = -1, .ofs_y = 0},
    {.bitmap_index = 38715, .adv_w = 289, .box_w = 16, .box_h = 15, .ofs_x = 1, .ofs_y = 0},
    {.bitmap_index = 38835, .adv_w = 289, .box_w = 16, .box_h = 20, .ofs_x = 1, .ofs_y = 0},
    {.bitmap_index = 38995, .adv_w = 259, .box_w = 15, .box_h = 15, .ofs_x = 1, .ofs_y = 0},
    {.bitmap_index = 39108, .adv_w = 281, .box_w = 16, .box_h = 15, .ofs_x = 0, .ofs_y = 0},
    {.bitmap_index = 39228, .adv_w = 339, .box_w = 19, .box_h = 15, .ofs_x = 1, .ofs_y = 0},
    {.bitmap_index = 39371, .adv_w = 288, .box_w = 16, .box_h = 15, .ofs_x = 1, .ofs_y = 0},
    {.bitmap_index = 39491, .adv_w = 296, .box_w = 18, .box_h = 15, .ofs_x = 0, .ofs_y = 0},
    {.bitmap_index = 39626, .adv_w = 286, .box_w = 15, .box_h = 15, .ofs_x = 1, .ofs_y = 0},
    {.bitmap_index = 39739, .adv_w = 255, .box_w = 15, .box_h = 15, .ofs_x = 1, .ofs_y = 0},
    {.bitmap_index = 39852, .adv_w = 256, .box_w = 16, .box_h = 15, .ofs_x = 0, .ofs_y = 0},
    {.bitmap_index = 39972, .adv_w = 224, .box_w = 14, .box_h = 15, .ofs_x = 0, .ofs_y = 0},
    {.bitmap_index = 40077, .adv_w = 255, .box_w = 16, .box_h = 17, .ofs_x = 0, .ofs_y = -2},
    {.bitmap_index = 40213, .adv_w = 334, .box_w = 21, .box_h = 17, .ofs_x = 0, .ofs_y = -1},
    {.bitmap_index = 40392, .adv_w = 254, .box_w = 16, .box_h = 15, .ofs_x = 0, .ofs_y = 0},
    {.bitmap_index = 40512, .adv_w = 296, .box_w = 18, .box_h = 19, .ofs_x = 1, .ofs_y = -4},
    {.bitmap_index = 40683, .adv_w = 257, .box_w = 15, .box_h = 15, .ofs_x = 0, .ofs_y = 0},
    {.bitmap_index = 40796, .adv_w = 386, .box_w = 22, .box_h = 15, .ofs_x = 1, .ofs_y = 0},
    {.bitmap_index = 40961, .adv_w = 398, .box_w = 24, .box_h = 18, .ofs_x = 1, .ofs_y = -3},
    {.bitmap_index = 41177, .adv_w = 297, .box_w = 18, .box_h = 15, .ofs_x = 0, .ofs_y = 0},
    {.bitmap_index = 41312, .adv_w = 362, .box_w = 20, .box_h = 15, .ofs_x = 1, .ofs_y = 0},
    {.bitmap_index = 41462, .adv_w = 254, .box_w = 15, .box_h = 15, .ofs_x = 1, .ofs_y = 0},
    {.bitmap_index = 41575, .adv_w = 251, .box_w = 15, .box_h = 15, .ofs_x = 0, .ofs_y = 0},
    {.bitmap_index = 41688, .adv_w = 392, .box_w = 23, .box_h = 15, .ofs_x = 1, .ofs_y = 0},
    {.bitmap_index = 41861, .adv_w = 258, .box_w = 15, .box_h = 15, .ofs_x = 0, .ofs_y = 0},
    {.bitmap_index = 41974, .adv_w = 213, .box_w = 12, .box_h = 12, .ofs_x = 0, .ofs_y = 0},
    {.bitmap_index = 42046, .adv_w = 237, .box_w = 14, .box_h = 18, .ofs_x = 1, .ofs_y = 0},
    {.bitmap_index = 42172, .adv_w = 219, .box_w = 12, .box_h = 12, .ofs_x = 1, .ofs_y = 0},
    {.bitmap_index = 42244, .adv_w = 181, .box_w = 11, .box_h = 12, .ofs_x = 1, .ofs_y = 0},
    {.bitmap_index = 42310, .adv_w = 247, .box_w = 15, .box_h = 15, .ofs_x = 0, .ofs_y = -3},
    {.bitmap_index = 42423, .adv_w = 226, .box_w = 14, .box_h = 12, .ofs_x = 0, .ofs_y = 0},
    {.bitmap_index = 42507, .adv_w = 321, .box_w = 20, .box_h = 12, .ofs_x = 0, .ofs_y = 0},
    {.bitmap_index = 42627, .adv_w = 198, .box_w = 12, .box_h = 12, .ofs_x = 0, .ofs_y = 0},
    {.bitmap_index = 42699, .adv_w = 250, .box_w = 13, .box_h = 12, .ofs_x = 1, .ofs_y = 0},
    {.bitmap_index = 42777, .adv_w = 250, .box_w = 13, .box_h = 17, .ofs_x = 1, .ofs_y = 0},
    {.bitmap_index = 42888, .adv_w = 226, .box_w = 14, .box_h = 12, .ofs_x = 1, .ofs_y = 0},
    {.bitmap_index = 42972, .adv_w = 234, .box_w = 13, .box_h = 12, .ofs_x = 0, .ofs_y = 0},
    {.bitmap_index = 43050, .adv_w = 287, .box_w = 16, .box_h = 12, .ofs_x = 1, .ofs_y = 0},
    {.bitmap_index = 43146, .adv_w = 244, .box_w = 13, .box_h = 12, .ofs_x = 1, .ofs_y = 0},
    {.bitmap_index = 43224, .adv_w = 230, .box_w = 14, .box_h = 12, .ofs_x = 0, .ofs_y = 0},
    {.bitmap_index = 43308, .adv_w = 241, .box_w = 13, .box_h = 12, .ofs_x = 1, .ofs_y = 0},
    {.bitmap_index = 43386, .adv_w = 244, .box_w = 14, .box_h = 16, .ofs_x = 1, .ofs_y = -4},
    {.bitmap_index = 43498, .adv_w = 208, .box_w = 13, .box_h = 12, .ofs_x = 0, .ofs_y = 0},
    {.bitmap_index = 43576, .adv_w = 188, .box_w = 12, .box_h = 12, .ofs_x = 0, .ofs_y = 0},
    {.bitmap_index = 43648, .adv_w = 216, .box_w = 15, .box_h = 16, .ofs_x = -1, .ofs_y = -4},
    {.bitmap_index = 43768, .adv_w = 299, .box_w = 18, .box_h = 21, .ofs_x = 0, .ofs_y = -4},
    {.bitmap_index = 43957, .adv_w = 208, .box_w = 13, .box_h = 12, .ofs_x = 0, .ofs_y = 0},
    {.bitmap_index = 44035, .adv_w = 248, .box_w = 14, .box_h = 15, .ofs_x = 1, .ofs_y = -3},
    {.bitmap_index = 44140, .adv_w = 223, .box_w = 13, .box_h = 12, .ofs_x = 0, .ofs_y = 0},
    {.bitmap_index = 44218, .adv_w = 342, .box_w = 19, .box_h = 12, .ofs_x = 1, .ofs_y = 0},
    {.bitmap_index = 44332, .adv_w = 342, .box_w = 21, .box_h = 15, .ofs_x = 1, .ofs_y = -3},
    {.bitmap_index = 44490, .adv_w = 240, .box_w = 15, .box_h = 12, .ofs_x = 0, .ofs_y = 0},
    {.bitmap_index = 44580, .adv_w = 302, .box_w = 17, .box_h = 12, .ofs_x = 1, .ofs_y = 0},
    {.bitmap_index = 44682, .adv_w = 213, .box_w = 12, .box_h = 12, .ofs_x = 1, .ofs_y = 0},
    {.bitmap_index = 44754, .adv_w = 208, .box_w = 13, .box_h = 12, .ofs_x = 0, .ofs_y = 0},
    {.bitmap_index = 44832, .adv_w = 318, .box_w = 19, .box_h = 12, .ofs_x = 1, .ofs_y = 0},
    {.bitmap_index = 44946, .adv_w = 221, .box_w = 13, .box_h = 12, .ofs_x = 0, .ofs_y = 0},
    {.bitmap_index = 45024, .adv_w = 226, .box_w = 14, .box_h = 17, .ofs_x = 0, .ofs_y = 0},
    {.bitmap_index = 45143, .adv_w = 226, .box_w = 14, .box_h = 17, .ofs_x = 0, .ofs_y = 0},
    {.bitmap_index = 45262, .adv_w = 241, .box_w = 15, .box_h = 21, .ofs_x = -1, .ofs_y = -4},
    {.bitmap_index = 45420, .adv_w = 181, .box_w = 11, .box_h = 17, .ofs_x = 1, .ofs_y = 0},
    {.bitmap_index = 45514, .adv_w = 208, .box_w = 13, .box_h = 12, .ofs_x = 0, .ofs_y = 0},
    {.bitmap_index = 45592, .adv_w = 194, .box_w = 12, .box_h = 12, .ofs_x = 0, .ofs_y = 0},
    {.bitmap_index = 45664, .adv_w = 107, .box_w = 5, .box_h = 17, .ofs_x = 1, .ofs_y = 0},
    {.bitmap_index = 45707, .adv_w = 106, .box_w = 7, .box_h = 16, .ofs_x = 0, .ofs_y = 0},
    {.bitmap_index = 45763, .adv_w = 108, .box_w = 9, .box_h = 22, .ofs_x = -3, .ofs_y = -4},
    {.bitmap_index = 45862, .adv_w = 340, .box_w = 21, .box_h = 12, .ofs_x = 0, .ofs_y = 0},
    {.bitmap_index = 45988, .adv_w = 342, .box_w = 20, .box_h = 12, .ofs_x = 1, .ofs_y = 0},
    {.bitmap_index = 46108, .adv_w = 241, .box_w = 16, .box_h = 17, .ofs_x = -2, .ofs_y = 0},
    {.bitmap_index = 46244, .adv_w = 226, .box_w = 14, .box_h = 17, .ofs_x = 1, .ofs_y = 0},
    {.bitmap_index = 46363, .adv_w = 250, .box_w = 13, .box_h = 17, .ofs_x = 1, .ofs_y = 0},
    {.bitmap_index = 46474, .adv_w = 216, .box_w = 15, .box_h = 21, .ofs_x = -1, .ofs_y = -4},
    {.bitmap_index = 46632, .adv_w = 233, .box_w = 12, .box_h = 15, .ofs_x = 1, .ofs_y = -3},
    {.bitmap_index = 46722, .adv_w = 136, .box_w = 7, .box_h = 3, .ofs_x = 1, .ofs_y = 5},
    {.bitmap_index = 46733, .adv_w = 246, .box_w = 15, .box_h = 3, .ofs_x = 0, .ofs_y = 7},
    {.bitmap_index = 46756, .adv_w = 176, .box_w = 11, .box_h = 3, .ofs_x = 0, .ofs_y = 5},
    {.bitmap_index = 46773, .adv_w = 352, .box_w = 22, .box_h = 3, .ofs_x = 0, .ofs_y = 5},
    {.bitmap_index = 46806, .adv_w = 352, .box_w = 22, .box_h = 3, .ofs_x = 0, .ofs_y = 5},
    {.bitmap_index = 46839, .adv_w = 92, .box_w = 5, .box_h = 8, .ofs_x = 0, .ofs_y = 9},
    {.bitmap_index = 46859, .adv_w = 92, .box_w = 6, .box_h = 8, .ofs_x = 0, .ofs_y = 9},
    {.bitmap_index = 46883, .adv_w = 92, .box_w = 6, .box_h = 8, .ofs_x = 0, .ofs_y = -3},
    {.bitmap_index = 46907, .adv_w = 175, .box_w = 11, .box_h = 8, .ofs_x = 0, .ofs_y = 9},
    {.bitmap_index = 46951, .adv_w = 175, .box_w = 11, .box_h = 8, .ofs_x = 0, .ofs_y = 9},
    {.bitmap_index = 46995, .adv_w = 175, .box_w = 11, .box_h = 8, .ofs_x = 0, .ofs_y = -3},
    {.bitmap_index = 47039, .adv_w = 208, .box_w = 13, .box_h = 19, .ofs_x = 0, .ofs_y = -4},
    {.bitmap_index = 47163, .adv_w = 208, .box_w = 13, .box_h = 19, .ofs_x = 0, .ofs_y = -4},
    {.bitmap_index = 47287, .adv_w = 126, .box_w = 6, .box_h = 6, .ofs_x = 1, .ofs_y = 3},
    {.bitmap_index = 47305, .adv_w = 281, .box_w = 17, .box_h = 5, .ofs_x = 0, .ofs_y = 0},
    {.bitmap_index = 47348, .adv_w = 285, .box_w = 18, .box_h = 15, .ofs_x = 0, .ofs_y = 0}
};

/*---------------------
 *  CHARACTER MAPPING
 *--------------------*/

static const uint16_t unicode_list_4[] = {
    0x0, 0x2, 0x3, 0x4, 0x5, 0x8, 0x9, 0xa,
    0xc, 0xd, 0xe, 0x10, 0x11, 0x12, 0x16, 0x9c
};

/*Collect the unicode lists and glyph_id offsets*/
static const lv_font_fmt_txt_cmap_t cmaps[] =
{
    {
        .range_start = 32, .range_length = 95, .glyph_id_start = 1,
        .unicode_list = NULL, .glyph_id_ofs_list = NULL, .list_length = 0, .type = LV_FONT_FMT_TXT_CMAP_FORMAT0_TINY
    },
    {
        .range_start = 160, .range_length = 13, .glyph_id_start = 96,
        .unicode_list = NULL, .glyph_id_ofs_list = NULL, .list_length = 0, .type = LV_FONT_FMT_TXT_CMAP_FORMAT0_TINY
    },
    {
        .range_start = 174, .range_length = 210, .glyph_id_start = 109,
        .unicode_list = NULL, .glyph_id_ofs_list = NULL, .list_length = 0, .type = LV_FONT_FMT_TXT_CMAP_FORMAT0_TINY
    },
    {
        .range_start = 1024, .range_length = 96, .glyph_id_start = 319,
        .unicode_list = NULL, .glyph_id_ofs_list = NULL, .list_length = 0, .type = LV_FONT_FMT_TXT_CMAP_FORMAT0_TINY
    },
    {
        .range_start = 8208, .range_length = 157, .glyph_id_start = 415,
        .unicode_list = unicode_list_4, .glyph_id_ofs_list = NULL, .list_length = 16, .type = LV_FONT_FMT_TXT_CMAP_SPARSE_TINY
    }
};

/*-----------------
 *    KERNING
 *----------------*/


/*Map glyph_ids to kern left classes*/
static const uint8_t kern_left_class_mapping[] =
{
    0, 0, 1, 2, 0, 3, 4, 5,
    2, 6, 0, 7, 8, 9, 8, 9,
    10, 11, 0, 12, 13, 14, 15, 16,
    17, 18, 11, 19, 19, 0, 0, 0,
    20, 21, 0, 0, 0, 0, 0, 0,
    0, 0, 0, 0, 0, 0, 0, 0,
    0, 0, 0, 0, 0, 0, 0, 0,
    0, 0, 0, 0, 22, 23, 0, 0,
    24, 0, 0, 0, 0, 0, 0, 0,
    0, 0, 0, 0, 0, 0, 0, 0,
    0, 0, 0, 0, 0, 0, 0, 0,
    0, 0, 0, 0, 22, 0, 0, 8,
    0, 25, 26, 27, 28, 29, 0, 30,
    0, 21, 0, 31, 0, 21, 0, 32,
    8, 0, 0, 0, 33, 0, 8, 0,
    0, 0, 8, 0, 0, 0, 34, 0,
    0, 0, 0, 0, 0, 0, 0, 0,
    0, 0, 0, 0, 0, 0, 0, 0,
    0, 0, 0, 0, 0, 0, 0, 0,
    0, 0, 0, 0, 0, 0, 0, 0,
    0, 0, 0, 0, 0, 0, 0, 0,
    0, 0, 0, 0, 0, 0, 0, 0,
    0, 0, 0, 0, 0, 0, 8, 0,
    0, 0, 0, 0, 0, 0, 0, 0,
    0, 0, 0, 0, 0, 0, 0, 0,
    0, 0, 0, 0, 0, 0, 0, 0,
    0, 0, 0, 0, 0, 0, 0, 0,
    0, 0, 0, 0, 0, 0, 0, 0,
    0, 0, 0, 0, 0, 0, 0, 0,
    0, 0, 0, 0, 0, 0, 0, 0,
    0, 0, 0, 0, 0, 0, 0, 0,
    0, 0, 0, 0, 0, 0, 0, 0,
    0, 0, 0, 0, 0, 0, 0, 0,
    0, 0, 0, 0, 0, 0, 0, 0,
    0, 0, 0, 0, 0, 0, 0, 0,
    0, 0, 0, 0, 0, 0, 0, 0,
    0, 0, 0, 0, 0, 0, 0, 0,
    0, 0, 0, 0, 0, 0, 0, 0,
    0, 0, 0, 0, 0, 0, 0, 0,
    0, 0, 0, 0, 0, 0, 0, 0,
    0, 0, 0, 0, 0, 0, 0, 0,
    0, 0, 0, 0, 0, 0, 0, 0,
    0, 0, 0, 0, 0, 0, 0, 0,
    0, 0, 0, 0, 0, 0, 0, 0,
    0, 0, 0, 0, 0, 0, 0, 0,
    0, 0, 0, 0, 0, 0, 0, 0,
    0, 0, 0, 0, 0, 0, 0, 0,
    0, 0, 0, 0, 0, 0, 0, 0,
    0, 0, 0, 0, 0, 0, 0, 0,
    0, 0, 0, 0, 0, 0, 0, 0,
    0, 0, 0, 0, 0, 0, 0, 0,
    0, 0, 0, 0, 0, 0, 0, 8,
    8, 8, 0, 8, 35, 36, 9, 35,
    36, 9, 0, 0, 8, 9, 37
};

/*Map glyph_ids to kern right classes*/
static const uint8_t kern_right_class_mapping[] =
{
    0, 0, 1, 2, 0, 3, 4, 5,
    2, 0, 6, 7, 8, 9, 8, 9,
    10, 11, 12, 13, 14, 15, 16, 11,
    17, 18, 19, 20, 20, 0, 0, 0,
    21, 22, 0, 0, 0, 0, 0, 0,
    0, 0, 0, 0, 0, 0, 0, 0,
    0, 0, 0, 0, 0, 0, 0, 0,
    0, 0, 0, 0, 23, 24, 25, 0,
    26, 0, 0, 0, 0, 0, 0, 0,
    0, 0, 0, 0, 0, 0, 0, 0,
    0, 0, 0, 0, 0, 0, 0, 0,
    0, 0, 0, 0, 0, 0, 25, 8,
    0, 27, 28, 29, 30, 31, 0, 32,
    0, 22, 0, 8, 8, 22, 0, 33,
    8, 0, 0, 0, 34, 35, 8, 0,
    0, 0, 36, 0, 0, 0, 37, 0,
    0, 0, 0, 0, 0, 0, 0, 0,
    0, 0, 0, 0, 0, 0, 0, 0,
    0, 0, 0, 0, 0, 0, 0, 0,
    0, 0, 0, 0, 0, 0, 0, 0,
    0, 0, 0, 0, 0, 0, 0, 0,
    0, 0, 0, 0, 0, 0, 0, 0,
    0, 0, 0, 0, 0, 0, 8, 0,
    0, 0, 0, 0, 0, 0, 0, 0,
    0, 0, 0, 0, 0, 0, 0, 0,
    0, 0, 0, 0, 0, 0, 0, 0,
    0, 0, 0, 0, 0, 0, 0, 0,
    0, 0, 0, 0, 0, 0, 0, 0,
    0, 0, 0, 0, 0, 0, 0, 0,
    0, 0, 0, 0, 0, 0, 0, 0,
    0, 0, 0, 0, 0, 0, 0, 0,
    0, 0, 0, 0, 0, 0, 0, 0,
    0, 0, 0, 0, 0, 0, 0, 0,
    0, 0, 0, 0, 0, 0, 0, 0,
    0, 0, 0, 0, 0, 0, 0, 0,
    0, 0, 0, 0, 0, 0, 0, 0,
    0, 0, 0, 0, 0, 0, 0, 0,
    0, 0, 0, 0, 0, 0, 0, 0,
    0, 0, 0, 0, 0, 0, 0, 0,
    0, 0, 0, 0, 0, 0, 0, 0,
    0, 0, 0, 0, 0, 0, 0, 0,
    0, 0, 0, 0, 0, 0, 0, 0,
    0, 0, 0, 0, 0, 0, 0, 0,
    0, 0, 0, 0, 0, 0, 0, 0,
    0, 0, 0, 0, 0, 0, 0, 0,
    0, 0, 0, 0, 0, 0, 0, 0,
    0, 0, 0, 0, 0, 0, 0, 0,
    0, 0, 0, 0, 0, 0, 0, 0,
    0, 0, 0, 0, 0, 0, 0, 0,
    0, 0, 0, 0, 0, 0, 0, 0,
    0, 0, 0, 0, 0, 0, 0, 0,
    0, 0, 0, 0, 0, 0, 0, 8,
    8, 8, 0, 8, 38, 39, 9, 38,
    39, 9, 40, 40, 8, 9, 30
};

/*Kern values between classes*/
static const int8_t kern_class_values[] =
{
    0, 1, 0, 0, 0, 0, 3, 0,
    1, 0, 0, 4, 0, 0, 0, 0,
    1, 0, 0, 0, 0, 0, 0, 0,
    1, 0, 0, 0, 0, 0, 7, 0,
    0, 0, 0, 0, 0, 1, 1, 0,
    1, 16, 0, 8, -6, 0, 7, 0,
    -19, -21, 1, 15, 6, 5, -14, 1,
    14, 0, 13, 4, 10, -5, 0, 21,
    5, -1, 0, -5, 0, -7, 7, 0,
    7, 0, 12, 0, -11, 0, 0, 0,
    0, -11, 0, 0, 0, 0, -7, 5,
    7, 0, 0, -4, 0, -1, 4, 0,
    -4, 0, -4, -2, -7, 0, 0, -4,
    0, -7, -1, 0, 0, 0, 0, 0,
    -5, 0, 0, 0, -4, -9, -4, 0,
    0, -8, 0, -44, 0, -7, -18, 7,
    11, 0, 0, -7, 4, 4, 11, 7,
    -5, 7, 0, 0, -19, 0, 0, -12,
    0, 0, 0, 9, 0, 0, 0, 0,
    -8, 0, 0, 0, 0, -7, -7, 0,
    -5, -14, 0, -14, -1, 0, -11, 0,
    -1, 11, 0, -11, -5, -1, 1, 0,
    -5, 0, 0, -3, -23, 0, 0, -28,
    -5, 7, -4, 0, 0, 0, 0, 0,
    -18, 0, -20, 0, -1, -10, -5, 0,
    0, 0, 0, 0, 0, 0, 0, 0,
    0, 13, 0, 4, 0, 0, -7, 0,
    0, 0, 0, 0, 0, 0, 0, 15,
    5, 1, 0, 0, 0, 0, 9, 0,
    0, 0, 0, 0, 0, 0, 0, 0,
    3, 7, 4, 11, -4, 0, 7, -4,
    -13, -46, 1, 8, 7, -1, -4, 0,
    8, 0, 10, 0, 10, 0, 0, 0,
    1, -4, 0, -5, 0, 1, 0, 0,
    11, 0, 12, 6, -27, 11, 11, 0,
    0, 0, -5, -12, 0, 0, -4, 1,
    -3, 0, 1, -7, -6, -7, 1, 0,
    -4, 0, 0, 0, -14, 1, 0, -23,
    0, 0, 0, 4, 0, 1, -9, 4,
    0, 0, -30, -4, 0, 0, 0, 0,
    1, -19, 4, -23, 0, 0, -13, -3,
    0, 32, -5, -6, 4, 4, 0, 0,
    -6, 4, 0, 0, -20, -7, 0, -33,
    0, 4, 1, -2, 0, -4, -11, 0,
    -23, 0, -50, 1, 4, -7, -7, 0,
    0, 21, -7, 0, -12, 13, 0, -25,
    -33, -26, -7, 11, 0, 0, -23, 0,
    2, -9, 0, -5, 0, -7, 0, 5,
    11, -41, -23, -23, -4, 0, 14, -7,
    15, -23, 0, -14, -26, 14, 17, 0,
    0, 1, 0, 0, 0, 0, 1, 1,
    -5, -7, 0, -1, -1, -4, 0, 0,
    -1, 0, 0, 0, -7, 0, 0, -7,
    0, -7, 0, 0, 0, 0, -5, 0,
    0, 0, 0, 0, -11, 0, 0, 0,
    0, 0, 0, 4, -1, 0, 0, -1,
    4, 4, 0, 0, 0, 0, -4, 0,
    0, 0, 0, 0, 0, 0, 0, -1,
    0, 11, 0, -4, 0, 0, 0, 0,
    0, 0, 0, 0, 0, 0, 0, 0,
    0, -4, 0, -4, 0, 0, 0, 0,
    0, 0, 0, 0, -2, -2, 0, -4,
    -3, 0, 0, 0, 0, 0, 0, 0,
    0, 0, 0, 0, 0, 0, 0, 0,
    -5, 0, 0, 0, 0, 0, 0, 0,
    0, -11, -1, -11, 7, 0, -7, 4,
    7, 8, 0, -9, 0, -2, 0, 0,
    -15, 4, -1, 3, -20, 4, 0, -18,
    0, 7, 0, 6, 4, 4, -4, 9,
    -11, 0, -8, 0, 4, -9, -4, 0,
    0, 0, 0, -4, 0, 0, -4, 0,
    0, 0, 0, 0, -2, -2, 0, -2,
    -4, 0, 0, 0, 0, 0, 0, -4,
    0, 0, 0, 0, 0, 0, 0, 0,
    -2, 0, 0, 0, 0, 0, 0, 0,
    0, -1, 0, -7, 4, 0, -2, 2,
    4, 4, 0, 0, 0, 0, 0, 0,
    -1, 0, 0, 0, 0, 0, 0, 0,
    0, 0, 0, 2, 0, 4, 0, 7,
    -5, 0, 0, 0, 0, -4, 0, 0,
    0, 11, -1, 1, -10, 0, 8, -18,
    -17, -14, -7, 4, 0, -2, -23, -6,
    0, -6, 0, -7, 5, -6, 0, 4,
    3, -11, -8, -18, -4, -7, 6, -4,
    4, -7, 8, -5, -20, 4, 7, 0,
    0, 0, 0, -4, 0, 0, 1, 0,
    4, 0, 0, 0, 0, 0, 0, 0,
    0, 0, 0, 0, -4, 0, 0, -11,
    0, 0, 0, 0, 0, 0, -4, 4,
    0, 0, 0, 0, -7, -2, 0, 0,
    0, 4, 0, 0, 0, 0, 0, 0,
    0, 19, 0, 0, 0, 0, 0, 0,
    1, 0, 0, 0, -4, 0, 0, -7,
    0, 4, 0, 0, 0, 0, -14, 0,
    0, 0, 0, 0, 0, 0, 0, 0,
    -1, 0, 0, 0, -4, 0, 2, 0,
    -18, -11, 0, 0, 0, -5, -18, 0,
    0, -4, 4, 0, -10, -1, -3, 0,
    0, -5, -1, -4, 0, 0, -5, 0,
    4, 0, 0, 4, -36, 9, 9, 0,
    0, -5, 0, 0, 0, 2, 0, 1,
    -7, -7, 0, -4, -4, -5, 0, 0,
    0, 0, 0, 0, -11, 0, 0, -7,
    5, -11, 0, 0, 0, 0, 0, 0,
    4, 0, 0, 0, -7, -2, -5, 0,
    1, 5, 0, 0, 0, 5, 1, -1,
    0, 15, 0, 8, 1, 1, -6, 0,
    7, 0, 0, 0, 5, 0, 0, 11,
    0, 12, 1, 0, 0, 0, 9, 0,
    0, 0, 1, 0, 0, 0, 0, 0,
    0, -21, 0, -4, 5, 11, -46, 0,
    32, 2, -7, -7, 4, 4, -1, 1,
    -18, 0, 0, 19, -21, -7, 0, -26,
    15, 49, 14, 0, 0, 0, 0, 11,
    -21, 0, -11, 2, 11, -17, -17, 0,
    0, -1, 7, -8, 0, 1, -4, 0,
    4, 42, -7, -2, 10, 8, -8, 4,
    0, 0, 4, 4, -6, -11, 0, -46,
    12, 0, 7, -8, 5, -1, -4, 8,
    0, 0, -18, 4, 0, 0, 0, 0,
    0, 0, 0, 0, 0, 0, 0, 0,
    1, 14, 0, -7, 0, 0, 0, 0,
    0, 0, 0, 0, -1, 0, 0, -19,
    1, 7, 0, 0, 0, 0, -7, 0,
    0, 0, 0, 0, 0, 1, 1, 0,
    0, 0, 0, 0, -6, -8, 6, -7,
    7, 0, -1, -8, -1, -5, -4, 0,
    -2, -2, -1, 3, -7, -1, -1, -15,
    -2, 0, 0, -2, 0, 0, 0, -2,
    6, 0, 0, 0, -1, 7, 9, 7,
    0, 0, -4, 0, -11, 0, 5, -11,
    -1, 5, -12, 5, -4, -4, -9, -6,
    1, -11, -7, -11, 0, -4, 0, 5,
    1, 5, -9, -11, 0, 0, 0, -4,
    0, -7, 2, -6, -7, -1, 1, -7,
    0, 0, 0, 0, 0, 0, 1, 1,
    -4, 0, 0, 0, -2, 0, 0, 0,
    -2, 0, 0, 0, 0, 0, 0, 0,
    0, -1, 0, 0, 0, 0, 0, 0,
    0, 0, 0, 0, -1, 0, 0, 0,
    7, 7, 0, 0, 0, 9, 0, -9,
    -11, -11, -5, 11, 0, 4, -4, 0,
    8, -4, 0, -14, 0, 0, 0, 18,
    9, -4, -7, 0, 0, 0, 0, 0,
    0, 0, 0, 0, -14, 0, 5, 0,
    0, 0, 0, 0, 0, 0, 0, 7,
    0, 6, 0, 0, 0, 0, 5, 0,
    1, 4, 0, 0, 0, 0, 0, 0,
    0, 1, 0, 1, 0, 0, 0, 0,
    0, 1, 0, 0, 0, 4, 4, 0,
    0, 0, 0, 0, 0, 0, 6, -4,
    1, 2, 0, -1, 0, 0, 1, 1,
    0, 0, 0, 0, -4, 0, 0, -19,
    0, 4, 0, 0, 0, 0, 0, 0,
    0, 0, 0, 0, 1, 0, 0, 0,
    0, 7, 7, 9, 0, 0, 11, 0,
    -23, -19, 0, 16, 11, 6, -14, 1,
    13, 0, 12, 0, 7, 4, 0, 20,
    0, 0, 0, -6, 0, 0, 0, 0,
    0, 0, 0, 0, -20, 0, 0, 0,
    0, 0, -3, 0, 0, 0, 0, 0,
    0, 0, 0, -1, 0, 0, 0, 0,
    0, 0, 0, 0, 9, 0, 0, -23,
    0, 0, 0, 0, 0, 0, 0, 0,
    0, 0, 0, 0, 0, 0, 0, 0,
    -1, -16, 0, -21, -5, 0, -30, -14,
    1, 14, -19, -16, 0, 0, -16, 0,
    -16, -16, 0, -1, -48, -20, 0, -30,
    5, 18, 0, -16, 5, -4, -18, 1,
    -22, -2, -32, -4, -5, -9, -7, 0,
    1, 0, 4, 14, -2, 0, 11, 0,
    -7, -17, 0, 12, 2, 4, -12, 0,
    13, -2, 10, 0, 12, 0, 0, 17,
    0, 0, 1, -3, 0, 0, 0, 4,
    0, 11, 12, 0, -11, 12, 12, 0,
    1, 0, 4, 14, -2, 0, 11, 0,
    -7, -17, 0, 15, 7, 5, -20, 0,
    8, 0, 4, 0, 12, 0, 0, 17,
    0, 0, 1, -8, 0, 0, 5, 4,
    0, 0, 12, 0, -11, 12, 12, 0,
    0, 0, -1, 0, -7, 0, 7, -1,
    4, 0, -7, 4, -1, 0, -5, -4,
    0, -4, -4, -3, 0, -11, 0, -4,
    0, 4, -4, -7, 0, 0, 0, -1,
    4, 0, 1, -1, -2, -1, 4, 0
};


/*Collect the kern class' data in one place*/
static const lv_font_fmt_txt_kern_classes_t kern_classes =
{
    .class_pair_values   = kern_class_values,
    .left_class_mapping  = kern_left_class_mapping,
    .right_class_mapping = kern_right_class_mapping,
    .left_class_cnt      = 37,
    .right_class_cnt     = 40,
};

/*--------------------
 *  ALL CUSTOM DATA
 *--------------------*/

#if LVGL_VERSION_MAJOR == 8
/*Store all the custom data of the font*/
static  lv_font_fmt_txt_glyph_cache_t cache;
#endif

#if LVGL_VERSION_MAJOR >= 8
static const lv_font_fmt_txt_dsc_t font_dsc = {
#else
static lv_font_fmt_txt_dsc_t font_dsc = {
#endif
    .glyph_bitmap = glyph_bitmap,
    .glyph_dsc = glyph_dsc,
    .cmaps = cmaps,
    .kern_dsc = &kern_classes,
    .kern_scale = 16,
    .cmap_num = 5,
    .bpp = 4,
    .kern_classes = 1,
    .bitmap_format = 0,
#if LVGL_VERSION_MAJOR == 8
    .cache = &cache
#endif
};



/*-----------------
 *  PUBLIC FONT
 *----------------*/

/*Initialize a public general font descriptor*/
#if LVGL_VERSION_MAJOR >= 8
const lv_font_t lv_font_md_h3_22 = {
#else
lv_font_t lv_font_md_h3_22 = {
#endif
    .get_glyph_dsc = lv_font_get_glyph_dsc_fmt_txt,    /*Function pointer to get glyph's data*/
    .get_glyph_bitmap = lv_font_get_bitmap_fmt_txt,    /*Function pointer to get glyph's bitmap*/
    .line_height = 29,          /*The maximum line height required by the font*/
    .base_line = 6,             /*Baseline measured from the bottom of the line*/
#if !(LVGL_VERSION_MAJOR == 6 && LVGL_VERSION_MINOR == 0)
    .subpx = LV_FONT_SUBPX_NONE,
#endif
#if LV_VERSION_CHECK(7, 4, 0) || LVGL_VERSION_MAJOR >= 8
    .underline_position = -2,
    .underline_thickness = 1,
#endif
    .dsc = &font_dsc,          /*The custom font data. Will be accessed by `get_glyph_bitmap/dsc` */
#if LV_VERSION_CHECK(8, 2, 0) || LVGL_VERSION_MAJOR >= 9
    .fallback = NULL,
#endif
    .user_data = NULL,
};



#endif /*#if LV_FONT_MD_H3_22*/

